,0,1,2,3,4,5,6,7
0,False,False,False,False,False,False,False,True
1,False,False,False,False,False,False,False,True
2,False,False,False,False,False,False,False,False
3,False,False,False,False,False,False,False,False
4,False,False,False,False,False,True,True,True
5,False,False,False,False,False,True,True,True
6,False,False,False,False,False,False,False,True
7,False,False,False,False,False,False,False,False
8,False,False,False,False,False,False,False,False
9,False,False,False,True,True,True,True,True
10,False,False,False,False,True,True,True,True
11,False,False,False,False,False,False,False,False
12,False,False,False,False,False,True,True,True
13,False,False,False,False,False,False,False,True
14,False,False,False,False,False,False,False,False
15,False,False,False,False,False,True,True,True
16,False,False,False,False,False,False,False,True
17,False,False,False,False,False,False,False,False
18,False,False,False,False,False,False,False,False
19,False,False,False,False,False,False,False,True
20,False,False,False,False,False,False,False,True
21,False,False,True,True,True,True,True,True
22,False,False,False,False,False,False,False,True
23,False,False,False,False,False,False,False,False
24,False,False,False,False,False,False,False,False
25,False,False,False,False,False,True,True,True
26,False,False,False,False,False,False,False,False
27,False,False,False,False,False,False,False,False
28,False,False,False,False,True,True,True,True
29,False,False,False,False,False,True,True,True
30,False,False,False,False,False,True,True,True
31,False,False,False,False,False,False,False,True
32,False,False,False,False,False,False,False,True
33,False,False,False,False,False,False,False,True
34,False,False,False,False,False,True,True,True
35,False,False,False,False,False,True,True,True
36,False,False,False,False,False,False,False,True
37,False,False,False,False,False,False,False,True
38,False,False,False,False,False,False,False,False
39,False,False,False,False,False,True,True,True
40,False,False,False,False,False,False,False,False
41,False,False,False,False,False,False,True,True
42,False,False,False,False,False,False,False,False
43,False,False,False,False,False,False,False,False
44,False,False,False,False,False,False,False,True
45,False,False,False,False,False,False,False,True
46,False,False,False,False,False,False,True,True
47,False,False,False,False,False,False,False,False
48,False,False,False,False,False,False,False,True
49,False,False,False,False,False,False,False,False
50,False,False,False,False,False,True,True,True
51,False,False,False,False,False,False,False,False
52,False,False,False,False,False,False,False,True
53,False,False,False,False,False,False,False,False
54,False,False,False,False,False,False,False,True
55,False,False,False,False,False,False,False,False
56,False,False,False,False,False,False,False,True
57,False,False,False,False,False,False,False,False
58,False,False,False,False,False,False,False,False
59,False,False,False,False,False,False,False,False
60,False,False,False,False,False,False,False,True
61,False,False,False,False,False,False,False,False
62,False,False,False,False,False,False,False,True
63,False,False,False,False,False,False,False,False
64,False,False,False,False,False,False,False,True
65,False,False,False,False,False,False,True,True
66,False,False,False,False,False,False,False,False
67,False,False,False,False,False,True,True,True
68,False,False,False,False,False,False,False,True
69,False,False,False,False,True,True,True,True
70,False,False,False,False,False,False,True,True
71,False,False,False,False,False,False,False,True
72,False,False,False,False,False,False,False,False
73,False,False,False,False,False,False,False,False
74,True,True,True,True,True,True,True,True
75,False,False,False,False,False,False,False,False
76,False,False,False,False,False,False,False,False
77,False,False,False,False,False,False,False,False
78,False,False,False,False,False,False,False,True
79,False,False,False,False,False,False,False,False
80,False,False,False,False,False,False,False,True
81,False,False,False,False,False,False,False,False
82,False,False,False,False,False,False,False,False
83,False,False,False,False,False,True,True,True
84,False,False,False,True,True,True,True,True
85,False,False,False,False,False,True,True,True
86,False,False,False,False,False,False,False,True
87,False,False,False,False,False,False,True,True
88,False,False,False,False,False,False,False,True
89,False,False,False,False,False,False,False,False
90,False,False,False,False,False,False,False,False
91,False,False,False,False,True,True,True,True
92,False,False,False,False,False,False,True,True
93,False,False,False,False,False,False,True,True
94,False,False,False,False,False,False,False,False
95,False,False,False,False,True,True,True,True
96,False,False,False,False,False,False,False,False
97,False,False,False,False,True,True,True,True
98,False,False,False,False,False,False,False,False
99,False,False,False,False,False,False,False,False
100,False,False,False,False,False,True,True,True
101,False,False,False,False,False,False,False,True
102,False,False,False,True,True,True,True,True
103,False,False,False,False,True,True,True,True
104,False,False,False,False,False,False,False,True
105,False,False,False,False,False,False,False,False
106,False,False,False,False,False,False,False,False
107,False,False,False,False,False,False,True,True
108,False,False,False,False,False,False,False,False
109,False,False,False,False,False,False,False,False
110,False,False,False,False,False,False,False,False
111,False,False,False,False,True,True,True,True
112,False,True,True,True,True,True,True,True
113,False,False,False,False,False,False,True,True
114,False,False,False,False,False,False,False,False
115,False,False,False,True,True,True,True,True
116,True,True,True,True,True,True,True,True
117,False,False,False,False,False,False,False,False
118,False,False,False,False,False,False,False,True
119,False,False,False,False,False,False,False,False
120,False,False,False,False,False,False,True,True
121,False,False,False,False,False,False,False,True
122,False,False,False,False,False,False,False,False
123,False,False,False,False,False,True,True,True
124,False,False,False,False,False,False,False,True
125,False,False,False,False,False,False,False,False
126,False,False,False,False,False,False,False,True
127,False,False,False,False,False,True,True,True
128,False,False,False,False,False,False,False,False
129,False,False,False,False,False,False,False,False
130,False,False,False,False,True,True,True,True
131,False,False,False,False,False,False,False,False
132,False,False,False,False,False,False,False,True
133,False,False,False,False,False,False,False,True
134,False,False,False,False,False,True,True,True
135,False,False,False,False,False,False,False,False
136,False,False,False,False,False,False,True,True
137,False,False,False,False,True,True,True,True
138,False,False,False,False,False,False,False,True
139,False,False,False,False,False,False,False,False
140,False,False,False,False,False,False,False,False
141,False,False,True,True,True,True,True,True
142,False,False,False,False,False,False,False,False
143,False,False,False,True,True,True,True,True
144,False,False,False,False,False,False,False,False
145,False,False,False,False,False,True,True,True
146,False,False,False,False,False,False,False,True
147,False,False,False,False,False,False,False,True
148,False,False,False,False,False,False,False,False
149,False,False,False,False,True,True,True,True
150,False,False,False,False,False,False,False,True
151,False,False,False,False,False,False,False,True
152,False,False,False,False,False,False,False,True
153,False,False,False,False,False,False,True,True
154,False,False,False,False,False,False,False,False
155,False,False,False,False,False,False,True,True
156,False,False,False,False,False,False,False,False
157,False,False,False,False,False,False,False,False
158,False,False,False,False,False,False,False,True
159,False,False,False,False,False,False,False,False
160,False,False,False,False,False,False,False,False
161,False,False,False,False,False,False,True,True
162,False,False,False,False,False,False,True,True
163,False,False,False,False,False,False,False,False
164,False,False,False,False,False,False,False,True
165,False,False,False,False,False,False,True,True
166,False,False,False,False,False,False,False,False
167,False,False,False,False,False,False,True,True
168,False,False,False,True,True,True,True,True
169,False,False,False,False,False,True,True,True
170,False,False,False,False,False,False,True,True
171,False,False,False,False,False,False,False,False
172,False,False,False,False,False,False,False,False
173,False,False,False,False,False,False,False,False
174,False,False,False,False,False,False,False,False
175,False,False,False,False,True,True,True,True
176,False,False,False,False,False,False,False,False
177,False,False,False,False,False,False,False,True
178,False,False,False,False,True,True,True,True
179,False,False,False,False,False,False,False,False
180,False,False,False,False,False,False,False,False
181,False,False,False,False,False,False,False,True
182,False,False,False,False,True,True,True,True
183,False,False,False,True,True,True,True,True
184,False,False,False,False,False,False,False,False
185,False,False,False,False,False,False,False,False
186,False,False,False,False,False,False,False,True
187,False,False,False,False,False,False,False,True
188,False,False,False,False,False,False,True,True
189,False,False,False,False,False,False,False,False
190,False,False,False,False,False,False,False,True
191,False,False,False,True,True,True,True,True
192,False,False,False,False,False,False,True,True
193,False,False,False,False,False,False,False,False
194,False,False,False,False,False,False,False,False
195,False,False,False,False,False,False,True,True
196,False,False,False,False,False,False,True,True
197,False,False,False,False,True,True,True,True
198,False,False,False,False,False,False,True,True
199,False,False,False,False,False,False,False,False
200,False,False,False,False,False,False,False,False
201,False,False,False,False,False,False,False,True
202,False,False,False,False,False,False,False,True
203,False,False,False,False,True,True,True,True
204,False,False,False,False,False,False,False,True
205,False,False,False,False,False,True,True,True
206,False,False,False,False,False,True,True,True
207,False,False,False,False,False,False,False,True
208,False,False,False,False,False,False,False,False
209,False,False,False,False,False,False,False,True
210,False,False,False,False,False,False,False,True
211,False,False,False,False,False,False,True,True
212,False,False,False,False,True,True,True,True
213,False,False,False,False,False,False,False,False
214,False,False,False,False,False,False,False,False
215,True,True,True,True,True,True,True,True
216,False,False,False,False,False,False,True,True
217,False,False,False,False,False,False,False,True
218,False,False,False,False,False,False,True,True
219,False,False,False,False,False,False,False,True
220,False,False,False,False,False,False,False,True
221,False,False,False,False,False,False,True,True
222,False,False,False,False,False,False,False,True
223,False,False,False,False,False,False,False,False
224,False,False,False,True,True,True,True,True
225,False,False,False,False,False,False,True,True
226,False,False,False,True,True,True,True,True
227,False,False,False,False,False,False,False,True
228,False,False,False,False,False,False,False,False
229,False,False,False,False,False,True,True,True
230,False,False,False,False,False,True,True,True
231,False,False,False,False,False,False,False,True
232,False,False,False,False,False,False,False,False
233,False,False,False,False,False,False,False,True
234,False,False,False,False,False,False,True,True
235,False,False,False,False,False,False,False,True
236,False,False,False,False,False,False,False,False
237,False,False,False,False,False,False,False,True
238,False,False,False,False,False,True,True,True
239,False,False,False,False,False,False,False,False
240,False,False,False,False,False,True,True,True
241,False,False,False,False,False,False,False,False
242,False,False,False,False,False,False,True,True
243,False,False,False,False,False,False,False,True
244,False,False,False,False,True,True,True,True
245,False,False,False,False,False,True,True,True
246,False,False,False,False,False,True,True,True
247,False,False,False,True,True,True,True,True
248,False,False,False,False,False,False,False,True
249,False,False,False,False,False,True,True,True
250,False,False,True,True,True,True,True,True
251,False,False,False,True,True,True,True,True
252,False,False,False,False,False,True,True,True
253,True,True,True,True,True,True,True,True
254,False,False,False,True,True,True,True,True
255,False,False,False,False,False,False,False,True
256,False,False,False,False,False,False,False,False
257,False,False,False,False,False,True,True,True
258,False,False,False,False,False,False,True,True
259,False,False,False,False,False,False,False,False
260,False,False,False,False,False,False,False,False
261,False,False,False,False,False,False,False,True
262,False,False,False,False,False,False,False,True
263,False,False,False,False,False,False,True,True
264,False,False,False,False,False,False,True,True
265,False,False,False,False,False,False,False,False
266,False,False,False,False,False,False,False,False
267,False,False,False,False,False,False,False,True
268,False,False,False,False,False,False,False,False
269,False,False,True,True,True,True,True,True
270,False,False,False,False,False,False,True,True
271,False,False,False,False,False,True,True,True
272,False,False,False,False,False,False,True,True
273,False,False,False,False,False,False,False,False
274,False,True,True,True,True,True,True,True
275,False,False,False,False,False,False,False,False
276,False,False,False,False,False,False,False,True
277,False,False,False,False,False,False,True,True
278,False,False,True,True,True,True,True,True
279,False,False,False,False,False,False,False,False
280,False,False,False,False,False,False,False,False
281,False,False,False,False,False,False,False,True
282,False,False,False,False,True,True,True,True
283,False,False,False,False,False,False,True,True
284,False,False,False,False,False,False,False,False
285,False,False,False,False,False,False,False,False
286,False,False,False,False,False,False,True,True
287,False,False,False,False,False,False,False,False
288,False,False,False,True,True,True,True,True
289,False,False,False,False,False,True,True,True
290,False,False,False,False,False,False,False,True
291,False,False,False,False,False,False,False,True
292,False,False,False,False,False,False,False,True
293,False,False,False,False,False,False,False,True
294,False,False,False,False,False,False,False,False
295,False,False,False,False,False,False,False,False
296,False,False,False,False,False,False,False,False
297,False,False,False,False,False,True,True,True
298,False,False,False,False,False,True,True,True
299,False,False,False,False,False,False,True,True
300,False,False,False,False,True,True,True,True
301,False,False,False,False,False,False,False,False
302,False,False,False,False,False,True,True,True
303,False,False,False,False,False,False,False,True
304,True,True,True,True,True,True,True,True
305,False,False,False,False,False,False,False,False
306,False,False,False,False,False,False,False,False
307,False,False,False,False,False,False,False,True
308,False,False,False,False,False,False,False,False
309,False,False,False,False,False,True,True,True
310,False,False,False,False,False,False,True,True
311,False,False,False,False,True,True,True,True
312,False,False,False,False,False,False,False,True
313,False,False,False,False,False,False,True,True
314,False,False,False,False,False,True,True,True
315,False,False,False,False,False,False,True,True
316,False,False,False,False,False,False,False,False
317,False,False,False,False,False,False,True,True
318,False,False,False,False,False,False,False,False
319,False,False,False,False,False,False,True,True
320,False,False,False,False,False,False,True,True
321,False,False,False,False,False,False,False,False
322,False,False,False,False,False,False,False,True
323,False,False,False,False,False,False,True,True
324,False,False,False,False,False,False,True,True
325,False,False,False,False,True,True,True,True
326,False,False,True,True,True,True,True,True
327,False,False,False,False,False,True,True,True
328,False,False,False,False,False,False,False,False
329,False,False,False,False,False,False,False,False
330,False,False,False,False,False,True,True,True
331,True,True,True,True,True,True,True,True
332,False,False,False,False,False,False,False,False
333,False,False,False,False,False,False,False,False
334,False,False,False,False,False,False,False,False
335,False,False,False,False,False,False,False,True
336,False,False,False,False,False,True,True,True
337,False,False,False,False,False,False,False,False
338,False,False,False,False,False,False,False,False
339,False,False,False,False,False,True,True,True
340,False,False,False,False,False,True,True,True
341,False,False,False,False,False,False,True,True
342,False,False,False,False,False,False,True,True
343,False,False,False,False,False,False,False,False
344,False,False,False,False,False,False,False,True
345,False,False,False,True,True,True,True,True
346,False,False,False,False,False,False,False,False
347,False,False,False,False,False,False,False,True
348,False,False,False,False,False,True,True,True
349,False,False,False,False,False,False,False,True
350,False,False,False,False,False,False,True,True
351,False,False,False,False,False,True,True,True
352,False,False,False,False,False,False,False,True
353,False,False,False,False,False,False,False,False
354,False,False,False,False,False,True,True,True
355,False,False,False,False,False,False,False,True
356,False,False,False,False,False,False,True,True
357,False,False,False,False,False,False,False,False
358,False,False,False,False,False,False,False,False
359,False,False,False,False,False,False,False,False
360,False,False,False,False,False,False,False,False
361,False,False,False,False,False,False,False,False
362,False,False,False,False,False,False,True,True
363,False,False,False,False,False,False,False,True
364,False,False,False,False,False,False,False,True
365,False,False,False,False,False,False,False,False
366,False,False,False,False,False,False,False,False
367,False,False,False,False,False,False,False,False
368,False,False,False,False,False,False,False,True
369,False,False,False,True,True,True,True,True
370,False,False,False,False,False,False,True,True
371,False,False,True,True,True,True,True,True
372,False,False,False,False,False,False,True,True
373,False,False,False,False,False,False,False,False
374,False,False,False,False,True,True,True,True
375,False,False,False,False,False,False,False,False
376,False,False,False,False,False,False,False,False
377,False,False,False,False,True,True,True,True
378,False,False,False,False,False,False,False,True
379,False,False,False,False,False,False,False,False
380,False,False,False,False,False,False,False,False
381,False,False,False,False,False,False,False,False
382,False,False,False,False,False,False,False,True
383,False,True,True,True,True,True,True,True
384,False,False,False,False,False,False,False,False
385,False,False,False,False,False,False,False,False
386,False,False,False,False,False,False,False,True
387,False,False,False,False,False,False,False,True
388,False,False,False,False,False,False,False,True
389,False,False,False,False,False,False,False,False
390,False,False,False,False,True,True,True,True
391,False,False,False,False,False,False,True,True
392,False,False,False,False,False,False,False,True
393,False,False,False,False,False,False,False,False
394,False,False,False,False,False,False,False,False
395,False,False,False,False,False,False,False,False
396,False,False,False,False,True,True,True,True
397,False,False,False,False,False,True,True,True
398,False,False,False,True,True,True,True,True
399,False,False,False,False,False,False,False,True
400,False,False,False,False,False,False,False,True
401,False,False,False,False,False,False,False,False
402,False,False,False,False,False,False,True,True
403,False,False,False,False,False,False,False,False
404,False,False,False,False,False,False,False,True
405,False,False,False,False,False,False,False,True
406,False,False,False,False,False,False,False,False
407,False,False,False,False,False,False,False,False
408,False,False,False,False,False,False,False,True
409,False,False,False,False,False,False,False,False
410,False,False,False,True,True,True,True,True
411,False,False,False,False,False,False,False,False
412,False,False,False,False,False,False,False,False
413,False,False,False,False,False,False,True,True
414,False,False,False,False,False,False,False,False
415,False,False,False,False,False,False,False,False
416,False,False,True,True,True,True,True,True
417,False,False,False,False,False,False,False,True
418,False,False,False,False,False,False,False,True
419,False,False,False,False,False,False,True,True
420,False,False,False,False,False,False,False,False
421,False,False,False,False,False,False,False,False
422,False,False,False,False,False,True,True,True
423,False,False,False,False,False,False,False,True
424,False,False,False,False,False,False,False,False
425,False,False,False,False,False,False,False,False
426,False,False,False,True,True,True,True,True
427,False,False,False,False,False,False,False,False
428,False,False,False,False,False,False,False,False
429,False,True,True,True,True,True,True,True
430,False,False,True,True,True,True,True,True
431,False,False,False,False,False,False,True,True
432,False,False,False,False,False,False,True,True
433,False,False,False,True,True,True,True,True
434,False,False,False,False,False,True,True,True
435,False,False,False,False,False,False,True,True
436,False,False,False,False,False,True,True,True
437,False,False,False,False,False,False,False,False
438,False,False,False,False,False,False,True,True
439,False,False,True,True,True,True,True,True
440,False,False,False,False,False,False,False,False
441,False,False,False,False,False,True,True,True
442,False,False,False,False,False,False,False,False
443,False,False,False,False,False,False,False,True
444,False,False,False,False,False,True,True,True
445,False,False,False,False,False,False,False,True
446,False,False,False,False,False,False,False,False
447,False,False,False,False,False,False,False,True
448,False,False,False,False,False,True,True,True
449,False,False,False,False,False,False,False,True
450,False,False,False,False,False,False,True,True
451,False,False,False,False,False,False,False,False
452,False,False,False,False,False,False,False,True
453,True,True,True,True,True,True,True,True
454,False,False,False,False,True,True,True,True
455,False,False,False,False,False,False,False,False
456,False,False,False,False,False,False,False,False
457,False,False,False,False,False,False,True,True
458,False,False,False,False,False,False,False,True
459,False,False,False,False,False,False,False,False
460,False,False,False,False,False,False,False,True
461,False,False,False,False,False,False,False,True
462,False,False,False,False,False,False,False,False
463,False,False,False,False,False,False,False,False
464,False,False,False,False,False,False,True,True
465,False,False,False,False,False,False,False,False
466,False,False,False,False,False,False,False,True
467,False,False,False,False,False,False,False,False
468,False,False,False,False,False,False,True,True
469,False,False,False,False,False,False,False,False
470,False,True,True,True,True,True,True,True
471,False,False,False,False,False,False,False,False
472,False,False,False,False,False,False,True,True
473,False,False,False,False,False,False,False,False
474,False,False,False,False,False,False,True,True
475,False,False,False,False,False,False,False,True
476,False,False,False,False,False,True,True,True
477,False,False,False,False,False,False,False,False
478,False,False,False,False,False,False,False,True
479,False,False,False,False,False,False,True,True
480,False,False,False,False,True,True,True,True
481,False,False,False,False,True,True,True,True
482,False,False,False,False,False,False,False,False
483,False,False,False,False,False,False,False,True
484,True,True,True,True,True,True,True,True
485,False,False,False,False,False,False,True,True
486,False,False,False,False,False,False,False,True
487,False,False,False,False,False,False,False,False
488,False,False,False,False,False,False,True,True
489,False,False,False,False,False,False,True,True
490,False,False,False,False,False,True,True,True
491,False,False,False,False,False,False,False,False
492,False,False,False,False,False,False,False,False
493,False,False,False,False,False,False,False,False
494,False,False,False,False,False,False,False,False
495,False,False,False,False,False,True,True,True
496,False,False,False,False,False,False,False,True
497,False,False,False,False,False,False,False,False
498,False,False,False,False,True,True,True,True
499,False,False,False,False,False,False,True,True
500,False,False,False,False,False,False,False,True
501,False,False,False,False,False,False,False,False
502,False,False,False,False,False,False,False,True
503,False,False,False,False,False,False,False,False
504,False,False,False,False,False,False,False,True
505,False,False,False,False,False,False,False,False
506,False,False,False,True,True,True,True,True
507,False,False,False,False,False,False,False,False
508,False,False,False,False,False,False,False,False
509,False,False,False,False,True,True,True,True
510,False,False,False,False,False,False,False,True
511,False,False,False,False,False,False,False,True
512,False,False,False,False,False,False,False,True
513,False,False,False,False,False,False,False,False
514,False,False,False,False,False,True,True,True
515,False,False,False,False,False,False,True,True
516,False,False,False,False,False,False,False,True
517,False,False,False,False,False,False,False,True
518,False,False,False,False,False,False,False,True
519,False,False,False,False,False,False,False,False
520,False,False,False,True,True,True,True,True
521,False,False,False,False,False,False,False,False
522,False,False,False,False,False,False,False,True
523,False,False,False,False,False,False,False,True
524,False,False,False,False,False,False,False,False
525,False,False,False,False,False,True,True,True
526,False,False,False,False,False,False,True,True
527,False,False,False,False,False,False,True,True
528,False,False,False,False,True,True,True,True
529,False,False,False,False,False,False,False,False
530,False,False,False,False,False,False,False,False
531,False,False,False,False,False,False,False,True
532,False,False,False,False,False,False,False,False
533,False,False,False,False,False,False,False,False
534,False,False,False,False,False,False,False,True
535,False,False,False,False,False,False,False,False
536,False,False,False,False,False,False,False,True
537,False,False,False,False,False,False,True,True
538,False,False,False,False,True,True,True,True
539,False,False,False,False,False,False,False,True
540,False,False,False,False,False,False,False,False
541,False,False,False,False,False,False,False,False
542,False,False,False,False,False,False,False,True
543,True,True,True,True,True,True,True,True
544,False,False,False,False,False,False,True,True
545,True,True,True,True,True,True,True,True
546,False,False,False,False,True,True,True,True
547,False,False,False,False,False,False,False,True
548,False,False,False,False,False,False,False,True
549,False,False,False,False,False,False,False,False
550,False,False,False,False,False,False,False,False
551,False,False,False,False,False,False,False,True
552,False,False,False,False,False,False,False,False
553,False,False,False,False,False,False,False,False
554,False,False,False,False,False,False,True,True
555,False,False,False,False,False,False,True,True
556,False,False,False,False,False,False,True,True
557,False,False,False,False,False,False,False,True
558,False,False,False,True,True,True,True,True
559,False,False,False,False,False,False,False,False
560,False,False,False,False,False,False,False,True
561,False,False,False,False,False,False,False,False
562,False,False,False,False,False,False,True,True
563,False,False,False,False,False,False,False,True
564,False,False,False,False,False,False,False,False
565,False,False,False,False,False,False,False,False
566,False,False,False,False,False,False,True,True
567,False,False,False,False,False,False,False,True
568,False,False,False,False,False,False,False,True
569,False,False,False,False,False,False,False,False
570,False,False,False,False,False,False,False,False
571,False,False,True,True,True,True,True,True
572,False,False,False,False,False,False,False,False
573,False,False,False,True,True,True,True,True
574,False,False,False,False,False,False,False,True
575,False,False,False,False,True,True,True,True
576,False,False,False,False,False,True,True,True
577,False,False,False,False,True,True,True,True
578,False,False,False,False,False,False,True,True
579,False,False,False,False,False,False,False,False
580,False,False,False,False,False,False,False,False
581,False,False,False,False,False,False,False,False
582,False,False,False,False,False,False,False,True
583,False,False,False,False,False,False,True,True
584,False,False,False,False,False,True,True,True
585,False,False,False,False,False,False,True,True
586,False,False,False,False,False,False,False,True
587,False,False,False,True,True,True,True,True
588,True,True,True,True,True,True,True,True
589,False,False,False,False,False,True,True,True
590,False,False,False,False,False,False,False,False
591,False,False,False,False,False,False,False,False
592,False,False,False,False,False,False,False,False
593,False,False,False,False,False,False,False,False
594,False,False,False,False,False,False,False,True
595,False,False,False,False,False,False,False,False
596,False,False,False,False,False,False,False,False
597,False,False,False,False,False,False,False,True
598,False,False,False,False,False,False,False,False
599,False,False,False,False,False,True,True,True
600,False,False,False,False,False,False,False,False
601,False,False,False,False,False,False,True,True
602,False,False,False,False,False,True,True,True
603,False,False,False,False,False,False,False,False
604,False,False,False,False,False,False,False,True
605,False,False,False,False,False,False,False,False
606,False,False,False,False,True,True,True,True
607,False,False,False,False,False,False,False,False
608,False,False,False,False,False,False,False,False
609,False,False,False,False,False,False,False,True
610,False,False,False,False,False,False,False,False
611,False,False,False,False,False,False,False,True
612,False,False,False,False,False,False,True,True
613,False,False,False,False,True,True,True,True
614,False,False,False,False,False,False,False,False
615,False,False,False,False,False,False,True,True
616,False,False,False,False,False,False,False,True
617,False,False,False,False,False,False,False,False
618,False,False,False,False,True,True,True,True
619,False,False,False,False,False,False,False,True
620,False,False,False,False,True,True,True,True
621,False,False,False,False,False,False,False,False
622,False,False,False,False,False,False,False,True
623,False,False,False,True,True,True,True,True
624,False,False,False,False,False,False,False,False
625,False,False,False,False,False,False,False,True
626,False,False,False,False,False,False,False,False
627,False,False,False,False,False,False,False,True
628,False,False,False,False,False,False,False,True
629,False,False,False,False,False,False,False,False
630,False,False,False,False,False,False,False,False
631,False,False,False,False,False,False,False,True
632,False,False,False,False,False,False,False,False
633,False,False,False,False,False,False,False,True
634,False,False,False,False,False,True,True,True
635,False,False,False,False,False,False,True,True
636,False,False,False,False,False,False,False,False
637,False,False,False,False,False,False,False,False
638,False,False,False,False,False,False,False,False
639,False,False,False,False,False,False,False,False
640,False,False,False,False,False,False,False,False
641,False,False,False,False,False,False,False,False
642,False,False,False,False,False,True,True,True
643,False,False,False,False,False,False,False,False
644,False,False,False,False,False,False,True,True
645,False,False,False,False,False,False,False,True
646,False,False,False,False,False,False,False,False
647,False,False,False,False,False,False,False,False
648,False,False,False,False,False,False,False,False
649,False,False,False,False,False,False,False,False
650,False,False,False,False,False,False,False,True
651,False,False,False,False,True,True,True,True
652,False,False,False,False,False,False,False,True
653,False,False,False,False,False,False,True,True
654,False,False,False,True,True,True,True,True
655,False,False,False,False,False,False,False,False
656,False,False,False,False,False,False,False,False
657,False,False,False,False,False,False,False,True
658,False,False,False,False,False,False,False,False
659,False,False,False,False,False,False,False,False
660,False,False,False,False,False,False,False,True
661,False,False,False,False,False,False,False,False
662,False,False,False,False,False,False,False,False
663,False,False,False,False,True,True,True,True
664,False,False,False,False,False,False,False,True
665,False,False,False,False,False,False,False,False
666,False,False,False,False,True,True,True,True
667,False,False,False,False,False,True,True,True
668,False,False,False,False,True,True,True,True
669,False,False,False,False,False,False,False,False
670,False,False,False,False,False,False,False,False
671,False,False,False,False,False,False,False,False
672,False,False,False,False,False,False,True,True
673,False,False,False,False,False,False,False,False
674,False,False,False,False,False,False,True,True
675,False,False,False,False,False,False,True,True
676,False,False,False,False,False,False,False,True
677,False,False,False,False,False,False,False,True
678,False,False,False,False,True,True,True,True
679,False,False,False,False,False,False,False,True
680,False,False,False,False,False,False,False,True
681,False,False,False,False,False,False,False,False
682,False,False,False,False,False,True,True,True
683,False,False,False,False,False,False,False,False
684,False,False,False,False,False,False,False,False
685,False,False,False,False,False,False,False,False
686,False,False,False,False,False,False,False,False
687,False,False,False,False,False,False,False,False
688,False,False,False,False,False,False,False,True
689,False,False,False,True,True,True,True,True
690,False,False,False,False,False,False,True,True
691,False,False,False,False,False,False,False,True
692,False,False,False,False,False,False,False,False
693,False,False,False,False,False,False,False,True
694,False,False,False,False,False,False,False,True
695,False,False,False,False,False,False,False,False
696,False,False,False,False,False,False,False,True
697,False,False,False,False,False,False,False,True
698,False,False,False,False,False,False,False,True
699,False,False,False,False,False,False,False,True
700,False,False,False,True,True,True,True,True
701,False,False,False,False,False,True,True,True
702,False,False,False,False,False,False,False,True
703,False,False,False,False,False,False,True,True
704,False,False,False,False,False,False,True,True
705,False,False,False,False,False,False,True,True
706,False,False,False,False,False,False,False,True
707,False,False,False,False,True,True,True,True
708,False,False,False,False,False,False,False,True
709,False,False,False,False,False,False,False,False
710,False,False,False,False,False,False,True,True
711,False,False,False,False,False,False,False,False
712,False,False,False,False,False,False,False,True
713,False,False,False,False,False,False,False,False
714,False,False,False,False,False,False,False,False
715,False,False,False,False,False,False,False,False
716,False,False,False,False,False,False,False,True
717,False,False,False,False,False,False,True,True
718,False,False,False,False,False,False,False,False
719,False,False,False,False,False,False,False,False
720,False,False,False,False,False,False,False,False
721,False,False,False,False,False,False,True,True
722,False,False,False,False,False,False,False,True
723,False,False,False,False,False,False,False,False
724,False,False,False,False,False,False,False,False
725,False,False,False,False,False,False,False,True
726,False,False,False,False,False,False,False,False
727,False,False,False,False,False,False,False,True
728,False,False,False,False,False,False,False,True
729,False,False,False,False,False,False,False,True
730,False,False,False,False,False,False,False,False
731,False,True,True,True,True,True,True,True
732,False,False,False,False,False,False,False,True
733,False,False,False,False,False,False,True,True
734,False,False,False,False,False,False,False,True
735,False,False,False,False,False,False,False,False
736,False,False,False,False,False,False,False,False
737,False,False,False,False,False,False,False,True
738,False,False,False,False,False,False,False,False
739,False,False,False,False,True,True,True,True
740,False,False,False,False,False,False,False,False
741,False,False,False,False,False,False,False,False
742,False,False,False,False,False,False,True,True
743,False,False,False,False,False,False,False,True
744,False,False,False,False,False,False,False,False
745,False,False,False,False,False,False,False,False
746,False,False,False,False,False,False,False,False
747,False,False,True,True,True,True,True,True
748,False,False,False,False,False,False,False,False
749,True,True,True,True,True,True,True,True
750,False,False,False,False,False,False,False,True
751,False,False,False,False,False,False,False,True
752,False,False,False,False,True,True,True,True
753,False,False,False,False,False,False,True,True
754,False,False,False,False,False,False,False,True
755,False,False,False,False,False,False,False,False
756,False,False,False,False,False,False,True,True
757,False,False,False,False,False,False,False,False
758,True,True,True,True,True,True,True,True
759,False,False,False,False,False,False,False,False
760,False,False,False,False,False,False,False,False
761,False,False,False,False,True,True,True,True
762,False,False,False,False,False,False,False,False
763,False,False,False,False,False,False,False,False
764,False,False,False,False,False,False,False,False
765,False,False,False,False,False,False,True,True
766,False,False,False,False,False,False,False,False
767,False,False,False,False,False,False,True,True
768,False,False,False,False,False,True,True,True
769,False,False,False,False,False,False,False,True
770,False,False,False,False,False,False,True,True
771,False,False,False,False,False,False,False,False
772,False,False,False,False,False,False,False,True
773,False,False,False,False,False,False,False,False
774,False,False,False,False,False,False,True,True
775,False,False,False,False,False,False,False,True
776,False,False,False,False,False,True,True,True
777,False,False,False,False,False,False,True,True
778,False,False,False,False,False,False,True,True
779,False,False,False,False,False,False,False,False
780,False,False,False,False,False,False,False,False
781,False,False,False,False,True,True,True,True
782,False,False,False,False,False,False,False,False
783,False,False,False,False,False,False,False,True
784,False,False,False,False,False,False,False,True
785,False,False,False,False,False,False,False,False
786,False,False,False,False,False,False,False,True
787,False,False,False,False,False,False,False,False
788,False,False,False,False,False,False,True,True
789,False,False,False,False,False,False,False,True
790,False,False,False,False,False,False,False,True
791,False,False,False,False,False,False,False,True
792,True,True,True,True,True,True,True,True
793,False,False,False,False,False,False,False,False
794,False,False,False,False,False,False,False,True
795,False,False,False,False,False,False,True,True
796,False,False,False,False,False,False,False,False
797,False,False,False,False,False,False,False,True
798,False,False,False,False,False,False,False,False
799,False,False,False,False,False,False,False,False
800,False,False,False,False,False,False,False,True
801,False,False,False,False,False,False,True,True
802,False,False,False,False,False,False,False,False
803,False,False,False,False,False,False,False,True
804,False,False,False,False,False,False,False,False
805,False,False,False,False,False,False,False,False
806,False,False,False,False,False,False,False,False
807,False,False,True,True,True,True,True,True
808,False,False,False,False,False,False,False,False
809,False,False,False,False,False,True,True,True
810,False,False,False,False,False,False,False,False
811,False,False,False,True,True,True,True,True
812,False,False,False,False,False,False,False,True
813,False,False,False,False,False,False,False,True
814,False,False,False,False,False,False,False,True
815,False,False,False,False,False,False,False,False
816,False,False,False,False,False,False,False,False
817,False,False,True,True,True,True,True,True
818,False,False,False,False,False,False,True,True
819,False,False,False,False,False,False,True,True
820,False,False,False,False,False,False,False,False
821,False,False,False,False,True,True,True,True
822,False,False,False,False,False,False,True,True
823,False,False,False,False,True,True,True,True
824,False,False,False,False,True,True,True,True
825,False,False,False,False,False,False,False,False
826,False,False,False,False,False,False,False,False
827,False,False,False,False,False,False,False,False
828,False,False,False,False,False,False,True,True
829,False,False,False,False,True,True,True,True
830,False,False,False,False,True,True,True,True
831,False,False,False,False,False,False,False,True
832,False,False,False,False,False,False,False,False
833,True,True,True,True,True,True,True,True
834,False,False,False,False,False,False,False,False
835,False,False,False,False,False,False,False,False
836,False,False,False,True,True,True,True,True
837,True,True,True,True,True,True,True,True
838,False,False,False,False,False,False,True,True
839,False,False,False,False,False,True,True,True
840,False,False,False,False,False,False,True,True
841,False,False,False,False,False,False,False,False
842,False,False,False,False,False,False,False,True
843,False,False,False,False,False,False,True,True
844,False,False,False,False,False,False,False,True
845,False,False,False,False,False,True,True,True
846,False,False,False,False,False,True,True,True
847,False,False,False,False,False,False,True,True
848,False,False,False,False,False,False,False,False
849,False,False,False,False,False,False,True,True
850,False,False,False,False,False,False,False,True
851,False,False,False,False,False,False,False,True
852,False,False,False,False,False,False,False,False
853,False,False,False,False,False,False,False,True
854,False,False,False,False,False,False,False,False
855,False,False,False,False,False,False,False,True
856,False,False,False,False,False,False,False,True
857,False,False,False,False,False,True,True,True
858,True,True,True,True,True,True,True,True
859,False,False,False,False,False,False,True,True
860,False,False,False,False,False,True,True,True
861,False,False,False,False,False,False,False,False
862,False,False,False,False,False,False,True,True
863,False,False,False,False,False,False,False,False
864,False,False,False,False,False,False,False,False
865,False,False,False,False,False,False,False,False
866,False,False,False,False,False,False,False,False
867,True,True,True,True,True,True,True,True
868,False,False,False,False,False,False,False,False
869,False,False,False,False,False,False,False,False
870,False,False,False,False,False,False,False,False
871,False,False,False,False,False,True,True,True
872,False,False,False,False,False,False,False,False
873,False,False,False,True,True,True,True,True
874,False,False,False,False,False,False,False,True
875,False,False,False,False,False,False,True,True
876,False,False,False,False,False,False,True,True
877,False,False,False,False,False,False,False,False
878,False,False,False,False,False,False,False,True
879,False,False,False,False,False,False,False,False
880,False,False,False,False,False,False,False,False
881,False,False,False,False,False,False,False,False
882,False,False,False,False,False,False,True,True
883,False,False,False,False,False,False,True,True
884,False,False,False,False,False,False,False,False
885,False,False,False,False,False,False,False,False
886,False,False,False,False,False,False,False,False
887,False,False,False,False,False,False,False,False
888,False,False,False,False,False,False,False,False
889,False,False,False,True,True,True,True,True
890,False,False,False,False,False,False,True,True
891,False,False,False,False,False,False,False,False
892,False,False,False,False,False,False,False,False
893,False,False,False,False,False,False,False,True
894,False,False,False,False,False,False,False,True
895,False,False,False,False,False,False,False,False
896,False,False,False,False,False,False,False,False
897,False,False,False,False,True,True,True,True
898,False,False,False,False,False,False,False,True
899,False,False,False,False,False,True,True,True
900,False,False,False,False,True,True,True,True
901,False,False,False,False,False,False,False,False
902,True,True,True,True,True,True,True,True
903,False,False,False,False,False,False,True,True
904,False,False,False,False,False,False,False,False
905,False,False,False,False,False,False,False,False
906,False,False,False,False,False,False,False,False
907,False,False,False,False,False,True,True,True
908,False,False,False,False,False,True,True,True
909,False,False,True,True,True,True,True,True
910,False,False,False,False,False,False,True,True
911,False,False,False,False,False,False,False,True
912,False,False,False,False,False,False,False,False
913,False,False,False,False,False,True,True,True
914,False,False,False,False,False,True,True,True
915,False,False,False,False,False,False,False,True
916,False,False,False,False,False,False,False,True
917,False,False,False,False,False,False,False,True
918,False,True,True,True,True,True,True,True
919,False,False,False,False,False,False,False,True
920,False,False,False,False,True,True,True,True
921,False,False,False,False,False,False,False,False
922,False,False,False,False,False,False,False,False
923,False,False,False,False,False,False,True,True
924,False,False,False,False,False,False,False,False
925,False,False,False,False,False,False,False,True
926,False,False,False,False,False,False,False,False
927,False,False,False,False,False,False,False,False
928,False,False,False,False,False,False,False,True
929,False,False,False,False,False,False,False,False
930,False,False,False,False,False,False,False,True
931,False,False,False,False,False,False,False,False
932,False,False,False,False,False,False,False,True
933,True,True,True,True,True,True,True,True
934,False,False,False,False,False,False,False,False
935,False,False,False,False,False,True,True,True
936,False,False,False,False,False,False,False,False
937,False,False,False,False,False,False,False,False
938,False,False,False,False,False,False,False,False
939,False,False,False,False,False,False,False,False
940,False,False,False,False,False,False,False,False
941,False,False,False,False,False,False,False,True
942,False,False,False,False,False,False,False,True
943,False,False,False,False,False,False,False,False
944,False,False,False,False,True,True,True,True
945,False,False,False,False,True,True,True,True
946,False,False,False,False,False,False,True,True
947,False,False,False,False,False,False,False,True
948,False,False,True,True,True,True,True,True
949,False,False,False,False,True,True,True,True
950,False,False,False,False,False,False,True,True
951,False,False,False,False,False,False,True,True
952,False,False,False,False,False,False,False,True
953,False,False,False,False,False,False,False,True
954,False,False,False,False,False,False,True,True
955,False,False,False,False,False,False,False,False
956,False,False,False,False,False,False,False,True
957,False,False,False,False,False,False,False,False
958,False,False,False,False,False,False,False,False
959,False,False,False,False,False,False,True,True
960,False,False,False,False,False,False,False,True
961,False,False,False,False,False,True,True,True
962,False,False,False,True,True,True,True,True
963,False,False,False,False,False,False,False,False
964,False,False,False,False,False,False,False,False
965,False,False,False,False,False,False,False,False
966,False,False,False,False,False,False,False,False
967,False,False,False,False,False,False,False,True
968,False,False,False,False,True,True,True,True
969,False,False,False,False,False,False,False,False
970,False,False,False,False,False,False,False,True
971,False,False,False,False,False,False,False,True
972,False,False,False,False,False,False,False,True
973,False,False,False,False,False,False,False,True
974,False,False,False,False,False,False,True,True
975,False,False,False,False,False,False,True,True
976,True,True,True,True,True,True,True,True
977,False,False,False,False,False,False,False,False
978,False,False,False,False,False,False,False,True
979,False,False,False,False,False,False,False,False
980,True,True,True,True,True,True,True,True
981,False,False,False,False,False,False,False,False
982,False,False,False,False,False,False,True,True
983,False,False,False,False,False,False,False,True
984,False,False,False,False,False,True,True,True
985,False,False,True,True,True,True,True,True
986,False,False,False,False,False,False,False,False
987,False,False,False,False,False,False,False,False
988,False,False,False,False,False,False,False,True
989,False,False,False,False,False,False,False,False
990,False,False,False,False,False,False,False,True
991,False,False,False,False,False,False,False,False
992,False,False,False,False,False,False,False,False
993,False,False,False,False,False,False,True,True
994,False,False,False,False,False,False,True,True
995,False,False,False,False,False,False,True,True
996,False,False,False,False,False,False,False,False
997,False,False,False,False,False,False,False,False
998,False,False,False,False,False,False,False,True
999,False,False,False,False,False,False,False,False
1000,False,False,False,False,False,False,False,True
1001,False,False,False,False,False,True,True,True
1002,False,False,False,False,False,False,False,True
1003,False,False,False,False,False,False,True,True
1004,False,False,False,False,False,False,False,False
1005,False,False,False,False,False,False,True,True
1006,False,False,False,False,False,False,False,True
1007,False,False,False,False,False,False,True,True
1008,False,False,False,False,False,False,False,True
1009,False,False,False,False,False,False,False,False
1010,False,False,False,False,False,False,True,True
1011,False,False,False,False,False,False,False,False
1012,False,False,False,False,True,True,True,True
1013,False,False,False,False,False,False,False,False
1014,False,False,False,False,False,False,False,False
1015,False,False,False,False,False,False,False,False
1016,False,False,False,False,False,False,False,True
1017,False,False,False,False,False,False,False,True
1018,False,False,False,False,False,False,True,True
1019,False,False,False,False,False,False,False,True
1020,False,False,False,False,False,False,True,True
1021,False,False,False,False,False,True,True,True
1022,False,False,False,True,True,True,True,True
1023,False,False,False,False,False,False,False,False
1024,False,False,False,False,False,False,False,True
1025,False,False,False,False,False,False,True,True
1026,False,False,False,False,False,False,False,False
1027,False,False,False,False,False,True,True,True
1028,False,False,False,False,False,False,True,True
1029,False,False,False,True,True,True,True,True
1030,False,False,False,True,True,True,True,True
1031,False,False,False,False,False,False,False,False
1032,False,False,False,False,False,False,False,False
1033,False,False,False,False,False,False,False,False
1034,False,False,False,False,False,False,False,True
1035,False,False,False,False,False,False,False,True
1036,False,False,False,True,True,True,True,True
1037,False,False,False,False,False,False,False,False
1038,False,False,False,False,False,False,False,True
1039,False,False,False,False,False,False,False,False
1040,False,False,False,False,False,False,True,True
1041,False,False,False,False,False,False,False,True
1042,False,False,False,False,False,False,False,False
1043,False,False,False,False,False,False,False,False
1044,False,False,True,True,True,True,True,True
1045,False,False,False,False,False,False,False,False
1046,False,False,False,False,False,False,False,True
1047,False,False,False,False,True,True,True,True
1048,False,False,False,False,False,False,False,True
1049,False,False,False,False,False,False,False,False
1050,False,False,False,True,True,True,True,True
1051,False,False,False,False,False,False,False,False
1052,False,False,False,False,False,False,False,False
1053,False,False,False,False,False,False,False,False
1054,False,False,False,False,False,False,False,False
1055,False,False,False,False,False,False,True,True
1056,False,False,False,False,False,False,True,True
1057,False,False,False,False,False,False,True,True
1058,False,False,False,False,False,False,False,False
1059,False,False,False,False,False,False,False,False
1060,False,False,False,False,False,False,False,True
1061,False,False,False,False,False,True,True,True
1062,False,False,False,False,False,False,False,False
1063,False,False,False,False,False,False,False,True
1064,False,False,False,False,False,False,False,True
1065,False,False,False,False,False,False,False,False
1066,False,False,False,False,False,False,True,True
1067,False,False,False,False,False,False,False,True
1068,False,False,False,False,False,False,False,True
1069,False,False,False,False,False,False,False,False
1070,False,False,False,False,False,False,False,False
1071,False,False,False,False,False,False,False,True
1072,False,True,True,True,True,True,True,True
1073,False,False,False,False,False,False,False,False
1074,False,False,False,False,False,True,True,True
1075,False,False,False,False,False,False,True,True
1076,False,False,False,False,False,False,False,False
1077,False,False,False,False,False,False,False,True
1078,False,False,False,False,False,False,False,False
1079,True,True,True,True,True,True,True,True
1080,False,False,False,False,False,False,False,False
1081,False,False,False,False,False,False,False,True
1082,False,False,False,False,False,False,False,False
1083,False,False,False,False,False,False,True,True
1084,False,False,False,False,False,False,False,False
1085,False,False,False,False,False,False,True,True
1086,False,False,False,False,False,False,False,True
1087,False,False,False,False,False,False,False,True
1088,False,False,False,False,True,True,True,True
1089,False,False,False,False,False,False,False,False
1090,False,False,False,False,False,False,True,True
1091,False,False,False,False,False,False,False,False
1092,False,False,False,False,False,False,False,False
1093,False,False,False,False,False,False,False,False
1094,False,False,False,False,False,False,False,False
1095,False,False,False,False,False,False,False,False
1096,False,False,False,False,False,True,True,True
1097,False,False,False,False,False,False,False,False
1098,False,False,False,False,False,False,False,False
1099,False,False,False,False,False,False,True,True
1100,False,False,False,False,False,False,False,False
1101,False,False,False,False,False,True,True,True
1102,False,False,False,False,False,False,False,True
1103,False,False,False,False,False,False,True,True
1104,False,False,False,False,False,False,False,False
1105,False,False,False,False,False,True,True,True
1106,False,False,False,False,False,False,False,False
1107,False,False,False,False,False,False,False,False
1108,False,False,False,False,False,False,False,True
1109,False,False,False,False,False,False,False,False
1110,False,False,False,False,False,False,False,True
1111,False,False,False,False,False,True,True,True
1112,False,False,False,False,False,False,False,False
1113,False,False,False,False,False,True,True,True
1114,False,False,False,False,False,False,False,False
1115,False,False,False,False,False,False,False,True
1116,False,False,True,True,True,True,True,True
1117,False,False,False,False,False,False,False,False
1118,False,False,False,False,False,False,False,False
1119,False,False,False,False,False,False,True,True
1120,False,False,False,False,False,False,True,True
1121,False,False,False,False,True,True,True,True
1122,False,False,False,False,False,True,True,True
1123,False,False,False,False,False,False,False,False
1124,False,False,False,False,False,False,False,False
1125,False,False,False,False,False,True,True,True
1126,False,False,False,False,False,False,False,False
1127,False,False,False,False,False,False,True,True
1128,False,False,False,False,False,False,False,False
1129,False,False,False,False,False,False,True,True
1130,False,False,False,False,False,False,False,False
1131,False,False,False,False,False,False,True,True
1132,False,False,False,False,False,False,False,False
1133,False,False,False,False,False,False,False,False
1134,False,False,False,False,False,False,False,False
1135,False,False,False,False,False,False,True,True
1136,False,False,False,False,False,False,False,False
1137,False,False,False,False,False,False,False,True
1138,False,False,False,False,False,False,False,True
1139,False,False,True,True,True,True,True,True
1140,False,False,False,False,False,False,False,True
1141,False,False,False,False,False,False,False,False
1142,False,False,False,False,False,True,True,True
1143,False,False,False,False,False,False,False,False
1144,False,False,False,False,False,False,False,True
1145,False,False,False,False,False,True,True,True
1146,False,False,False,False,False,False,False,True
1147,False,False,False,False,False,False,False,False
1148,False,False,False,False,False,False,False,True
1149,False,False,False,False,False,False,False,False
1150,False,False,False,False,False,False,False,False
1151,False,False,False,False,False,False,False,True
1152,False,False,False,False,False,False,True,True
1153,False,False,False,False,False,True,True,True
1154,False,False,False,False,False,False,False,False
1155,False,False,False,False,False,False,True,True
1156,False,False,False,False,False,False,False,False
1157,False,False,False,False,False,False,True,True
1158,False,False,False,False,False,True,True,True
1159,False,False,False,False,False,False,True,True
1160,False,False,False,False,False,False,False,False
1161,False,False,False,False,False,False,False,True
1162,False,False,False,False,False,False,False,False
1163,False,False,False,False,False,False,False,True
1164,False,False,False,False,False,False,False,False
1165,False,False,False,False,False,False,False,False
1166,False,False,False,False,True,True,True,True
1167,False,False,False,False,False,False,False,True
1168,False,False,False,False,True,True,True,True
1169,False,False,False,False,False,True,True,True
1170,False,False,False,False,False,False,False,False
1171,False,False,False,False,False,False,False,True
1172,False,False,False,False,False,False,False,True
1173,False,False,False,False,False,False,False,True
1174,False,False,False,False,False,False,False,True
1175,False,False,False,False,False,False,True,True
1176,False,False,False,False,False,False,True,True
1177,False,False,False,False,False,False,False,False
1178,False,False,False,False,False,False,False,False
1179,False,False,False,False,False,False,False,False
1180,False,False,False,False,False,False,True,True
1181,False,False,False,False,False,False,False,False
1182,False,False,False,False,False,False,False,False
1183,False,False,False,False,False,False,True,True
1184,False,False,False,False,False,False,False,True
1185,False,False,False,False,False,False,False,False
1186,False,False,False,False,False,False,False,False
1187,False,False,False,False,False,False,False,False
1188,False,False,False,False,False,False,False,True
1189,False,False,False,False,False,False,False,False
1190,False,False,False,False,False,False,False,True
1191,False,False,False,False,True,True,True,True
1192,False,False,False,False,False,False,True,True
1193,False,True,True,True,True,True,True,True
1194,False,False,False,False,False,False,False,False
1195,False,False,False,False,True,True,True,True
1196,False,False,False,False,False,False,False,False
1197,False,False,False,False,False,True,True,True
1198,False,False,False,False,True,True,True,True
1199,False,False,False,False,False,False,False,False
1200,False,False,False,False,False,False,True,True
1201,False,False,False,False,False,False,False,False
1202,False,False,False,False,False,False,False,False
1203,False,False,False,False,False,False,False,False
1204,False,False,False,False,False,True,True,True
1205,False,False,False,False,False,False,False,False
1206,True,True,True,True,True,True,True,True
1207,False,False,False,False,False,False,False,True
1208,False,False,False,False,True,True,True,True
1209,False,False,False,False,False,False,False,False
1210,False,False,False,False,False,False,False,True
1211,False,False,False,False,False,False,True,True
1212,False,False,False,False,False,False,False,False
1213,False,False,False,False,False,False,False,False
1214,False,False,False,False,False,False,False,True
1215,False,False,False,False,True,True,True,True
1216,False,False,False,False,False,False,True,True
1217,False,False,False,False,False,False,True,True
1218,False,False,False,False,False,False,False,True
1219,False,False,False,False,False,False,False,True
1220,False,False,False,False,False,False,False,True
1221,True,True,True,True,True,True,True,True
1222,False,False,False,False,False,False,True,True
1223,False,False,False,False,False,True,True,True
1224,False,False,False,False,False,False,False,False
1225,False,False,False,False,False,True,True,True
1226,False,False,False,False,False,False,False,True
1227,False,False,False,False,False,True,True,True
1228,False,False,False,False,False,False,True,True
1229,True,True,True,True,True,True,True,True
1230,False,False,False,False,False,False,False,True
1231,False,False,False,False,False,False,True,True
1232,False,False,False,False,False,False,True,True
1233,False,False,False,False,False,False,False,False
1234,False,False,False,False,False,True,True,True
1235,False,False,False,False,False,False,True,True
1236,False,False,False,False,False,False,True,True
1237,False,False,False,False,False,False,False,True
1238,False,False,False,False,False,False,False,True
1239,False,False,False,False,False,True,True,True
1240,False,False,False,False,False,False,True,True
1241,False,False,False,False,False,False,False,False
1242,False,False,False,False,False,False,False,True
1243,False,False,False,False,False,False,False,True
1244,False,False,False,False,False,False,False,False
1245,False,False,False,False,False,False,False,False
1246,True,True,True,True,True,True,True,True
1247,False,False,False,True,True,True,True,True
1248,False,False,False,False,False,False,True,True
1249,False,False,False,False,False,False,False,True
1250,False,False,False,False,False,False,False,False
1251,False,False,False,False,False,False,False,True
1252,False,False,False,False,False,False,True,True
1253,False,False,False,False,False,False,False,True
1254,False,False,False,False,False,False,False,False
1255,False,False,False,False,False,False,False,False
1256,False,False,False,False,False,False,True,True
1257,False,False,True,True,True,True,True,True
1258,False,False,False,False,False,True,True,True
1259,False,False,False,False,False,False,False,True
1260,False,False,False,False,False,False,False,False
1261,False,False,False,False,False,False,False,True
1262,False,False,False,False,False,False,False,False
1263,False,False,False,False,False,False,False,False
1264,False,False,False,False,False,True,True,True
1265,False,False,False,False,False,False,False,False
1266,True,True,True,True,True,True,True,True
1267,False,False,False,False,False,False,False,False
1268,False,False,False,False,False,True,True,True
1269,False,False,False,False,False,False,True,True
1270,False,False,False,False,False,False,True,True
1271,False,False,False,False,False,False,False,True
1272,False,False,False,False,False,True,True,True
1273,False,False,False,False,False,False,False,True
1274,False,False,False,False,False,False,False,True
1275,False,False,False,False,False,False,False,False
1276,False,False,False,False,False,True,True,True
1277,False,False,False,False,False,True,True,True
1278,False,False,False,False,False,False,False,False
1279,False,False,False,False,False,False,False,False
1280,False,False,False,False,False,True,True,True
1281,False,False,False,False,False,False,True,True
1282,True,True,True,True,True,True,True,True
1283,False,False,False,False,False,False,False,True
1284,False,False,False,False,False,True,True,True
1285,False,False,True,True,True,True,True,True
1286,False,False,False,False,False,True,True,True
1287,False,False,False,False,False,False,False,False
1288,False,False,False,False,False,False,False,False
1289,False,False,False,False,False,False,False,True
1290,False,False,False,False,False,False,False,False
1291,False,False,False,False,False,False,True,True
1292,False,False,False,False,False,False,False,True
1293,False,False,False,False,False,False,False,True
1294,False,False,False,False,True,True,True,True
1295,False,False,False,False,False,False,False,False
1296,False,False,False,False,False,False,False,True
1297,False,False,False,False,False,False,False,True
1298,False,False,False,False,False,False,False,False
1299,False,False,False,False,False,True,True,True
1300,False,False,False,False,False,False,False,False
1301,False,True,True,True,True,True,True,True
1302,False,False,False,False,False,False,False,False
1303,False,False,False,False,False,False,False,False
1304,False,False,False,False,False,False,True,True
1305,False,False,False,False,False,False,True,True
1306,False,False,False,False,False,False,False,False
1307,False,False,False,False,False,False,False,True
1308,False,False,False,False,False,False,False,False
1309,False,False,False,False,False,False,False,True
1310,False,False,False,False,False,False,False,False
1311,False,False,False,False,False,False,True,True
1312,False,False,False,False,False,True,True,True
1313,False,False,False,False,False,False,True,True
1314,False,False,False,False,False,False,False,True
1315,False,False,False,False,False,False,False,True
1316,False,False,False,False,False,False,False,True
1317,False,False,False,False,False,False,True,True
1318,False,False,False,True,True,True,True,True
1319,False,False,False,False,False,True,True,True
1320,False,False,False,False,False,False,False,False
1321,True,True,True,True,True,True,True,True
1322,False,False,False,False,False,False,False,False
1323,False,False,False,False,False,False,False,False
1324,False,False,False,True,True,True,True,True
1325,False,False,False,False,False,False,False,False
1326,False,False,False,False,False,False,False,True
1327,False,False,False,False,False,False,False,False
1328,False,False,False,False,False,False,False,False
1329,False,False,False,False,False,False,True,True
1330,False,False,False,False,False,False,True,True
1331,False,False,False,False,False,False,False,True
1332,False,False,False,False,False,False,False,True
1333,False,False,False,False,False,False,True,True
1334,False,False,False,False,False,False,True,True
1335,False,False,False,False,False,False,False,False
1336,False,False,False,False,False,False,False,False
1337,False,False,False,False,False,False,True,True
1338,False,False,False,False,False,False,False,True
1339,False,False,False,False,False,False,True,True
1340,False,False,False,False,True,True,True,True
1341,False,False,False,False,False,False,False,False
1342,False,False,False,False,False,False,False,False
1343,False,False,False,False,False,False,True,True
1344,False,False,False,False,False,False,False,False
1345,False,False,False,False,False,False,True,True
1346,False,False,False,False,False,False,False,False
1347,False,False,False,False,True,True,True,True
1348,False,False,False,False,False,False,False,False
1349,False,False,False,False,False,False,False,False
1350,False,False,False,False,False,False,False,True
1351,False,False,False,False,False,False,True,True
1352,False,False,False,False,False,False,False,False
1353,False,False,False,False,False,False,False,True
1354,False,False,False,False,False,False,False,False
1355,False,False,False,False,False,False,False,True
1356,False,False,False,False,False,True,True,True
1357,False,False,False,False,False,False,False,False
1358,False,False,False,False,False,False,False,True
1359,False,False,False,False,False,False,False,True
1360,False,False,False,False,False,False,True,True
1361,False,False,False,False,False,False,False,False
1362,False,False,False,False,False,True,True,True
1363,False,False,False,True,True,True,True,True
1364,False,False,False,False,True,True,True,True
1365,False,False,False,False,False,True,True,True
1366,False,False,False,False,False,False,False,False
1367,False,False,False,False,False,False,False,False
1368,False,False,False,False,False,False,False,True
1369,False,False,False,False,False,True,True,True
1370,False,False,False,False,False,False,False,False
1371,False,False,False,False,False,True,True,True
1372,False,False,False,False,False,False,False,True
1373,False,False,False,False,False,False,False,False
1374,False,False,False,False,False,False,False,False
1375,False,False,False,False,False,False,True,True
1376,False,False,False,True,True,True,True,True
1377,False,False,False,False,False,False,False,True
1378,False,False,False,False,False,True,True,True
1379,False,False,False,False,False,False,False,False
1380,False,False,False,False,False,False,False,False
1381,False,False,False,False,False,True,True,True
1382,False,False,False,False,False,False,True,True
1383,False,False,False,True,True,True,True,True
1384,False,False,False,False,False,False,True,True
1385,False,False,False,False,False,False,True,True
1386,False,False,False,True,True,True,True,True
1387,False,False,False,False,False,False,True,True
1388,False,False,False,False,True,True,True,True
1389,False,False,False,False,False,False,False,True
1390,False,False,False,False,False,False,False,False
1391,False,False,False,False,False,False,False,False
1392,False,False,False,False,False,False,False,False
1393,False,False,False,False,True,True,True,True
1394,False,False,False,False,False,False,False,False
1395,False,False,True,True,True,True,True,True
1396,False,False,False,False,False,False,False,True
1397,False,False,False,False,False,False,False,True
1398,False,False,False,False,False,False,False,False
1399,True,True,True,True,True,True,True,True
1400,False,False,False,False,False,False,False,True
1401,False,False,False,False,False,False,False,False
1402,False,False,False,False,False,False,False,False
1403,False,False,False,False,False,False,False,False
1404,False,False,False,False,False,False,False,True
1405,False,False,False,False,False,False,False,True
1406,False,False,False,False,False,False,False,False
1407,False,False,False,False,False,True,True,True
1408,False,False,False,False,False,False,False,True
1409,False,False,False,False,False,False,False,False
1410,False,False,False,False,False,False,True,True
1411,False,False,False,False,True,True,True,True
1412,False,False,False,False,False,False,False,False
1413,False,False,False,False,False,False,False,True
1414,False,False,False,False,False,False,False,False
1415,False,False,False,False,False,False,False,False
1416,False,False,False,False,True,True,True,True
1417,False,False,False,False,False,False,False,True
1418,False,False,False,False,False,False,False,False
1419,False,False,False,False,False,False,True,True
1420,False,False,False,False,False,False,False,False
1421,False,False,False,False,False,True,True,True
1422,False,False,False,False,False,False,False,False
1423,False,False,False,False,False,False,False,True
1424,False,False,False,False,False,False,False,True
1425,False,False,False,False,False,False,False,False
1426,False,False,False,False,False,True,True,True
1427,False,False,False,False,False,False,False,True
1428,False,False,False,False,False,True,True,True
1429,False,False,True,True,True,True,True,True
1430,False,False,False,False,False,False,False,False
1431,False,False,False,False,False,False,False,True
1432,False,False,False,False,False,False,False,False
1433,False,False,False,False,False,True,True,True
1434,False,False,False,False,True,True,True,True
1435,False,False,False,False,False,False,False,True
1436,False,False,False,False,False,False,False,True
1437,False,False,False,False,False,False,False,False
1438,False,False,False,False,False,False,True,True
1439,False,False,False,False,False,False,False,True
1440,False,False,False,False,False,False,False,True
1441,False,False,False,False,False,False,False,False
1442,False,False,False,False,False,False,False,True
1443,False,False,False,False,False,False,False,True
1444,False,False,False,False,False,False,True,True
1445,False,True,True,True,True,True,True,True
1446,False,False,False,False,False,False,True,True
1447,False,False,False,False,False,False,False,False
1448,False,False,False,False,False,False,False,False
1449,False,False,False,False,False,False,False,False
1450,False,False,False,False,False,False,False,False
1451,False,False,False,False,False,False,False,True
1452,False,False,False,False,False,False,False,False
1453,False,False,True,True,True,True,True,True
1454,False,False,False,False,False,True,True,True
1455,False,False,False,False,False,False,False,True
1456,False,False,False,False,False,False,False,False
1457,False,False,False,False,False,False,False,True
1458,False,False,False,False,False,True,True,True
1459,True,True,True,True,True,True,True,True
1460,False,False,False,False,False,False,False,False
1461,False,False,False,False,False,True,True,True
1462,False,True,True,True,True,True,True,True
1463,False,False,False,False,False,False,False,False
1464,False,False,False,False,False,True,True,True
1465,False,False,False,False,False,False,False,False
1466,False,False,False,False,False,False,False,False
1467,False,False,False,False,False,False,False,True
1468,False,False,False,False,False,False,True,True
1469,False,False,False,False,False,False,False,False
1470,False,False,False,False,False,False,False,False
1471,False,False,False,False,False,False,False,False
1472,False,False,False,True,True,True,True,True
1473,False,False,False,False,False,False,False,False
1474,False,False,False,False,False,True,True,True
1475,True,True,True,True,True,True,True,True
1476,False,False,False,True,True,True,True,True
1477,False,False,False,False,False,False,True,True
1478,False,False,False,False,False,False,False,False
1479,True,True,True,True,True,True,True,True
1480,False,False,False,False,False,False,False,True
1481,False,False,False,False,False,False,False,False
1482,False,False,False,False,False,False,True,True
1483,False,False,False,False,False,False,False,True
1484,False,False,False,False,False,False,False,True
1485,False,False,False,False,False,False,False,False
1486,False,False,True,True,True,True,True,True
1487,False,False,False,False,False,False,True,True
1488,False,False,False,False,False,False,False,False
1489,False,False,False,False,False,False,True,True
1490,False,False,False,False,False,False,False,False
1491,False,False,False,False,True,True,True,True
1492,False,False,False,False,False,False,False,False
1493,False,False,False,False,False,False,False,False
1494,False,False,False,False,False,False,True,True
1495,False,False,False,False,False,False,False,False
1496,False,False,False,False,False,False,False,False
1497,False,False,False,False,False,False,True,True
1498,False,False,False,False,False,False,False,False
1499,False,False,False,False,False,False,False,True
1500,False,False,False,False,False,False,True,True
1501,False,False,False,False,False,True,True,True
1502,False,False,False,False,False,False,False,False
1503,False,False,False,False,False,True,True,True
1504,False,False,False,False,False,False,False,False
1505,False,False,False,False,False,True,True,True
1506,False,False,False,False,False,False,False,False
1507,False,False,False,False,False,False,False,True
1508,False,False,False,False,False,False,False,False
1509,True,True,True,True,True,True,True,True
1510,False,False,False,False,True,True,True,True
1511,False,False,False,False,False,False,False,True
1512,False,False,False,False,False,False,True,True
1513,False,False,False,False,False,True,True,True
1514,False,False,False,False,False,False,True,True
1515,False,False,False,False,False,False,False,True
1516,False,False,False,False,False,False,False,False
1517,False,False,False,False,False,True,True,True
1518,False,False,False,False,False,False,False,False
1519,False,False,False,False,False,False,False,False
1520,False,False,False,False,False,False,False,False
1521,False,False,False,False,False,False,False,False
1522,False,False,False,False,False,False,False,False
1523,False,False,False,False,True,True,True,True
1524,False,False,False,False,False,False,False,False
1525,False,False,False,False,False,False,False,False
1526,False,False,False,False,False,True,True,True
1527,False,False,False,False,False,False,False,True
1528,False,False,False,False,False,False,False,True
1529,False,False,False,False,False,False,False,False
1530,False,False,False,False,False,False,False,False
1531,False,False,False,False,False,False,False,False
1532,False,False,False,False,False,True,True,True
1533,False,False,False,False,False,False,True,True
1534,False,False,False,False,False,False,False,False
1535,False,False,False,False,False,False,False,False
1536,False,False,False,False,False,False,False,True
1537,False,False,False,False,False,False,False,False
1538,False,False,False,False,False,False,False,False
1539,False,False,False,False,False,True,True,True
1540,False,False,False,False,False,False,False,False
1541,False,False,False,False,False,False,False,False
1542,False,False,False,False,False,False,False,False
1543,False,False,False,False,False,False,False,True
1544,False,False,False,False,False,False,False,False
1545,False,False,False,False,False,False,False,False
1546,False,False,False,False,False,True,True,True
1547,False,False,False,True,True,True,True,True
1548,False,False,False,False,False,False,False,True
1549,False,False,False,False,False,False,False,True
1550,False,False,False,False,False,False,False,False
1551,False,False,False,False,False,False,False,True
1552,False,False,False,False,False,False,False,False
1553,False,False,False,False,False,False,False,True
1554,False,False,False,False,False,False,False,True
1555,False,False,False,False,False,True,True,True
1556,False,False,False,False,False,False,True,True
1557,False,False,False,True,True,True,True,True
1558,False,False,False,False,False,False,False,False
1559,False,False,False,False,False,False,False,False
1560,False,False,False,False,False,False,False,False
1561,False,False,False,False,False,False,False,False
1562,False,False,False,False,False,False,False,True
1563,False,False,False,False,False,True,True,True
1564,False,False,False,False,False,False,False,True
1565,False,False,False,False,False,False,False,True
1566,False,False,False,False,False,False,False,True
1567,False,False,False,False,False,False,False,True
1568,False,False,False,False,False,False,False,False
1569,False,False,False,False,False,False,True,True
1570,False,False,False,False,False,False,False,False
1571,False,False,False,False,False,False,False,False
1572,False,False,False,False,False,True,True,True
1573,False,False,False,False,False,False,False,True
1574,False,False,False,True,True,True,True,True
1575,False,False,False,False,False,False,False,True
1576,False,False,False,False,False,False,False,True
1577,False,False,False,False,False,False,False,True
1578,False,False,False,False,False,False,False,False
1579,False,False,False,False,False,False,False,False
1580,False,False,False,False,False,False,False,True
1581,False,False,False,False,False,True,True,True
1582,False,False,False,False,False,False,False,False
1583,True,True,True,True,True,True,True,True
1584,False,False,False,False,False,False,False,True
1585,False,False,False,False,False,False,False,False
1586,False,False,False,True,True,True,True,True
1587,False,False,False,False,False,False,True,True
1588,False,False,False,False,False,False,False,False
1589,False,False,False,False,False,False,False,False
1590,False,False,False,False,False,False,False,False
1591,False,False,False,False,False,False,False,False
1592,True,True,True,True,True,True,True,True
1593,False,False,False,False,True,True,True,True
1594,False,False,False,False,False,False,False,False
1595,False,False,False,False,False,False,False,False
1596,False,False,False,False,False,False,False,True
1597,False,False,False,False,False,False,True,True
1598,False,False,False,False,True,True,True,True
1599,False,False,False,False,False,False,False,True
1600,False,False,False,False,False,False,True,True
1601,False,False,False,False,False,False,False,False
1602,False,False,False,False,False,False,False,True
1603,False,False,False,False,True,True,True,True
1604,False,False,False,False,True,True,True,True
1605,False,False,False,False,False,False,False,False
1606,False,False,False,False,False,False,False,False
1607,False,False,False,False,False,True,True,True
1608,False,False,False,False,False,False,False,False
1609,False,False,False,False,False,False,False,True
1610,False,False,False,True,True,True,True,True
1611,False,False,False,False,False,False,False,True
1612,False,False,False,False,False,False,False,False
1613,False,False,False,False,False,False,True,True
1614,False,False,False,False,False,False,False,False
1615,False,False,False,False,False,False,False,False
1616,False,False,False,False,False,True,True,True
1617,False,False,False,False,False,False,False,False
1618,False,False,False,False,True,True,True,True
1619,False,False,False,False,False,False,False,True
1620,False,False,False,False,False,False,False,False
1621,False,False,False,False,False,False,False,True
1622,False,False,False,False,False,False,False,False
1623,False,False,False,True,True,True,True,True
1624,False,False,False,False,False,True,True,True
1625,False,False,False,False,False,False,False,False
1626,False,False,False,False,False,False,False,True
1627,False,False,False,False,False,False,False,True
1628,False,False,False,False,False,False,False,False
1629,False,False,False,False,True,True,True,True
1630,False,False,False,False,False,False,True,True
1631,False,False,False,False,False,True,True,True
1632,False,False,False,False,False,False,True,True
1633,False,False,False,False,False,False,False,False
1634,False,False,False,False,False,False,True,True
1635,False,False,False,False,False,False,False,True
1636,False,False,False,False,False,False,False,True
1637,False,False,False,False,False,False,False,True
1638,False,False,False,False,False,False,False,False
1639,False,False,False,False,False,False,False,True
1640,True,True,True,True,True,True,True,True
1641,False,False,False,False,True,True,True,True
1642,False,False,False,False,False,False,True,True
1643,False,False,False,False,False,False,True,True
1644,False,False,False,False,False,False,False,True
1645,False,False,False,False,False,False,False,False
1646,False,False,False,False,False,False,False,False
1647,False,False,False,False,False,False,False,True
1648,False,False,False,False,False,False,False,True
1649,False,False,False,False,False,False,False,False
1650,False,False,False,False,False,False,False,True
1651,False,False,False,False,True,True,True,True
1652,False,False,False,False,False,False,False,False
1653,False,False,False,False,True,True,True,True
1654,True,True,True,True,True,True,True,True
1655,False,False,False,False,False,True,True,True
1656,False,False,False,False,False,False,False,False
1657,False,False,False,False,False,False,False,False
1658,False,False,False,False,False,False,False,False
1659,False,False,False,False,False,False,False,False
1660,False,False,False,False,False,False,False,False
1661,False,False,False,False,False,True,True,True
1662,False,False,False,False,False,False,False,True
1663,False,False,False,False,False,False,False,False
1664,False,False,False,False,False,False,True,True
1665,False,False,False,False,False,False,False,True
1666,False,False,False,True,True,True,True,True
1667,False,False,False,False,False,True,True,True
1668,False,False,False,False,False,False,False,False
1669,False,False,False,False,False,False,False,False
1670,True,True,True,True,True,True,True,True
1671,False,False,False,False,False,False,False,False
1672,False,False,False,False,False,True,True,True
1673,False,False,False,False,False,False,False,False
1674,False,False,False,False,False,False,False,True
1675,False,False,False,False,False,False,True,True
1676,False,False,False,False,False,True,True,True
1677,False,False,False,False,False,False,False,False
1678,False,False,False,False,False,False,False,False
1679,False,False,False,False,False,False,False,True
1680,False,False,False,False,False,False,False,False
1681,False,False,False,False,False,False,False,True
1682,False,False,False,False,False,False,False,True
1683,False,False,False,False,False,False,False,False
1684,False,False,False,False,False,False,False,True
1685,False,False,False,False,False,True,True,True
1686,False,False,False,False,False,False,False,True
1687,False,False,False,False,False,False,False,True
1688,False,False,False,False,False,False,True,True
1689,False,False,False,False,True,True,True,True
1690,False,False,False,False,False,False,False,True
1691,False,False,False,False,False,False,False,True
1692,False,False,False,False,False,False,False,False
1693,False,False,False,False,False,False,False,True
1694,False,False,False,False,False,False,False,False
1695,False,False,False,False,False,False,False,False
1696,False,False,False,False,False,True,True,True
1697,False,False,False,True,True,True,True,True
1698,False,False,False,False,False,False,False,False
1699,False,False,False,False,False,True,True,True
1700,False,False,False,False,False,True,True,True
1701,False,False,False,False,False,False,False,False
1702,False,False,False,False,False,False,False,True
1703,False,False,False,True,True,True,True,True
1704,False,False,False,False,False,False,False,True
1705,False,False,False,False,False,True,True,True
1706,False,False,False,False,False,False,False,False
1707,False,False,False,False,False,False,False,True
1708,False,False,True,True,True,True,True,True
1709,False,False,False,False,False,False,False,False
1710,False,False,False,False,False,False,False,True
1711,False,False,False,False,False,True,True,True
1712,False,False,False,False,False,False,False,False
1713,False,False,False,False,False,True,True,True
1714,False,False,False,False,False,False,False,False
1715,False,False,False,False,False,False,False,False
1716,False,False,False,False,True,True,True,True
1717,False,False,False,False,False,False,False,False
1718,False,False,False,False,False,False,True,True
1719,False,False,False,False,False,False,False,False
1720,False,False,False,False,False,False,False,True
1721,False,False,False,False,False,False,False,False
1722,False,False,True,True,True,True,True,True
1723,False,False,False,True,True,True,True,True
1724,False,False,False,False,False,False,False,True
1725,False,False,False,False,False,False,False,True
1726,False,False,False,False,False,True,True,True
1727,False,False,False,False,False,False,False,True
1728,False,False,False,False,False,False,False,False
1729,False,False,False,False,False,True,True,True
1730,False,False,False,False,False,False,False,False
1731,False,False,False,False,False,False,False,False
1732,False,False,False,False,False,False,True,True
1733,False,False,False,False,False,False,False,False
1734,False,False,False,True,True,True,True,True
1735,False,False,False,False,False,False,False,True
1736,False,False,False,False,False,False,False,True
1737,False,False,False,False,False,False,True,True
1738,False,False,False,False,False,False,False,False
1739,False,False,False,False,False,False,True,True
1740,False,False,False,False,False,False,False,True
1741,False,False,False,False,False,False,False,True
1742,False,False,False,False,False,False,False,False
1743,False,False,False,False,False,False,False,False
1744,False,False,False,False,False,False,False,False
1745,False,False,False,False,False,False,False,False
1746,False,False,False,False,False,False,False,False
1747,False,False,True,True,True,True,True,True
1748,False,False,False,False,False,False,False,False
1749,False,False,False,False,False,False,False,True
1750,False,False,False,False,False,False,False,True
1751,False,False,False,False,False,False,False,False
1752,False,False,False,False,False,False,False,True
1753,False,False,False,False,False,True,True,True
1754,False,False,False,False,False,False,False,True
1755,False,False,False,False,False,False,False,False
1756,False,False,False,False,False,False,False,True
1757,False,False,False,False,False,False,False,False
1758,False,False,False,False,False,False,False,False
1759,False,False,False,False,False,False,True,True
1760,False,False,False,False,False,False,False,True
1761,False,False,False,False,False,False,False,False
1762,False,False,False,False,False,False,False,False
1763,False,False,False,False,False,False,True,True
1764,False,False,False,False,False,False,True,True
1765,False,False,False,False,False,False,False,False
1766,False,False,False,False,False,False,True,True
1767,False,False,False,False,True,True,True,True
1768,False,False,False,False,False,False,False,False
1769,False,False,False,False,False,False,False,False
1770,False,False,False,False,False,False,False,False
1771,False,False,False,False,True,True,True,True
1772,False,False,False,False,True,True,True,True
1773,False,False,False,False,False,False,False,True
1774,False,False,False,False,False,False,False,False
1775,False,False,False,False,False,False,False,False
1776,False,False,False,False,False,False,False,True
1777,False,False,False,False,False,False,False,True
1778,False,False,False,False,False,False,False,False
1779,False,False,False,False,False,False,True,True
1780,False,False,False,False,False,False,False,False
1781,False,False,False,False,False,False,False,True
1782,False,False,False,False,False,False,False,False
1783,False,False,False,False,False,False,False,True
1784,False,False,False,False,False,False,False,True
1785,False,False,False,False,False,False,True,True
1786,False,False,False,False,False,False,False,False
1787,False,False,False,False,False,False,True,True
1788,False,False,False,False,True,True,True,True
1789,False,False,False,False,False,True,True,True
1790,False,False,False,False,False,False,True,True
1791,False,False,False,False,False,False,False,False
1792,False,True,True,True,True,True,True,True
1793,False,False,False,False,False,False,False,True
1794,False,False,False,False,False,False,False,True
1795,False,False,False,False,True,True,True,True
1796,False,False,False,False,False,False,False,True
1797,False,False,False,False,False,False,False,True
1798,False,False,False,False,True,True,True,True
1799,False,False,False,False,False,False,False,True
1800,False,False,False,False,False,True,True,True
1801,False,False,False,False,False,False,False,True
1802,False,False,False,False,False,False,False,False
1803,False,False,False,False,False,False,False,True
1804,False,False,False,False,False,False,False,True
1805,False,False,False,False,False,False,False,False
1806,False,False,False,False,False,True,True,True
1807,False,False,False,True,True,True,True,True
1808,False,False,False,False,False,False,True,True
1809,False,False,False,False,False,True,True,True
1810,False,False,False,False,False,False,False,False
1811,False,False,False,False,False,False,False,True
1812,False,False,False,False,False,False,False,False
1813,False,False,False,False,False,False,False,True
1814,False,False,False,True,True,True,True,True
1815,False,False,False,False,False,True,True,True
1816,False,False,False,False,False,False,False,False
1817,False,False,True,True,True,True,True,True
1818,False,False,False,False,False,False,False,True
1819,False,False,True,True,True,True,True,True
1820,False,False,False,False,False,False,False,False
1821,False,False,False,False,False,False,False,False
1822,False,False,False,False,False,False,False,True
1823,False,False,False,False,False,False,False,False
1824,False,False,False,False,False,False,False,True
1825,False,False,False,False,False,True,True,True
1826,False,False,True,True,True,True,True,True
1827,False,False,False,False,False,False,True,True
1828,False,False,False,False,False,False,False,False
1829,False,False,False,False,False,False,False,True
1830,False,False,False,False,False,False,False,False
1831,False,False,False,False,False,False,False,False
1832,False,False,False,False,False,False,False,False
1833,False,False,False,False,True,True,True,True
1834,False,False,False,False,False,True,True,True
1835,False,False,False,False,False,False,True,True
1836,False,False,False,False,False,False,False,True
1837,False,False,False,False,False,False,True,True
1838,False,False,False,False,False,False,True,True
1839,False,False,False,True,True,True,True,True
1840,False,False,False,False,False,False,False,True
1841,False,False,False,False,False,False,False,False
1842,False,False,False,False,False,False,False,True
1843,False,False,False,False,False,False,False,False
1844,False,False,False,False,False,False,True,True
1845,False,False,False,True,True,True,True,True
1846,True,True,True,True,True,True,True,True
1847,False,False,False,True,True,True,True,True
1848,True,True,True,True,True,True,True,True
1849,False,False,True,True,True,True,True,True
1850,False,False,False,False,False,False,False,True
1851,False,False,False,False,False,False,True,True
1852,False,False,False,False,False,False,False,False
1853,False,False,False,False,False,False,False,False
1854,False,False,False,False,False,False,False,True
1855,False,False,False,False,False,False,False,True
1856,False,False,False,False,False,True,True,True
1857,False,False,False,False,False,False,True,True
1858,False,False,False,False,False,False,False,True
1859,False,False,False,False,False,False,True,True
1860,False,False,False,False,False,True,True,True
1861,False,False,False,False,False,False,False,True
1862,False,False,False,False,False,False,False,False
1863,False,False,False,False,False,False,False,True
1864,False,False,False,False,False,False,False,True
1865,False,False,False,False,False,False,False,True
1866,False,False,False,False,False,False,True,True
1867,False,False,False,False,False,False,False,True
1868,False,False,False,False,False,False,False,True
1869,False,False,False,False,False,True,True,True
1870,False,False,False,False,False,False,False,False
1871,False,False,False,False,False,True,True,True
1872,False,False,False,False,False,False,False,False
1873,False,False,False,False,False,False,False,True
1874,False,False,False,False,False,False,False,False
1875,False,False,False,False,False,False,False,True
1876,False,False,False,False,False,False,False,False
1877,False,False,False,False,False,False,False,False
1878,False,False,False,False,False,True,True,True
1879,False,False,False,False,False,False,False,True
1880,False,False,False,False,False,True,True,True
1881,False,False,False,False,True,True,True,True
1882,False,False,False,False,False,False,False,False
1883,False,False,False,False,False,False,False,False
1884,False,False,False,False,False,False,False,False
1885,False,False,False,False,False,False,False,False
1886,False,False,False,False,False,False,False,False
1887,False,False,False,False,False,False,True,True
1888,False,False,False,False,False,False,False,False
1889,False,False,False,True,True,True,True,True
1890,False,False,False,False,False,False,False,False
1891,False,False,False,False,False,False,False,False
1892,False,False,False,False,False,False,True,True
1893,False,False,False,False,False,True,True,True
1894,False,False,False,False,False,False,True,True
1895,False,False,True,True,True,True,True,True
1896,False,False,False,False,False,True,True,True
1897,False,False,False,False,False,False,False,False
1898,False,False,False,False,False,True,True,True
1899,False,False,False,False,False,False,True,True
1900,False,False,False,False,False,False,False,False
1901,False,False,False,False,False,False,False,True
1902,False,False,False,False,False,False,False,False
1903,False,False,False,False,False,True,True,True
1904,False,False,False,False,False,False,False,False
1905,False,False,False,False,False,False,False,False
1906,False,False,False,False,False,False,False,False
1907,False,False,False,False,False,False,True,True
1908,False,False,False,False,False,False,False,True
1909,False,False,False,False,False,False,False,False
1910,False,False,False,False,False,False,False,False
1911,False,False,False,False,False,False,False,False
1912,False,False,False,False,False,False,False,False
1913,False,False,False,False,False,False,False,False
1914,False,False,False,False,False,True,True,True
1915,False,False,False,False,False,False,True,True
1916,False,False,False,False,False,False,False,True
1917,False,False,False,False,False,False,False,False
1918,False,False,False,False,False,False,True,True
1919,False,False,False,False,False,False,False,True
1920,False,False,False,False,False,False,True,True
1921,False,False,False,False,False,False,False,False
1922,True,True,True,True,True,True,True,True
1923,False,False,False,False,False,False,False,True
1924,False,False,False,False,False,False,False,True
1925,False,False,False,False,False,False,False,True
1926,False,False,False,False,True,True,True,True
1927,False,False,False,False,False,False,False,True
1928,False,False,False,False,False,False,False,False
1929,False,False,False,False,False,False,False,False
1930,False,False,False,False,False,True,True,True
1931,False,False,False,False,False,False,False,False
1932,False,False,False,False,False,False,True,True
1933,False,False,False,False,False,False,True,True
1934,False,False,False,False,True,True,True,True
1935,False,False,False,False,False,False,False,True
1936,False,False,False,False,False,False,False,False
1937,False,False,False,False,False,False,False,True
1938,False,False,False,False,True,True,True,True
1939,False,False,False,False,False,False,False,False
1940,False,False,False,False,False,False,False,False
1941,False,False,False,False,False,False,False,False
1942,False,False,False,False,False,False,False,True
1943,False,False,False,False,False,False,False,False
1944,False,False,False,False,False,False,True,True
1945,False,False,False,False,False,True,True,True
1946,False,False,False,False,False,False,False,False
1947,False,False,False,False,False,False,False,False
1948,False,False,False,False,True,True,True,True
1949,False,False,False,False,False,False,False,False
1950,False,False,False,False,False,False,True,True
1951,True,True,True,True,True,True,True,True
1952,False,False,False,False,False,False,False,True
1953,False,False,False,False,False,False,False,True
1954,False,False,False,False,False,False,False,False
1955,False,False,False,False,False,False,False,False
1956,False,False,False,False,False,True,True,True
1957,False,False,False,False,False,False,False,False
1958,False,False,False,False,False,False,False,False
1959,False,False,False,False,False,False,True,True
1960,False,False,False,False,False,False,False,False
1961,False,False,False,False,False,False,True,True
1962,False,False,False,False,False,False,False,False
1963,False,False,False,False,False,False,False,False
1964,False,False,False,False,False,False,False,True
1965,False,False,False,False,True,True,True,True
1966,False,False,False,False,False,False,False,True
1967,False,False,False,False,False,False,False,True
1968,False,False,False,False,False,False,False,False
1969,False,False,False,False,False,True,True,True
1970,False,False,False,False,False,False,False,False
1971,False,False,False,False,False,True,True,True
1972,False,False,False,False,False,False,True,True
1973,False,False,False,False,False,True,True,True
1974,False,False,False,False,False,False,True,True
1975,False,False,True,True,True,True,True,True
1976,False,False,False,False,False,False,True,True
1977,False,False,False,False,False,False,False,False
1978,False,False,False,False,False,False,False,True
1979,False,False,False,False,False,True,True,True
1980,False,False,False,False,True,True,True,True
1981,False,False,False,False,False,False,False,False
1982,False,False,False,False,False,False,False,False
1983,False,False,False,False,False,False,False,False
1984,False,False,False,False,False,False,False,False
1985,False,False,False,False,False,False,False,True
1986,False,False,False,False,False,False,False,True
1987,False,False,False,False,False,True,True,True
1988,False,False,False,False,False,False,False,False
1989,False,False,False,False,False,False,True,True
1990,True,True,True,True,True,True,True,True
1991,False,False,False,False,True,True,True,True
1992,False,False,False,False,False,False,False,False
1993,False,False,False,False,False,True,True,True
1994,False,False,False,False,False,False,False,True
1995,False,False,False,False,False,False,True,True
1996,False,False,False,False,False,False,False,False
1997,False,False,False,False,False,False,False,True
1998,False,False,False,False,False,False,True,True
1999,False,False,False,False,False,False,False,False
2000,False,False,False,False,True,True,True,True
2001,False,False,False,False,False,False,False,False
2002,False,False,False,True,True,True,True,True
2003,False,False,False,False,False,False,False,True
2004,False,False,False,False,False,False,False,False
2005,False,False,False,False,False,False,False,False
2006,False,False,False,False,False,False,False,False
2007,True,True,True,True,True,True,True,True
2008,False,False,False,False,False,False,False,True
2009,False,False,False,False,False,False,False,True
2010,False,False,False,False,False,False,False,False
2011,False,False,False,False,False,False,False,False
2012,False,False,False,False,False,False,True,True
2013,False,False,False,False,False,False,False,True
2014,False,False,False,False,False,False,False,False
2015,False,False,False,False,False,False,False,False
2016,False,False,False,False,False,False,False,True
2017,False,False,False,False,False,True,True,True
2018,False,False,False,False,True,True,True,True
2019,False,False,False,False,False,False,False,True
2020,False,False,False,False,False,False,False,False
2021,False,False,False,False,False,False,False,False
2022,False,False,False,False,False,False,False,False
2023,False,False,False,False,False,True,True,True
2024,False,False,False,False,False,False,False,True
2025,False,False,False,False,False,False,False,False
2026,False,False,False,False,False,False,False,False
2027,False,False,False,False,False,False,False,True
2028,False,False,False,False,False,False,True,True
2029,False,False,False,False,False,False,False,False
2030,False,False,False,False,False,True,True,True
2031,False,False,False,False,False,False,False,True
2032,True,True,True,True,True,True,True,True
2033,False,False,False,False,False,False,False,True
2034,False,False,False,False,False,True,True,True
2035,False,False,False,False,False,False,True,True
2036,False,False,False,False,False,False,False,False
2037,False,False,False,False,False,False,False,True
2038,False,False,False,False,False,False,False,False
2039,False,False,False,False,False,True,True,True
2040,False,False,False,False,False,False,False,True
2041,False,False,False,False,True,True,True,True
2042,False,False,False,False,False,False,True,True
2043,False,False,False,False,False,False,False,True
2044,False,False,False,False,False,False,False,False
2045,False,False,False,False,False,True,True,True
2046,False,False,False,True,True,True,True,True
2047,False,False,False,False,False,False,False,False
2048,False,False,False,False,False,True,True,True
2049,False,False,False,False,False,False,False,False
2050,False,False,False,False,False,False,False,True
2051,False,False,False,False,False,False,True,True
2052,False,False,False,True,True,True,True,True
2053,False,False,False,False,False,False,True,True
2054,False,False,False,False,False,False,False,False
2055,False,False,False,False,False,True,True,True
2056,False,False,False,True,True,True,True,True
2057,False,False,False,False,True,True,True,True
2058,False,False,True,True,True,True,True,True
2059,False,False,False,False,False,False,False,True
2060,False,False,False,False,False,False,False,False
2061,False,False,False,False,False,False,False,False
2062,False,False,False,False,False,False,False,True
2063,False,False,False,False,False,False,False,False
2064,False,False,False,False,False,False,False,True
2065,False,False,False,False,False,False,False,False
2066,False,False,False,False,False,False,False,False
2067,False,False,False,False,False,False,False,False
2068,False,False,False,False,False,False,False,True
2069,False,False,False,False,False,False,False,True
2070,False,False,False,False,False,False,False,True
2071,False,False,False,False,False,False,False,True
2072,False,False,False,False,False,False,True,True
2073,False,False,False,False,False,False,False,False
2074,False,False,False,False,False,False,True,True
2075,False,False,False,False,False,False,False,False
2076,False,False,False,False,False,False,False,True
2077,False,False,False,False,False,False,False,False
2078,False,False,False,False,False,False,False,True
2079,False,False,False,False,True,True,True,True
2080,False,False,False,False,True,True,True,True
2081,False,False,False,False,False,False,False,False
2082,False,False,False,False,False,False,True,True
2083,False,False,False,False,False,False,False,True
2084,False,False,False,False,False,False,False,False
2085,False,False,False,False,False,False,True,True
2086,False,False,False,False,False,False,False,False
2087,False,False,False,False,False,False,False,True
2088,False,False,False,False,False,False,False,True
2089,False,False,False,False,False,True,True,True
2090,False,False,False,False,False,True,True,True
2091,False,False,False,False,False,False,False,False
2092,False,False,False,False,False,False,False,True
2093,False,False,False,False,False,False,False,False
2094,False,False,False,False,False,False,False,True
2095,False,False,False,False,False,False,False,True
2096,False,False,False,False,False,False,False,True
2097,False,False,False,False,False,False,True,True
2098,False,False,False,False,False,False,False,False
2099,False,False,False,False,False,False,False,True
2100,False,False,False,False,False,False,False,True
2101,False,False,False,False,False,False,False,True
2102,False,False,False,False,False,False,False,True
2103,False,False,False,False,False,False,False,True
2104,False,False,False,False,False,False,False,False
2105,False,False,False,False,False,False,False,True
2106,False,False,False,False,False,False,True,True
2107,False,False,False,False,False,False,False,False
2108,False,False,False,True,True,True,True,True
2109,False,False,False,False,False,False,False,True
2110,False,False,False,False,False,False,True,True
2111,False,False,False,False,False,False,False,False
2112,False,False,False,False,True,True,True,True
2113,False,False,False,False,False,False,False,False
2114,False,False,False,False,False,False,False,True
2115,False,False,False,False,False,False,False,True
2116,False,False,False,False,True,True,True,True
2117,False,False,False,False,False,False,True,True
2118,False,False,False,False,False,False,False,False
2119,False,False,False,False,False,False,False,True
2120,False,False,False,False,False,False,False,False
2121,False,False,False,False,False,False,False,False
2122,False,False,False,False,False,False,False,False
2123,False,False,False,False,False,False,False,False
2124,False,False,False,False,False,False,False,False
2125,False,False,False,False,False,False,True,True
2126,False,False,False,False,True,True,True,True
2127,False,False,False,False,False,False,True,True
2128,False,False,False,False,False,False,False,False
2129,False,False,False,False,False,True,True,True
2130,False,True,True,True,True,True,True,True
2131,False,False,False,False,False,False,False,False
2132,False,False,False,False,False,False,False,False
2133,False,False,False,False,False,False,False,False
2134,False,False,False,False,False,False,True,True
2135,False,False,False,False,False,False,False,False
2136,False,False,False,False,False,False,False,True
2137,False,False,False,False,False,False,False,False
2138,False,False,False,False,False,False,False,False
2139,False,False,False,False,False,False,False,True
2140,False,False,False,False,False,False,False,True
2141,False,False,False,False,False,True,True,True
2142,False,False,False,False,True,True,True,True
2143,False,False,False,False,False,False,False,False
2144,False,False,False,False,False,False,False,False
2145,False,False,False,False,False,False,False,True
2146,False,False,False,False,False,False,False,True
2147,False,False,False,False,False,False,False,False
2148,False,False,False,False,False,False,True,True
2149,False,False,False,False,False,False,False,True
2150,False,False,False,False,False,False,True,True
2151,False,False,False,False,False,False,True,True
2152,False,False,False,False,False,True,True,True
2153,False,False,False,False,False,False,False,True
2154,False,False,False,False,False,False,False,False
2155,False,False,False,False,False,False,False,True
2156,False,False,True,True,True,True,True,True
2157,False,False,False,False,True,True,True,True
2158,False,False,True,True,True,True,True,True
2159,False,False,False,False,False,False,False,True
2160,False,False,False,False,False,False,True,True
2161,False,False,False,False,False,False,False,True
2162,False,False,False,False,False,False,False,True
2163,True,True,True,True,True,True,True,True
2164,False,False,False,False,False,False,False,True
2165,False,False,False,False,False,False,False,True
2166,False,False,False,False,False,False,False,False
2167,False,False,False,False,False,True,True,True
2168,False,False,False,False,False,False,False,True
2169,True,True,True,True,True,True,True,True
2170,False,False,False,False,False,True,True,True
2171,False,False,False,False,False,False,True,True
2172,False,False,False,False,False,False,True,True
2173,False,False,False,False,False,False,False,False
2174,False,False,False,True,True,True,True,True
2175,False,False,False,False,False,False,False,True
2176,False,False,True,True,True,True,True,True
2177,False,False,False,False,False,False,True,True
2178,False,False,False,False,False,False,False,False
2179,False,False,False,False,False,False,False,True
2180,False,False,False,False,False,False,True,True
2181,False,False,False,False,True,True,True,True
2182,False,False,False,False,False,False,False,False
2183,False,False,False,False,False,False,False,False
2184,False,False,False,False,False,True,True,True
2185,False,False,False,False,False,False,False,False
2186,True,True,True,True,True,True,True,True
2187,False,False,False,False,True,True,True,True
2188,False,False,False,False,False,False,False,True
2189,False,False,False,False,False,False,False,True
2190,False,False,False,False,False,False,False,False
2191,False,False,False,False,False,False,False,True
2192,False,False,False,False,False,False,False,False
2193,False,False,False,False,False,False,False,False
2194,False,False,False,False,False,False,False,False
2195,False,False,False,False,False,False,False,False
2196,False,False,False,False,True,True,True,True
2197,False,False,False,False,False,False,False,True
2198,False,False,False,False,False,False,False,False
2199,False,False,False,False,False,False,False,True
2200,False,False,False,False,False,False,False,False
2201,False,False,False,False,False,False,False,False
2202,False,False,False,False,False,False,True,True
2203,False,False,False,False,False,False,True,True
2204,False,False,False,False,False,False,False,False
2205,False,False,False,False,True,True,True,True
2206,False,False,False,False,False,False,False,True
2207,False,False,False,False,False,False,False,False
2208,False,False,False,False,True,True,True,True
2209,False,False,False,False,False,False,False,True
2210,False,False,False,False,False,False,False,True
2211,False,False,True,True,True,True,True,True
2212,False,False,False,False,False,False,False,False
2213,False,False,False,False,False,False,True,True
2214,False,True,True,True,True,True,True,True
2215,False,False,False,False,False,False,False,True
2216,False,False,False,False,False,False,False,True
2217,False,False,False,False,False,True,True,True
2218,False,False,False,False,False,False,False,False
2219,False,False,False,False,False,False,False,True
2220,False,False,False,False,False,False,False,True
2221,False,False,False,False,False,False,False,True
2222,False,False,False,False,False,False,True,True
2223,False,False,False,False,False,False,True,True
2224,False,False,True,True,True,True,True,True
2225,False,False,False,False,True,True,True,True
2226,False,False,False,False,False,False,False,False
2227,False,False,False,False,False,True,True,True
2228,False,False,False,False,False,False,True,True
2229,False,False,False,False,True,True,True,True
2230,False,False,False,False,False,False,False,True
2231,False,False,False,False,False,False,False,False
2232,False,False,False,False,False,False,False,True
2233,False,False,False,False,False,False,False,False
2234,False,False,False,False,False,False,False,True
2235,False,False,False,False,False,False,True,True
2236,False,False,False,False,False,False,False,False
2237,False,False,False,False,False,True,True,True
2238,False,False,True,True,True,True,True,True
2239,False,False,False,False,False,False,True,True
2240,False,False,False,False,False,False,True,True
2241,False,True,True,True,True,True,True,True
2242,False,False,False,False,False,False,False,False
2243,False,False,False,False,False,False,False,False
2244,False,False,False,False,False,False,True,True
2245,False,False,False,False,False,False,False,True
2246,False,False,False,False,False,False,False,False
2247,False,False,False,False,False,True,True,True
2248,False,False,False,False,False,False,False,True
2249,False,False,False,False,False,False,True,True
2250,False,False,False,False,False,False,False,False
2251,False,False,False,False,False,False,True,True
2252,False,False,False,False,False,False,False,False
2253,False,False,False,False,False,False,False,True
2254,False,False,False,False,False,False,False,True
2255,False,False,False,False,True,True,True,True
2256,False,False,False,False,False,True,True,True
2257,False,False,False,False,False,True,True,True
2258,False,False,False,False,False,False,False,False
2259,False,False,False,False,False,False,False,False
2260,False,False,False,False,False,False,False,False
2261,False,False,False,False,False,False,False,False
2262,False,False,False,False,False,False,False,True
2263,False,False,False,False,False,False,False,True
2264,False,False,False,False,False,False,False,False
2265,False,False,False,False,False,False,False,False
2266,False,False,False,False,False,False,False,True
2267,False,False,False,False,False,False,False,True
2268,False,False,False,False,False,False,False,True
2269,False,False,False,False,False,False,False,False
2270,False,False,False,False,False,False,True,True
2271,False,False,False,False,False,False,False,True
2272,True,True,True,True,True,True,True,True
2273,False,False,False,False,False,False,False,True
2274,False,False,False,False,False,False,False,True
2275,False,False,False,False,True,True,True,True
2276,False,False,False,False,False,False,False,False
2277,False,False,True,True,True,True,True,True
2278,False,False,False,False,False,False,True,True
2279,False,False,False,False,False,False,False,True
2280,False,False,False,False,True,True,True,True
2281,False,False,False,False,False,False,False,True
2282,False,False,False,False,False,False,False,False
2283,False,False,False,False,False,False,False,True
2284,False,False,False,False,False,False,False,False
2285,False,False,False,False,False,False,False,True
2286,False,False,False,False,False,False,False,False
2287,False,False,False,False,False,True,True,True
2288,False,False,False,False,False,False,False,False
2289,False,False,False,False,False,False,False,False
2290,False,False,False,False,False,False,False,False
2291,False,False,False,False,False,False,False,True
2292,False,False,False,False,False,False,False,True
2293,False,False,False,False,False,True,True,True
2294,False,False,False,False,False,False,False,False
2295,False,False,False,False,False,False,False,False
2296,False,False,False,False,False,False,False,False
2297,False,False,False,False,False,False,True,True
2298,False,False,False,False,False,False,False,True
2299,False,False,False,False,False,False,True,True
2300,False,False,False,False,False,False,False,True
2301,False,False,False,False,False,False,False,True
2302,False,False,False,False,False,True,True,True
2303,False,False,False,False,False,False,False,False
2304,False,False,False,False,False,True,True,True
2305,False,False,False,False,False,False,False,True
2306,False,False,False,False,False,False,False,True
2307,False,False,False,False,False,False,False,True
2308,False,False,False,False,False,False,False,False
2309,False,False,False,False,False,False,False,False
2310,False,False,False,False,False,False,False,False
2311,False,False,False,False,True,True,True,True
2312,False,False,False,False,False,False,False,True
2313,False,False,False,False,False,False,False,False
2314,False,False,False,False,False,False,False,False
2315,False,False,False,False,False,True,True,True
2316,False,False,False,False,False,False,True,True
2317,False,False,False,False,False,False,False,False
2318,False,False,False,False,False,False,False,True
2319,False,False,False,False,False,True,True,True
2320,False,False,False,False,True,True,True,True
2321,False,False,False,False,False,False,False,False
2322,False,False,False,False,False,False,False,False
2323,False,False,False,True,True,True,True,True
2324,False,False,False,False,False,True,True,True
2325,False,False,False,True,True,True,True,True
2326,False,False,False,False,False,False,False,False
2327,False,False,False,False,False,False,False,False
2328,False,False,False,False,False,False,False,True
2329,False,False,False,False,False,False,False,False
2330,False,False,False,False,False,False,False,False
2331,False,False,False,False,False,False,False,False
2332,False,False,False,False,False,False,False,False
2333,False,False,False,True,True,True,True,True
2334,False,False,False,False,False,False,False,True
2335,False,False,False,False,True,True,True,True
2336,False,False,False,False,False,False,False,True
2337,False,False,False,False,False,False,True,True
2338,False,False,False,False,False,False,True,True
2339,False,False,False,False,False,False,False,False
2340,False,False,False,False,False,False,False,False
2341,False,False,False,False,False,False,False,True
2342,False,False,False,False,False,False,False,False
2343,False,False,False,False,False,False,False,False
2344,False,False,False,False,False,True,True,True
2345,False,False,False,False,False,False,False,False
2346,False,False,False,False,False,False,False,False
2347,False,False,False,False,False,False,False,True
2348,False,False,False,False,False,False,True,True
2349,False,False,False,False,False,False,False,True
2350,False,False,False,False,False,False,True,True
2351,False,False,False,False,False,False,True,True
2352,False,False,True,True,True,True,True,True
2353,False,False,False,False,False,False,False,True
2354,False,False,False,False,False,False,False,False
2355,False,False,False,False,False,False,True,True
2356,False,False,False,False,False,False,False,True
2357,False,False,False,False,True,True,True,True
2358,False,False,False,False,False,False,False,False
2359,False,False,False,False,False,False,False,False
2360,False,False,False,False,False,False,True,True
2361,False,False,False,False,False,False,False,True
2362,False,False,False,False,False,False,True,True
2363,False,False,False,False,False,False,False,True
2364,False,False,False,False,False,False,False,False
2365,False,False,False,False,False,False,False,False
2366,False,False,False,False,False,False,False,False
2367,False,False,False,False,False,False,False,False
2368,False,False,False,False,False,False,False,True
2369,False,False,False,True,True,True,True,True
2370,False,False,False,False,False,False,False,True
2371,False,False,False,False,False,False,False,True
2372,False,False,False,False,False,False,False,False
2373,False,False,False,False,False,False,False,True
2374,False,False,False,False,True,True,True,True
2375,False,False,False,False,False,False,True,True
2376,False,False,False,False,False,False,False,False
2377,False,False,False,False,False,True,True,True
2378,False,False,False,False,False,False,True,True
2379,False,False,False,False,False,False,False,True
2380,False,False,False,False,False,False,False,True
2381,False,False,False,False,False,False,False,False
2382,False,False,False,False,False,False,False,True
2383,False,False,False,False,False,False,True,True
2384,False,False,False,False,False,False,False,True
2385,False,False,False,False,False,False,True,True
2386,False,False,False,False,False,True,True,True
2387,False,False,False,False,False,False,True,True
2388,False,False,False,False,False,False,True,True
2389,False,False,False,False,False,False,True,True
2390,False,False,False,False,False,False,False,False
2391,False,False,False,False,False,False,False,False
2392,False,False,False,False,False,False,False,False
2393,False,False,False,False,False,False,False,True
2394,False,False,False,False,False,True,True,True
2395,False,False,False,False,False,False,False,False
2396,False,False,False,False,False,False,False,True
2397,False,False,False,False,False,False,False,False
2398,False,False,False,False,False,False,False,False
2399,False,False,False,False,False,False,False,False
2400,False,False,False,False,False,False,False,False
2401,False,False,False,False,False,False,False,True
2402,False,False,False,False,False,False,False,False
2403,False,False,False,False,False,False,False,False
2404,False,False,False,False,False,False,False,False
2405,False,False,False,False,False,False,False,False
2406,False,False,False,False,False,False,True,True
2407,False,False,False,False,False,False,False,False
2408,False,True,True,True,True,True,True,True
2409,False,False,False,False,False,False,False,False
2410,False,False,False,True,True,True,True,True
2411,False,False,False,False,True,True,True,True
2412,False,False,False,False,False,False,True,True
2413,False,False,False,False,False,False,False,False
2414,False,False,False,False,False,False,True,True
2415,False,False,False,False,False,False,True,True
2416,False,False,False,False,False,True,True,True
2417,False,False,False,False,False,False,False,True
2418,False,False,False,False,False,False,False,False
2419,False,False,False,False,False,True,True,True
2420,False,False,False,False,False,False,False,False
2421,False,True,True,True,True,True,True,True
2422,False,False,False,False,True,True,True,True
2423,False,False,False,False,False,False,True,True
2424,False,False,False,False,False,True,True,True
2425,False,False,False,False,False,False,False,False
2426,False,False,False,False,False,False,False,True
2427,False,False,False,False,False,False,False,False
2428,False,False,False,False,False,False,False,True
2429,False,False,False,False,False,True,True,True
2430,False,False,False,False,False,False,False,True
2431,False,False,False,False,False,False,True,True
2432,False,False,False,False,False,False,False,True
2433,False,False,False,False,False,False,False,True
2434,False,False,False,False,False,True,True,True
2435,False,True,True,True,True,True,True,True
2436,False,False,True,True,True,True,True,True
2437,False,False,False,False,False,False,False,True
2438,False,False,False,False,False,True,True,True
2439,False,False,False,False,False,True,True,True
2440,False,False,False,False,False,False,True,True
2441,False,False,False,False,False,False,False,False
2442,False,False,False,False,False,False,False,True
2443,False,False,False,False,False,False,False,False
2444,False,False,False,False,False,False,False,False
2445,False,False,False,False,False,False,False,True
2446,False,False,True,True,True,True,True,True
2447,False,False,False,False,False,True,True,True
2448,False,False,False,False,False,False,True,True
2449,False,False,False,False,True,True,True,True
2450,False,False,False,False,False,False,True,True
2451,False,False,False,False,False,False,True,True
2452,False,False,False,False,False,False,False,True
2453,False,False,False,False,False,False,False,False
2454,False,False,False,False,False,False,False,False
2455,False,False,False,False,False,True,True,True
2456,False,False,False,False,False,False,True,True
2457,False,False,False,False,False,False,False,True
2458,False,False,False,False,False,False,False,False
2459,False,False,False,False,False,True,True,True
2460,False,False,False,False,False,False,False,False
2461,False,False,False,False,False,False,True,True
2462,False,False,False,False,False,False,False,True
2463,False,False,False,False,False,False,False,True
2464,False,False,False,False,False,False,True,True
2465,False,False,False,False,False,False,False,False
2466,False,False,False,False,False,False,False,False
2467,False,False,False,False,False,False,False,False
2468,False,False,True,True,True,True,True,True
2469,False,False,False,False,False,False,True,True
2470,False,False,False,False,False,False,False,False
2471,False,False,False,False,False,False,False,False
2472,False,True,True,True,True,True,True,True
2473,False,False,False,False,False,True,True,True
2474,False,False,False,False,False,False,False,False
2475,False,False,False,False,False,False,False,True
2476,False,False,False,False,False,False,True,True
2477,False,False,False,False,False,False,False,True
2478,False,False,False,False,False,False,False,False
2479,False,False,False,False,False,False,False,True
2480,False,False,False,False,False,False,True,True
2481,False,False,False,False,False,False,False,True
2482,False,False,False,False,False,False,False,False
2483,False,False,False,False,False,False,False,False
2484,False,False,False,False,True,True,True,True
2485,False,False,False,False,False,False,False,False
2486,False,False,False,False,False,False,False,False
2487,False,False,False,False,False,False,False,True
2488,False,False,False,False,False,False,True,True
2489,False,False,False,False,False,False,False,False
2490,False,False,False,False,False,False,False,True
2491,False,False,False,False,False,False,False,True
2492,False,False,False,False,False,False,False,False
2493,False,False,False,False,False,False,False,False
2494,False,False,False,False,False,False,True,True
2495,False,False,False,False,False,False,True,True
2496,False,False,False,False,False,False,False,False
2497,False,False,False,False,False,False,False,False
2498,False,False,False,False,False,False,False,False
2499,False,False,False,False,False,False,False,True
2500,False,False,False,False,False,False,False,False
2501,False,False,False,False,False,False,False,False
2502,False,False,False,False,False,False,False,True
2503,False,False,False,False,False,False,True,True
2504,False,False,False,False,False,False,True,True
2505,False,False,False,False,False,False,False,False
2506,False,False,False,False,False,False,False,False
2507,False,False,False,False,False,True,True,True
2508,False,False,False,False,False,False,False,False
2509,False,False,False,False,False,True,True,True
2510,False,False,False,False,False,False,True,True
2511,False,False,False,False,False,False,False,True
2512,False,False,False,False,False,False,False,False
2513,False,False,False,False,False,False,True,True
2514,False,False,False,False,False,False,False,False
2515,False,False,False,False,False,False,False,True
2516,False,False,False,False,False,True,True,True
2517,False,False,False,False,True,True,True,True
2518,False,False,False,False,False,False,False,True
2519,False,False,False,False,False,False,True,True
2520,False,False,False,False,False,False,False,True
2521,False,False,False,False,False,False,False,False
2522,False,False,False,False,False,False,False,False
2523,False,False,False,False,False,True,True,True
2524,False,False,False,False,False,False,False,True
2525,False,False,False,False,False,True,True,True
2526,False,False,False,False,False,True,True,True
2527,False,False,False,False,False,False,False,True
2528,False,False,False,False,False,False,True,True
2529,False,False,False,False,False,False,False,False
2530,False,False,False,False,False,False,False,False
2531,False,False,False,False,False,False,True,True
2532,False,False,False,False,False,False,False,False
2533,False,False,False,False,False,False,False,False
2534,False,True,True,True,True,True,True,True
2535,True,True,True,True,True,True,True,True
2536,False,False,False,False,False,False,False,False
2537,False,False,False,False,False,False,False,True
2538,False,False,False,False,False,False,True,True
2539,False,False,False,False,False,False,False,False
2540,False,False,False,False,False,False,False,True
2541,False,False,False,False,False,False,False,True
2542,False,False,False,False,True,True,True,True
2543,False,False,False,False,False,False,False,False
2544,False,False,False,False,False,True,True,True
2545,False,False,False,False,False,False,False,False
2546,False,False,False,False,False,True,True,True
2547,False,False,False,False,False,True,True,True
2548,False,False,False,True,True,True,True,True
2549,True,True,True,True,True,True,True,True
2550,False,False,False,False,True,True,True,True
2551,False,False,False,False,False,False,False,False
2552,False,False,False,True,True,True,True,True
2553,False,False,False,False,False,False,False,True
2554,False,False,False,False,False,False,False,False
2555,False,False,False,False,False,False,False,True
2556,False,False,True,True,True,True,True,True
2557,False,False,False,False,False,False,True,True
2558,False,False,False,False,False,False,False,False
2559,False,False,False,False,False,False,False,True
2560,False,False,False,False,False,False,False,False
2561,False,False,False,False,False,False,True,True
2562,False,False,False,False,False,False,False,False
2563,False,False,False,False,False,True,True,True
2564,False,False,False,False,False,False,False,True
2565,False,False,False,False,True,True,True,True
2566,False,False,False,False,False,False,False,True
2567,False,False,False,False,False,False,False,True
2568,False,False,False,False,False,False,False,True
2569,False,False,False,False,False,False,False,False
2570,False,False,False,False,False,False,False,False
2571,False,False,False,False,False,False,False,True
2572,False,False,False,False,False,False,False,False
2573,False,False,False,False,False,False,False,False
2574,False,False,False,False,False,False,False,False
2575,False,False,False,False,False,False,False,False
2576,False,False,False,False,False,False,False,True
2577,False,False,False,False,True,True,True,True
2578,False,False,False,False,False,False,False,True
2579,False,False,False,False,False,False,True,True
2580,False,False,False,False,False,False,False,True
2581,False,False,False,False,False,True,True,True
2582,False,False,False,False,False,False,False,False
2583,False,False,False,False,False,False,False,True
2584,False,False,False,False,False,False,True,True
2585,False,False,False,False,False,True,True,True
2586,False,False,False,False,False,False,False,False
2587,False,False,False,False,False,False,False,False
2588,False,False,False,False,False,False,False,True
2589,False,False,False,False,False,False,False,False
2590,False,False,False,False,False,False,False,False
2591,False,False,False,False,False,False,False,False
2592,False,False,False,False,False,True,True,True
2593,False,False,False,False,False,False,False,False
2594,False,False,False,False,False,False,True,True
2595,False,False,False,False,False,False,False,True
2596,False,False,False,False,False,False,True,True
2597,False,False,False,False,False,False,False,False
2598,False,False,False,False,True,True,True,True
2599,False,False,False,False,False,False,True,True
2600,False,False,False,False,False,False,False,False
2601,False,False,False,False,False,False,False,False
2602,False,False,False,False,False,True,True,True
2603,False,False,False,False,False,False,False,True
2604,True,True,True,True,True,True,True,True
2605,False,False,False,False,True,True,True,True
2606,False,False,False,False,False,False,False,True
2607,False,False,False,False,False,False,False,False
2608,False,False,False,False,True,True,True,True
2609,False,False,False,False,False,False,False,False
2610,False,False,True,True,True,True,True,True
2611,False,False,False,False,False,False,False,False
2612,False,False,False,False,False,False,True,True
2613,False,False,False,False,False,False,False,False
2614,False,False,False,True,True,True,True,True
2615,False,False,False,False,False,False,False,False
2616,False,False,False,False,False,False,False,True
2617,False,False,False,False,False,False,False,True
2618,False,False,False,False,False,False,False,True
2619,False,False,False,False,False,False,False,False
2620,False,False,False,False,False,False,False,False
2621,False,False,False,False,False,False,True,True
2622,False,False,False,False,True,True,True,True
2623,False,False,False,False,False,True,True,True
2624,False,False,False,False,False,False,False,True
2625,False,True,True,True,True,True,True,True
2626,False,False,False,False,False,False,False,False
2627,False,False,False,False,False,False,False,True
2628,False,False,False,False,False,False,False,False
2629,False,False,False,False,False,True,True,True
2630,False,False,False,False,False,True,True,True
2631,False,False,False,False,False,False,False,False
2632,False,False,False,False,False,False,True,True
2633,False,False,False,False,False,False,False,True
2634,False,False,False,False,False,False,False,True
2635,False,False,False,False,False,False,False,False
2636,False,False,False,False,False,False,False,False
2637,False,False,False,False,False,False,False,False
2638,False,False,False,False,True,True,True,True
2639,False,False,False,False,False,False,False,True
2640,False,False,False,False,False,False,False,False
2641,False,False,False,False,False,False,False,False
2642,False,False,False,False,False,False,False,True
2643,False,False,False,False,False,False,False,False
2644,False,False,True,True,True,True,True,True
2645,False,False,False,False,False,False,False,False
2646,False,False,False,False,False,False,False,True
2647,False,False,False,False,False,False,False,True
2648,False,False,False,False,False,False,False,True
2649,False,False,False,False,False,False,False,True
2650,False,False,False,False,False,True,True,True
2651,False,False,False,False,False,False,False,False
2652,False,False,False,False,False,False,False,True
2653,False,False,False,False,False,True,True,True
2654,False,False,False,False,False,False,False,False
2655,False,False,False,False,False,False,False,False
2656,False,False,False,False,False,False,False,False
2657,False,False,False,False,True,True,True,True
2658,False,False,False,False,False,False,True,True
2659,False,False,False,False,False,False,False,True
2660,False,False,False,False,False,False,False,True
2661,False,False,False,False,False,True,True,True
2662,False,False,False,False,False,True,True,True
2663,False,False,False,False,False,False,False,True
2664,False,False,False,False,False,False,True,True
2665,False,False,False,False,True,True,True,True
2666,False,False,False,False,False,False,False,False
2667,False,False,False,False,False,False,False,False
2668,False,False,False,False,False,True,True,True
2669,False,False,False,False,False,False,False,False
2670,False,False,False,False,False,False,False,False
2671,False,False,False,False,False,True,True,True
2672,False,False,False,False,False,False,False,True
2673,False,False,False,False,False,False,False,False
2674,False,False,False,False,False,False,False,False
2675,False,False,False,False,False,False,False,True
2676,False,False,False,False,False,False,False,False
2677,False,False,False,False,False,False,False,False
2678,False,False,False,False,False,True,True,True
2679,False,False,False,False,False,True,True,True
2680,False,False,False,False,False,False,False,True
2681,False,False,False,False,False,True,True,True
2682,False,False,False,False,False,False,False,False
2683,False,False,False,False,False,False,False,False
2684,False,False,False,False,False,False,False,True
2685,False,False,False,False,False,False,True,True
2686,False,False,False,False,False,False,False,False
2687,False,False,False,False,False,False,False,False
2688,False,False,False,False,False,False,False,True
2689,False,False,False,False,False,False,False,True
2690,False,False,False,False,False,False,False,True
2691,False,False,False,False,False,False,False,False
2692,False,False,False,False,False,False,False,False
2693,False,False,False,False,False,False,False,False
2694,False,False,False,False,False,False,True,True
2695,False,False,False,False,False,False,False,False
2696,False,False,False,False,False,False,False,False
2697,False,False,False,False,False,False,False,False
2698,False,False,False,False,False,False,True,True
2699,False,False,False,False,False,False,False,True
2700,False,False,False,False,False,False,False,False
2701,False,False,False,False,False,False,False,True
2702,False,False,False,False,False,False,False,False
2703,False,False,False,False,False,False,False,True
2704,False,False,False,False,False,False,True,True
2705,False,False,False,False,False,False,False,False
2706,False,False,False,False,False,True,True,True
2707,False,False,False,False,False,False,False,True
2708,False,False,False,False,False,False,False,False
2709,False,False,False,False,False,False,False,False
2710,False,False,False,False,False,True,True,True
2711,False,False,False,False,False,False,False,False
2712,False,False,False,False,False,False,True,True
2713,False,False,False,False,False,False,True,True
2714,False,False,False,False,False,False,True,True
2715,False,False,False,False,False,False,True,True
2716,False,False,False,False,False,False,False,False
2717,False,False,False,False,False,False,False,False
2718,False,False,False,True,True,True,True,True
2719,False,False,False,False,False,False,False,False
2720,False,False,False,False,False,False,True,True
2721,False,False,False,False,False,True,True,True
2722,False,False,False,False,False,False,False,False
2723,False,False,False,False,False,False,False,False
2724,False,False,False,False,False,False,False,True
2725,False,False,False,False,False,False,False,False
2726,False,False,False,False,False,False,False,True
2727,False,False,False,False,True,True,True,True
2728,False,False,False,False,False,False,False,False
2729,False,False,False,False,False,False,False,True
2730,False,False,False,False,False,True,True,True
2731,False,False,False,False,False,False,False,True
2732,False,False,False,True,True,True,True,True
2733,False,False,False,False,False,False,False,False
2734,False,False,False,False,False,True,True,True
2735,False,False,False,False,False,False,True,True
2736,False,False,False,False,False,False,False,True
2737,False,False,False,False,False,False,False,True
2738,False,False,False,False,False,False,False,False
2739,False,False,False,False,False,False,False,True
2740,False,False,False,False,False,False,False,False
2741,False,False,False,False,False,False,False,True
2742,False,False,False,False,False,False,True,True
2743,False,False,False,False,False,False,False,False
2744,False,False,False,False,False,False,False,False
2745,False,False,False,False,False,False,False,False
2746,False,False,False,False,True,True,True,True
2747,False,False,True,True,True,True,True,True
2748,False,True,True,True,True,True,True,True
2749,False,False,False,False,False,False,True,True
2750,False,False,False,False,False,False,False,False
2751,False,False,False,False,False,False,False,True
2752,False,False,False,False,False,False,True,True
2753,False,False,True,True,True,True,True,True
2754,False,False,False,False,False,False,False,True
2755,False,False,False,True,True,True,True,True
2756,False,False,False,False,False,False,False,True
2757,False,False,False,False,False,False,False,False
2758,False,False,False,False,False,False,False,False
2759,False,False,False,False,False,False,False,False
2760,False,False,False,False,False,True,True,True
2761,False,False,False,False,False,False,False,False
2762,False,False,False,False,False,True,True,True
2763,False,False,False,False,False,True,True,True
2764,False,False,False,False,False,False,True,True
2765,False,False,True,True,True,True,True,True
2766,False,False,False,False,False,False,False,False
2767,False,False,False,False,False,True,True,True
2768,False,False,False,False,False,False,False,True
2769,False,False,False,False,False,False,False,False
2770,False,False,False,False,False,False,True,True
2771,False,False,False,False,False,False,True,True
2772,False,False,False,False,False,False,False,True
2773,False,False,False,False,False,False,False,False
2774,False,False,False,False,False,True,True,True
2775,False,False,False,False,False,False,True,True
2776,False,False,False,False,False,False,False,True
2777,False,False,False,True,True,True,True,True
2778,False,False,False,False,False,False,False,True
2779,False,False,False,False,False,False,True,True
2780,False,False,False,False,False,False,False,True
2781,False,False,False,False,False,False,False,True
2782,False,False,False,False,False,False,True,True
2783,False,False,False,False,False,True,True,True
2784,False,False,False,False,False,False,False,True
2785,False,False,False,False,False,False,True,True
2786,False,True,True,True,True,True,True,True
2787,False,False,False,False,False,True,True,True
2788,False,False,False,False,False,False,False,True
2789,False,False,False,False,False,False,False,False
2790,False,False,False,False,False,False,False,False
2791,False,False,False,False,False,False,False,False
2792,False,False,False,False,False,False,False,False
2793,False,False,False,False,False,False,False,False
2794,False,False,False,False,False,False,False,True
2795,False,False,False,False,False,False,True,True
2796,False,False,False,False,False,False,False,False
2797,False,False,False,False,False,False,False,True
2798,False,False,False,False,False,False,True,True
2799,False,False,False,False,False,False,False,True
2800,False,False,False,False,False,False,False,False
2801,False,False,False,False,False,False,False,False
2802,False,False,False,False,False,False,False,True
2803,True,True,True,True,True,True,True,True
2804,True,True,True,True,True,True,True,True
2805,False,False,False,False,False,False,True,True
2806,False,False,False,False,False,False,False,False
2807,False,False,False,False,False,False,False,True
2808,False,False,False,False,False,False,False,True
2809,False,False,False,False,False,False,True,True
2810,False,False,False,False,False,False,False,True
2811,False,False,False,False,False,False,False,False
2812,False,False,False,False,False,False,False,True
2813,False,False,False,False,False,True,True,True
2814,False,False,False,False,False,False,False,False
2815,False,False,False,False,False,False,True,True
2816,False,False,False,False,False,False,False,False
2817,False,False,False,False,False,False,False,True
2818,False,False,False,True,True,True,True,True
2819,False,False,False,False,False,False,False,False
2820,False,False,False,False,False,False,False,True
2821,False,False,False,False,False,False,False,True
2822,False,False,False,False,False,False,False,False
2823,False,False,False,False,True,True,True,True
2824,False,False,False,False,False,False,False,False
2825,False,False,False,False,False,True,True,True
2826,False,False,False,False,False,False,False,False
2827,False,False,False,False,False,False,True,True
2828,False,False,False,False,False,False,False,False
2829,False,False,False,False,False,True,True,True
2830,False,False,False,False,False,False,True,True
2831,False,False,True,True,True,True,True,True
2832,False,False,False,False,False,True,True,True
2833,False,False,False,False,False,False,False,False
2834,False,False,False,False,False,True,True,True
2835,False,False,False,False,False,False,False,True
2836,False,False,False,False,False,False,False,False
2837,False,False,False,False,False,False,False,True
2838,False,False,False,False,False,False,False,True
2839,False,False,False,False,True,True,True,True
2840,False,False,False,False,False,False,False,True
2841,False,False,True,True,True,True,True,True
2842,False,False,False,True,True,True,True,True
2843,False,False,False,False,False,False,False,False
2844,True,True,True,True,True,True,True,True
2845,False,False,False,False,False,False,False,False
2846,False,False,False,False,False,True,True,True
2847,False,False,False,True,True,True,True,True
2848,False,False,False,False,False,False,False,True
2849,False,False,False,False,False,False,False,False
2850,False,False,False,True,True,True,True,True
2851,False,False,False,False,False,False,False,True
2852,False,False,False,False,False,False,False,False
2853,False,False,False,False,False,False,False,False
2854,False,False,False,False,False,False,True,True
2855,False,False,False,False,False,False,True,True
2856,False,False,False,False,False,False,False,False
2857,False,False,False,False,False,False,False,True
2858,False,False,False,False,False,False,False,False
2859,False,False,False,False,False,True,True,True
2860,False,False,False,False,True,True,True,True
2861,False,False,False,False,False,False,False,False
2862,False,False,False,False,False,False,False,True
2863,False,False,False,False,True,True,True,True
2864,False,False,False,False,False,False,False,False
2865,False,False,False,False,False,False,True,True
2866,False,False,False,False,False,False,False,True
2867,False,False,False,False,False,False,True,True
2868,False,False,False,False,False,False,False,False
2869,False,False,False,False,False,True,True,True
2870,False,False,False,False,False,False,True,True
2871,False,False,False,False,False,True,True,True
2872,False,False,False,False,False,True,True,True
2873,False,False,False,False,False,False,False,False
2874,False,False,False,False,True,True,True,True
2875,False,False,True,True,True,True,True,True
2876,False,False,False,False,False,False,False,False
2877,False,False,False,False,False,False,False,False
2878,False,False,False,False,False,False,False,False
2879,False,False,False,True,True,True,True,True
2880,True,True,True,True,True,True,True,True
2881,False,False,False,False,False,False,False,False
2882,False,False,False,False,False,False,False,True
2883,False,False,False,False,False,False,False,True
2884,False,False,True,True,True,True,True,True
2885,False,False,False,False,True,True,True,True
2886,False,False,False,False,False,True,True,True
2887,False,False,False,False,False,False,False,False
2888,False,False,False,False,False,False,False,False
2889,False,False,False,False,False,False,False,False
2890,False,False,False,False,False,False,False,False
2891,False,False,False,False,False,False,False,True
2892,False,False,False,False,False,False,False,True
2893,False,False,False,False,False,False,False,False
2894,False,False,False,False,False,True,True,True
2895,False,False,False,False,False,False,False,True
2896,False,False,False,False,False,False,False,False
2897,False,False,True,True,True,True,True,True
2898,False,False,False,False,False,True,True,True
2899,False,False,False,False,False,False,False,True
2900,False,False,False,False,False,False,False,True
2901,False,False,False,False,False,False,False,False
2902,False,False,False,False,False,False,True,True
2903,False,False,False,False,False,True,True,True
2904,True,True,True,True,True,True,True,True
2905,False,False,False,False,False,False,False,False
2906,False,False,False,True,True,True,True,True
2907,False,False,False,False,False,False,False,True
2908,False,False,False,False,False,False,False,False
2909,False,False,False,False,True,True,True,True
2910,False,False,False,False,False,False,False,True
2911,False,False,False,False,False,False,True,True
2912,False,False,False,False,False,False,False,False
2913,False,False,False,False,False,False,False,False
2914,False,False,False,False,False,False,True,True
2915,False,False,False,False,False,False,False,False
2916,False,False,False,False,False,False,False,False
2917,False,False,False,False,False,False,False,True
2918,False,False,False,False,False,False,False,False
2919,False,False,False,False,False,False,True,True
2920,True,True,True,True,True,True,True,True
2921,False,False,False,False,False,False,True,True
2922,False,False,False,False,False,True,True,True
2923,False,False,False,False,False,True,True,True
2924,False,False,False,False,False,False,False,False
2925,False,False,False,False,False,False,False,False
2926,True,True,True,True,True,True,True,True
2927,False,False,False,False,False,False,False,False
2928,False,False,False,False,False,False,False,True
2929,False,False,False,False,False,False,False,True
2930,True,True,True,True,True,True,True,True
2931,False,False,False,True,True,True,True,True
2932,False,False,False,False,False,False,False,False
2933,False,False,False,False,False,False,False,True
2934,False,False,False,False,False,False,False,True
2935,False,False,False,False,False,False,False,False
2936,False,False,False,False,False,False,False,False
2937,False,False,False,False,False,False,True,True
2938,False,False,False,False,False,False,False,False
2939,False,False,False,False,False,False,False,True
2940,False,False,False,False,False,False,False,True
2941,False,False,False,False,False,False,False,False
2942,False,False,False,False,False,False,False,False
2943,False,False,False,False,False,True,True,True
2944,False,False,False,False,False,False,False,False
2945,False,False,False,False,False,False,True,True
2946,False,False,False,False,False,False,False,False
2947,False,False,False,False,False,False,False,True
2948,False,False,False,False,False,False,False,False
2949,False,False,False,False,False,False,False,True
2950,False,False,False,False,False,False,False,True
2951,False,False,False,False,False,False,False,True
2952,False,False,False,False,False,False,False,False
2953,False,False,False,False,False,False,False,False
2954,False,False,False,False,False,False,False,False
2955,False,False,False,False,False,False,False,False
2956,False,False,False,False,False,False,True,True
2957,False,False,False,False,False,False,False,False
2958,False,False,False,False,False,False,False,False
2959,False,False,True,True,True,True,True,True
2960,False,False,False,False,False,False,False,True
2961,False,False,False,False,False,False,False,False
2962,False,False,False,False,True,True,True,True
2963,False,False,False,False,False,False,True,True
2964,False,False,False,False,False,True,True,True
2965,False,False,False,False,False,True,True,True
2966,False,False,False,False,False,False,True,True
2967,False,False,False,False,False,False,False,True
2968,False,False,False,False,False,False,False,False
2969,False,False,False,False,False,False,False,False
2970,False,False,False,True,True,True,True,True
2971,False,False,False,False,False,False,False,True
2972,False,False,False,False,False,False,True,True
2973,False,False,False,False,False,True,True,True
2974,False,False,False,False,False,False,False,False
2975,False,False,False,False,False,False,False,False
2976,False,False,False,False,False,False,False,False
2977,False,False,False,False,False,False,False,False
2978,False,False,False,False,False,False,False,False
2979,False,False,False,False,False,False,False,False
2980,False,False,False,False,False,False,False,False
2981,False,False,False,False,False,False,False,False
2982,False,False,False,False,False,False,False,True
2983,False,False,False,False,False,False,True,True
2984,False,False,False,False,False,False,True,True
2985,False,False,False,True,True,True,True,True
2986,False,False,False,False,True,True,True,True
2987,False,False,False,False,False,True,True,True
2988,False,False,True,True,True,True,True,True
2989,False,False,False,False,False,False,False,True
2990,False,False,False,False,False,False,False,False
2991,False,False,False,False,False,True,True,True
2992,False,False,False,False,False,False,False,True
2993,False,False,False,False,False,True,True,True
2994,False,False,False,False,False,True,True,True
2995,False,False,False,False,False,True,True,True
2996,False,False,False,False,False,False,False,False
2997,False,False,False,False,False,False,False,True
2998,False,False,False,False,False,False,False,False
2999,False,False,True,True,True,True,True,True
3000,False,False,False,False,False,False,False,True
3001,False,False,False,False,False,False,True,True
3002,False,False,False,False,False,False,False,True
3003,False,False,True,True,True,True,True,True
3004,False,False,False,False,False,False,False,False
3005,False,False,False,False,False,False,False,True
3006,False,False,False,False,False,False,False,False
3007,False,False,False,False,False,False,False,True
3008,False,False,False,False,False,False,False,False
3009,False,False,False,False,False,True,True,True
3010,False,False,False,False,False,True,True,True
3011,False,False,False,False,True,True,True,True
3012,False,False,False,False,False,False,False,True
3013,True,True,True,True,True,True,True,True
3014,False,False,False,False,True,True,True,True
3015,False,False,False,False,False,False,False,False
3016,False,True,True,True,True,True,True,True
3017,False,False,False,False,False,True,True,True
3018,False,False,False,False,False,False,False,True
3019,False,False,False,False,False,False,True,True
3020,False,False,False,False,True,True,True,True
3021,False,False,False,False,False,False,False,False
3022,False,False,False,False,False,False,True,True
3023,False,False,False,False,False,False,False,True
3024,False,False,False,False,False,False,True,True
3025,False,False,False,False,False,False,False,False
3026,False,False,False,False,False,False,False,False
3027,False,False,False,False,False,False,False,True
3028,False,False,False,False,False,False,True,True
3029,False,False,False,False,False,False,True,True
3030,False,False,False,False,False,False,False,False
3031,False,False,False,False,True,True,True,True
3032,False,False,False,False,False,False,False,True
3033,False,False,False,True,True,True,True,True
3034,False,False,False,False,True,True,True,True
3035,False,False,False,False,False,False,False,False
3036,False,False,False,False,False,False,False,False
3037,False,False,False,False,False,False,False,False
3038,False,False,False,False,False,False,False,False
3039,False,False,False,False,False,False,False,False
3040,False,False,False,False,False,False,False,True
3041,False,False,False,False,False,True,True,True
3042,False,False,False,False,False,False,False,False
3043,False,False,False,False,False,False,True,True
3044,False,False,False,False,False,False,True,True
3045,False,False,False,False,False,True,True,True
3046,False,False,False,False,False,False,False,False
3047,False,False,False,False,False,False,False,True
3048,False,False,False,False,False,False,False,True
3049,False,False,False,False,False,False,True,True
3050,False,False,False,False,False,False,False,True
3051,False,False,False,False,False,False,False,True
3052,False,False,False,False,False,True,True,True
3053,False,False,False,False,False,False,False,True
3054,False,False,False,False,False,False,False,False
3055,False,False,False,False,False,True,True,True
3056,False,False,False,False,False,False,False,False
3057,False,True,True,True,True,True,True,True
3058,False,False,False,False,False,False,True,True
3059,False,False,False,False,False,False,False,True
3060,False,False,False,False,False,False,False,False
3061,False,False,False,False,False,False,False,False
3062,False,False,False,False,False,False,False,False
3063,False,False,False,False,False,False,False,True
3064,False,False,False,False,False,False,False,False
3065,False,False,False,False,False,False,False,False
3066,False,False,False,False,False,False,True,True
3067,False,False,False,False,False,False,False,True
3068,False,False,False,False,False,False,False,False
3069,False,False,False,False,False,False,False,True
3070,False,False,False,False,False,False,False,False
3071,False,False,False,False,False,False,True,True
3072,False,False,False,False,False,False,True,True
3073,False,False,False,False,False,False,False,False
3074,False,False,False,False,False,False,False,True
3075,False,False,False,False,False,False,False,False
3076,False,False,False,False,False,False,True,True
3077,False,False,False,False,False,False,False,False
3078,False,False,False,True,True,True,True,True
3079,False,False,False,False,False,False,False,False
3080,False,False,False,False,False,False,False,False
3081,False,False,False,False,False,False,True,True
3082,False,False,False,False,False,False,False,False
3083,False,False,False,False,False,False,False,False
3084,False,False,False,False,False,False,False,False
3085,False,False,False,False,False,True,True,True
3086,False,False,False,False,False,True,True,True
3087,False,False,False,False,False,False,False,True
3088,False,False,False,False,False,False,False,True
3089,False,False,False,False,False,False,False,False
3090,False,False,False,False,True,True,True,True
3091,False,False,False,False,False,False,True,True
3092,False,False,False,True,True,True,True,True
3093,False,False,False,False,False,False,True,True
3094,False,False,False,False,False,False,False,False
3095,False,False,False,False,False,False,False,True
3096,False,False,False,False,False,False,False,True
3097,False,False,False,False,False,False,False,True
3098,False,False,False,False,False,False,False,True
3099,False,False,False,False,False,False,True,True
3100,False,False,False,False,False,False,True,True
3101,False,False,False,False,False,False,True,True
3102,False,False,False,False,False,False,False,False
3103,False,False,False,False,False,False,False,False
3104,False,False,False,False,False,False,False,True
3105,False,False,False,False,False,False,False,False
3106,False,False,False,False,False,False,False,False
3107,False,False,False,False,False,False,False,True
3108,False,False,False,True,True,True,True,True
3109,False,False,False,False,False,False,False,True
3110,False,False,False,False,False,False,False,False
3111,False,False,False,False,False,False,False,False
3112,False,False,False,False,False,False,False,False
3113,False,False,False,False,False,False,True,True
3114,False,False,False,False,False,False,True,True
3115,False,False,False,False,False,False,False,False
3116,False,False,False,False,False,False,False,True
3117,False,False,False,False,False,False,True,True
3118,False,False,False,False,False,False,False,True
3119,False,False,False,False,False,True,True,True
3120,False,False,False,False,False,False,False,True
3121,False,False,False,False,False,False,False,False
3122,False,False,False,False,False,False,False,False
3123,False,False,False,False,False,False,False,False
3124,False,False,False,False,False,False,False,False
3125,False,False,False,False,False,False,False,False
3126,False,False,False,False,False,False,False,False
3127,False,False,False,False,False,False,False,False
3128,False,False,False,False,False,False,False,False
3129,False,False,False,False,False,False,False,False
3130,False,False,False,False,False,False,False,True
3131,False,False,False,True,True,True,True,True
3132,False,False,False,False,False,False,False,True
3133,False,False,False,False,False,False,False,True
3134,False,False,False,False,False,False,False,False
3135,False,False,False,False,False,False,False,False
3136,False,False,False,False,False,False,False,False
3137,False,False,False,False,False,False,False,True
3138,False,False,False,False,False,False,False,False
3139,False,False,False,False,False,False,False,True
3140,False,False,False,False,False,False,True,True
3141,False,False,False,False,False,False,False,True
3142,False,False,False,False,False,False,False,False
3143,False,False,False,False,False,False,False,True
3144,False,False,False,False,False,False,False,False
3145,False,False,False,False,False,False,False,False
3146,False,False,False,False,False,False,False,False
3147,False,False,False,False,True,True,True,True
3148,False,False,False,False,False,False,False,False
3149,False,False,False,False,False,True,True,True
3150,False,False,False,False,True,True,True,True
3151,False,False,False,False,False,False,False,True
3152,False,False,False,False,False,False,False,False
3153,False,False,False,False,False,False,True,True
3154,False,False,False,False,False,False,True,True
3155,False,False,False,False,False,False,False,True
3156,False,False,False,True,True,True,True,True
3157,False,False,False,False,False,False,False,False
3158,False,False,False,False,False,False,True,True
3159,False,False,False,False,False,False,False,True
3160,False,False,False,False,False,False,False,True
3161,False,False,False,False,False,True,True,True
3162,False,False,False,False,False,False,False,True
3163,False,False,False,False,False,True,True,True
3164,False,False,False,False,False,False,False,True
3165,False,False,False,True,True,True,True,True
3166,False,False,False,False,False,False,True,True
3167,False,False,False,False,True,True,True,True
3168,False,False,False,False,False,False,True,True
3169,False,False,False,False,False,False,False,False
3170,False,False,False,False,False,False,False,False
3171,False,False,False,False,False,False,False,True
3172,False,False,False,False,False,False,False,True
3173,False,False,False,False,False,False,False,False
3174,False,False,False,False,False,False,False,False
3175,False,False,False,False,True,True,True,True
3176,False,False,False,False,False,False,False,True
3177,False,False,False,False,False,False,False,True
3178,False,False,False,False,False,False,False,False
3179,False,False,False,False,False,False,False,False
3180,False,False,False,False,False,False,True,True
3181,False,False,False,False,False,False,False,True
3182,False,False,False,False,False,False,False,False
3183,False,False,False,False,False,False,False,True
3184,False,False,False,False,False,False,True,True
3185,False,False,False,False,False,False,False,False
3186,False,False,False,False,False,True,True,True
3187,False,False,False,False,False,False,False,False
3188,False,False,False,False,False,False,True,True
3189,False,False,False,False,False,False,False,True
3190,False,False,False,False,False,False,False,True
3191,False,False,False,False,False,False,False,False
3192,False,False,False,False,False,False,True,True
3193,False,False,False,False,False,False,False,False
3194,False,False,False,False,False,False,False,True
3195,False,False,False,False,False,True,True,True
3196,False,False,False,True,True,True,True,True
3197,False,False,False,False,False,False,False,False
3198,False,False,False,False,False,False,False,False
3199,False,False,False,False,False,True,True,True
3200,False,False,False,False,False,False,False,False
3201,False,False,False,False,False,True,True,True
3202,False,False,False,False,False,False,False,True
3203,False,False,False,False,False,False,False,True
3204,False,False,False,False,False,False,False,True
3205,False,False,False,False,False,False,False,False
3206,False,False,False,False,False,False,False,True
3207,False,False,False,False,False,True,True,True
3208,False,False,False,False,False,False,False,True
3209,False,False,False,False,False,False,False,False
3210,False,False,False,False,False,False,False,False
3211,False,False,False,False,False,False,True,True
3212,False,False,False,False,False,False,False,True
3213,False,False,False,False,False,False,False,False
3214,False,False,False,False,True,True,True,True
3215,False,False,False,False,False,True,True,True
3216,False,False,False,False,False,False,True,True
3217,False,False,False,False,False,False,False,True
3218,False,False,False,False,False,True,True,True
3219,False,False,False,False,False,False,False,False
3220,False,False,False,False,False,False,False,False
3221,False,False,False,False,True,True,True,True
3222,False,False,False,False,False,False,False,True
3223,False,False,False,False,False,True,True,True
3224,False,False,False,False,False,False,False,False
3225,False,False,False,False,False,False,False,False
3226,False,False,False,False,False,False,False,False
3227,False,False,False,False,False,False,False,True
3228,False,False,False,False,False,False,True,True
3229,False,False,False,False,False,False,False,True
3230,False,False,False,False,False,False,False,False
3231,False,False,False,False,False,False,False,False
3232,False,False,False,False,False,False,False,False
3233,False,False,False,False,False,False,False,False
3234,False,False,True,True,True,True,True,True
3235,False,False,False,False,False,False,False,False
3236,False,False,False,False,False,False,False,False
3237,False,False,False,False,False,False,False,True
3238,False,False,False,False,False,False,True,True
3239,False,False,False,False,False,False,False,False
3240,False,False,False,False,False,False,False,False
3241,False,False,False,False,False,False,False,False
3242,False,False,False,False,False,False,False,True
3243,False,False,False,False,False,False,False,False
3244,False,False,False,False,False,False,False,False
3245,False,False,False,False,False,False,False,False
3246,False,False,False,False,True,True,True,True
3247,False,False,False,False,False,False,False,True
3248,False,False,False,False,False,False,False,False
3249,False,False,False,False,False,False,False,False
3250,False,False,False,False,False,False,False,False
3251,False,False,False,False,False,False,False,True
3252,False,False,False,False,False,False,False,True
3253,False,False,False,False,False,True,True,True
3254,False,False,False,False,False,False,False,False
3255,False,False,False,False,True,True,True,True
3256,False,False,False,False,False,True,True,True
3257,False,False,False,False,False,False,False,True
3258,False,False,False,False,False,False,False,True
3259,False,False,False,False,False,False,False,False
3260,False,False,False,False,False,False,False,True
3261,False,False,False,False,False,False,False,False
3262,False,False,False,True,True,True,True,True
3263,False,False,True,True,True,True,True,True
3264,False,False,False,False,False,False,False,True
3265,False,False,False,True,True,True,True,True
3266,False,False,False,False,False,True,True,True
3267,False,False,False,False,False,False,True,True
3268,False,False,False,False,False,False,False,False
3269,False,False,False,False,False,False,False,False
3270,False,False,False,False,False,False,False,False
3271,False,False,False,False,True,True,True,True
3272,False,False,False,False,False,False,False,False
3273,False,False,False,False,False,True,True,True
3274,False,False,False,False,False,False,False,True
3275,True,True,True,True,True,True,True,True
3276,False,False,False,False,False,False,False,False
3277,False,False,False,False,False,False,True,True
3278,False,False,False,False,False,False,False,False
3279,False,False,False,False,False,False,True,True
3280,False,False,False,False,False,False,True,True
3281,False,False,False,False,False,False,False,False
3282,False,False,False,False,False,False,False,False
3283,False,False,False,False,False,False,False,True
3284,False,False,False,False,False,False,False,True
3285,False,False,False,False,False,False,False,False
3286,False,False,False,False,False,False,False,True
3287,False,False,False,False,False,False,False,True
3288,False,False,False,False,False,False,False,False
3289,False,False,False,False,False,False,False,True
3290,False,False,False,False,False,False,False,True
3291,False,False,False,False,False,False,False,True
3292,False,False,False,False,False,False,False,False
3293,False,False,False,False,True,True,True,True
3294,False,False,False,False,False,False,False,False
3295,False,False,False,False,False,False,True,True
3296,False,False,False,False,False,True,True,True
3297,False,False,False,False,False,False,False,False
3298,False,False,False,False,False,False,False,True
3299,False,False,True,True,True,True,True,True
3300,False,False,False,False,False,False,False,False
3301,False,False,False,False,False,False,False,True
3302,False,False,False,False,False,False,True,True
3303,False,False,False,False,False,False,False,True
3304,False,False,False,False,False,False,False,True
3305,False,False,False,False,False,False,False,True
3306,False,False,False,False,False,False,False,True
3307,False,False,False,False,False,False,False,False
3308,False,False,False,False,False,False,False,False
3309,False,False,False,False,False,False,True,True
3310,False,False,False,False,False,False,False,False
3311,False,False,False,False,True,True,True,True
3312,False,False,False,False,False,False,False,False
3313,False,False,False,False,False,True,True,True
3314,False,False,False,True,True,True,True,True
3315,False,False,False,False,False,False,False,False
3316,False,False,False,False,False,False,False,False
3317,False,False,False,False,False,False,False,False
3318,False,False,False,False,False,False,True,True
3319,False,False,False,False,False,False,False,False
3320,False,False,False,True,True,True,True,True
3321,False,False,False,False,False,False,False,False
3322,False,False,False,False,False,False,False,False
3323,False,False,False,False,True,True,True,True
3324,False,False,False,False,False,False,True,True
3325,False,False,False,False,False,False,False,True
3326,False,False,False,False,False,False,False,False
3327,False,False,False,False,False,False,False,False
3328,False,False,False,False,False,False,False,True
3329,False,False,False,False,False,False,False,False
3330,False,False,False,False,False,False,False,True
3331,False,False,False,False,False,False,False,True
3332,False,False,False,False,False,True,True,True
3333,False,False,False,False,False,False,False,False
3334,False,False,False,False,False,False,False,False
3335,False,False,False,False,False,False,False,True
3336,False,False,False,False,False,False,False,True
3337,False,False,False,False,False,False,False,False
3338,False,False,False,False,False,False,True,True
3339,False,False,False,False,False,False,False,False
3340,False,False,False,False,False,False,False,False
3341,False,False,False,False,False,True,True,True
3342,False,False,False,False,False,False,False,True
3343,False,False,False,False,False,False,False,False
3344,False,False,False,False,False,False,False,True
3345,False,False,False,False,False,False,True,True
3346,False,False,False,False,False,True,True,True
3347,False,False,False,False,False,False,False,False
3348,False,False,False,False,False,False,False,False
3349,False,False,False,False,False,False,False,True
3350,False,False,False,False,False,False,False,True
3351,False,False,False,False,True,True,True,True
3352,False,False,True,True,True,True,True,True
3353,False,False,False,False,False,False,True,True
3354,False,False,False,False,False,False,False,False
3355,False,True,True,True,True,True,True,True
3356,False,False,False,False,False,False,False,False
3357,False,False,False,False,False,False,False,False
3358,False,False,False,False,False,False,False,False
3359,False,False,False,False,False,False,False,False
3360,False,False,False,False,False,False,False,True
3361,False,False,False,False,False,False,False,True
3362,False,False,False,False,False,False,False,True
3363,False,True,True,True,True,True,True,True
3364,False,False,True,True,True,True,True,True
3365,False,False,False,False,True,True,True,True
3366,False,False,False,False,False,True,True,True
3367,False,False,False,False,False,False,False,False
3368,False,False,False,False,False,False,False,True
3369,False,False,False,False,False,False,False,False
3370,False,False,False,False,False,False,False,True
3371,False,False,False,False,False,False,False,False
3372,False,False,False,False,False,False,True,True
3373,False,False,False,False,False,False,False,False
3374,False,False,False,False,False,False,False,True
3375,False,False,False,False,False,False,False,False
3376,False,False,False,False,False,False,False,True
3377,False,False,True,True,True,True,True,True
3378,False,False,False,False,False,False,True,True
3379,False,False,False,False,False,False,False,True
3380,False,False,False,False,False,False,False,False
3381,False,False,False,False,False,False,False,True
3382,False,False,False,False,False,False,True,True
3383,False,False,True,True,True,True,True,True
3384,False,False,False,False,False,False,False,True
3385,False,True,True,True,True,True,True,True
3386,False,False,False,False,False,False,False,False
3387,False,False,False,False,False,False,False,False
3388,False,False,False,False,False,False,False,False
3389,False,False,False,False,False,True,True,True
3390,False,False,False,False,False,False,False,False
3391,False,False,False,False,False,False,False,True
3392,False,False,True,True,True,True,True,True
3393,False,False,False,False,False,False,False,True
3394,False,False,False,False,False,False,True,True
3395,False,False,False,False,False,True,True,True
3396,False,False,False,False,False,False,False,False
3397,False,False,False,False,False,False,False,False
3398,False,False,False,False,False,False,False,False
3399,False,False,False,False,False,False,False,True
3400,False,False,False,False,False,False,True,True
3401,False,False,False,False,True,True,True,True
3402,False,False,False,False,True,True,True,True
3403,False,False,False,False,False,False,True,True
3404,False,False,False,False,False,False,False,True
3405,False,False,False,False,False,False,True,True
3406,False,False,False,False,False,False,False,False
3407,False,False,False,False,False,False,False,False
3408,False,False,False,False,False,False,False,True
3409,False,False,False,False,False,False,False,False
3410,False,False,False,False,False,False,False,True
3411,False,False,False,False,False,False,False,False
3412,False,False,False,False,False,False,False,True
3413,False,False,False,False,False,False,False,False
3414,False,False,False,True,True,True,True,True
3415,False,False,False,False,True,True,True,True
3416,False,False,False,False,False,False,False,True
3417,False,False,False,False,False,False,True,True
3418,False,False,False,False,False,False,False,True
3419,False,False,False,False,False,False,False,True
3420,False,False,False,False,False,False,False,False
3421,False,False,False,False,False,False,False,True
3422,False,False,False,False,False,False,True,True
3423,False,False,False,False,False,False,False,True
3424,False,False,False,False,False,False,False,True
3425,False,False,False,False,False,False,False,False
3426,False,False,False,False,False,False,False,False
3427,False,False,False,False,False,False,False,True
3428,False,False,False,False,False,False,True,True
3429,False,False,False,False,False,False,False,True
3430,False,False,False,False,False,False,False,False
3431,False,False,True,True,True,True,True,True
3432,False,False,False,False,True,True,True,True
3433,False,False,False,False,False,True,True,True
3434,False,False,False,False,False,True,True,True
3435,False,False,False,False,False,False,True,True
3436,False,False,False,False,False,False,False,True
3437,False,False,False,False,True,True,True,True
3438,False,False,False,False,False,False,True,True
3439,False,False,False,False,False,False,False,True
3440,False,False,False,False,False,False,True,True
3441,False,False,False,False,True,True,True,True
3442,False,False,False,True,True,True,True,True
3443,False,False,False,False,False,False,False,False
3444,False,False,False,False,False,False,False,False
3445,False,False,False,False,False,False,False,False
3446,False,False,False,False,False,False,False,False
3447,False,False,False,False,False,False,False,False
3448,False,False,False,False,False,True,True,True
3449,False,False,False,False,False,False,True,True
3450,False,False,False,False,True,True,True,True
3451,False,False,False,False,True,True,True,True
3452,False,False,False,False,False,False,False,True
3453,False,False,False,False,False,False,False,False
3454,False,False,False,False,False,False,False,False
3455,False,False,False,False,False,False,True,True
3456,False,False,False,False,False,False,False,True
3457,False,False,False,False,False,False,True,True
3458,False,False,False,False,False,False,False,False
3459,False,True,True,True,True,True,True,True
3460,False,False,False,False,False,False,False,False
3461,False,False,False,False,False,False,True,True
3462,False,False,False,False,False,False,True,True
3463,False,False,False,False,False,False,True,True
3464,False,False,False,True,True,True,True,True
3465,False,False,False,False,False,False,True,True
3466,False,False,False,False,False,False,False,True
3467,False,False,False,False,False,False,False,False
3468,False,False,False,False,False,False,False,False
3469,False,False,False,False,False,True,True,True
3470,False,False,False,False,False,False,True,True
3471,False,False,False,False,True,True,True,True
3472,False,False,False,False,False,False,False,False
3473,False,False,False,False,False,False,False,False
3474,False,False,False,False,False,False,False,False
3475,False,False,True,True,True,True,True,True
3476,False,False,False,False,False,False,False,False
3477,False,False,False,False,False,False,False,True
3478,False,False,False,False,False,False,True,True
3479,False,False,False,False,False,False,False,False
3480,False,False,False,False,False,False,False,False
3481,False,False,False,False,False,False,False,False
3482,True,True,True,True,True,True,True,True
3483,False,False,False,True,True,True,True,True
3484,False,False,False,False,False,False,False,True
3485,False,False,False,False,False,False,False,False
3486,False,False,False,False,True,True,True,True
3487,False,False,False,False,False,False,False,False
3488,False,False,False,False,False,False,False,False
3489,False,False,False,False,False,False,False,False
3490,False,False,False,False,False,False,False,False
3491,False,False,False,False,True,True,True,True
3492,False,False,False,False,False,False,True,True
3493,False,False,False,False,True,True,True,True
3494,False,False,False,False,False,False,False,False
3495,False,False,False,False,True,True,True,True
3496,False,False,False,False,False,False,False,True
3497,False,False,False,True,True,True,True,True
3498,False,False,False,False,False,False,False,False
3499,False,False,False,False,False,False,False,False
3500,False,False,False,False,False,False,False,False
3501,False,False,False,False,False,False,False,True
3502,False,False,False,False,True,True,True,True
3503,False,False,False,False,False,False,False,True
3504,False,False,False,False,False,False,False,True
3505,False,False,False,False,False,False,False,False
3506,False,False,False,False,False,False,False,False
3507,False,False,False,False,False,False,False,False
3508,False,False,False,False,False,False,False,False
3509,False,False,False,False,False,False,False,True
3510,False,False,False,True,True,True,True,True
3511,False,False,False,False,False,False,False,True
3512,False,False,False,False,False,False,False,False
3513,False,False,False,False,False,False,True,True
3514,False,False,False,False,False,False,False,True
3515,False,False,False,False,False,False,False,True
3516,False,False,False,False,False,False,False,False
3517,False,False,False,False,False,False,True,True
3518,False,False,False,False,True,True,True,True
3519,False,False,False,False,False,False,True,True
3520,False,False,False,False,False,False,False,True
3521,False,False,False,False,False,False,False,True
3522,False,False,False,False,False,False,False,False
3523,False,False,False,False,False,False,False,False
3524,False,False,False,False,False,False,False,False
3525,False,False,False,False,False,False,False,False
3526,False,False,False,False,False,False,False,True
3527,False,False,False,False,False,False,False,False
3528,False,False,False,False,False,True,True,True
3529,False,False,False,False,False,True,True,True
3530,False,False,False,False,False,False,False,False
3531,False,False,False,False,False,True,True,True
3532,False,False,False,False,False,False,False,True
3533,False,False,False,False,False,False,False,True
3534,False,False,False,False,False,False,False,False
3535,False,False,False,False,False,False,False,True
3536,False,False,False,False,False,False,False,False
3537,False,False,False,False,False,False,False,True
3538,False,False,False,False,False,False,False,True
3539,False,False,False,False,False,False,False,False
3540,False,False,False,False,False,True,True,True
3541,False,False,False,False,False,True,True,True
3542,False,False,False,False,False,False,False,False
3543,False,True,True,True,True,True,True,True
3544,False,False,False,False,False,False,False,False
3545,False,False,False,False,False,True,True,True
3546,False,False,False,False,False,True,True,True
3547,False,False,False,False,False,False,False,False
3548,False,False,False,False,False,False,True,True
3549,False,False,False,False,False,False,True,True
3550,False,False,False,False,False,False,False,False
3551,False,False,False,False,False,False,True,True
3552,False,False,False,False,False,False,False,True
3553,False,False,False,False,False,False,True,True
3554,False,False,False,False,False,False,False,False
3555,False,False,False,False,False,False,False,True
3556,False,False,False,False,False,False,False,False
3557,False,False,False,False,False,False,False,True
3558,False,False,False,False,False,False,False,False
3559,False,False,False,False,False,False,False,True
3560,False,False,False,False,False,False,False,False
3561,False,False,False,False,False,False,False,False
3562,False,False,False,False,False,True,True,True
3563,False,False,False,False,True,True,True,True
3564,False,False,False,False,False,True,True,True
3565,False,False,False,False,False,False,False,False
3566,False,False,False,False,False,False,False,False
3567,False,False,False,False,False,False,False,False
3568,False,False,False,False,False,False,True,True
3569,False,False,False,False,False,False,False,True
3570,False,False,False,False,True,True,True,True
3571,False,False,False,False,False,False,False,False
3572,False,False,False,False,False,True,True,True
3573,False,False,False,False,False,True,True,True
3574,False,False,False,False,False,True,True,True
3575,False,False,False,False,False,False,False,True
3576,False,False,False,False,False,False,False,False
3577,False,False,False,False,False,False,False,False
3578,False,False,False,False,False,False,True,True
3579,False,False,False,False,False,False,False,True
3580,False,False,False,False,False,False,False,False
3581,False,False,False,False,False,False,False,False
3582,False,False,False,False,False,False,True,True
3583,False,False,False,False,False,False,False,True
3584,False,False,False,False,False,False,False,False
3585,False,False,False,False,False,False,False,False
3586,False,False,False,False,False,True,True,True
3587,False,True,True,True,True,True,True,True
3588,False,False,False,False,False,True,True,True
3589,False,False,False,False,False,False,False,False
3590,False,False,False,False,False,False,True,True
3591,False,False,False,False,False,True,True,True
3592,True,True,True,True,True,True,True,True
3593,False,False,False,False,False,False,False,True
3594,False,False,False,False,False,False,False,True
3595,False,False,False,False,False,False,False,False
3596,False,False,False,False,False,False,False,False
3597,False,False,False,False,False,False,False,True
3598,False,False,False,False,False,False,False,False
3599,False,False,False,False,False,False,False,False
3600,False,False,False,False,False,False,False,False
3601,False,False,False,False,True,True,True,True
3602,False,False,False,False,False,False,False,False
3603,False,False,False,False,False,True,True,True
3604,False,False,False,False,False,False,False,False
3605,False,False,True,True,True,True,True,True
3606,True,True,True,True,True,True,True,True
3607,False,False,False,False,False,False,True,True
3608,False,False,False,False,False,False,True,True
3609,False,False,False,True,True,True,True,True
3610,False,False,False,False,False,False,False,True
3611,False,False,False,False,False,False,False,False
3612,False,False,False,False,False,True,True,True
3613,False,False,False,True,True,True,True,True
3614,False,False,False,False,False,False,False,False
3615,False,False,False,False,False,True,True,True
3616,False,False,True,True,True,True,True,True
3617,False,False,False,False,False,False,True,True
3618,False,False,False,False,False,False,False,True
3619,False,False,False,False,False,False,False,False
3620,False,False,False,False,True,True,True,True
3621,False,False,False,False,False,True,True,True
3622,False,False,False,False,False,False,False,False
3623,False,False,False,False,True,True,True,True
3624,False,False,False,False,False,False,False,True
3625,False,False,False,False,False,True,True,True
3626,False,False,False,False,False,False,False,False
3627,False,False,False,False,False,False,False,False
3628,False,False,False,False,False,False,False,True
3629,False,False,False,False,False,False,False,True
3630,False,False,False,False,False,False,False,False
3631,False,False,False,False,True,True,True,True
3632,False,False,False,False,False,False,False,False
3633,False,False,False,False,False,False,True,True
3634,False,False,False,False,False,False,True,True
3635,False,False,False,False,False,False,True,True
3636,False,False,False,False,False,False,True,True
3637,False,False,False,False,False,False,False,True
3638,False,False,False,False,False,False,False,False
3639,False,False,False,False,False,False,False,True
3640,False,False,False,False,True,True,True,True
3641,False,False,False,False,False,False,False,False
3642,False,False,False,False,False,False,False,False
3643,False,False,False,False,False,True,True,True
3644,False,False,False,False,False,False,False,False
3645,False,False,False,False,False,False,True,True
3646,False,False,False,False,False,False,False,False
3647,False,False,False,False,False,False,False,False
3648,False,False,False,False,False,False,True,True
3649,False,False,False,False,False,True,True,True
3650,False,False,False,False,False,False,False,False
3651,False,False,False,False,False,False,False,True
3652,False,False,False,False,False,False,True,True
3653,False,False,False,False,True,True,True,True
3654,False,False,False,True,True,True,True,True
3655,False,False,False,False,False,False,True,True
3656,False,False,False,False,False,False,False,False
3657,False,False,False,False,False,False,False,False
3658,False,False,False,False,False,False,False,False
3659,False,False,False,False,False,False,False,False
3660,False,False,False,False,False,False,True,True
3661,False,False,False,False,False,False,False,False
3662,False,False,False,False,False,True,True,True
3663,False,False,False,False,False,False,False,False
3664,False,False,False,False,False,False,False,True
3665,False,False,False,False,False,False,True,True
3666,False,False,False,False,False,False,True,True
3667,False,False,False,False,False,False,False,True
3668,False,False,False,False,False,False,False,True
3669,False,False,False,False,False,False,True,True
3670,False,False,False,False,False,False,False,False
3671,False,False,False,False,False,False,False,False
3672,False,False,False,False,True,True,True,True
3673,False,False,False,False,False,False,False,False
3674,False,False,False,False,False,True,True,True
3675,False,False,False,False,False,False,False,False
3676,False,False,False,False,False,False,True,True
3677,False,False,False,False,False,False,False,False
3678,False,False,False,False,False,False,False,False
3679,False,False,False,False,False,False,False,True
3680,False,False,False,False,False,True,True,True
3681,False,False,False,False,False,False,False,False
3682,False,False,False,False,False,True,True,True
3683,False,False,False,False,False,False,False,True
3684,False,False,False,False,False,True,True,True
3685,False,False,False,False,False,False,False,False
3686,False,False,False,False,False,False,False,False
3687,False,False,False,False,False,False,False,False
3688,False,False,False,False,False,False,False,False
3689,False,False,False,False,False,False,False,True
3690,False,False,False,False,False,False,False,True
3691,False,False,False,False,False,False,True,True
3692,False,False,False,False,False,False,False,False
3693,False,False,False,False,False,False,False,True
3694,True,True,True,True,True,True,True,True
3695,False,False,False,False,False,False,False,False
3696,False,False,False,False,False,False,False,True
3697,False,False,False,False,False,False,False,True
3698,False,False,False,False,False,False,False,True
3699,False,False,False,False,False,False,False,False
3700,False,False,False,False,False,False,False,True
3701,False,False,False,False,False,True,True,True
3702,False,False,False,False,False,False,False,False
3703,False,False,False,False,False,False,False,True
3704,False,False,False,False,False,False,True,True
3705,False,False,False,False,False,False,False,False
3706,False,False,False,False,False,False,False,False
3707,False,False,False,False,False,False,False,True
3708,False,False,False,False,False,False,True,True
3709,False,False,True,True,True,True,True,True
3710,False,False,False,False,False,True,True,True
3711,False,False,False,False,False,False,False,False
3712,False,False,False,False,False,False,False,True
3713,False,False,False,False,False,False,False,False
3714,False,False,False,False,False,False,False,False
3715,False,False,False,False,False,False,True,True
3716,False,False,True,True,True,True,True,True
3717,False,False,False,False,False,False,True,True
3718,False,False,False,False,False,False,False,True
3719,False,False,False,False,False,False,True,True
3720,False,False,False,False,False,False,False,False
3721,False,False,False,False,False,False,False,False
3722,False,True,True,True,True,True,True,True
3723,False,False,False,False,False,True,True,True
3724,False,False,False,False,False,False,False,False
3725,False,False,False,False,False,False,False,True
3726,False,False,False,False,False,False,True,True
3727,False,False,False,False,False,False,True,True
3728,False,False,False,False,False,False,False,False
3729,False,False,False,False,False,False,False,False
3730,False,False,False,False,False,False,True,True
3731,False,False,False,True,True,True,True,True
3732,False,False,False,False,False,False,True,True
3733,False,False,False,False,False,False,False,True
3734,False,False,False,False,False,False,False,False
3735,False,False,False,False,False,False,False,False
3736,False,False,False,False,False,False,False,True
3737,False,False,False,False,False,False,True,True
3738,False,False,False,False,False,False,False,True
3739,False,False,False,False,False,False,False,False
3740,False,False,False,False,False,False,True,True
3741,False,False,False,False,False,False,False,True
3742,False,False,False,False,False,False,True,True
3743,False,False,False,False,False,False,False,True
3744,False,False,False,False,False,True,True,True
3745,False,False,False,True,True,True,True,True
3746,False,False,False,False,False,False,False,False
3747,False,False,False,False,False,False,False,False
3748,False,False,False,False,False,False,True,True
3749,False,True,True,True,True,True,True,True
3750,False,False,False,False,False,False,False,False
3751,False,False,False,False,False,False,True,True
3752,False,False,False,False,False,False,False,False
3753,False,False,False,False,False,False,False,True
3754,False,False,False,False,False,False,False,False
3755,False,False,False,False,False,False,False,False
3756,False,False,False,False,False,True,True,True
3757,False,False,False,False,False,False,False,False
3758,False,False,False,False,False,False,False,False
3759,False,False,False,False,False,False,False,False
3760,False,False,False,False,False,False,False,False
3761,False,False,False,True,True,True,True,True
3762,False,False,False,False,False,True,True,True
3763,False,False,False,False,False,False,False,True
3764,False,False,False,False,True,True,True,True
3765,False,False,False,False,False,False,True,True
3766,False,False,False,False,False,False,False,False
3767,False,False,False,True,True,True,True,True
3768,False,False,False,True,True,True,True,True
3769,False,False,False,False,False,False,False,True
3770,False,False,False,False,False,False,True,True
3771,False,False,False,False,False,True,True,True
3772,False,False,False,False,False,False,True,True
3773,False,False,False,True,True,True,True,True
3774,False,False,False,False,False,False,False,False
3775,False,False,False,False,False,False,False,False
3776,False,False,False,False,True,True,True,True
3777,False,False,False,False,False,True,True,True
3778,False,False,False,False,False,True,True,True
3779,False,False,False,False,False,False,False,True
3780,True,True,True,True,True,True,True,True
3781,False,False,False,False,False,False,False,True
3782,False,False,False,False,False,False,False,True
3783,False,False,False,False,False,True,True,True
3784,False,False,False,False,False,False,False,True
3785,False,False,False,False,False,False,True,True
3786,False,False,False,False,False,True,True,True
3787,False,False,False,False,False,False,False,True
3788,False,False,False,False,False,False,False,False
3789,False,False,False,False,False,False,True,True
3790,False,False,False,False,False,False,False,False
3791,False,False,False,False,False,False,False,False
3792,False,False,False,False,False,False,False,False
3793,False,False,False,False,False,False,False,False
3794,False,False,False,False,False,False,False,True
3795,False,False,False,False,False,False,False,False
3796,False,False,False,False,False,False,False,False
3797,False,False,False,False,False,False,True,True
3798,False,False,False,False,False,False,False,False
3799,False,False,False,False,False,False,False,True
3800,False,False,False,False,False,False,True,True
3801,False,False,False,False,False,False,False,False
3802,False,False,False,False,False,False,False,True
3803,False,False,False,False,False,False,False,False
3804,False,False,False,False,False,False,False,False
3805,False,False,False,False,False,False,True,True
3806,False,False,False,False,False,False,False,False
3807,False,False,False,False,False,False,False,True
3808,False,False,False,True,True,True,True,True
3809,False,False,False,False,False,False,False,True
3810,False,False,False,False,False,False,False,False
3811,False,False,False,True,True,True,True,True
3812,False,False,False,False,False,False,False,False
3813,False,False,False,False,False,False,False,True
3814,False,False,False,True,True,True,True,True
3815,False,False,False,False,False,False,False,True
3816,False,False,False,False,False,False,False,True
3817,False,False,False,False,False,False,True,True
3818,False,False,False,False,False,False,False,True
3819,False,False,False,False,False,False,False,True
3820,False,False,False,False,False,False,False,False
3821,True,True,True,True,True,True,True,True
3822,False,False,False,False,False,False,False,False
3823,False,False,False,False,False,False,False,False
3824,False,False,False,False,False,False,False,True
3825,True,True,True,True,True,True,True,True
3826,False,False,False,False,False,False,False,False
3827,False,False,False,False,False,False,False,False
3828,False,False,False,False,False,False,True,True
3829,False,False,False,False,False,False,False,False
3830,False,False,False,False,False,False,False,False
3831,False,False,False,False,False,False,True,True
3832,False,False,False,False,False,False,False,False
3833,False,False,False,False,False,False,True,True
3834,False,False,False,False,False,False,False,True
3835,False,False,False,False,False,False,False,True
3836,False,False,False,False,False,False,True,True
3837,False,False,False,False,False,False,False,False
3838,False,False,False,False,False,False,False,False
3839,False,False,False,False,True,True,True,True
3840,False,False,False,False,False,False,False,False
3841,False,False,False,False,True,True,True,True
3842,False,False,False,False,False,False,False,False
3843,False,False,False,False,False,False,False,False
3844,False,False,False,False,False,False,False,False
3845,False,False,False,False,False,False,False,False
3846,False,False,False,False,False,False,True,True
3847,False,False,False,False,False,False,False,True
3848,False,False,False,False,False,False,False,False
3849,False,False,False,False,False,False,True,True
3850,False,False,True,True,True,True,True,True
3851,False,False,False,False,False,False,False,False
3852,False,False,False,False,False,False,False,False
3853,False,False,False,False,False,True,True,True
3854,False,False,False,False,False,False,False,False
3855,False,False,False,False,True,True,True,True
3856,False,False,False,False,False,True,True,True
3857,False,False,False,False,False,False,False,False
3858,False,False,False,False,False,False,False,False
3859,False,False,False,False,False,False,True,True
3860,False,False,False,False,False,False,False,True
3861,False,False,False,False,False,False,False,True
3862,False,False,False,False,False,True,True,True
3863,False,False,False,True,True,True,True,True
3864,False,False,False,False,False,False,True,True
3865,False,False,False,False,False,False,False,False
3866,False,False,False,False,False,False,False,True
3867,False,False,False,False,False,False,False,True
3868,False,False,False,False,False,False,True,True
3869,False,False,False,False,False,False,False,True
3870,False,False,False,False,False,False,False,True
3871,False,False,False,False,False,True,True,True
3872,False,False,False,False,False,False,False,True
3873,False,False,False,False,False,False,False,True
3874,False,False,False,False,False,False,True,True
3875,False,False,False,False,False,False,False,False
3876,False,False,False,False,False,False,False,False
3877,False,False,False,False,False,False,True,True
3878,False,False,False,False,False,False,True,True
3879,False,False,False,False,False,False,False,True
3880,False,False,False,False,False,False,False,True
3881,False,False,False,False,False,False,False,False
3882,False,False,False,False,False,True,True,True
3883,False,False,False,False,False,False,False,False
3884,False,False,False,False,False,False,False,True
3885,False,False,False,False,False,True,True,True
3886,False,False,False,False,False,False,False,False
3887,False,False,False,False,False,False,False,True
3888,False,False,False,False,False,False,True,True
3889,False,False,False,False,False,False,False,True
3890,False,False,False,False,False,False,False,False
3891,False,False,False,False,False,False,False,False
3892,False,False,False,False,False,False,True,True
3893,False,False,False,False,False,False,False,False
3894,False,False,False,False,False,False,False,True
3895,False,False,False,True,True,True,True,True
3896,True,True,True,True,True,True,True,True
3897,False,False,False,False,False,False,False,False
3898,False,False,False,False,False,False,True,True
3899,False,False,False,False,False,False,True,True
3900,False,False,False,False,False,False,False,True
3901,False,False,False,False,False,False,False,True
3902,False,False,False,False,False,False,True,True
3903,False,False,False,False,False,False,False,True
3904,False,False,False,False,False,False,True,True
3905,False,False,False,False,False,False,False,False
3906,False,False,False,False,False,False,False,False
3907,False,False,False,False,False,True,True,True
3908,False,False,False,False,False,False,False,True
3909,False,False,False,False,False,False,False,False
3910,False,False,True,True,True,True,True,True
3911,False,False,False,True,True,True,True,True
3912,False,False,False,False,False,False,False,False
3913,False,False,False,False,False,False,False,False
3914,False,False,False,True,True,True,True,True
3915,False,False,True,True,True,True,True,True
3916,False,False,False,False,False,False,False,True
3917,False,False,False,False,False,False,False,False
3918,False,False,False,False,False,True,True,True
3919,False,False,False,False,False,False,False,False
3920,False,False,False,False,False,False,False,True
3921,False,False,False,False,False,False,False,False
3922,False,False,False,False,False,False,False,True
3923,False,False,False,False,False,False,False,False
3924,False,False,False,False,False,False,False,False
3925,False,False,False,False,False,False,False,True
3926,False,False,False,False,False,False,False,False
3927,False,False,False,False,False,True,True,True
3928,False,False,False,False,False,False,True,True
3929,False,False,False,False,False,False,False,False
3930,False,False,False,False,False,False,True,True
3931,False,False,False,False,False,False,False,True
3932,False,False,False,False,False,True,True,True
3933,False,False,False,False,False,False,False,False
3934,False,False,False,False,False,False,True,True
3935,False,False,False,False,False,False,True,True
3936,False,False,False,False,False,False,False,True
3937,False,False,False,False,False,False,False,False
3938,False,False,False,False,False,False,False,False
3939,False,False,False,False,False,False,False,True
3940,False,False,False,False,False,False,False,True
3941,False,False,False,False,False,False,False,False
3942,False,False,False,False,False,False,False,False
3943,False,True,True,True,True,True,True,True
3944,False,False,False,False,False,False,True,True
3945,True,True,True,True,True,True,True,True
3946,False,False,False,False,False,False,False,False
3947,False,False,False,False,False,False,False,False
3948,False,False,False,False,False,False,False,False
3949,False,False,False,False,False,False,True,True
3950,False,False,False,False,False,False,False,False
3951,False,False,False,False,False,False,False,False
3952,False,False,False,False,False,False,False,False
3953,False,False,False,False,False,False,False,False
3954,False,False,False,False,False,True,True,True
3955,False,False,False,False,False,True,True,True
3956,False,False,False,False,False,False,False,False
3957,False,False,False,False,False,False,False,False
3958,False,False,False,True,True,True,True,True
3959,False,False,False,False,False,False,False,True
3960,False,False,False,False,False,True,True,True
3961,False,False,False,False,False,False,False,False
3962,False,False,False,False,False,False,True,True
3963,False,False,False,False,False,False,False,False
3964,False,False,False,False,False,True,True,True
3965,False,False,False,False,False,False,False,False
3966,False,False,False,False,False,False,False,True
3967,False,False,False,False,False,False,False,True
3968,False,False,False,False,False,False,True,True
3969,False,False,False,False,False,False,False,False
3970,False,False,False,False,False,False,False,False
3971,False,False,False,False,False,False,False,False
3972,False,False,False,False,False,False,False,True
3973,True,True,True,True,True,True,True,True
3974,False,False,False,False,False,False,False,True
3975,False,False,False,False,False,False,False,True
3976,False,False,False,False,False,False,True,True
3977,False,True,True,True,True,True,True,True
3978,False,False,False,False,False,True,True,True
3979,False,False,False,False,False,False,True,True
3980,False,False,False,False,False,False,False,True
3981,True,True,True,True,True,True,True,True
3982,False,False,False,False,False,False,False,False
3983,False,False,False,False,False,False,False,True
3984,False,False,False,False,False,False,False,True
3985,False,False,False,False,False,True,True,True
3986,False,False,False,False,False,False,False,True
3987,False,False,False,False,True,True,True,True
3988,False,False,False,False,False,False,False,False
3989,False,False,False,False,False,False,True,True
3990,False,False,False,False,False,True,True,True
3991,False,False,False,False,False,False,False,True
3992,False,False,False,False,True,True,True,True
3993,False,False,False,False,False,False,False,False
3994,False,False,False,False,False,True,True,True
3995,False,False,False,False,False,False,True,True
3996,True,True,True,True,True,True,True,True
3997,False,False,False,False,False,False,False,True
3998,False,False,False,False,False,False,True,True
3999,False,False,False,False,False,False,False,True
4000,False,False,False,False,False,False,False,False
4001,False,False,False,False,False,False,True,True
4002,False,False,False,False,False,False,False,True
4003,False,False,False,False,False,False,False,True
4004,False,False,False,False,False,False,False,False
4005,False,False,False,False,False,False,False,True
4006,False,False,False,False,False,True,True,True
4007,False,True,True,True,True,True,True,True
4008,False,False,False,False,False,False,False,False
4009,False,False,False,False,False,False,False,True
4010,False,False,False,False,False,False,False,True
4011,False,False,False,False,False,False,False,True
4012,False,False,False,False,False,False,False,True
4013,False,False,False,False,False,True,True,True
4014,False,False,False,False,False,False,True,True
4015,False,False,False,False,False,False,False,False
4016,False,False,False,False,False,False,False,False
4017,False,False,False,False,False,False,False,False
4018,False,False,False,False,False,True,True,True
4019,False,False,False,False,False,False,True,True
4020,False,False,False,False,False,False,False,True
4021,False,False,False,False,False,False,False,False
4022,False,False,False,False,False,False,False,False
4023,False,False,False,False,False,False,False,False
4024,False,False,False,False,False,False,False,True
4025,False,False,False,False,False,False,True,True
4026,False,False,False,False,False,False,True,True
4027,False,False,False,False,False,False,False,True
4028,False,False,False,False,False,True,True,True
4029,False,False,False,False,False,False,True,True
4030,False,False,False,True,True,True,True,True
4031,False,False,False,False,False,False,True,True
4032,False,False,False,False,False,False,False,True
4033,False,False,False,False,False,True,True,True
4034,False,False,False,True,True,True,True,True
4035,False,False,False,False,False,False,False,True
4036,False,False,False,False,False,False,False,True
4037,False,False,False,False,False,False,True,True
4038,False,False,False,False,True,True,True,True
4039,False,False,False,False,False,False,False,False
4040,False,False,False,False,True,True,True,True
4041,False,False,False,False,False,False,False,True
4042,False,False,False,False,False,False,False,False
4043,False,False,False,False,False,False,False,True
4044,False,False,False,False,False,False,False,False
4045,False,False,False,False,False,False,True,True
4046,False,False,False,False,False,False,False,False
4047,False,False,False,False,False,False,False,False
4048,False,False,False,False,False,False,False,False
4049,False,False,False,False,False,False,False,True
4050,False,False,False,False,False,False,False,True
4051,False,False,True,True,True,True,True,True
4052,False,False,False,False,False,False,False,False
4053,False,False,False,False,False,False,False,False
4054,False,False,True,True,True,True,True,True
4055,False,False,False,False,False,True,True,True
4056,False,False,False,False,False,False,False,True
4057,False,False,False,False,False,False,True,True
4058,False,False,False,False,False,False,False,True
4059,False,False,False,False,False,False,True,True
4060,False,False,False,False,False,False,False,True
4061,False,False,False,False,False,False,False,True
4062,False,False,False,False,False,False,False,True
4063,False,False,False,False,True,True,True,True
4064,False,False,False,False,False,False,False,False
4065,False,False,False,False,False,False,False,False
4066,False,False,False,False,False,False,False,False
4067,False,False,False,False,False,False,False,True
4068,False,False,False,False,False,False,False,False
4069,False,False,False,False,False,False,True,True
4070,False,False,False,False,False,False,False,True
4071,False,False,False,False,False,False,False,False
4072,False,False,False,False,False,False,False,False
4073,False,False,False,False,False,False,False,False
4074,False,True,True,True,True,True,True,True
4075,False,False,False,False,False,False,False,False
4076,False,False,True,True,True,True,True,True
4077,False,False,False,False,False,False,False,False
4078,False,False,False,False,False,False,False,False
4079,False,False,False,False,False,False,False,False
4080,False,False,False,False,False,False,False,False
4081,False,False,False,False,False,False,True,True
4082,False,False,False,True,True,True,True,True
4083,False,False,False,True,True,True,True,True
4084,False,False,False,False,False,False,False,True
4085,False,False,False,False,False,False,False,False
4086,False,False,False,False,False,False,False,True
4087,False,False,True,True,True,True,True,True
4088,False,False,False,False,False,False,False,False
4089,False,False,False,False,False,True,True,True
4090,False,False,False,False,False,False,False,True
4091,False,False,False,False,False,False,False,False
4092,False,False,False,False,False,False,False,False
4093,False,False,False,False,False,False,False,True
4094,False,False,False,False,True,True,True,True
4095,False,False,False,False,False,False,False,False
4096,False,False,False,False,True,True,True,True
4097,False,False,False,False,False,False,False,False
4098,False,False,False,False,False,False,False,False
4099,False,False,False,False,False,False,False,True
4100,False,False,False,False,False,False,False,False
4101,False,False,False,False,False,False,False,False
4102,False,False,False,True,True,True,True,True
4103,False,False,False,False,False,True,True,True
4104,False,False,False,False,False,False,False,True
4105,False,False,False,False,False,False,False,True
4106,False,False,False,False,False,False,False,False
4107,False,False,False,False,False,False,False,True
4108,True,True,True,True,True,True,True,True
4109,False,False,False,False,False,True,True,True
4110,False,False,False,False,False,True,True,True
4111,False,False,False,False,False,False,True,True
4112,False,False,False,False,False,False,False,False
4113,False,False,False,False,False,False,False,False
4114,False,False,False,False,False,False,True,True
4115,False,False,False,False,False,False,True,True
4116,False,False,False,False,False,False,True,True
4117,True,True,True,True,True,True,True,True
4118,False,False,False,False,False,False,False,True
4119,False,False,False,False,True,True,True,True
4120,False,False,False,False,False,False,False,True
4121,False,False,False,False,False,True,True,True
4122,False,False,False,False,False,False,False,False
4123,False,False,False,False,False,False,False,False
4124,False,False,False,False,True,True,True,True
4125,False,False,False,False,False,False,False,True
4126,False,False,False,False,False,False,False,True
4127,False,False,False,False,False,False,False,False
4128,False,False,False,False,False,False,False,True
4129,False,False,False,False,True,True,True,True
4130,False,False,False,False,False,False,False,False
4131,False,False,False,False,False,True,True,True
4132,False,False,False,True,True,True,True,True
4133,False,False,False,False,False,False,False,False
4134,False,False,False,False,False,False,False,False
4135,False,False,False,False,False,False,True,True
4136,False,False,False,False,False,False,False,False
4137,False,False,False,False,False,False,False,False
4138,False,False,False,False,False,False,False,False
4139,False,False,True,True,True,True,True,True
4140,False,False,False,False,False,False,False,True
4141,False,False,False,False,False,False,True,True
4142,False,False,False,False,False,True,True,True
4143,False,False,False,False,False,False,False,True
4144,False,False,False,False,False,False,False,True
4145,False,False,False,False,False,False,False,False
4146,False,False,False,False,False,False,False,True
4147,False,False,False,False,True,True,True,True
4148,False,False,False,False,False,False,False,False
4149,False,False,True,True,True,True,True,True
4150,False,False,False,False,False,False,False,False
4151,False,False,False,False,False,False,False,False
4152,False,False,False,False,False,False,True,True
4153,False,False,False,False,False,False,False,False
4154,False,False,False,False,False,False,False,True
4155,False,False,False,False,False,False,True,True
4156,False,False,True,True,True,True,True,True
4157,True,True,True,True,True,True,True,True
4158,False,False,True,True,True,True,True,True
4159,False,False,False,False,False,False,False,False
4160,False,False,False,False,False,False,False,True
4161,False,False,False,True,True,True,True,True
4162,False,False,False,False,False,False,False,False
4163,False,False,False,False,False,False,True,True
4164,False,False,False,False,False,False,True,True
4165,False,False,False,False,False,False,False,False
4166,False,False,False,False,False,False,False,False
4167,False,False,False,False,False,False,False,True
4168,False,False,False,False,False,False,True,True
4169,False,False,False,False,False,False,False,True
4170,False,False,False,False,False,False,True,True
4171,False,False,False,False,True,True,True,True
4172,False,False,False,False,False,True,True,True
4173,False,False,False,True,True,True,True,True
4174,False,False,False,False,True,True,True,True
4175,False,False,False,False,False,True,True,True
4176,False,False,False,False,False,True,True,True
4177,False,False,False,False,False,False,False,True
4178,False,False,False,False,False,False,False,False
4179,False,False,False,False,False,False,True,True
4180,False,False,False,False,False,False,False,False
4181,False,False,False,False,False,False,True,True
4182,False,False,False,False,False,False,False,False
4183,False,False,False,False,False,False,False,False
4184,False,False,False,False,False,False,False,True
4185,False,False,False,False,False,False,False,True
4186,False,False,False,False,False,False,False,True
4187,False,False,False,False,False,False,False,False
4188,False,False,False,False,False,False,False,False
4189,False,False,False,False,True,True,True,True
4190,False,False,False,False,False,False,True,True
4191,False,False,False,False,False,False,False,False
4192,False,False,False,False,False,True,True,True
4193,False,False,False,False,False,False,True,True
4194,False,False,False,False,False,False,False,False
4195,False,False,False,True,True,True,True,True
4196,False,False,False,False,False,False,False,False
4197,False,False,False,False,False,False,False,True
4198,False,False,False,False,False,True,True,True
4199,False,False,False,False,False,False,False,True
4200,False,False,False,False,False,False,False,False
4201,False,False,False,False,False,False,False,False
4202,False,False,False,False,False,False,False,False
4203,False,False,False,False,True,True,True,True
4204,False,False,False,False,False,False,False,False
4205,False,False,False,False,False,False,False,True
4206,False,False,False,False,False,False,False,False
4207,False,False,False,False,False,False,True,True
4208,False,False,False,False,False,False,False,True
4209,False,False,False,False,False,False,True,True
4210,False,False,False,False,False,False,False,False
4211,False,False,False,False,False,False,False,True
4212,False,False,False,False,True,True,True,True
4213,False,False,False,False,False,False,False,False
4214,False,False,False,False,False,False,False,False
4215,False,False,False,False,False,False,False,True
4216,False,False,False,False,True,True,True,True
4217,False,False,False,False,False,False,False,True
4218,False,False,False,False,False,False,False,True
4219,False,False,False,False,False,False,False,True
4220,False,False,False,True,True,True,True,True
4221,False,False,False,False,False,False,False,True
4222,False,False,False,False,False,False,True,True
4223,False,False,False,False,False,False,False,True
4224,False,False,False,False,False,False,False,False
4225,False,False,False,False,False,False,False,False
4226,False,False,False,False,False,False,False,False
4227,False,False,False,False,False,False,True,True
4228,False,False,False,False,False,False,True,True
4229,False,True,True,True,True,True,True,True
4230,False,False,False,False,False,False,False,False
4231,False,False,False,False,False,False,False,False
4232,False,False,False,False,False,False,False,True
4233,False,False,False,False,False,False,True,True
4234,False,False,False,False,False,False,True,True
4235,False,False,False,False,False,False,True,True
4236,False,False,False,False,False,False,False,True
4237,False,False,False,False,False,True,True,True
4238,False,False,False,False,False,False,False,False
4239,False,False,False,False,False,True,True,True
4240,False,False,False,False,False,True,True,True
4241,False,False,False,False,False,False,False,True
4242,False,False,True,True,True,True,True,True
4243,False,False,False,False,False,False,False,True
4244,False,False,False,False,False,False,True,True
4245,False,False,False,False,False,False,False,False
4246,False,False,False,False,False,False,True,True
4247,False,False,False,False,False,False,False,True
4248,False,False,False,False,False,False,False,True
4249,False,False,False,False,False,False,False,True
4250,False,False,False,False,False,True,True,True
4251,False,False,False,False,False,False,True,True
4252,False,False,False,False,False,False,True,True
4253,False,False,False,False,False,False,False,False
4254,False,False,False,False,False,False,False,False
4255,False,False,False,False,False,False,False,True
4256,False,False,False,False,False,False,True,True
4257,False,False,False,False,False,False,False,False
4258,False,False,False,False,True,True,True,True
4259,False,False,False,False,False,False,False,True
4260,False,False,False,False,False,False,False,False
4261,False,False,False,False,False,False,False,False
4262,False,False,False,False,False,False,False,True
4263,False,False,False,False,False,False,True,True
4264,False,False,False,False,False,False,False,True
4265,False,True,True,True,True,True,True,True
4266,False,False,False,False,False,False,True,True
4267,False,False,False,False,False,False,True,True
4268,False,False,False,False,True,True,True,True
4269,False,False,False,False,False,False,False,True
4270,False,False,False,False,False,False,False,False
4271,False,False,False,False,False,False,False,True
4272,False,False,False,True,True,True,True,True
4273,False,False,False,False,True,True,True,True
4274,False,False,False,False,False,False,False,True
4275,False,False,False,False,False,False,False,False
4276,False,False,False,False,False,False,True,True
4277,True,True,True,True,True,True,True,True
4278,False,False,False,False,False,False,False,False
4279,False,False,False,False,False,False,False,True
4280,False,False,False,False,False,False,False,False
4281,False,False,False,False,False,False,False,True
4282,False,False,False,False,False,False,True,True
4283,False,False,False,False,True,True,True,True
4284,False,False,False,False,False,False,False,False
4285,False,False,False,False,False,False,False,True
4286,False,False,False,False,False,False,True,True
4287,False,False,False,False,False,False,False,False
4288,False,False,False,False,False,False,False,False
4289,False,False,False,False,False,False,False,True
4290,False,False,False,True,True,True,True,True
4291,False,False,False,False,False,True,True,True
4292,False,False,False,False,False,False,False,True
4293,False,False,False,False,False,False,False,True
4294,False,False,False,False,False,False,True,True
4295,False,False,False,False,False,False,True,True
4296,False,False,False,False,False,False,True,True
4297,False,False,False,False,False,False,False,False
4298,False,False,False,False,False,False,True,True
4299,False,False,False,False,False,False,False,False
4300,False,False,False,False,False,False,False,True
4301,False,False,False,False,False,False,True,True
4302,False,False,False,False,False,False,False,False
4303,False,False,False,False,False,False,False,False
4304,False,False,False,False,False,False,False,False
4305,False,False,False,False,False,False,False,True
4306,False,False,False,False,False,False,False,True
4307,False,False,False,False,False,False,False,False
4308,False,False,False,False,False,False,True,True
4309,False,False,False,False,False,False,True,True
4310,False,False,False,False,False,False,True,True
4311,False,False,False,False,False,False,False,True
4312,False,False,False,False,False,False,True,True
4313,False,False,False,False,False,False,False,True
4314,False,False,False,False,False,False,False,False
4315,False,False,False,False,False,False,False,True
4316,False,False,False,False,False,False,False,True
4317,False,False,False,False,False,True,True,True
4318,False,False,False,False,False,False,True,True
4319,False,False,False,False,False,False,False,False
4320,False,False,False,True,True,True,True,True
4321,False,False,False,False,False,False,False,False
4322,False,False,True,True,True,True,True,True
4323,False,False,False,False,False,False,True,True
4324,False,False,False,False,False,False,False,False
4325,False,False,False,False,True,True,True,True
4326,False,False,False,False,False,True,True,True
4327,False,False,False,False,False,True,True,True
4328,False,False,False,False,False,False,False,False
4329,False,False,False,False,False,False,False,True
4330,False,False,False,False,False,True,True,True
4331,False,False,False,False,False,False,False,False
4332,True,True,True,True,True,True,True,True
4333,False,False,False,False,False,False,False,False
4334,False,False,False,False,False,False,False,False
4335,False,False,False,False,False,False,False,False
4336,False,False,False,False,False,False,True,True
4337,False,False,False,False,False,False,False,True
4338,False,False,False,False,False,False,False,False
4339,False,False,False,False,False,False,False,True
4340,False,False,False,False,False,False,False,False
4341,False,False,False,False,False,False,False,True
4342,False,False,False,False,False,False,False,True
4343,False,False,False,False,False,False,True,True
4344,False,False,False,False,False,False,False,False
4345,False,False,False,True,True,True,True,True
4346,False,False,False,False,False,False,True,True
4347,False,False,False,False,False,True,True,True
4348,False,False,False,False,False,False,False,True
4349,False,False,True,True,True,True,True,True
4350,True,True,True,True,True,True,True,True
4351,False,False,False,False,False,False,False,False
4352,False,False,False,False,False,False,False,False
4353,False,False,False,False,False,False,True,True
4354,True,True,True,True,True,True,True,True
4355,False,False,False,False,False,False,False,True
4356,False,False,False,False,False,True,True,True
4357,False,False,False,False,False,False,False,True
4358,False,False,False,False,False,False,False,False
4359,False,False,False,False,False,False,True,True
4360,False,False,False,False,False,False,True,True
4361,False,False,False,False,False,False,False,False
4362,False,False,False,False,False,False,False,False
4363,False,False,False,False,False,False,False,False
4364,False,False,False,False,False,False,False,False
4365,False,False,False,True,True,True,True,True
4366,False,False,False,False,True,True,True,True
4367,False,False,False,False,False,False,False,False
4368,False,False,False,False,False,False,False,False
4369,False,False,False,False,False,False,False,False
4370,False,False,False,False,False,False,True,True
4371,False,False,False,False,False,False,True,True
4372,False,False,False,False,False,False,False,False
4373,False,False,False,False,False,False,False,True
4374,False,False,False,False,False,False,False,True
4375,False,False,False,False,False,False,False,True
4376,False,False,False,False,False,False,False,True
4377,False,False,False,False,True,True,True,True
4378,False,False,False,False,False,False,False,False
4379,False,False,False,False,False,False,False,False
4380,False,False,False,False,False,False,True,True
4381,False,False,False,False,False,False,False,True
4382,False,False,False,False,False,False,True,True
4383,False,False,False,False,False,False,False,False
4384,False,False,False,False,True,True,True,True
4385,False,False,False,False,False,False,False,False
4386,False,False,False,False,False,False,False,True
4387,False,False,False,False,False,False,False,False
4388,False,False,False,False,False,False,False,True
4389,False,False,False,False,False,False,False,True
4390,False,False,False,False,False,True,True,True
4391,False,False,False,False,False,False,True,True
4392,False,False,False,False,False,False,False,True
4393,False,False,False,False,False,False,True,True
4394,False,False,False,False,False,False,False,True
4395,False,False,False,False,False,False,False,False
4396,False,False,False,False,False,False,False,True
4397,False,False,False,True,True,True,True,True
4398,False,False,False,False,False,False,True,True
4399,False,False,False,False,False,False,False,True
4400,False,False,True,True,True,True,True,True
4401,False,False,False,False,False,False,False,True
4402,False,False,False,False,False,False,False,True
4403,False,False,False,False,False,False,False,True
4404,False,False,False,False,False,False,True,True
4405,False,False,False,False,False,False,False,True
4406,False,False,False,False,False,False,False,False
4407,False,False,False,False,False,False,True,True
4408,False,False,False,False,False,False,True,True
4409,False,False,False,True,True,True,True,True
4410,False,False,False,False,True,True,True,True
4411,False,False,True,True,True,True,True,True
4412,False,False,False,False,False,False,True,True
4413,False,False,False,False,False,False,False,True
4414,False,False,False,False,False,False,False,False
4415,False,False,False,False,False,False,False,False
4416,False,False,False,False,False,False,False,False
4417,False,False,False,False,False,True,True,True
4418,False,False,False,False,False,False,False,True
4419,False,False,False,False,False,True,True,True
4420,False,False,False,False,False,False,False,True
4421,False,False,False,False,True,True,True,True
4422,False,False,True,True,True,True,True,True
4423,False,False,False,False,False,False,False,False
4424,False,False,False,False,False,False,False,False
4425,False,False,False,False,False,False,False,False
4426,False,False,False,False,False,False,False,True
4427,False,False,False,True,True,True,True,True
4428,False,False,False,False,False,False,False,True
4429,False,False,False,False,False,False,True,True
4430,False,False,False,False,False,False,False,False
4431,False,False,False,False,False,False,False,False
4432,False,False,False,False,False,False,False,False
4433,False,False,False,False,False,False,False,False
4434,False,False,False,False,False,False,True,True
4435,False,False,False,False,False,False,False,True
4436,False,False,False,False,False,False,True,True
4437,False,False,False,False,False,False,False,False
4438,False,False,False,False,False,True,True,True
4439,False,False,False,False,False,False,False,False
4440,False,False,False,False,False,False,False,True
4441,False,False,False,False,False,False,False,False
4442,False,False,False,False,False,False,False,False
4443,False,False,False,False,False,False,False,False
4444,False,False,False,False,False,False,False,True
4445,False,False,False,False,False,False,False,False
4446,False,False,False,False,False,False,False,True
4447,False,False,False,False,True,True,True,True
4448,False,False,False,False,False,False,False,True
4449,False,False,False,False,False,False,True,True
4450,False,False,False,False,False,False,False,False
4451,False,False,False,False,False,False,False,False
4452,False,False,False,False,False,True,True,True
4453,False,False,False,False,True,True,True,True
4454,False,False,False,False,False,True,True,True
4455,False,False,False,False,False,False,False,False
4456,False,False,False,False,False,True,True,True
4457,False,False,False,False,False,False,False,True
4458,False,False,False,False,False,False,True,True
4459,False,False,False,False,False,False,True,True
4460,False,False,False,False,False,False,False,True
4461,False,False,False,False,False,False,False,False
4462,False,False,False,False,False,False,False,True
4463,False,False,False,False,True,True,True,True
4464,False,False,False,False,False,False,False,False
4465,False,False,False,False,False,False,True,True
4466,False,False,False,False,True,True,True,True
4467,False,False,False,False,False,False,False,False
4468,False,False,False,False,False,False,False,False
4469,False,False,False,False,False,False,False,True
4470,False,False,False,False,False,False,False,True
4471,False,False,False,False,False,False,False,False
4472,False,False,False,False,False,False,False,False
4473,False,False,False,False,False,False,False,True
4474,False,False,False,False,False,False,False,True
4475,False,False,False,False,False,False,False,False
4476,False,False,False,False,False,True,True,True
4477,False,False,False,False,False,False,False,True
4478,False,False,True,True,True,True,True,True
4479,False,False,False,False,False,False,False,False
4480,False,False,False,False,False,False,False,True
4481,False,False,False,False,False,False,False,False
4482,True,True,True,True,True,True,True,True
4483,False,False,False,False,False,False,False,True
4484,False,False,False,False,False,False,True,True
4485,False,False,False,False,False,False,False,False
4486,False,False,False,False,False,False,False,True
4487,False,False,False,False,False,False,False,False
4488,False,False,False,False,False,False,False,True
4489,False,False,False,False,False,False,False,True
4490,False,False,False,False,False,True,True,True
4491,False,False,False,False,False,False,False,False
4492,False,False,False,False,False,False,False,False
4493,False,False,False,False,False,False,False,True
4494,False,False,False,False,True,True,True,True
4495,False,False,False,False,False,False,False,True
4496,False,False,False,False,False,True,True,True
4497,False,False,False,False,False,False,False,False
4498,False,False,False,False,False,True,True,True
4499,False,False,False,False,False,False,True,True
4500,False,False,False,False,True,True,True,True
4501,False,False,False,False,False,True,True,True
4502,False,False,False,False,False,False,True,True
4503,False,False,False,False,True,True,True,True
4504,False,False,False,False,False,False,False,False
4505,False,False,False,False,False,False,False,False
4506,False,False,False,False,False,False,False,True
4507,False,False,False,False,False,False,False,True
4508,False,False,False,False,False,False,False,False
4509,False,False,False,False,False,False,False,False
4510,False,False,False,False,False,False,False,False
4511,False,False,False,False,False,False,False,False
4512,False,False,False,False,False,False,False,False
4513,False,False,False,False,False,False,False,True
4514,False,False,False,False,False,False,False,False
4515,False,False,False,False,False,False,False,True
4516,False,False,True,True,True,True,True,True
4517,False,False,False,False,True,True,True,True
4518,False,False,False,True,True,True,True,True
4519,False,True,True,True,True,True,True,True
4520,False,False,False,False,False,False,False,False
4521,False,False,False,False,False,False,False,True
4522,False,False,False,False,False,False,True,True
4523,False,False,False,True,True,True,True,True
4524,False,False,False,False,False,False,False,False
4525,False,False,False,False,False,False,False,False
4526,False,False,False,False,False,False,False,False
4527,False,False,False,False,False,False,False,True
4528,False,False,False,False,False,False,False,False
4529,False,False,False,False,False,False,False,False
4530,False,False,False,False,False,False,False,False
4531,False,False,False,False,False,False,False,True
4532,False,False,False,False,False,False,False,False
4533,False,True,True,True,True,True,True,True
4534,False,False,False,False,False,False,False,False
4535,False,False,False,False,False,False,False,True
4536,False,False,False,False,False,True,True,True
4537,False,False,False,False,False,False,False,True
4538,False,False,False,False,False,False,True,True
4539,False,False,False,False,True,True,True,True
4540,False,False,False,False,False,False,False,False
4541,False,False,False,False,False,False,False,False
4542,False,False,False,False,False,False,True,True
4543,False,False,False,False,False,False,True,True
4544,False,False,False,False,False,False,False,False
4545,False,False,False,False,False,False,False,False
4546,False,False,False,False,False,False,False,False
4547,False,False,False,False,False,False,True,True
4548,False,False,False,False,False,False,False,False
4549,False,False,False,False,False,False,True,True
4550,False,False,False,False,False,False,False,False
4551,False,False,True,True,True,True,True,True
4552,False,False,False,False,False,False,True,True
4553,False,False,False,False,False,True,True,True
4554,False,False,False,False,False,False,False,False
4555,False,False,False,False,False,False,True,True
4556,False,False,True,True,True,True,True,True
4557,False,False,False,False,True,True,True,True
4558,False,False,False,False,False,False,False,False
4559,False,False,False,False,False,False,True,True
4560,False,False,False,False,False,False,False,False
4561,False,False,False,False,False,True,True,True
4562,False,False,False,False,False,False,False,True
4563,False,False,False,False,False,False,False,False
4564,False,False,False,False,False,True,True,True
4565,False,False,False,False,False,False,False,True
4566,False,False,False,False,False,False,False,False
4567,False,False,False,True,True,True,True,True
4568,False,False,False,False,False,False,False,False
4569,False,False,False,False,False,False,False,True
4570,False,False,False,False,False,False,False,False
4571,False,False,False,False,True,True,True,True
4572,False,False,False,False,False,False,False,False
4573,False,False,False,False,False,True,True,True
4574,False,False,False,False,False,False,False,False
4575,False,False,False,False,False,False,False,False
4576,False,False,False,False,False,False,False,True
4577,False,False,False,False,False,False,False,False
4578,False,False,False,False,False,False,True,True
4579,False,False,False,False,False,False,True,True
4580,False,False,False,False,False,False,False,True
4581,False,False,False,False,False,False,False,True
4582,False,False,False,False,False,False,True,True
4583,False,False,False,False,True,True,True,True
4584,False,False,False,False,False,False,True,True
4585,False,False,False,False,False,False,False,False
4586,False,False,False,True,True,True,True,True
4587,False,False,False,False,False,False,False,False
4588,False,False,False,False,False,False,False,False
4589,False,False,False,False,False,False,False,False
4590,False,False,False,False,False,False,True,True
4591,False,False,False,False,False,False,False,True
4592,False,False,False,False,False,False,False,False
4593,False,False,False,False,False,False,False,True
4594,False,False,False,False,False,True,True,True
4595,False,False,False,False,False,False,False,False
4596,False,False,False,False,False,False,True,True
4597,False,False,False,False,False,False,False,False
4598,False,False,False,False,False,False,True,True
4599,False,False,False,False,False,False,False,False
4600,False,False,False,False,True,True,True,True
4601,False,False,False,False,False,True,True,True
4602,False,False,False,False,False,False,False,False
4603,False,False,False,False,False,False,False,False
4604,False,False,False,False,False,False,True,True
4605,False,False,False,False,False,False,False,True
4606,False,False,False,False,False,False,False,False
4607,False,False,False,False,False,True,True,True
4608,False,False,False,False,True,True,True,True
4609,False,False,False,False,False,False,True,True
4610,False,False,False,False,False,False,False,True
4611,False,False,False,False,False,False,False,True
4612,False,False,False,False,False,False,False,True
4613,False,False,False,False,False,False,True,True
4614,False,False,False,False,False,False,False,True
4615,False,False,False,False,False,False,True,True
4616,False,False,False,False,False,False,False,False
4617,False,False,False,False,False,False,False,True
4618,False,False,False,False,False,False,False,True
4619,False,False,False,False,False,False,False,False
4620,False,False,False,False,False,False,False,False
4621,False,False,False,False,False,False,False,False
4622,False,False,False,False,False,False,False,True
4623,False,False,True,True,True,True,True,True
4624,False,False,False,False,False,True,True,True
4625,False,False,False,False,False,False,False,False
4626,False,False,False,False,False,False,False,False
4627,False,False,False,False,False,False,True,True
4628,False,False,False,False,False,False,False,True
4629,False,False,False,False,False,False,False,True
4630,False,False,False,False,False,False,False,True
4631,False,False,False,False,False,False,False,False
4632,False,False,False,False,False,False,False,True
4633,False,False,False,False,False,False,False,False
4634,False,False,False,True,True,True,True,True
4635,False,False,False,False,False,False,True,True
4636,False,False,False,False,False,True,True,True
4637,False,False,False,False,False,False,False,False
4638,False,False,False,False,False,False,False,False
4639,False,False,False,False,True,True,True,True
4640,False,False,False,False,False,False,False,False
4641,False,False,False,False,False,False,False,False
4642,False,False,False,False,False,False,False,False
4643,False,False,False,False,False,False,False,False
4644,False,False,False,False,False,False,False,True
4645,False,False,False,False,False,False,False,True
4646,False,False,False,False,False,False,False,False
4647,False,False,False,False,False,False,False,False
4648,False,False,False,False,False,False,False,True
4649,False,False,False,False,False,False,False,False
4650,False,False,False,False,False,False,False,True
4651,False,False,False,False,True,True,True,True
4652,False,False,False,False,False,False,True,True
4653,False,False,False,False,False,False,False,True
4654,False,False,False,False,False,False,False,False
4655,False,False,False,False,False,False,True,True
4656,False,False,False,False,False,False,False,False
4657,False,False,False,False,False,False,True,True
4658,False,False,False,False,False,False,False,False
4659,False,False,False,False,False,False,False,False
4660,False,False,False,False,False,False,False,True
4661,False,False,False,False,False,False,False,True
4662,False,False,False,False,False,False,True,True
4663,False,False,False,False,False,False,False,True
4664,False,False,False,False,False,False,True,True
4665,False,False,False,False,False,False,False,False
4666,False,False,False,False,False,False,False,True
4667,False,False,False,False,False,False,False,False
4668,False,False,False,False,False,False,True,True
4669,False,False,False,True,True,True,True,True
4670,False,False,False,False,False,False,False,False
4671,False,False,False,False,False,False,False,False
4672,False,False,False,False,False,False,False,False
4673,False,False,True,True,True,True,True,True
4674,False,False,False,False,False,True,True,True
4675,False,False,False,False,False,False,False,False
4676,False,False,False,False,False,False,True,True
4677,False,False,False,True,True,True,True,True
4678,False,False,False,False,False,False,False,False
4679,False,False,False,False,False,False,False,False
4680,False,False,False,False,False,False,False,False
4681,False,False,False,False,False,False,False,True
4682,False,False,False,False,True,True,True,True
4683,False,False,False,False,False,False,False,True
4684,False,False,False,False,False,False,False,False
4685,False,False,False,False,False,False,True,True
4686,False,False,False,False,True,True,True,True
4687,False,False,False,False,False,False,False,True
4688,False,False,False,False,False,False,False,False
4689,False,False,False,False,False,False,True,True
4690,False,False,False,False,False,False,False,False
4691,False,False,False,False,False,False,False,True
4692,False,False,False,False,False,False,False,True
4693,False,False,False,False,False,False,False,False
4694,False,False,False,False,False,False,False,True
4695,False,False,False,False,False,False,False,False
4696,False,True,True,True,True,True,True,True
4697,False,False,False,False,False,False,False,True
4698,False,False,False,False,False,False,True,True
4699,False,False,False,False,False,False,True,True
4700,False,False,False,False,False,False,False,True
4701,False,False,False,False,True,True,True,True
4702,False,False,False,False,False,False,True,True
4703,False,False,False,False,False,False,False,False
4704,False,False,False,False,False,False,False,False
4705,False,False,False,False,False,False,True,True
4706,False,False,True,True,True,True,True,True
4707,False,False,False,False,False,False,False,False
4708,False,False,False,False,False,False,True,True
4709,False,False,False,False,False,False,True,True
4710,False,False,False,True,True,True,True,True
4711,False,False,False,False,False,False,False,False
4712,False,False,False,False,False,False,True,True
4713,False,False,False,False,False,False,False,True
4714,False,False,False,False,False,False,False,True
4715,False,False,False,False,False,False,False,False
4716,False,False,False,False,False,False,False,True
4717,False,False,False,False,False,False,False,False
4718,False,False,False,False,False,False,False,True
4719,False,False,False,False,False,False,False,True
4720,False,False,False,False,False,False,False,False
4721,False,False,False,False,False,False,False,False
4722,False,False,False,False,False,False,False,True
4723,False,False,False,False,False,False,True,True
4724,False,False,False,False,False,False,False,False
4725,False,False,False,False,False,False,False,False
4726,False,False,False,False,False,False,True,True
4727,False,False,True,True,True,True,True,True
4728,False,False,False,False,False,True,True,True
4729,False,False,False,False,False,False,False,False
4730,False,False,False,False,False,True,True,True
4731,True,True,True,True,True,True,True,True
4732,False,False,False,False,False,False,False,True
4733,False,False,False,False,False,False,False,False
4734,False,False,False,False,False,False,False,False
4735,False,False,False,False,False,False,False,False
4736,False,False,False,False,False,True,True,True
4737,False,False,False,True,True,True,True,True
4738,False,False,False,False,False,False,True,True
4739,False,False,False,False,False,False,False,False
4740,False,False,False,False,False,False,False,False
4741,False,False,False,False,False,False,False,False
4742,False,False,False,False,False,False,False,False
4743,False,False,False,False,False,False,False,True
4744,False,False,False,False,False,True,True,True
4745,False,False,False,False,False,False,True,True
4746,False,False,False,True,True,True,True,True
4747,False,False,False,False,False,False,False,True
4748,False,False,False,False,False,False,False,True
4749,False,False,False,False,False,False,False,True
4750,False,False,False,False,False,True,True,True
4751,False,False,False,False,False,False,False,False
4752,False,False,False,False,False,False,False,False
4753,False,False,False,False,False,False,True,True
4754,False,False,False,False,False,False,False,False
4755,False,False,False,False,False,False,False,False
4756,False,False,False,False,False,False,False,False
4757,False,False,False,False,False,False,False,True
4758,False,False,True,True,True,True,True,True
4759,False,False,False,False,False,False,True,True
4760,False,False,False,False,False,False,True,True
4761,False,False,False,False,True,True,True,True
4762,False,False,False,False,False,True,True,True
4763,False,False,False,False,False,True,True,True
4764,False,False,False,False,False,False,False,False
4765,False,False,False,False,False,False,False,False
4766,False,False,False,False,False,False,False,False
4767,False,False,False,False,False,False,False,False
4768,False,False,False,True,True,True,True,True
4769,False,False,False,False,False,False,False,False
4770,False,False,False,False,False,False,True,True
4771,False,False,False,False,False,False,False,True
4772,False,False,False,False,False,False,False,False
4773,False,False,False,False,False,False,False,False
4774,False,False,False,False,True,True,True,True
4775,False,False,False,False,False,False,False,True
4776,False,False,False,False,True,True,True,True
4777,False,False,False,False,False,False,False,True
4778,False,False,False,False,False,False,True,True
4779,False,False,False,False,True,True,True,True
4780,False,False,False,False,False,False,False,False
4781,False,False,False,False,False,False,False,True
4782,False,False,False,False,False,False,False,True
4783,False,False,False,False,False,False,True,True
4784,False,False,False,False,False,True,True,True
4785,False,False,False,False,False,False,False,False
4786,False,False,False,False,False,False,False,True
4787,False,False,False,False,False,False,False,False
4788,False,False,False,False,False,False,False,False
4789,False,False,False,False,False,False,False,True
4790,False,False,False,False,False,False,False,False
4791,False,False,False,False,False,False,False,False
4792,False,False,False,False,False,False,True,True
4793,False,False,False,False,False,False,False,True
4794,False,False,False,False,False,False,False,True
4795,False,False,False,False,False,False,False,False
4796,False,False,False,False,False,True,True,True
4797,False,False,False,False,False,False,True,True
4798,False,False,False,False,False,False,True,True
4799,False,False,False,False,False,False,False,True
4800,False,False,False,False,False,False,False,True
4801,False,False,False,False,False,False,False,True
4802,False,False,False,False,False,True,True,True
4803,False,False,False,False,False,False,False,False
4804,False,False,False,False,False,False,True,True
4805,False,False,False,False,False,False,False,False
4806,False,False,False,False,False,False,True,True
4807,False,False,False,False,False,False,False,False
4808,False,False,False,False,False,False,False,False
4809,False,False,False,False,True,True,True,True
4810,False,False,False,False,False,False,False,True
4811,False,False,False,False,False,False,True,True
4812,False,False,False,False,False,False,False,False
4813,False,False,False,False,False,False,False,True
4814,False,False,False,False,False,False,False,False
4815,False,False,False,False,False,False,False,False
4816,False,False,False,False,False,False,False,False
4817,False,False,False,False,False,False,False,False
4818,False,False,False,False,False,False,True,True
4819,False,False,False,False,False,False,True,True
4820,False,False,False,False,False,True,True,True
4821,False,False,False,False,False,False,True,True
4822,False,False,False,False,False,True,True,True
4823,False,False,False,False,False,False,False,False
4824,False,False,False,False,False,False,False,True
4825,False,False,False,False,False,True,True,True
4826,False,False,False,False,False,False,False,True
4827,False,False,False,False,False,False,True,True
4828,False,False,False,False,False,False,False,False
4829,False,False,False,False,False,True,True,True
4830,False,False,False,False,False,False,False,False
4831,False,False,False,False,False,False,False,False
4832,False,False,False,False,False,False,False,False
4833,False,False,False,False,False,False,True,True
4834,False,False,False,False,False,False,False,False
4835,False,False,False,False,True,True,True,True
4836,False,False,False,False,False,False,True,True
4837,False,False,False,False,False,True,True,True
4838,False,False,False,False,False,False,False,False
4839,False,False,False,False,True,True,True,True
4840,False,False,False,False,False,False,True,True
4841,False,False,False,False,False,False,False,False
4842,False,False,False,False,False,False,False,True
4843,False,False,False,False,False,False,False,False
4844,False,False,False,False,False,True,True,True
4845,False,False,False,False,False,False,False,True
4846,False,False,False,False,False,False,False,True
4847,False,False,False,False,False,False,False,False
4848,False,False,False,False,False,False,True,True
4849,False,False,False,False,True,True,True,True
4850,False,False,True,True,True,True,True,True
4851,False,False,False,False,False,False,False,False
4852,False,False,False,False,False,False,False,False
4853,False,False,False,False,False,False,False,False
4854,False,False,False,False,False,False,False,True
4855,False,False,False,False,False,False,True,True
4856,False,False,False,False,False,False,False,False
4857,False,False,False,False,False,False,False,True
4858,False,False,False,False,False,True,True,True
4859,False,False,False,False,False,False,False,False
4860,False,False,False,False,False,False,False,False
4861,False,False,False,False,False,False,True,True
4862,False,False,False,False,False,False,False,False
4863,False,False,False,False,False,False,False,False
4864,False,False,False,False,False,False,False,False
4865,False,False,False,False,False,False,False,True
4866,False,False,False,False,False,False,False,True
4867,False,False,False,False,False,False,False,False
4868,False,False,False,False,False,False,False,True
4869,False,False,False,False,False,False,False,True
4870,False,False,False,False,False,False,False,False
4871,False,False,False,False,False,False,False,False
4872,False,False,False,False,False,False,False,False
4873,False,False,False,False,False,False,True,True
4874,False,False,False,False,False,True,True,True
4875,False,False,False,False,False,False,False,True
4876,False,False,False,False,False,False,False,True
4877,False,False,False,False,False,False,False,True
4878,False,False,False,False,False,False,False,False
4879,False,False,False,False,False,True,True,True
4880,False,False,False,False,False,False,False,True
4881,False,False,False,False,False,False,False,False
4882,False,False,False,False,False,False,False,False
4883,True,True,True,True,True,True,True,True
4884,False,False,False,False,False,False,False,False
4885,False,False,False,False,False,False,False,True
4886,False,False,False,False,False,False,False,False
4887,False,False,False,False,False,False,False,True
4888,False,False,False,False,False,False,False,True
4889,False,False,False,False,True,True,True,True
4890,False,False,False,False,False,False,True,True
4891,False,False,False,False,False,False,False,True
4892,False,False,False,False,False,False,False,True
4893,False,False,False,True,True,True,True,True
4894,False,False,False,False,False,False,False,False
4895,False,False,False,False,False,False,False,False
4896,False,False,False,False,False,False,False,True
4897,False,False,False,False,False,False,True,True
4898,False,False,False,False,False,False,True,True
4899,False,False,False,False,False,False,False,False
4900,False,True,True,True,True,True,True,True
4901,False,False,False,False,False,False,False,True
4902,False,False,False,False,False,False,False,False
4903,False,False,False,False,False,False,True,True
4904,False,False,False,False,False,False,False,False
4905,False,False,False,False,False,False,False,True
4906,False,False,False,False,False,False,False,False
4907,False,False,True,True,True,True,True,True
4908,False,False,False,False,False,False,False,True
4909,False,False,False,False,False,False,False,True
4910,False,False,False,False,True,True,True,True
4911,False,False,False,False,False,False,False,True
4912,False,False,False,False,False,False,False,True
4913,False,False,False,False,False,False,False,False
4914,False,False,False,False,False,False,False,True
4915,False,False,False,False,False,False,False,False
4916,False,False,False,False,False,False,False,False
4917,False,False,False,False,False,False,False,True
4918,True,True,True,True,True,True,True,True
4919,False,False,False,False,False,False,True,True
4920,False,False,False,False,False,False,False,True
4921,False,False,False,False,False,False,False,True
4922,False,False,False,False,False,False,False,False
4923,False,False,False,False,False,False,False,False
4924,False,False,False,False,False,False,False,False
4925,False,False,False,False,False,True,True,True
4926,False,False,False,False,False,False,False,False
4927,False,False,False,False,True,True,True,True
4928,False,False,False,False,False,False,False,False
4929,False,False,False,False,True,True,True,True
4930,False,False,False,False,False,False,False,True
4931,False,False,False,False,False,False,False,True
4932,False,False,False,False,False,False,True,True
4933,True,True,True,True,True,True,True,True
4934,False,False,False,False,False,False,False,False
4935,False,False,False,False,True,True,True,True
4936,False,False,False,False,False,False,False,False
4937,False,False,False,False,False,False,False,True
4938,False,False,False,False,False,False,False,True
4939,False,False,False,True,True,True,True,True
4940,False,False,False,True,True,True,True,True
4941,False,False,False,False,False,True,True,True
4942,False,False,False,False,False,False,True,True
4943,False,False,False,False,False,False,False,False
4944,False,False,False,True,True,True,True,True
4945,False,False,False,False,False,False,False,False
4946,False,False,False,False,False,False,True,True
4947,False,False,False,False,True,True,True,True
4948,False,False,False,False,False,True,True,True
4949,False,False,False,False,False,False,True,True
4950,False,False,False,False,False,False,False,False
4951,False,False,False,False,False,False,False,False
4952,False,False,False,False,False,True,True,True
4953,False,False,False,False,False,False,False,False
4954,False,False,False,False,False,False,False,False
4955,False,False,False,False,False,False,False,False
4956,False,False,False,False,False,False,False,False
4957,False,False,True,True,True,True,True,True
4958,False,False,False,False,False,False,True,True
4959,False,False,False,False,False,False,False,False
4960,False,False,False,True,True,True,True,True
4961,False,False,False,False,False,True,True,True
4962,False,False,False,False,False,True,True,True
4963,False,False,False,False,False,False,False,True
4964,False,False,False,False,False,True,True,True
4965,False,False,False,False,False,False,False,False
4966,False,False,False,False,False,False,False,True
4967,False,False,False,False,False,False,False,False
4968,False,False,False,False,False,False,False,False
4969,False,False,False,False,False,False,False,False
4970,False,False,False,False,False,False,False,True
4971,False,False,False,False,False,True,True,True
4972,False,False,False,False,False,False,False,False
4973,False,False,False,False,False,False,False,False
4974,False,False,False,False,True,True,True,True
4975,False,False,False,False,True,True,True,True
4976,False,False,False,False,False,True,True,True
4977,False,False,False,False,False,False,True,True
4978,False,False,False,False,False,True,True,True
4979,False,False,False,False,False,False,False,False
4980,False,False,False,False,False,False,False,True
4981,False,False,False,False,False,False,False,False
4982,False,False,False,False,False,False,False,False
4983,False,False,False,False,False,False,True,True
4984,False,False,False,False,False,False,False,True
4985,False,False,False,False,False,False,False,False
4986,False,False,False,False,False,False,False,False
4987,False,False,False,False,False,True,True,True
4988,False,False,False,False,False,False,True,True
4989,False,False,False,False,False,False,False,True
4990,False,False,False,False,False,False,False,True
4991,False,False,False,False,False,False,False,True
4992,False,False,False,False,False,False,True,True
4993,False,False,False,False,False,False,False,False
4994,True,True,True,True,True,True,True,True
4995,False,False,False,False,True,True,True,True
4996,False,False,False,False,False,False,False,True
4997,False,False,False,False,False,False,False,True
4998,False,False,False,False,False,False,False,True
4999,False,False,False,False,False,False,False,False
5000,False,False,False,False,False,False,False,False
5001,False,False,False,False,False,False,False,False
5002,False,False,False,False,True,True,True,True
5003,False,False,False,False,False,False,True,True
5004,False,False,False,False,False,False,True,True
5005,False,False,False,False,False,False,False,True
5006,False,False,False,False,False,False,False,False
5007,False,False,False,False,False,False,False,False
5008,False,False,False,False,False,False,False,True
5009,False,False,False,False,False,False,False,False
5010,False,False,False,False,False,False,True,True
5011,False,False,False,False,True,True,True,True
5012,False,False,False,False,False,False,False,False
5013,False,False,False,False,False,False,False,True
5014,False,False,False,False,False,False,False,True
5015,False,False,False,False,False,False,False,True
5016,False,False,False,False,False,False,False,False
5017,False,False,False,False,False,False,False,False
5018,False,False,False,False,False,False,False,True
5019,False,False,False,False,False,False,False,False
5020,False,False,False,False,False,False,False,False
5021,False,False,False,False,False,False,False,False
5022,False,False,True,True,True,True,True,True
5023,False,False,False,True,True,True,True,True
5024,True,True,True,True,True,True,True,True
5025,False,False,False,False,False,False,False,False
5026,False,False,False,False,False,True,True,True
5027,False,False,False,False,False,False,False,True
5028,False,False,False,False,False,False,False,False
5029,False,False,False,False,False,False,False,True
5030,False,False,False,False,False,False,True,True
5031,False,False,False,False,False,False,False,False
5032,False,False,False,False,False,False,False,False
5033,False,False,False,False,False,False,False,True
5034,False,False,True,True,True,True,True,True
5035,False,False,False,False,False,False,False,False
5036,False,False,False,False,False,False,True,True
5037,False,False,False,False,True,True,True,True
5038,False,False,False,False,False,False,False,False
5039,False,False,False,False,False,True,True,True
5040,False,False,False,False,False,False,False,False
5041,False,False,False,False,False,True,True,True
5042,False,False,False,False,False,False,False,False
5043,False,False,False,False,True,True,True,True
5044,False,False,False,False,False,False,True,True
5045,False,False,False,False,False,False,False,True
5046,False,False,False,False,False,False,True,True
5047,False,False,True,True,True,True,True,True
5048,False,False,False,True,True,True,True,True
5049,False,False,False,False,False,False,False,False
5050,False,False,False,False,False,False,True,True
5051,False,False,False,False,False,False,False,False
5052,False,False,False,False,False,False,False,False
5053,False,False,False,False,False,False,False,True
5054,False,False,False,False,False,False,False,True
5055,False,False,False,False,False,False,True,True
5056,False,False,False,False,False,False,True,True
5057,True,True,True,True,True,True,True,True
5058,False,False,False,False,False,False,False,False
5059,False,False,False,False,False,False,True,True
5060,False,False,False,False,False,False,True,True
5061,False,False,False,False,False,False,True,True
5062,False,False,False,False,False,False,True,True
5063,False,False,False,False,False,False,False,False
5064,False,False,False,False,False,False,True,True
5065,False,False,False,False,False,False,False,False
5066,False,False,False,False,False,True,True,True
5067,False,False,False,False,False,False,True,True
5068,False,False,False,False,False,False,False,True
5069,False,False,False,False,False,False,False,False
5070,False,False,False,False,False,False,False,False
5071,False,False,False,False,False,False,False,False
5072,False,False,False,False,False,True,True,True
5073,False,False,False,True,True,True,True,True
5074,False,False,False,False,False,False,False,True
5075,False,False,False,False,False,False,True,True
5076,False,False,False,False,False,False,True,True
5077,False,False,False,False,False,False,False,False
5078,False,False,False,False,False,False,False,False
5079,False,False,False,False,False,False,True,True
5080,False,False,False,False,False,False,False,False
5081,False,False,False,False,False,False,False,True
5082,False,False,False,True,True,True,True,True
5083,False,False,False,False,False,False,True,True
5084,False,False,False,False,False,False,False,True
5085,False,False,False,False,False,False,False,False
5086,False,False,False,False,False,False,False,False
5087,False,False,False,False,False,False,False,True
5088,False,False,False,False,False,False,False,False
5089,False,False,False,False,False,False,False,False
5090,False,False,False,False,False,False,False,True
5091,False,False,False,False,False,False,False,False
5092,False,False,False,False,False,False,False,False
5093,False,False,False,False,False,False,False,True
5094,False,False,True,True,True,True,True,True
5095,False,False,False,False,False,False,False,True
5096,False,False,False,False,False,False,False,False
5097,False,False,False,False,False,False,False,False
5098,False,False,False,False,False,True,True,True
5099,False,False,False,False,False,False,False,True
5100,False,False,False,False,False,True,True,True
5101,False,False,False,False,False,False,False,False
5102,False,False,False,False,False,False,False,True
5103,False,False,False,False,False,False,False,False
5104,False,False,False,False,False,False,True,True
5105,False,False,False,False,False,False,False,True
5106,False,False,False,False,False,False,True,True
5107,False,False,False,False,False,False,False,False
5108,False,False,False,False,False,False,False,True
5109,False,False,False,False,False,False,False,True
5110,False,False,False,False,False,False,False,False
5111,False,False,False,False,False,False,False,True
5112,False,False,False,False,False,False,False,True
5113,False,False,False,False,False,False,False,False
5114,False,False,False,False,False,False,False,False
5115,False,False,False,False,False,False,False,False
5116,False,False,False,False,False,True,True,True
5117,False,False,False,True,True,True,True,True
5118,False,False,False,False,False,True,True,True
5119,False,False,False,False,False,False,False,True
5120,False,False,False,False,False,False,False,True
5121,False,False,False,False,False,False,False,True
5122,False,False,False,False,False,False,False,False
5123,False,False,False,False,False,False,False,False
5124,False,False,False,False,False,False,False,True
5125,False,False,False,False,False,False,False,True
5126,False,False,False,False,False,False,True,True
5127,False,False,False,False,False,False,False,False
5128,False,False,False,False,False,True,True,True
5129,False,False,False,False,False,False,False,False
5130,False,False,False,False,False,False,True,True
5131,False,False,False,False,False,True,True,True
5132,False,False,False,False,False,False,False,False
5133,False,False,False,False,False,False,False,True
5134,False,False,False,True,True,True,True,True
5135,False,False,False,False,False,False,True,True
5136,False,False,False,False,False,False,True,True
5137,False,False,False,False,False,False,True,True
5138,False,False,True,True,True,True,True,True
5139,False,False,False,False,False,False,False,True
5140,False,False,False,False,False,False,False,True
5141,False,False,False,False,False,False,False,False
5142,False,False,False,False,False,False,False,False
5143,False,False,False,False,False,False,True,True
5144,False,False,False,False,False,False,False,False
5145,False,False,False,False,False,True,True,True
5146,False,False,False,False,False,False,False,False
5147,False,False,False,False,False,True,True,True
5148,False,False,False,False,False,False,False,False
5149,False,False,False,False,False,False,False,True
5150,False,False,False,False,False,False,True,True
5151,False,False,False,False,False,True,True,True
5152,False,False,False,False,False,False,False,False
5153,False,False,False,False,False,False,False,True
5154,False,False,False,False,False,False,False,False
5155,False,False,False,False,False,False,False,False
5156,False,False,False,False,False,False,False,False
5157,False,False,False,False,False,True,True,True
5158,False,False,False,False,False,False,False,True
5159,False,False,False,False,False,False,False,True
5160,False,False,False,False,False,True,True,True
5161,False,False,False,True,True,True,True,True
5162,False,False,False,False,False,False,False,True
5163,False,False,True,True,True,True,True,True
5164,False,False,False,False,False,False,False,False
5165,False,False,False,False,False,False,False,True
5166,False,False,False,False,True,True,True,True
5167,False,False,False,False,False,True,True,True
5168,False,False,False,False,False,False,False,True
5169,False,False,False,False,False,False,False,False
5170,False,False,False,False,False,False,False,False
5171,False,False,False,True,True,True,True,True
5172,False,False,False,False,False,False,False,True
5173,True,True,True,True,True,True,True,True
5174,False,False,False,False,False,False,False,False
5175,False,False,False,False,False,False,False,False
5176,False,False,False,False,False,True,True,True
5177,False,False,False,False,False,False,False,False
5178,False,False,False,False,False,False,False,True
5179,False,False,False,False,False,False,False,True
5180,False,False,False,False,False,False,False,False
5181,False,False,False,False,False,True,True,True
5182,False,False,False,False,False,False,False,False
5183,False,False,False,False,False,False,False,True
5184,False,False,False,False,True,True,True,True
5185,False,False,False,False,False,False,False,True
5186,False,False,False,False,False,False,False,False
5187,False,False,False,False,False,False,False,True
5188,False,False,False,False,False,False,False,True
5189,False,False,False,False,True,True,True,True
5190,False,False,False,False,False,False,False,False
5191,False,False,False,False,False,False,False,True
5192,True,True,True,True,True,True,True,True
5193,False,False,False,False,False,False,False,False
5194,False,False,False,False,False,False,False,True
5195,False,False,False,False,False,False,False,True
5196,False,False,False,False,False,False,True,True
5197,False,False,False,False,False,False,False,True
5198,False,False,False,False,False,False,True,True
5199,False,False,False,False,False,False,True,True
5200,False,False,False,False,False,False,False,True
5201,False,False,False,False,False,False,False,False
5202,False,False,False,False,False,False,False,False
5203,False,False,False,False,False,False,False,True
5204,False,False,False,False,False,False,False,True
5205,False,False,False,False,False,False,False,False
5206,False,False,False,False,False,False,True,True
5207,False,False,False,True,True,True,True,True
5208,False,False,False,False,False,True,True,True
5209,False,False,False,False,False,False,True,True
5210,False,False,False,False,False,False,False,True
5211,False,False,False,False,False,False,False,False
5212,False,False,False,False,False,False,True,True
5213,False,False,False,True,True,True,True,True
5214,False,False,False,False,False,False,True,True
5215,False,False,False,False,False,False,False,False
5216,False,False,False,False,False,False,True,True
5217,False,False,False,False,False,False,False,False
5218,False,False,False,False,False,True,True,True
5219,False,False,False,False,False,False,False,True
5220,False,False,False,False,False,False,False,False
5221,False,False,False,False,False,False,True,True
5222,False,False,False,False,False,False,False,True
5223,False,False,False,False,False,False,False,True
5224,False,False,False,False,False,False,True,True
5225,False,False,False,False,False,False,False,True
5226,False,False,False,False,False,False,False,False
5227,False,False,False,False,False,True,True,True
5228,False,False,False,False,False,False,False,False
5229,False,False,False,False,False,False,False,False
5230,False,False,False,False,False,False,False,False
5231,False,False,False,False,False,False,False,False
5232,False,False,False,False,False,False,False,False
5233,False,False,False,False,False,False,True,True
5234,False,False,False,False,False,False,True,True
5235,False,False,False,False,False,False,False,True
5236,False,False,False,True,True,True,True,True
5237,False,False,True,True,True,True,True,True
5238,False,False,False,False,False,False,False,False
5239,False,False,False,False,False,False,False,False
5240,False,False,False,False,False,True,True,True
5241,False,False,False,False,False,False,False,False
5242,False,False,False,False,False,False,True,True
5243,False,False,False,False,False,False,False,True
5244,False,False,False,False,False,False,False,False
5245,False,False,False,False,False,False,False,False
5246,False,False,False,False,False,True,True,True
5247,False,False,False,False,False,False,False,True
5248,False,False,False,False,False,False,True,True
5249,False,False,False,False,False,False,False,True
5250,False,False,False,False,False,False,False,True
5251,False,False,False,False,False,True,True,True
5252,False,False,False,False,False,False,True,True
5253,False,False,False,False,False,False,True,True
5254,False,True,True,True,True,True,True,True
5255,False,False,False,False,False,False,True,True
5256,False,False,False,False,False,False,False,False
5257,False,False,False,False,False,False,False,True
5258,False,False,False,False,False,False,False,False
5259,False,False,False,False,False,False,False,False
5260,False,False,False,True,True,True,True,True
5261,False,False,False,False,False,False,False,False
5262,False,False,False,False,False,False,True,True
5263,False,False,False,False,False,False,False,False
5264,False,False,False,False,False,False,True,True
5265,False,False,False,False,True,True,True,True
5266,False,False,False,False,False,True,True,True
5267,False,False,False,False,False,False,False,False
5268,False,False,False,False,True,True,True,True
5269,False,False,False,False,False,False,True,True
5270,False,False,False,False,False,False,False,False
5271,False,False,False,False,False,False,False,True
5272,False,False,False,False,False,False,False,True
5273,False,False,False,False,False,False,False,False
5274,False,False,True,True,True,True,True,True
5275,False,False,False,False,False,False,True,True
5276,False,False,False,False,False,False,False,False
5277,False,False,False,False,False,True,True,True
5278,False,False,False,False,False,False,True,True
5279,False,False,False,False,False,False,False,True
5280,False,False,False,False,False,False,False,False
5281,False,False,False,False,False,False,False,False
5282,False,False,False,False,False,True,True,True
5283,False,False,False,False,False,False,False,True
5284,False,False,False,True,True,True,True,True
5285,False,False,False,False,False,False,False,True
5286,False,False,False,False,False,False,False,False
5287,False,False,False,False,False,False,False,False
5288,False,False,False,False,False,True,True,True
5289,False,False,False,False,False,False,True,True
5290,False,False,False,False,False,False,False,False
5291,False,False,False,False,False,False,False,True
5292,False,False,True,True,True,True,True,True
5293,False,False,False,False,False,False,False,False
5294,False,False,False,False,False,False,False,False
5295,False,False,False,False,False,True,True,True
5296,False,False,False,False,False,True,True,True
5297,False,False,False,False,False,False,False,False
5298,False,False,False,False,False,False,False,False
5299,False,False,False,False,False,False,False,False
5300,False,False,False,False,False,False,False,False
5301,False,False,False,False,False,False,False,False
5302,False,False,False,False,False,False,False,True
5303,False,False,False,False,False,False,False,True
5304,False,False,False,False,False,False,False,True
5305,False,False,False,False,True,True,True,True
5306,False,False,False,False,False,False,True,True
5307,False,False,False,False,False,False,False,False
5308,False,False,False,False,False,False,False,False
5309,False,False,False,False,False,False,True,True
5310,False,False,False,False,True,True,True,True
5311,False,False,False,False,False,False,False,False
5312,False,False,False,False,False,False,True,True
5313,False,False,False,False,False,False,False,True
5314,False,False,False,False,False,False,False,False
5315,False,False,False,False,False,False,False,False
5316,True,True,True,True,True,True,True,True
5317,False,False,False,False,False,False,False,False
5318,False,False,False,False,False,True,True,True
5319,True,True,True,True,True,True,True,True
5320,False,False,False,False,True,True,True,True
5321,False,False,False,False,False,True,True,True
5322,False,False,False,False,False,False,False,False
5323,False,False,False,False,False,False,True,True
5324,False,False,False,False,False,False,False,False
5325,False,False,False,False,False,False,False,True
5326,False,False,False,False,False,False,False,False
5327,False,False,False,False,False,False,False,False
5328,False,False,False,False,False,True,True,True
5329,False,False,False,False,False,False,True,True
5330,False,False,False,False,False,False,True,True
5331,False,False,False,False,False,False,True,True
5332,False,False,False,False,True,True,True,True
5333,False,False,False,False,False,True,True,True
5334,False,True,True,True,True,True,True,True
5335,False,False,False,False,False,False,False,False
5336,False,False,False,True,True,True,True,True
5337,False,False,False,False,False,False,False,False
5338,False,False,False,False,False,True,True,True
5339,False,False,False,False,False,False,False,False
5340,False,False,False,False,False,True,True,True
5341,False,False,False,False,False,False,False,False
5342,False,False,False,False,False,False,False,True
5343,False,False,False,False,True,True,True,True
5344,False,False,False,False,False,False,False,False
5345,False,False,False,False,False,False,False,True
5346,False,False,False,False,False,False,False,False
5347,False,False,False,False,True,True,True,True
5348,False,False,False,False,False,False,False,False
5349,False,False,True,True,True,True,True,True
5350,False,False,False,False,False,False,False,False
5351,False,False,False,False,False,False,True,True
5352,False,False,False,False,False,False,False,True
5353,False,False,False,False,True,True,True,True
5354,False,False,False,False,False,False,True,True
5355,False,False,False,False,True,True,True,True
5356,False,False,False,False,False,False,False,False
5357,False,False,False,False,False,False,True,True
5358,False,False,False,False,False,True,True,True
5359,False,False,False,False,False,False,False,True
5360,False,False,False,False,False,False,False,True
5361,False,False,False,False,False,False,False,True
5362,False,False,False,False,False,True,True,True
5363,False,False,False,False,False,False,True,True
5364,False,False,False,False,False,False,False,True
5365,False,False,False,False,False,False,False,False
5366,False,False,False,False,False,False,False,False
5367,False,False,False,False,False,False,True,True
5368,False,False,False,False,False,False,False,True
5369,False,False,False,False,False,False,False,False
5370,True,True,True,True,True,True,True,True
5371,False,False,False,False,False,True,True,True
5372,False,False,False,False,False,True,True,True
5373,False,False,False,False,False,False,True,True
5374,False,False,False,False,False,True,True,True
5375,False,False,False,False,False,False,False,False
5376,False,False,False,False,False,False,True,True
5377,False,False,False,False,False,False,False,False
5378,False,False,False,False,False,False,False,False
5379,False,False,False,False,False,False,False,True
5380,False,False,False,False,False,False,False,True
5381,False,False,False,False,False,False,False,True
5382,False,False,False,False,False,False,True,True
5383,False,False,False,False,False,False,False,True
5384,False,False,False,False,False,False,False,False
5385,False,False,False,False,False,False,False,True
5386,False,False,False,False,False,False,False,False
5387,False,False,False,False,False,True,True,True
5388,False,False,False,False,False,False,False,True
5389,False,False,False,False,False,False,False,True
5390,False,False,False,False,True,True,True,True
5391,False,False,False,False,False,False,False,True
5392,False,False,False,False,False,False,False,True
5393,False,False,False,False,False,False,False,False
5394,False,False,False,False,False,False,False,False
5395,False,False,False,False,False,False,False,True
5396,False,False,False,False,False,False,False,True
5397,False,False,False,False,False,False,False,False
5398,False,False,False,False,False,False,False,False
5399,False,False,False,False,False,False,False,False
5400,False,False,False,False,False,False,False,True
5401,False,False,False,False,False,False,False,True
5402,False,False,False,False,True,True,True,True
5403,False,False,False,False,False,True,True,True
5404,False,False,False,False,False,False,False,False
5405,False,False,False,False,False,False,False,True
5406,False,False,False,False,False,False,False,False
5407,False,False,False,False,False,False,True,True
5408,False,False,False,False,False,False,True,True
5409,True,True,True,True,True,True,True,True
5410,False,False,False,False,False,True,True,True
5411,False,False,False,False,False,False,False,False
5412,False,False,False,False,False,False,True,True
5413,False,False,False,False,False,False,False,False
5414,False,False,False,False,False,False,True,True
5415,False,False,False,False,False,False,False,False
5416,False,False,False,False,False,True,True,True
5417,False,False,False,False,True,True,True,True
5418,False,False,False,False,False,False,False,False
5419,False,False,False,False,False,False,False,True
5420,False,False,False,False,False,False,False,False
5421,False,False,False,False,False,False,False,False
5422,False,False,False,False,False,False,False,False
5423,False,False,False,False,False,False,False,False
5424,True,True,True,True,True,True,True,True
5425,False,False,False,False,False,False,True,True
5426,True,True,True,True,True,True,True,True
5427,True,True,True,True,True,True,True,True
5428,False,False,False,False,False,False,False,True
5429,False,False,False,False,False,False,False,False
5430,False,False,False,False,False,False,False,False
5431,False,False,False,False,False,True,True,True
5432,False,False,False,False,False,False,False,False
5433,False,False,False,False,False,False,False,False
5434,False,False,False,False,False,False,False,True
5435,False,False,False,False,True,True,True,True
5436,False,False,False,False,False,False,False,True
5437,False,False,False,False,False,False,False,False
5438,False,False,False,False,False,False,False,True
5439,False,False,False,False,False,False,False,True
5440,False,False,False,False,False,False,False,False
5441,False,False,False,False,False,False,True,True
5442,False,False,False,False,False,False,False,True
5443,False,False,False,False,False,False,False,False
5444,False,False,False,False,False,False,False,False
5445,False,False,False,False,False,False,False,False
5446,False,False,False,False,False,False,True,True
5447,False,False,False,False,False,False,False,False
5448,False,False,False,False,False,False,False,False
5449,False,False,False,False,False,False,False,True
5450,False,False,False,False,False,True,True,True
5451,False,False,False,False,False,False,False,False
5452,False,False,False,False,False,False,False,False
5453,False,False,True,True,True,True,True,True
5454,False,False,False,False,False,False,False,True
5455,False,False,False,False,False,False,True,True
5456,False,False,False,False,False,False,False,False
5457,False,False,False,False,False,True,True,True
5458,False,False,False,False,False,False,False,False
5459,False,False,False,False,False,True,True,True
5460,False,False,False,False,False,False,False,True
5461,False,False,True,True,True,True,True,True
5462,False,False,False,False,False,False,True,True
5463,False,False,False,False,False,False,False,False
5464,False,False,False,False,False,False,False,False
5465,False,False,False,False,False,True,True,True
5466,False,False,False,False,False,False,True,True
5467,False,False,False,False,False,False,False,False
5468,False,False,False,False,False,False,True,True
5469,False,False,False,False,False,False,False,False
5470,False,False,False,False,False,False,False,True
5471,False,False,False,False,False,False,True,True
5472,False,False,False,False,False,False,False,True
5473,False,False,False,False,False,False,False,True
5474,False,False,False,True,True,True,True,True
5475,False,False,False,True,True,True,True,True
5476,False,False,False,False,False,False,False,True
5477,False,False,False,False,False,False,True,True
5478,False,False,False,False,False,False,False,True
5479,False,False,False,False,False,False,False,False
5480,False,False,False,False,False,False,False,True
5481,False,False,False,False,False,False,False,False
5482,False,False,False,False,False,False,False,False
5483,False,False,False,False,False,False,False,True
5484,True,True,True,True,True,True,True,True
5485,False,False,False,False,False,True,True,True
5486,False,False,False,False,False,False,True,True
5487,False,False,False,False,False,False,False,False
5488,False,False,False,False,False,True,True,True
5489,False,False,False,True,True,True,True,True
5490,False,False,False,False,True,True,True,True
5491,False,False,False,False,True,True,True,True
5492,False,False,False,False,False,False,False,True
5493,False,False,False,False,False,False,False,False
5494,False,False,False,False,False,False,True,True
5495,False,False,True,True,True,True,True,True
5496,False,False,False,False,False,True,True,True
5497,False,False,False,False,False,False,False,False
5498,False,False,False,False,False,False,False,True
5499,False,False,False,False,True,True,True,True
5500,False,False,False,False,False,True,True,True
5501,False,False,False,False,False,False,False,False
5502,False,False,False,False,False,False,False,False
5503,False,False,False,False,False,False,False,False
5504,False,False,False,False,False,False,False,True
5505,False,False,False,False,False,False,False,False
5506,False,False,False,False,False,False,False,True
5507,False,False,False,False,False,False,False,False
5508,False,False,False,False,False,False,False,False
5509,False,False,False,False,False,False,False,True
5510,False,False,False,False,False,True,True,True
5511,False,False,False,False,False,False,True,True
5512,False,False,False,False,False,False,False,False
5513,False,False,False,False,False,False,False,False
5514,False,False,False,False,False,False,False,False
5515,False,False,False,False,False,False,True,True
5516,False,False,False,False,False,False,False,True
5517,False,False,False,False,False,False,False,False
5518,False,False,False,False,False,False,False,True
5519,False,False,False,False,False,True,True,True
5520,False,False,False,False,False,False,False,False
5521,False,False,False,False,False,False,False,False
5522,False,False,False,False,False,False,False,False
5523,False,False,False,False,False,False,True,True
5524,False,False,False,False,False,False,False,False
5525,False,False,False,False,False,False,False,True
5526,False,False,False,False,False,False,False,True
5527,False,False,False,False,False,True,True,True
5528,False,False,False,False,False,True,True,True
5529,False,False,False,False,False,False,False,False
5530,False,False,False,False,False,False,True,True
5531,False,False,False,False,False,False,False,False
5532,False,False,False,False,False,False,False,True
5533,False,False,False,True,True,True,True,True
5534,False,False,False,False,True,True,True,True
5535,False,False,False,False,False,False,False,False
5536,False,False,False,False,False,False,True,True
5537,False,False,False,False,False,False,False,False
5538,False,False,False,False,False,False,True,True
5539,False,False,False,True,True,True,True,True
5540,False,False,False,False,False,False,True,True
5541,False,False,False,False,False,False,False,False
5542,False,False,False,False,False,False,False,True
5543,False,False,False,False,False,False,False,False
5544,False,False,False,False,True,True,True,True
5545,False,False,False,False,False,False,False,False
5546,False,False,True,True,True,True,True,True
5547,False,False,False,False,False,False,False,False
5548,False,False,False,False,False,False,False,True
5549,False,False,False,False,False,False,False,False
5550,False,False,False,False,False,False,False,False
5551,False,False,False,False,False,False,False,True
5552,False,False,False,False,False,False,False,False
5553,False,False,False,False,False,False,True,True
5554,False,False,False,False,False,False,False,False
5555,False,False,False,False,False,False,False,True
5556,False,False,False,False,False,False,False,False
5557,False,False,False,False,False,False,True,True
5558,False,False,False,False,True,True,True,True
5559,False,False,False,False,False,False,False,True
5560,True,True,True,True,True,True,True,True
5561,False,False,False,False,False,False,False,True
5562,False,False,False,False,False,False,True,True
5563,False,False,False,False,False,False,False,True
5564,False,False,False,False,False,False,False,False
5565,False,False,False,False,False,False,True,True
5566,False,False,False,False,True,True,True,True
5567,False,False,False,False,False,True,True,True
5568,False,False,False,False,False,False,False,False
5569,False,False,False,False,False,False,False,False
5570,False,False,True,True,True,True,True,True
5571,False,False,False,False,False,False,False,False
5572,False,False,False,False,False,False,False,False
5573,False,False,False,False,False,False,False,True
5574,False,False,False,False,True,True,True,True
5575,True,True,True,True,True,True,True,True
5576,False,False,False,False,False,False,False,False
5577,False,False,False,False,False,False,False,True
5578,False,False,False,False,False,False,False,True
5579,False,False,False,False,False,False,False,False
5580,False,False,False,False,False,False,True,True
5581,False,False,False,True,True,True,True,True
5582,False,False,False,False,False,False,True,True
5583,False,False,False,False,False,False,False,True
5584,False,False,False,False,False,False,False,False
5585,False,False,False,False,True,True,True,True
5586,False,False,False,False,False,False,False,False
5587,False,False,False,False,False,False,False,True
5588,False,False,False,False,False,False,False,True
5589,False,False,False,False,False,False,False,False
5590,False,False,False,False,False,False,False,False
5591,False,False,False,True,True,True,True,True
5592,False,False,False,True,True,True,True,True
5593,False,False,False,False,False,False,True,True
5594,False,False,False,False,True,True,True,True
5595,False,False,False,False,False,False,False,False
5596,False,False,False,False,False,False,False,False
5597,False,False,False,False,False,False,False,False
5598,False,False,False,False,False,False,False,True
5599,False,False,False,False,False,False,True,True
5600,False,False,False,False,False,False,False,False
5601,False,False,False,False,False,False,False,False
5602,False,False,False,False,False,False,False,True
5603,False,False,True,True,True,True,True,True
5604,False,False,False,False,True,True,True,True
5605,False,False,False,False,False,False,False,False
5606,False,False,False,False,False,False,True,True
5607,False,False,True,True,True,True,True,True
5608,False,False,False,False,False,False,True,True
5609,False,False,False,False,False,True,True,True
5610,False,False,False,False,False,False,False,False
5611,False,False,False,False,False,False,True,True
5612,False,False,False,False,False,False,False,False
5613,False,False,False,False,False,False,True,True
5614,False,False,False,False,False,True,True,True
5615,False,False,False,False,False,False,False,False
5616,False,False,False,False,False,False,True,True
5617,False,False,False,False,False,False,False,False
5618,False,False,False,False,False,False,False,False
5619,False,False,False,False,False,False,True,True
5620,False,False,False,False,False,False,False,True
5621,False,False,False,False,False,False,True,True
5622,False,False,False,False,False,False,True,True
5623,False,False,False,False,False,False,False,False
5624,False,False,False,False,False,False,False,True
5625,False,False,False,False,False,False,False,True
5626,False,False,False,False,False,False,False,True
5627,False,False,False,False,False,False,True,True
5628,False,False,False,False,False,False,False,True
5629,False,False,False,False,False,False,False,True
5630,False,False,False,False,False,False,False,True
5631,False,False,False,False,False,True,True,True
5632,False,False,False,False,False,False,True,True
5633,False,False,False,False,False,False,False,True
5634,True,True,True,True,True,True,True,True
5635,False,False,False,False,False,True,True,True
5636,False,False,False,False,False,True,True,True
5637,False,False,False,False,False,False,False,True
5638,False,False,False,False,False,False,False,False
5639,False,False,False,False,False,False,True,True
5640,False,False,False,False,False,False,False,False
5641,False,False,False,False,False,True,True,True
5642,False,False,False,True,True,True,True,True
5643,False,False,False,False,False,False,False,False
5644,True,True,True,True,True,True,True,True
5645,False,False,False,False,False,False,False,True
5646,False,False,False,False,False,False,True,True
5647,False,False,False,False,False,False,True,True
5648,False,False,False,False,False,False,False,False
5649,False,False,False,False,False,False,False,False
5650,False,False,False,False,False,False,False,False
5651,False,False,False,False,False,False,False,False
5652,False,False,False,False,False,False,False,True
5653,False,False,False,False,False,False,False,False
5654,False,False,False,False,False,False,False,True
5655,False,False,False,False,False,True,True,True
5656,False,False,False,False,False,False,False,True
5657,False,False,False,False,False,False,False,False
5658,False,False,False,False,True,True,True,True
5659,False,False,False,False,False,False,False,False
5660,False,False,False,False,True,True,True,True
5661,False,False,False,False,False,False,False,True
5662,False,False,False,False,False,False,False,True
5663,False,False,False,False,False,False,False,False
5664,False,False,False,False,False,False,False,True
5665,False,False,False,False,False,False,False,True
5666,False,False,False,False,False,False,False,False
5667,False,False,False,True,True,True,True,True
5668,False,False,False,False,False,False,False,True
5669,False,False,True,True,True,True,True,True
5670,False,False,False,False,False,False,False,False
5671,False,False,False,False,False,False,True,True
5672,False,False,False,False,False,False,False,True
5673,False,False,False,True,True,True,True,True
5674,False,False,False,False,False,False,False,True
5675,False,False,False,False,False,False,False,False
5676,True,True,True,True,True,True,True,True
5677,False,False,True,True,True,True,True,True
5678,False,False,False,False,False,False,False,True
5679,False,False,False,False,False,False,False,True
5680,False,False,False,False,False,False,False,True
5681,False,False,False,False,False,False,False,False
5682,False,False,True,True,True,True,True,True
5683,False,False,False,False,False,False,False,False
5684,False,False,False,False,False,False,False,False
5685,False,False,False,False,False,False,False,False
5686,False,False,False,False,False,True,True,True
5687,False,False,False,False,True,True,True,True
5688,False,False,False,False,False,False,False,True
5689,False,False,True,True,True,True,True,True
5690,False,False,False,False,False,False,False,False
5691,False,False,False,False,False,False,False,True
5692,False,False,False,False,False,False,False,False
5693,False,False,False,False,False,False,False,False
5694,False,False,False,False,False,False,False,False
5695,True,True,True,True,True,True,True,True
5696,False,False,False,False,False,False,False,True
5697,False,False,False,False,False,False,False,False
5698,False,False,False,False,False,False,False,False
5699,False,False,False,False,False,False,False,True
5700,False,False,False,False,False,False,False,False
5701,False,False,False,False,False,False,False,True
5702,False,False,False,False,False,True,True,True
5703,False,False,False,False,False,True,True,True
5704,False,False,False,False,False,False,False,False
5705,False,False,False,False,False,False,False,True
5706,False,False,False,False,False,False,False,True
5707,False,False,False,False,False,False,True,True
5708,False,False,False,False,False,False,True,True
5709,False,False,False,False,False,False,True,True
5710,False,False,False,False,False,False,False,True
5711,False,False,False,False,False,False,False,True
5712,False,False,False,False,False,False,False,False
5713,False,False,False,False,False,False,False,False
5714,False,False,False,False,False,True,True,True
5715,False,False,False,False,False,False,False,False
5716,False,False,False,False,False,False,True,True
5717,False,False,False,False,False,False,False,False
5718,False,False,False,True,True,True,True,True
5719,False,False,False,False,False,True,True,True
5720,False,False,False,False,False,False,False,False
5721,False,False,False,False,False,False,True,True
5722,False,False,False,False,False,False,False,True
5723,False,True,True,True,True,True,True,True
5724,False,False,False,False,False,False,False,False
5725,False,False,False,False,False,False,False,False
5726,False,False,False,False,False,False,False,False
5727,False,False,False,False,False,False,False,True
5728,False,False,False,False,False,False,True,True
5729,False,False,False,False,False,False,False,False
5730,False,False,False,False,False,False,False,False
5731,False,False,False,False,False,False,True,True
5732,False,False,False,False,False,False,False,False
5733,False,False,False,False,False,False,False,True
5734,False,False,False,False,False,False,False,True
5735,False,False,False,True,True,True,True,True
5736,False,False,False,True,True,True,True,True
5737,False,False,False,False,False,False,False,True
5738,False,False,False,False,False,False,False,True
5739,False,False,False,True,True,True,True,True
5740,False,False,False,False,False,False,False,False
5741,False,False,False,False,False,False,True,True
5742,False,False,False,False,False,False,True,True
5743,False,False,False,False,False,False,False,True
5744,False,False,False,False,False,True,True,True
5745,False,False,False,False,False,False,False,False
5746,False,False,False,False,True,True,True,True
5747,False,False,False,False,False,False,False,True
5748,False,False,False,False,False,True,True,True
5749,False,False,False,False,False,False,True,True
5750,False,False,False,False,False,False,False,False
5751,False,False,False,False,False,False,False,False
5752,False,False,False,False,False,False,False,False
5753,False,False,False,False,False,False,False,False
5754,False,False,False,False,False,False,True,True
5755,False,False,False,False,False,False,True,True
5756,False,False,False,False,False,False,False,False
5757,False,False,False,False,False,False,False,False
5758,False,False,False,False,False,True,True,True
5759,False,False,False,False,False,False,False,False
5760,False,False,False,False,False,False,True,True
5761,False,False,False,False,False,False,False,True
5762,False,False,False,False,False,False,True,True
5763,False,False,False,False,False,False,False,False
5764,False,False,False,False,False,False,False,False
5765,False,False,False,False,False,False,True,True
5766,False,False,False,False,False,False,False,False
5767,False,False,False,False,False,True,True,True
5768,False,False,False,False,True,True,True,True
5769,False,False,False,False,False,False,True,True
5770,False,False,False,False,False,False,False,False
5771,False,False,False,False,False,False,False,True
5772,False,False,False,False,False,False,False,False
5773,False,False,False,False,False,False,False,False
5774,False,False,False,False,True,True,True,True
5775,False,False,False,False,False,True,True,True
5776,False,False,False,False,True,True,True,True
5777,False,False,False,False,False,False,False,True
5778,False,False,False,False,False,False,False,True
5779,False,False,False,False,False,False,False,True
5780,False,False,False,False,False,False,False,True
5781,False,False,False,False,False,False,False,True
5782,False,False,False,False,False,False,True,True
5783,False,False,False,True,True,True,True,True
5784,False,False,False,False,True,True,True,True
5785,False,False,False,False,False,False,False,True
5786,False,False,False,False,False,False,False,True
5787,False,False,False,False,False,False,False,False
5788,False,False,False,False,False,False,True,True
5789,False,False,False,False,False,False,False,False
5790,False,False,False,False,False,False,True,True
5791,False,False,False,False,False,False,False,False
5792,False,False,False,False,False,False,True,True
5793,False,False,False,True,True,True,True,True
5794,False,False,False,False,False,False,False,False
5795,False,False,False,False,False,False,True,True
5796,False,False,False,False,False,True,True,True
5797,False,False,False,False,False,False,True,True
5798,False,False,False,False,False,False,False,False
5799,False,False,False,False,False,False,False,True
5800,False,False,False,False,False,False,False,False
5801,False,False,False,False,False,False,False,True
5802,False,False,False,False,False,False,False,False
5803,False,False,False,False,False,False,False,False
5804,False,False,False,False,False,False,True,True
5805,False,False,False,False,False,False,False,False
5806,False,False,False,False,False,False,True,True
5807,False,False,False,False,False,False,False,False
5808,False,False,False,False,False,False,False,False
5809,False,False,False,False,False,False,True,True
5810,False,False,False,False,False,False,False,True
5811,False,False,False,False,False,False,False,False
5812,False,False,False,False,False,False,False,False
5813,False,False,False,False,False,True,True,True
5814,False,False,False,False,False,False,False,False
5815,False,False,False,False,False,False,False,True
5816,False,False,False,False,False,False,True,True
5817,False,False,False,False,False,False,False,False
5818,False,False,False,False,False,False,True,True
5819,False,False,True,True,True,True,True,True
5820,False,False,False,False,False,True,True,True
5821,False,False,False,False,False,False,False,False
5822,False,False,False,False,False,False,False,True
5823,False,False,False,False,False,False,False,False
5824,False,False,False,False,False,False,False,True
5825,False,False,False,False,False,False,True,True
5826,False,False,False,False,False,False,False,False
5827,False,False,False,False,False,False,False,True
5828,False,False,False,False,False,False,False,True
5829,False,False,False,False,False,False,False,False
5830,False,False,False,True,True,True,True,True
5831,False,False,False,False,False,True,True,True
5832,False,False,False,False,False,False,False,True
5833,False,False,False,False,False,False,False,False
5834,False,False,False,False,True,True,True,True
5835,False,False,False,False,False,False,False,True
5836,False,False,False,False,False,False,False,True
5837,False,False,False,False,False,False,False,False
5838,False,False,False,False,False,False,False,True
5839,False,False,False,False,False,False,False,True
5840,False,False,False,False,False,False,True,True
5841,False,False,False,False,False,True,True,True
5842,False,False,False,False,False,False,True,True
5843,False,False,False,False,False,True,True,True
5844,False,False,False,False,False,False,False,False
5845,False,False,True,True,True,True,True,True
5846,False,False,False,False,False,False,True,True
5847,False,False,False,False,False,False,False,False
5848,False,False,False,False,False,False,False,True
5849,False,False,False,False,False,False,False,False
5850,False,False,False,False,False,True,True,True
5851,False,False,False,False,True,True,True,True
5852,False,False,False,False,False,False,False,True
5853,False,False,False,False,False,False,False,True
5854,False,False,False,False,False,False,False,False
5855,False,False,False,False,False,False,True,True
5856,False,False,False,False,False,False,False,False
5857,False,False,False,False,False,True,True,True
5858,False,False,False,False,False,False,False,True
5859,False,False,False,False,False,False,False,False
5860,False,False,False,False,False,False,False,True
5861,False,False,False,False,False,False,False,True
5862,False,False,False,False,False,False,True,True
5863,False,False,False,False,False,False,True,True
5864,False,False,False,False,False,False,False,False
5865,False,False,False,True,True,True,True,True
5866,False,False,False,False,False,False,False,False
5867,False,False,False,False,False,False,False,False
5868,False,False,False,False,False,False,True,True
5869,False,False,False,False,False,False,True,True
5870,False,False,False,False,False,False,True,True
5871,False,False,False,False,False,False,False,True
5872,False,False,False,False,True,True,True,True
5873,False,False,False,False,False,False,False,False
5874,True,True,True,True,True,True,True,True
5875,False,False,False,False,False,True,True,True
5876,False,False,False,False,False,False,True,True
5877,False,False,False,False,False,False,False,False
5878,False,False,False,False,False,False,False,False
5879,False,False,False,False,False,False,False,False
5880,False,False,False,False,False,False,False,True
5881,False,False,False,False,False,False,False,False
5882,False,False,False,False,False,False,True,True
5883,False,False,False,False,False,False,False,True
5884,False,False,False,False,False,False,True,True
5885,False,False,False,False,False,False,False,True
5886,False,False,False,False,False,False,False,True
5887,False,False,False,False,False,False,False,False
5888,False,False,False,False,False,False,False,True
5889,False,False,False,False,False,True,True,True
5890,False,False,False,False,True,True,True,True
5891,False,False,False,False,False,False,True,True
5892,False,False,False,False,False,False,True,True
5893,False,False,False,False,False,False,False,False
5894,True,True,True,True,True,True,True,True
5895,False,False,False,False,False,False,False,False
5896,True,True,True,True,True,True,True,True
5897,False,False,False,False,False,False,False,False
5898,False,False,False,False,False,False,False,True
5899,False,False,False,False,False,False,False,True
5900,False,False,False,False,False,False,False,False
5901,False,False,False,False,False,False,True,True
5902,False,False,False,False,False,True,True,True
5903,False,False,False,False,True,True,True,True
5904,False,False,False,False,False,False,False,False
5905,False,False,False,False,False,False,False,True
5906,False,False,False,False,False,False,True,True
5907,False,False,False,False,False,True,True,True
5908,False,False,False,False,True,True,True,True
5909,False,False,False,False,False,False,True,True
5910,False,False,False,False,False,False,False,False
5911,False,False,False,False,False,False,True,True
5912,False,False,False,False,False,False,False,False
5913,False,False,False,False,False,False,False,False
5914,False,False,False,False,False,False,False,False
5915,True,True,True,True,True,True,True,True
5916,False,False,False,False,False,False,False,False
5917,True,True,True,True,True,True,True,True
5918,False,False,False,False,False,False,False,False
5919,False,False,False,False,False,False,False,False
5920,False,False,False,False,False,False,False,False
5921,False,False,True,True,True,True,True,True
5922,False,False,False,False,True,True,True,True
5923,False,False,False,False,False,False,False,False
5924,False,False,False,False,False,False,False,False
5925,False,False,False,False,False,False,True,True
5926,False,True,True,True,True,True,True,True
5927,False,False,False,False,False,False,False,False
5928,False,False,False,True,True,True,True,True
5929,False,False,False,False,False,False,False,False
5930,False,False,False,False,False,False,True,True
5931,False,False,False,False,False,False,False,False
5932,False,False,False,False,False,False,False,False
5933,False,False,False,True,True,True,True,True
5934,False,False,False,False,False,False,False,False
5935,False,False,False,False,False,False,True,True
5936,False,False,False,False,False,False,False,True
5937,False,False,False,False,False,False,False,False
5938,False,False,False,False,False,False,True,True
5939,False,False,False,False,False,False,True,True
5940,False,False,False,False,False,False,False,False
5941,False,False,False,False,False,False,False,False
5942,False,False,False,False,False,False,False,False
5943,False,False,False,False,False,False,True,True
5944,False,False,False,False,False,False,False,False
5945,False,False,False,False,False,False,False,False
5946,False,False,False,False,False,False,False,False
5947,False,False,False,False,False,False,True,True
5948,False,False,False,False,False,False,False,True
5949,False,False,False,False,False,True,True,True
5950,False,False,False,False,False,False,True,True
5951,False,False,False,False,False,False,False,True
5952,False,False,False,False,False,False,False,False
5953,False,False,False,False,True,True,True,True
5954,False,False,False,False,False,False,False,False
5955,False,False,False,False,False,False,False,False
5956,False,False,False,False,False,False,False,False
5957,False,False,False,False,False,False,False,True
5958,False,False,False,False,False,False,True,True
5959,False,False,False,False,False,False,False,False
5960,False,False,False,False,False,False,False,True
5961,False,False,False,False,False,False,False,True
5962,False,False,False,False,True,True,True,True
5963,False,False,False,False,False,False,False,False
5964,False,False,False,True,True,True,True,True
5965,False,False,False,False,False,True,True,True
5966,False,False,False,False,False,False,False,False
5967,False,False,False,False,False,False,False,False
5968,False,False,False,False,False,False,False,True
5969,False,False,False,True,True,True,True,True
5970,False,False,False,False,False,True,True,True
5971,False,False,False,False,False,False,False,False
5972,False,False,False,False,False,False,False,False
5973,False,False,False,False,False,False,False,False
5974,False,False,False,False,False,True,True,True
5975,False,True,True,True,True,True,True,True
5976,False,False,False,False,False,False,True,True
5977,False,False,False,False,False,False,False,False
5978,False,False,False,False,False,False,False,True
5979,False,False,False,False,False,True,True,True
5980,False,True,True,True,True,True,True,True
5981,False,False,False,False,False,False,True,True
5982,False,False,False,False,False,False,True,True
5983,False,False,False,False,False,True,True,True
5984,False,False,False,False,False,False,False,False
5985,False,False,False,False,False,False,False,True
5986,False,False,False,False,False,False,False,True
5987,False,False,False,False,False,False,False,False
5988,False,False,False,False,False,False,False,False
5989,False,False,False,False,False,False,False,False
5990,False,False,False,False,False,False,False,False
5991,False,False,False,False,False,False,False,False
5992,False,False,False,False,False,False,False,True
5993,False,False,False,False,False,False,False,False
5994,True,True,True,True,True,True,True,True
5995,False,False,False,False,False,False,False,True
5996,False,False,False,False,False,False,False,False
5997,False,False,False,False,False,False,False,False
5998,False,False,False,False,False,False,False,False
5999,False,False,False,False,True,True,True,True
6000,False,False,False,False,False,False,False,False
6001,False,False,False,False,False,False,False,False
6002,False,False,False,False,False,False,True,True
6003,False,False,False,False,False,True,True,True
6004,False,False,False,False,False,False,False,False
6005,False,False,False,False,False,True,True,True
6006,False,True,True,True,True,True,True,True
6007,False,False,False,False,False,False,False,True
6008,False,False,False,False,False,False,False,False
6009,False,False,False,False,False,False,False,True
6010,False,False,False,False,False,False,True,True
6011,False,False,False,False,False,False,False,True
6012,False,False,False,False,False,False,False,False
6013,False,False,False,False,False,False,False,True
6014,False,False,False,False,False,False,False,False
6015,False,False,False,False,False,True,True,True
6016,False,False,False,False,False,False,False,False
6017,False,False,False,False,False,False,False,False
6018,False,False,False,False,False,False,False,False
6019,False,False,False,False,False,False,False,False
6020,False,False,False,False,False,False,False,False
6021,False,False,False,False,False,False,False,True
6022,False,False,False,False,False,False,False,True
6023,False,False,False,False,False,False,False,True
6024,False,False,False,False,False,False,False,False
6025,False,False,False,False,False,False,False,False
6026,False,False,False,False,False,False,False,False
6027,False,False,False,False,True,True,True,True
6028,True,True,True,True,True,True,True,True
6029,False,False,False,False,False,False,False,False
6030,False,False,False,False,False,False,False,False
6031,False,False,False,False,False,False,False,False
6032,False,False,False,False,False,False,False,False
6033,False,False,False,False,False,False,False,True
6034,False,False,False,False,False,False,False,False
6035,False,False,False,False,False,False,False,True
6036,False,False,False,False,False,False,False,False
6037,False,False,False,False,False,False,False,True
6038,False,False,False,False,False,False,False,True
6039,False,False,False,False,False,False,False,True
6040,False,False,False,False,False,False,False,True
6041,False,False,False,False,False,False,False,True
6042,False,False,False,False,False,False,False,True
6043,False,False,False,False,False,False,False,True
6044,False,False,False,False,False,False,False,False
6045,False,False,True,True,True,True,True,True
6046,False,False,False,False,False,False,False,True
6047,False,False,False,False,False,False,False,False
6048,False,False,False,False,False,False,False,True
6049,False,False,False,False,False,False,False,True
6050,False,False,False,False,False,False,True,True
6051,False,False,False,False,False,False,True,True
6052,False,False,False,False,False,False,False,True
6053,False,False,False,False,False,False,False,False
6054,False,False,False,False,False,False,False,True
6055,False,False,False,False,True,True,True,True
6056,False,False,False,False,False,False,True,True
6057,False,False,False,False,False,False,False,False
6058,False,False,True,True,True,True,True,True
6059,False,False,False,False,False,False,True,True
6060,False,False,False,False,False,False,False,True
6061,False,False,False,False,False,False,False,False
6062,False,False,False,False,False,False,True,True
6063,False,False,False,False,False,False,False,False
6064,False,False,False,False,False,False,False,False
6065,False,False,False,False,False,False,False,False
6066,False,False,False,False,False,False,False,False
6067,False,False,False,False,False,False,False,True
6068,False,False,False,False,False,False,False,True
6069,False,False,False,True,True,True,True,True
6070,False,False,False,False,False,False,False,True
6071,False,False,False,False,False,False,False,True
6072,False,False,False,False,False,False,True,True
6073,False,False,False,False,False,False,False,True
6074,False,False,False,False,False,False,False,False
6075,False,False,False,False,False,False,False,True
6076,False,False,False,False,False,False,False,True
6077,False,False,False,False,False,False,False,False
6078,False,False,False,False,False,False,True,True
6079,False,False,False,False,False,False,False,False
6080,False,False,False,False,False,True,True,True
6081,False,False,False,False,False,False,False,False
6082,False,False,False,False,False,False,False,False
6083,False,False,False,False,False,False,False,False
6084,False,False,False,False,False,True,True,True
6085,False,False,False,False,False,False,False,False
6086,False,False,False,False,False,True,True,True
6087,False,False,False,False,False,False,False,False
6088,False,False,False,False,False,False,False,False
6089,False,False,False,False,False,False,False,True
6090,False,False,False,False,False,True,True,True
6091,False,False,False,False,False,False,True,True
6092,False,False,False,False,False,False,False,True
6093,True,True,True,True,True,True,True,True
6094,False,False,False,False,False,False,False,True
6095,False,False,False,False,False,False,False,True
6096,False,False,False,False,False,False,False,False
6097,False,False,False,False,False,False,False,False
6098,False,False,False,False,False,False,True,True
6099,False,False,False,False,False,False,False,False
6100,False,False,False,False,False,False,False,True
6101,False,False,False,False,False,False,False,False
6102,False,False,False,False,False,False,False,True
6103,False,False,False,False,False,False,True,True
6104,False,False,False,False,False,False,False,False
6105,False,False,False,False,False,False,False,False
6106,False,False,False,False,False,False,False,True
6107,False,False,False,False,False,False,False,False
6108,False,False,False,False,False,False,False,True
6109,False,False,False,False,False,False,True,True
6110,False,False,False,False,False,False,False,False
6111,False,False,False,False,False,False,False,True
6112,False,False,False,False,False,False,False,False
6113,False,False,False,False,False,False,False,False
6114,False,False,False,False,False,False,False,False
6115,False,False,False,False,False,False,False,False
6116,False,False,False,False,False,False,False,True
6117,False,False,False,False,False,False,False,False
6118,False,False,False,False,False,False,False,True
6119,False,False,False,False,False,False,False,True
6120,False,False,True,True,True,True,True,True
6121,False,False,False,False,False,False,False,False
6122,False,False,False,False,False,False,False,True
6123,False,False,False,False,False,False,False,True
6124,False,False,False,False,False,False,False,False
6125,False,False,False,False,False,False,False,False
6126,False,False,False,False,False,True,True,True
6127,False,False,False,False,False,False,False,True
6128,False,False,False,False,False,True,True,True
6129,False,False,False,False,False,False,False,False
6130,False,False,False,False,False,False,True,True
6131,False,False,False,False,False,False,True,True
6132,False,False,False,False,False,False,False,False
6133,False,False,False,False,False,False,False,False
6134,False,False,False,False,False,False,True,True
6135,False,False,False,False,False,False,False,True
6136,False,False,False,False,False,False,False,False
6137,False,False,False,False,False,False,True,True
6138,False,False,False,False,False,False,True,True
6139,False,False,False,False,False,True,True,True
6140,False,False,False,False,True,True,True,True
6141,False,False,False,False,False,True,True,True
6142,False,False,False,False,False,True,True,True
6143,False,False,False,False,False,False,False,False
6144,False,False,False,False,False,False,False,True
6145,False,False,False,False,False,False,False,False
6146,False,False,True,True,True,True,True,True
6147,False,False,False,False,False,False,False,True
6148,False,False,False,False,False,False,True,True
6149,False,False,False,False,False,False,False,True
6150,False,False,False,False,False,False,True,True
6151,False,False,False,False,False,False,False,True
6152,False,False,False,False,False,False,True,True
6153,False,False,False,False,False,False,False,True
6154,False,False,False,False,False,False,False,False
6155,False,False,False,False,False,False,False,False
6156,False,False,False,False,True,True,True,True
6157,False,False,False,True,True,True,True,True
6158,False,False,False,False,False,False,False,False
6159,False,False,False,False,False,True,True,True
6160,False,False,False,False,False,False,False,False
6161,False,False,False,False,False,False,False,True
6162,False,False,False,False,False,False,False,True
6163,False,False,False,False,False,False,True,True
6164,False,False,False,False,False,False,False,False
6165,False,False,False,False,False,False,False,False
6166,False,False,False,True,True,True,True,True
6167,False,False,False,False,False,False,True,True
6168,False,False,False,False,False,False,True,True
6169,False,False,False,False,False,False,False,False
6170,False,False,False,False,False,False,False,False
6171,False,False,False,False,False,False,False,False
6172,False,False,False,False,False,False,True,True
6173,False,False,False,False,False,False,False,False
6174,False,True,True,True,True,True,True,True
6175,False,False,False,False,False,False,True,True
6176,False,False,False,False,False,False,False,False
6177,False,False,True,True,True,True,True,True
6178,False,False,True,True,True,True,True,True
6179,False,False,False,True,True,True,True,True
6180,False,False,False,False,False,False,False,False
6181,False,False,False,False,False,False,True,True
6182,False,False,False,False,False,False,True,True
6183,False,False,False,False,False,False,False,False
6184,False,False,False,False,False,False,False,False
6185,False,False,False,False,False,False,False,False
6186,False,False,False,False,False,False,False,True
6187,False,False,False,False,False,False,False,True
6188,False,False,False,False,False,False,False,False
6189,False,False,False,False,False,False,False,False
6190,False,False,False,False,False,False,False,True
6191,False,False,False,False,False,False,False,False
6192,False,False,False,False,False,False,False,False
6193,False,True,True,True,True,True,True,True
6194,False,False,False,False,False,True,True,True
6195,False,False,False,False,False,False,True,True
6196,False,False,False,False,False,False,False,False
6197,False,False,False,False,False,False,True,True
6198,False,False,False,False,False,False,False,False
6199,False,False,False,False,False,False,False,True
6200,False,False,False,False,False,False,False,False
6201,False,False,False,False,False,False,False,True
6202,False,False,False,False,False,False,False,False
6203,False,False,False,False,False,False,False,True
6204,False,False,False,False,False,False,False,False
6205,False,False,False,False,False,False,False,False
6206,False,False,False,True,True,True,True,True
6207,True,True,True,True,True,True,True,True
6208,False,False,False,False,False,False,False,False
6209,False,False,False,False,False,False,False,False
6210,False,False,False,False,False,False,False,False
6211,False,True,True,True,True,True,True,True
6212,False,False,False,False,False,True,True,True
6213,False,False,False,False,False,False,False,False
6214,False,False,False,False,False,False,False,False
6215,False,False,False,False,False,False,False,False
6216,False,False,False,False,False,False,False,True
6217,False,False,False,True,True,True,True,True
6218,False,False,False,False,False,False,False,True
6219,False,False,False,False,False,False,True,True
6220,False,False,False,True,True,True,True,True
6221,False,False,False,True,True,True,True,True
6222,False,False,False,False,False,False,False,True
6223,False,False,False,False,False,False,False,True
6224,False,False,False,False,False,False,True,True
6225,False,False,False,False,False,False,False,True
6226,False,False,False,False,False,False,False,False
6227,False,False,False,False,False,False,True,True
6228,False,False,False,False,True,True,True,True
6229,False,False,False,False,False,True,True,True
6230,False,False,False,False,False,False,False,True
6231,False,False,False,False,False,False,False,True
6232,False,False,False,False,False,False,False,False
6233,False,False,False,False,False,False,True,True
6234,False,False,False,False,False,False,False,False
6235,False,False,False,True,True,True,True,True
6236,False,False,False,False,False,False,False,False
6237,False,False,False,False,False,False,False,False
6238,False,False,False,False,False,False,False,False
6239,False,False,False,False,False,False,True,True
6240,False,False,False,False,True,True,True,True
6241,False,False,False,False,False,False,False,False
6242,False,False,False,False,True,True,True,True
6243,False,False,False,False,False,False,False,True
6244,False,False,False,False,False,True,True,True
6245,False,False,False,False,False,False,False,True
6246,False,False,False,False,False,False,True,True
6247,False,False,False,False,False,False,False,False
6248,False,False,False,False,False,False,False,False
6249,False,False,False,True,True,True,True,True
6250,False,False,False,False,False,False,False,True
6251,False,False,False,False,False,False,False,False
6252,False,False,False,False,False,False,False,False
6253,False,False,False,False,False,False,False,True
6254,False,False,False,False,False,False,False,True
6255,False,False,False,False,False,False,True,True
6256,False,False,False,False,False,False,False,True
6257,False,False,False,False,False,False,False,False
6258,False,False,False,False,False,False,False,False
6259,False,False,False,False,False,False,False,True
6260,False,False,False,False,False,False,False,False
6261,False,False,False,False,False,False,False,False
6262,False,False,False,False,True,True,True,True
6263,False,False,False,False,False,False,True,True
6264,False,False,False,False,False,False,True,True
6265,False,False,False,False,False,False,True,True
6266,False,False,False,False,False,False,True,True
6267,False,False,False,False,False,False,False,True
6268,False,False,False,False,False,False,False,True
6269,False,False,False,False,False,False,False,True
6270,False,False,False,True,True,True,True,True
6271,False,False,False,False,False,False,False,True
6272,False,False,False,False,False,False,False,False
6273,False,False,False,False,False,False,False,False
6274,False,False,False,False,False,False,False,True
6275,False,False,False,False,False,False,True,True
6276,False,False,False,False,False,False,False,True
6277,False,False,False,False,False,False,False,False
6278,False,False,False,False,False,False,False,False
6279,False,False,False,False,False,False,False,True
6280,False,False,False,False,False,False,True,True
6281,False,False,False,False,False,False,True,True
6282,False,False,False,False,False,False,True,True
6283,False,False,False,True,True,True,True,True
6284,False,False,False,False,False,False,False,False
6285,False,False,False,False,False,False,True,True
6286,False,False,False,False,False,False,True,True
6287,False,False,False,False,False,False,False,True
6288,False,False,False,False,False,False,False,False
6289,False,False,False,False,True,True,True,True
6290,False,False,False,False,False,False,True,True
6291,False,False,False,False,False,False,False,False
6292,False,False,False,False,False,False,False,True
6293,False,False,False,False,False,False,False,True
6294,False,False,False,True,True,True,True,True
6295,False,False,False,False,True,True,True,True
6296,False,False,False,False,False,False,True,True
6297,False,False,False,False,False,False,False,True
6298,False,False,False,False,False,False,False,False
6299,False,False,False,False,False,False,False,False
6300,False,False,False,False,False,False,False,True
6301,False,False,False,False,False,False,False,True
6302,False,False,False,False,False,False,False,True
6303,False,False,False,False,False,False,False,False
6304,False,False,False,False,False,False,False,False
6305,False,False,False,False,False,False,False,False
6306,False,False,False,False,False,False,True,True
6307,False,False,False,True,True,True,True,True
6308,False,False,False,False,False,False,False,False
6309,False,False,False,True,True,True,True,True
6310,False,False,False,False,False,False,True,True
6311,False,False,False,False,False,True,True,True
6312,False,False,False,False,False,False,True,True
6313,False,False,False,False,False,False,False,False
6314,False,False,False,False,False,False,True,True
6315,False,False,False,False,False,False,True,True
6316,False,False,False,False,False,False,False,True
6317,False,False,False,False,False,False,False,False
6318,False,False,False,False,True,True,True,True
6319,False,False,False,False,False,True,True,True
6320,False,False,False,False,False,False,False,False
6321,False,False,False,True,True,True,True,True
6322,False,False,False,False,False,False,True,True
6323,False,False,False,True,True,True,True,True
6324,False,False,False,False,False,False,False,True
6325,False,False,False,False,False,False,False,False
6326,False,False,False,False,False,False,False,False
6327,False,False,False,False,False,False,False,False
6328,False,False,False,False,False,False,False,False
6329,False,False,False,True,True,True,True,True
6330,False,False,False,False,False,True,True,True
6331,False,False,False,False,False,False,False,False
6332,False,False,False,False,False,False,False,False
6333,False,False,False,False,False,False,False,True
6334,False,False,False,False,False,True,True,True
6335,False,False,False,False,False,False,False,True
6336,False,False,False,False,False,False,True,True
6337,False,False,False,False,False,False,False,False
6338,False,False,False,False,False,False,False,True
6339,False,False,False,False,False,False,True,True
6340,False,False,False,False,False,False,False,False
6341,False,False,False,False,False,False,False,False
6342,False,False,False,False,False,False,False,True
6343,False,False,False,False,False,False,False,False
6344,False,False,False,False,False,False,False,True
6345,False,False,False,False,False,False,False,True
6346,False,False,False,False,False,False,False,False
6347,False,False,False,False,False,False,False,False
6348,False,False,False,False,True,True,True,True
6349,False,False,False,False,False,False,False,False
6350,False,False,False,False,False,False,False,False
6351,False,False,False,False,False,False,False,False
6352,False,False,False,False,False,False,False,False
6353,False,False,False,False,True,True,True,True
6354,False,False,False,False,False,False,False,True
6355,False,False,False,False,False,False,False,False
6356,False,False,False,False,False,False,False,False
6357,False,False,False,False,False,False,True,True
6358,False,False,False,False,False,False,True,True
6359,False,False,False,False,False,False,False,False
6360,False,False,False,False,False,False,False,True
6361,False,False,False,False,False,False,False,False
6362,False,False,False,False,False,False,False,True
6363,False,False,False,False,False,False,False,False
6364,True,True,True,True,True,True,True,True
6365,False,False,False,False,False,False,False,False
6366,False,True,True,True,True,True,True,True
6367,False,False,False,False,False,False,True,True
6368,False,False,False,False,False,False,False,False
6369,False,False,False,False,False,False,True,True
6370,False,False,False,False,False,False,False,False
6371,False,False,False,False,False,False,False,False
6372,False,False,False,False,False,False,True,True
6373,False,False,False,False,False,False,True,True
6374,False,False,False,False,False,False,False,True
6375,False,False,False,False,False,False,False,False
6376,False,False,False,False,False,False,False,True
6377,False,False,False,False,False,False,False,True
6378,False,False,False,False,False,False,True,True
6379,True,True,True,True,True,True,True,True
6380,False,False,False,False,False,False,False,False
6381,False,False,False,False,False,False,False,False
6382,False,False,False,False,False,False,False,False
6383,False,False,False,False,False,False,False,True
6384,False,False,False,False,False,False,False,True
6385,False,False,False,False,True,True,True,True
6386,False,False,False,False,False,False,True,True
6387,False,False,False,False,False,False,False,False
6388,False,False,False,False,False,True,True,True
6389,False,False,False,False,False,False,True,True
6390,False,False,False,False,False,False,False,False
6391,False,False,False,False,True,True,True,True
6392,False,False,True,True,True,True,True,True
6393,False,False,True,True,True,True,True,True
6394,False,False,False,False,False,False,True,True
6395,False,False,False,False,False,False,False,False
6396,False,False,False,False,False,False,False,True
6397,False,False,False,False,False,False,False,True
6398,False,False,False,False,False,False,False,False
6399,False,False,False,False,False,False,False,False
6400,False,False,False,False,False,False,False,True
6401,False,False,False,False,False,False,False,True
6402,False,False,False,False,False,False,False,True
6403,False,False,False,False,False,False,False,False
6404,False,False,False,False,False,False,False,True
6405,False,False,False,False,False,False,False,False
6406,False,False,False,False,False,False,False,True
6407,False,False,False,False,False,False,True,True
6408,False,False,False,False,False,False,False,True
6409,False,False,False,False,False,False,True,True
6410,False,False,False,False,False,False,False,True
6411,False,False,False,False,False,False,False,True
6412,False,False,False,False,False,False,True,True
6413,False,False,False,False,False,False,False,False
6414,False,False,False,False,False,False,False,False
6415,False,False,False,False,False,False,False,False
6416,False,False,False,False,False,False,True,True
6417,False,False,False,False,False,False,False,False
6418,False,False,False,False,False,False,False,False
6419,False,False,False,False,False,False,True,True
6420,False,False,False,False,False,False,True,True
6421,False,False,False,False,False,False,False,True
6422,True,False,False,False,False,False,False,False
6423,False,False,False,False,False,False,False,False
6424,False,False,False,False,False,False,False,True
6425,False,False,False,False,False,False,False,True
6426,False,False,False,True,True,True,True,True
6427,False,False,False,False,False,False,False,False
6428,False,False,False,False,False,False,False,True
6429,False,False,False,False,False,False,False,True
6430,False,False,False,False,False,False,True,True
6431,False,False,False,False,False,False,False,False
6432,False,False,False,False,False,False,False,False
6433,False,False,False,False,False,False,False,False
6434,False,False,False,False,False,False,False,False
6435,False,False,False,False,False,False,False,False
6436,False,False,False,False,False,False,False,False
6437,False,False,False,False,False,False,False,True
6438,False,False,False,False,False,False,False,True
6439,False,False,False,True,True,True,True,True
6440,False,False,False,True,True,True,True,True
6441,False,False,False,False,False,False,False,True
6442,False,False,False,False,True,True,True,True
6443,False,False,False,False,False,False,False,False
6444,False,False,False,False,True,True,True,True
6445,False,False,False,False,False,False,False,False
6446,False,False,False,False,False,False,False,False
6447,False,False,False,False,False,False,False,False
6448,False,False,False,False,False,False,False,True
6449,False,False,False,False,False,False,False,False
6450,False,False,False,False,False,False,True,True
6451,False,False,False,False,False,False,False,True
6452,False,False,False,False,False,False,False,False
6453,False,False,False,False,False,False,False,False
6454,False,False,False,False,False,False,True,True
6455,False,False,False,False,False,False,False,True
6456,False,False,False,False,False,False,True,True
6457,False,False,False,False,False,False,True,True
6458,False,False,False,False,False,False,False,False
6459,False,False,False,False,False,False,False,False
6460,False,False,False,False,False,False,False,False
6461,False,False,False,False,False,False,False,True
6462,False,False,False,False,False,False,False,True
6463,False,False,False,False,False,False,False,False
6464,False,False,False,False,False,False,False,False
6465,False,False,False,False,True,True,True,True
6466,False,False,False,False,False,False,True,True
6467,False,False,False,False,False,False,False,True
6468,False,False,False,False,False,False,False,False
6469,False,False,False,False,False,False,False,True
6470,False,False,False,False,False,False,False,False
6471,False,False,False,False,False,False,False,True
6472,False,False,False,False,False,False,False,False
6473,False,False,False,False,False,False,True,True
6474,False,False,False,False,False,False,False,False
6475,False,False,False,True,True,True,True,True
6476,False,False,False,False,False,False,False,False
6477,False,False,False,False,False,False,False,True
6478,False,False,False,False,False,True,True,True
6479,False,False,False,False,False,False,False,True
6480,False,False,False,False,False,False,False,False
6481,False,False,False,False,False,False,False,False
6482,False,False,False,False,False,False,True,True
6483,False,False,False,False,True,True,True,True
6484,False,False,False,False,False,False,False,False
6485,False,False,False,False,True,True,True,True
6486,False,False,False,False,False,False,False,True
6487,False,False,False,False,False,False,False,True
6488,False,False,False,False,False,False,False,True
6489,False,False,False,False,False,False,False,False
6490,False,False,False,False,False,False,False,True
6491,False,False,False,False,False,False,True,True
6492,False,False,False,False,True,True,True,True
6493,False,False,False,False,True,True,True,True
6494,False,False,False,False,False,False,False,True
6495,False,False,False,False,False,False,False,False
6496,False,False,False,False,False,False,False,False
6497,False,False,False,True,True,True,True,True
6498,False,False,False,False,False,False,False,True
6499,False,False,False,False,False,False,True,True
6500,False,False,False,False,False,False,False,True
6501,False,False,False,False,False,False,False,False
6502,False,False,False,False,False,False,False,False
6503,False,False,False,False,False,False,False,True
6504,False,False,True,True,True,True,True,True
6505,False,False,False,False,False,False,False,True
6506,False,False,False,False,False,False,True,True
6507,False,False,False,False,False,False,False,True
6508,False,False,False,False,False,False,True,True
6509,False,False,False,False,False,True,True,True
6510,False,False,False,False,False,False,False,False
6511,False,False,False,False,False,False,False,False
6512,True,True,True,True,True,True,True,True
6513,False,False,False,False,False,True,True,True
6514,False,False,False,False,False,True,True,True
6515,False,False,False,False,False,False,False,False
6516,False,False,False,False,False,False,True,True
6517,False,False,False,False,False,False,False,True
6518,False,False,False,False,False,False,True,True
6519,False,False,False,False,False,False,False,True
6520,False,False,False,False,False,False,False,False
6521,False,False,False,False,True,True,True,True
6522,False,False,False,False,False,False,False,False
6523,False,False,False,False,False,False,False,True
6524,False,False,False,False,False,False,False,True
6525,False,False,False,False,False,False,False,False
6526,False,False,False,False,False,True,True,True
6527,False,False,False,False,False,True,True,True
6528,False,False,False,False,False,False,False,False
6529,False,False,True,True,True,True,True,True
6530,False,False,False,False,False,False,False,False
6531,False,False,False,False,False,True,True,True
6532,False,False,False,False,False,False,False,False
6533,False,False,False,False,True,True,True,True
6534,False,False,False,False,False,False,True,True
6535,False,False,False,False,False,False,False,False
6536,False,False,False,False,False,True,True,True
6537,False,False,False,False,False,False,False,False
6538,False,False,False,False,False,False,False,True
6539,False,False,False,False,False,True,True,True
6540,False,False,False,False,True,True,True,True
6541,False,False,False,False,False,False,False,False
6542,False,False,False,False,True,True,True,True
6543,False,False,False,False,False,False,False,True
6544,False,False,False,False,False,False,False,False
6545,False,False,False,False,False,False,False,False
6546,False,False,False,False,False,False,False,False
6547,False,False,False,False,False,False,False,True
6548,False,False,False,False,False,False,False,False
6549,False,False,False,True,True,True,True,True
6550,False,False,False,False,False,False,False,False
6551,False,False,False,False,False,False,False,True
6552,False,False,False,False,False,False,False,True
6553,False,False,False,False,False,False,True,True
6554,False,False,False,False,False,True,True,True
6555,False,False,False,False,False,False,False,True
6556,False,False,False,False,False,True,True,True
6557,False,False,False,False,False,False,False,False
6558,False,False,False,False,False,False,False,True
6559,False,True,True,True,True,True,True,True
6560,False,False,False,False,False,False,False,False
6561,False,False,False,False,False,False,False,False
6562,False,False,False,False,False,False,False,True
6563,False,False,False,False,False,False,True,True
6564,False,False,False,False,False,False,True,True
6565,False,False,False,False,False,False,True,True
6566,False,False,False,False,False,False,False,True
6567,False,False,False,False,False,False,False,False
6568,False,False,False,False,False,False,True,True
6569,False,False,False,False,False,False,False,True
6570,False,False,False,False,False,False,False,False
6571,False,False,False,False,False,False,False,False
6572,False,False,False,False,False,False,False,False
6573,False,False,False,False,False,False,False,False
6574,False,False,False,False,False,False,False,False
6575,False,False,False,False,False,False,True,True
6576,False,False,False,False,True,True,True,True
6577,False,False,False,False,False,False,False,False
6578,False,False,False,False,False,False,False,False
6579,False,False,False,False,False,False,False,True
6580,False,False,False,False,False,False,False,False
6581,False,False,False,False,False,False,True,True
6582,False,False,False,False,True,True,True,True
6583,False,False,False,False,False,False,False,False
6584,False,False,False,False,False,False,False,False
6585,False,False,False,False,False,False,False,True
6586,False,False,False,False,False,True,True,True
6587,False,False,False,False,False,False,False,False
6588,False,False,True,True,True,True,True,True
6589,False,False,False,False,False,False,False,False
6590,False,False,False,False,False,True,True,True
6591,False,False,False,False,False,False,True,True
6592,False,False,False,False,True,True,True,True
6593,False,False,False,False,False,False,False,False
6594,False,False,False,False,True,True,True,True
6595,False,False,False,False,False,False,True,True
6596,False,False,False,False,False,False,False,True
6597,False,False,False,False,False,False,False,False
6598,False,False,False,False,False,True,True,True
6599,False,False,False,False,False,False,True,True
6600,False,False,False,False,False,True,True,True
6601,False,False,False,False,False,False,False,True
6602,True,True,True,True,True,True,True,True
6603,False,False,False,False,False,False,False,True
6604,True,True,True,True,True,True,True,True
6605,False,False,False,False,False,False,False,True
6606,False,False,False,False,False,False,False,True
6607,False,False,False,True,True,True,True,True
6608,False,False,False,False,False,False,False,False
6609,False,False,False,False,False,False,False,False
6610,False,False,False,False,False,False,True,True
6611,False,False,False,False,False,False,False,True
6612,False,False,False,True,True,True,True,True
6613,False,False,False,False,False,False,False,False
6614,False,False,False,False,False,False,False,False
6615,False,True,True,True,True,True,True,True
6616,False,False,False,False,False,False,False,True
6617,False,False,False,False,False,False,False,False
6618,False,False,False,False,False,False,False,False
6619,False,False,False,False,False,False,False,True
6620,False,False,False,False,False,False,False,False
6621,False,False,False,False,False,False,False,True
6622,False,False,False,False,False,False,False,False
6623,False,False,False,False,False,False,False,True
6624,False,False,False,False,False,False,False,False
6625,False,False,False,False,False,False,False,False
6626,False,False,False,False,False,False,True,True
6627,False,False,False,False,False,False,False,False
6628,False,False,False,False,False,False,False,True
6629,False,False,False,False,False,False,False,False
6630,False,False,False,False,False,False,False,False
6631,False,False,False,False,False,False,False,False
6632,False,False,False,False,True,True,True,True
6633,False,False,False,False,False,False,True,True
6634,False,False,False,False,False,False,True,True
6635,False,False,False,False,False,False,False,False
6636,False,False,False,False,False,False,True,True
6637,False,False,False,False,False,False,True,True
6638,False,False,False,False,False,False,False,False
6639,False,False,False,False,False,False,False,True
6640,False,False,False,False,False,False,False,True
6641,False,False,False,False,False,False,False,False
6642,False,False,False,False,False,False,False,False
6643,False,False,False,False,False,False,False,False
6644,False,False,False,False,False,False,False,False
6645,False,False,False,False,False,True,True,True
6646,False,False,False,False,False,False,False,True
6647,False,False,False,False,False,False,False,True
6648,False,False,False,False,True,True,True,True
6649,False,False,False,False,True,True,True,True
6650,False,False,False,False,False,False,False,False
6651,False,False,False,True,True,True,True,True
6652,False,False,False,False,False,False,False,False
6653,False,False,False,False,False,False,False,True
6654,False,False,False,False,False,False,True,True
6655,False,False,False,False,False,False,False,False
6656,False,False,False,False,False,False,False,True
6657,False,False,False,False,False,False,False,False
6658,False,False,False,False,False,False,False,False
6659,False,False,False,False,False,False,False,False
6660,False,False,False,False,False,False,False,True
6661,True,True,True,True,True,True,True,True
6662,False,False,False,False,False,False,False,True
6663,False,False,False,False,False,False,False,False
6664,False,False,False,False,False,False,True,True
6665,False,False,False,True,True,True,True,True
6666,False,False,False,False,False,False,False,True
6667,False,False,False,False,False,True,True,True
6668,False,False,False,False,False,True,True,True
6669,False,False,False,False,False,False,True,True
6670,False,False,True,True,True,True,True,True
6671,False,False,False,False,False,False,False,True
6672,False,False,False,False,False,False,True,True
6673,False,False,True,True,True,True,True,True
6674,False,False,False,False,False,False,True,True
6675,False,False,False,False,False,False,False,False
6676,False,False,False,False,False,False,False,True
6677,False,False,False,False,False,True,True,True
6678,False,False,False,False,False,False,False,False
6679,False,False,False,False,False,False,False,True
6680,False,False,False,False,False,False,False,False
6681,False,False,False,False,False,False,False,False
6682,False,False,False,False,False,False,False,True
6683,False,False,False,False,True,True,True,True
6684,False,False,False,False,False,False,False,False
6685,False,False,False,False,False,False,False,True
6686,False,False,False,False,False,False,False,False
6687,False,False,False,False,False,True,True,True
6688,False,False,False,False,False,False,False,False
6689,False,False,False,False,False,True,True,True
6690,False,False,False,False,False,False,False,False
6691,False,False,False,False,False,False,False,False
6692,False,False,False,False,False,False,False,False
6693,False,False,False,False,False,False,False,False
6694,False,False,False,False,False,False,True,True
6695,False,False,False,False,False,False,False,False
6696,False,False,False,False,False,False,False,False
6697,False,False,False,False,False,True,True,True
6698,False,False,False,False,True,True,True,True
6699,False,False,False,False,False,False,False,True
6700,False,False,False,False,False,False,False,False
6701,False,False,False,False,False,False,True,True
6702,False,False,False,False,False,False,True,True
6703,False,False,False,False,False,False,False,True
6704,False,False,False,False,False,False,False,False
6705,False,False,False,False,False,False,False,True
6706,False,False,False,False,False,False,False,True
6707,False,False,False,False,False,False,False,False
6708,False,False,False,False,False,False,False,False
6709,False,False,False,False,False,False,False,False
6710,False,False,False,False,False,False,True,True
6711,True,True,True,True,True,True,True,True
6712,False,False,True,True,True,True,True,True
6713,False,False,False,False,False,False,False,False
6714,False,False,False,False,False,False,False,False
6715,False,False,False,False,False,False,False,False
6716,False,False,False,False,False,False,False,True
6717,False,False,False,False,False,False,False,False
6718,False,False,False,False,False,True,True,True
6719,False,False,False,False,False,False,False,False
6720,False,False,False,False,False,False,False,False
6721,False,False,False,False,False,False,False,True
6722,False,False,False,False,False,False,False,False
6723,False,False,False,False,False,False,False,True
6724,False,False,False,False,False,True,True,True
6725,False,False,False,True,True,True,True,True
6726,False,False,False,False,False,False,False,True
6727,False,False,False,False,False,False,False,False
6728,False,False,False,False,False,False,False,False
6729,False,False,False,False,False,False,False,True
6730,False,False,False,False,False,False,False,False
6731,False,False,False,False,False,True,True,True
6732,False,False,False,True,True,True,True,True
6733,False,False,False,False,False,True,True,True
6734,False,False,False,False,False,False,False,False
6735,False,False,False,False,False,False,True,True
6736,False,False,False,False,False,True,True,True
6737,False,False,False,False,False,False,False,False
6738,False,False,False,False,False,False,False,False
6739,False,False,False,False,False,True,True,True
6740,False,False,True,True,True,True,True,True
6741,False,False,False,False,False,False,False,True
6742,False,False,False,False,False,False,False,False
6743,False,False,False,False,False,True,True,True
6744,False,False,False,False,False,False,False,True
6745,False,False,False,False,False,False,False,True
6746,False,False,False,False,False,False,False,False
6747,False,False,False,False,False,False,True,True
6748,False,False,False,False,False,False,False,True
6749,False,False,False,False,False,False,False,False
6750,False,False,False,False,False,False,False,False
6751,False,False,False,False,False,False,True,True
6752,False,False,False,False,False,False,False,True
6753,False,False,False,False,False,False,True,True
6754,False,False,False,False,False,False,True,True
6755,False,False,False,False,False,False,True,True
6756,False,False,False,False,False,False,True,True
6757,False,False,False,False,False,False,False,False
6758,False,False,False,False,False,False,False,True
6759,False,False,False,False,False,False,True,True
6760,False,False,True,True,True,True,True,True
6761,False,False,False,False,False,True,True,True
6762,False,False,False,False,False,False,False,False
6763,False,False,False,False,False,False,False,False
6764,False,False,False,False,False,False,False,True
6765,False,False,False,False,False,False,False,True
6766,False,False,False,False,False,False,True,True
6767,False,False,False,False,False,False,False,False
6768,False,False,False,False,False,False,True,True
6769,False,False,False,False,False,False,False,True
6770,False,False,False,False,False,False,False,False
6771,False,False,False,False,False,False,True,True
6772,False,False,False,False,True,True,True,True
6773,False,False,False,False,False,False,False,False
6774,False,False,False,False,False,False,False,False
6775,False,False,False,False,False,False,False,False
6776,False,False,False,False,False,False,False,False
6777,False,False,False,False,False,False,False,False
6778,False,False,False,False,False,False,False,False
6779,False,False,False,False,False,False,True,True
6780,False,False,False,False,False,False,False,True
6781,False,False,False,False,False,False,False,False
6782,False,False,False,False,False,False,False,False
6783,False,False,False,False,False,False,False,False
6784,False,False,False,False,False,False,False,False
6785,False,False,False,False,False,True,True,True
6786,False,False,False,False,False,False,False,False
6787,False,False,False,False,False,False,False,True
6788,False,False,False,False,False,False,False,False
6789,False,True,True,True,True,True,True,True
6790,False,False,False,False,True,True,True,True
6791,False,False,False,False,False,False,False,False
6792,False,False,False,False,False,False,False,True
6793,False,False,False,False,False,False,False,True
6794,False,False,False,False,False,False,False,False
6795,False,False,False,False,False,False,False,False
6796,False,False,False,False,False,False,False,True
6797,False,False,False,False,False,False,False,True
6798,False,False,False,False,False,False,False,True
6799,False,False,False,False,False,True,True,True
6800,False,False,False,False,False,False,True,True
6801,False,False,False,False,False,False,False,False
6802,False,False,False,False,False,False,True,True
6803,False,False,False,False,True,True,True,True
6804,False,False,False,False,False,False,False,False
6805,False,False,False,False,False,False,True,True
6806,False,False,False,False,False,False,False,True
6807,False,False,False,False,False,False,False,False
6808,False,False,False,False,False,False,True,True
6809,False,False,False,False,False,False,False,True
6810,False,False,False,False,False,False,False,False
6811,False,False,True,True,True,True,True,True
6812,False,False,False,False,False,False,False,False
6813,False,False,False,False,False,False,False,True
6814,False,False,False,False,False,False,False,True
6815,False,False,False,False,False,False,False,False
6816,False,False,False,False,False,False,False,False
6817,False,False,False,False,True,True,True,True
6818,False,False,False,False,False,False,False,True
6819,False,False,False,False,False,False,False,True
6820,False,False,False,False,True,True,True,True
6821,False,False,False,False,False,True,True,True
6822,False,False,False,False,False,False,False,False
6823,False,False,False,False,False,False,False,True
6824,False,False,False,False,False,False,False,True
6825,False,False,False,False,False,False,False,False
6826,False,False,False,False,False,False,False,True
6827,False,False,False,False,False,False,False,False
6828,False,False,False,False,False,False,True,True
6829,False,False,False,False,False,False,False,False
6830,False,False,False,False,False,False,False,False
6831,False,False,False,False,False,False,True,True
6832,False,False,False,True,True,True,True,True
6833,False,False,False,False,False,False,False,True
6834,False,False,False,False,False,True,True,True
6835,True,True,True,True,True,True,True,True
6836,False,False,False,False,False,False,True,True
6837,False,False,False,False,False,False,False,True
6838,False,False,False,False,True,True,True,True
6839,False,False,False,True,True,True,True,True
6840,False,False,False,False,False,False,False,True
6841,False,False,False,True,True,True,True,True
6842,False,False,False,False,False,False,False,False
6843,False,False,True,True,True,True,True,True
6844,False,False,False,False,False,False,False,False
6845,False,False,False,False,False,False,True,True
6846,False,False,False,False,False,False,False,True
6847,False,False,False,False,True,True,True,True
6848,False,False,False,False,False,True,True,True
6849,False,False,False,False,False,False,True,True
6850,False,False,False,False,False,False,True,True
6851,False,False,False,False,False,False,False,True
6852,False,False,False,False,False,False,True,True
6853,False,False,False,False,False,False,False,False
6854,False,False,False,False,False,False,False,False
6855,False,False,False,False,False,False,False,False
6856,False,False,False,False,False,False,False,False
6857,False,False,False,False,False,False,False,False
6858,False,False,False,False,False,False,False,False
6859,False,False,False,False,False,False,True,True
6860,True,True,True,True,True,True,True,True
6861,False,False,False,False,False,False,False,True
6862,False,False,False,False,False,True,True,True
6863,False,False,False,False,False,False,False,True
6864,False,False,False,False,False,False,False,True
6865,False,False,False,False,False,False,False,False
6866,False,False,True,True,True,True,True,True
6867,False,False,False,False,True,True,True,True
6868,False,False,False,False,False,True,True,True
6869,False,False,False,False,False,False,False,False
6870,False,False,False,False,False,False,False,False
6871,False,False,False,False,False,False,False,True
6872,False,False,False,True,True,True,True,True
6873,False,False,False,False,False,False,False,False
6874,False,False,False,False,False,False,False,False
6875,False,False,False,False,False,False,False,False
6876,False,False,False,False,False,False,False,False
6877,False,False,False,False,False,False,False,True
6878,False,False,False,False,False,False,True,True
6879,False,False,False,False,True,True,True,True
6880,False,False,False,False,False,False,False,False
6881,False,False,False,False,False,False,False,False
6882,False,False,False,False,False,False,False,False
6883,False,False,False,False,False,False,False,False
6884,False,False,False,False,False,False,False,True
6885,False,True,True,True,True,True,True,True
6886,False,False,False,False,True,True,True,True
6887,False,False,False,False,False,False,False,False
6888,False,False,False,False,False,False,False,True
6889,False,False,False,False,False,False,False,True
6890,False,False,False,False,False,False,False,False
6891,False,False,False,False,False,False,False,False
6892,False,False,False,False,False,False,False,True
6893,False,False,False,False,False,False,True,True
6894,False,False,False,False,False,False,False,True
6895,False,False,False,False,False,False,False,True
6896,False,False,False,False,False,False,False,False
6897,False,False,False,False,False,False,True,True
6898,False,False,False,False,False,False,False,False
6899,False,False,False,True,True,True,True,True
6900,False,False,False,False,False,False,False,True
6901,False,False,False,False,False,False,False,False
6902,False,False,False,False,False,False,False,True
6903,False,False,False,False,False,False,False,False
6904,False,False,False,False,False,False,False,False
6905,False,False,False,False,False,False,False,False
6906,False,False,False,False,False,False,False,True
6907,False,False,False,False,False,False,False,True
6908,False,False,False,False,False,False,True,True
6909,False,False,False,False,False,True,True,True
6910,False,False,False,False,False,False,False,False
6911,False,False,False,False,False,False,False,False
6912,False,False,False,False,False,False,False,False
6913,False,False,False,True,True,True,True,True
6914,False,False,False,False,False,False,True,True
6915,False,False,False,False,False,False,False,False
6916,False,False,False,False,False,False,False,False
6917,False,False,False,False,False,False,False,True
6918,False,False,False,False,False,False,False,False
6919,False,False,False,False,False,False,True,True
6920,False,False,False,False,False,False,False,True
6921,False,False,False,False,False,False,True,True
6922,False,False,False,False,False,False,True,True
6923,False,False,False,False,False,False,True,True
6924,False,False,False,False,False,False,False,False
6925,False,False,False,False,False,False,False,True
6926,False,False,False,False,False,True,True,True
6927,False,False,False,False,False,False,True,True
6928,False,False,False,False,False,False,False,False
6929,False,False,False,False,False,False,False,False
6930,False,False,False,False,False,False,True,True
6931,False,False,False,False,False,False,True,True
6932,False,False,False,False,False,False,False,False
6933,False,False,False,False,False,False,False,True
6934,False,False,False,False,False,False,False,True
6935,False,False,False,False,False,False,True,True
6936,False,False,False,False,False,False,True,True
6937,False,False,False,False,False,False,False,False
6938,False,False,False,False,False,False,True,True
6939,False,False,False,False,True,True,True,True
6940,False,False,False,True,True,True,True,True
6941,False,False,False,False,False,False,False,False
6942,False,False,False,False,False,False,True,True
6943,False,False,False,False,False,False,False,False
6944,False,False,False,False,False,False,True,True
6945,False,False,False,True,True,True,True,True
6946,False,False,False,False,False,False,False,False
6947,False,False,False,False,False,False,False,True
6948,False,False,False,False,False,False,False,False
6949,False,False,False,False,False,True,True,True
6950,False,False,False,False,False,False,True,True
6951,False,False,False,False,True,True,True,True
6952,False,False,False,True,True,True,True,True
6953,False,False,False,False,False,False,False,False
6954,False,False,False,False,False,False,False,False
6955,False,False,False,True,True,True,True,True
6956,False,False,False,False,False,False,False,False
6957,False,False,False,True,True,True,True,True
6958,False,False,False,True,True,True,True,True
6959,False,True,True,True,True,True,True,True
6960,False,False,False,False,False,False,False,True
6961,False,False,False,False,False,False,False,False
6962,False,False,False,False,False,False,False,False
6963,False,False,False,False,False,False,False,False
6964,False,False,False,False,False,False,False,True
6965,False,False,False,False,False,False,True,True
6966,False,False,False,False,False,False,False,False
6967,False,False,False,False,False,False,True,True
6968,False,False,False,False,False,False,False,True
6969,False,False,False,False,False,False,True,True
6970,False,False,False,False,False,False,False,False
6971,False,False,False,False,False,False,False,False
6972,False,False,False,False,False,False,False,True
6973,False,False,False,False,False,False,False,False
6974,False,False,False,False,False,False,False,True
6975,False,False,False,False,False,False,False,True
6976,False,False,False,False,False,False,False,True
6977,False,False,False,False,False,False,False,False
6978,False,False,False,False,True,True,True,True
6979,False,False,False,False,False,False,False,True
6980,False,False,False,False,False,False,False,False
6981,False,False,False,False,False,False,True,True
6982,False,False,False,False,False,False,False,False
6983,False,False,False,False,False,False,False,True
6984,False,False,False,False,True,True,True,True
6985,False,False,False,True,True,True,True,True
6986,False,False,False,False,False,False,False,True
6987,False,False,False,False,False,False,False,True
6988,False,False,False,False,False,False,False,True
6989,False,False,False,False,True,True,True,True
6990,False,False,False,False,False,False,False,False
6991,False,False,False,False,False,False,True,True
6992,False,False,False,False,False,False,False,True
6993,False,False,False,False,False,False,False,True
6994,False,False,False,False,False,False,False,False
6995,False,False,False,False,False,False,False,False
6996,False,False,False,False,False,False,False,False
6997,False,False,False,False,False,False,False,False
6998,False,False,False,False,False,False,False,True
6999,False,False,False,False,False,False,True,True
7000,False,False,False,False,False,False,False,False
7001,False,False,False,False,False,False,False,True
7002,False,False,False,False,False,False,False,False
7003,False,False,False,False,False,False,False,False
7004,False,False,False,False,False,False,False,False
7005,False,False,False,False,False,False,False,False
7006,False,False,False,False,False,False,False,False
7007,False,False,False,False,False,False,False,False
7008,False,False,False,False,False,False,False,False
7009,False,False,False,False,False,False,False,False
7010,False,False,False,False,False,False,False,True
7011,False,False,False,False,False,False,False,True
7012,False,False,False,False,False,False,False,False
7013,False,False,False,False,False,False,False,False
7014,False,False,False,False,False,False,True,True
7015,False,False,False,False,False,False,True,True
7016,False,False,False,False,False,False,False,True
7017,False,False,False,False,False,False,False,True
7018,False,False,False,False,False,False,False,False
7019,False,False,False,False,False,False,False,True
7020,False,False,False,False,False,False,False,False
7021,False,False,False,False,False,False,True,True
7022,False,False,False,False,False,False,False,False
7023,False,False,False,False,False,False,False,True
7024,False,False,False,False,False,False,True,True
7025,False,False,False,False,False,False,True,True
7026,False,False,False,False,False,False,False,True
7027,False,False,False,False,False,False,False,False
7028,False,False,False,False,False,False,False,True
7029,False,False,False,False,False,False,True,True
7030,False,False,False,False,False,False,False,True
7031,False,False,False,False,False,False,True,True
7032,False,False,False,False,False,False,True,True
7033,False,False,False,False,False,False,True,True
7034,False,False,False,False,False,False,False,True
7035,False,False,False,False,False,True,True,True
7036,False,False,False,False,False,False,False,False
7037,False,False,False,False,False,False,False,True
7038,False,False,False,False,True,True,True,True
7039,False,False,False,False,False,False,True,True
7040,False,False,False,False,True,True,True,True
7041,False,False,False,False,False,False,False,False
7042,False,False,False,False,False,False,False,False
7043,False,False,False,False,False,False,False,True
7044,False,False,False,False,False,False,False,False
7045,False,False,False,False,False,False,True,True
7046,False,False,False,False,False,False,False,False
7047,False,False,False,False,False,False,False,False
7048,False,False,False,False,False,False,False,True
7049,False,False,False,False,False,False,False,False
7050,False,False,False,False,False,True,True,True
7051,False,False,False,False,False,False,True,True
7052,False,False,False,False,False,False,False,True
7053,False,False,False,False,False,False,False,False
7054,False,False,False,False,False,False,False,False
7055,False,False,False,False,False,False,False,True
7056,False,False,False,False,False,False,False,False
7057,False,False,False,False,True,True,True,True
7058,False,False,False,False,False,True,True,True
7059,False,False,False,False,False,False,False,False
7060,False,False,False,False,False,False,True,True
7061,False,False,False,False,False,False,False,True
7062,False,False,False,False,False,False,True,True
7063,False,False,False,False,False,False,False,False
7064,False,False,False,False,False,False,False,False
7065,False,False,False,False,False,False,False,False
7066,False,False,False,False,False,False,False,True
7067,False,False,False,False,False,False,False,True
7068,False,False,False,False,False,False,True,True
7069,False,False,False,False,False,False,False,False
7070,False,False,False,False,False,True,True,True
7071,False,False,False,False,False,False,False,True
7072,False,False,False,False,False,False,False,False
7073,False,False,False,False,False,False,False,False
7074,False,False,False,False,False,False,False,False
7075,False,False,False,False,False,False,False,False
7076,False,False,False,False,False,False,False,False
7077,False,False,False,False,True,True,True,True
7078,False,False,False,False,False,False,False,False
7079,False,False,False,False,False,False,False,False
7080,False,False,True,True,True,True,True,True
7081,False,True,True,True,True,True,True,True
7082,False,False,False,False,False,False,True,True
7083,False,False,False,False,False,False,False,False
7084,False,False,False,False,False,False,False,False
7085,False,False,False,False,False,False,False,True
7086,False,False,False,False,False,False,True,True
7087,False,False,False,False,False,False,True,True
7088,False,False,False,False,False,True,True,True
7089,False,False,False,False,False,False,False,True
7090,False,False,False,False,False,False,True,True
7091,False,False,False,False,False,False,False,True
7092,False,False,False,False,False,True,True,True
7093,False,False,False,False,False,False,False,False
7094,False,False,False,False,False,False,False,False
7095,False,False,False,False,False,False,False,True
7096,False,False,False,False,False,False,False,True
7097,False,False,False,False,False,True,True,True
7098,False,False,False,False,False,False,False,False
7099,False,False,False,False,False,True,True,True
7100,False,False,False,False,False,True,True,True
7101,False,False,False,False,False,False,False,False
7102,False,False,False,False,False,False,False,False
7103,False,False,False,False,False,True,True,True
7104,False,False,False,False,False,False,False,False
7105,False,False,False,False,True,True,True,True
7106,False,False,False,False,False,False,False,False
7107,False,False,False,False,False,False,False,True
7108,False,False,False,False,False,False,False,False
7109,False,False,False,False,False,False,False,False
7110,False,False,False,False,False,False,True,True
7111,False,False,False,False,False,False,False,True
7112,False,False,False,False,False,False,False,True
7113,False,False,False,False,False,False,False,False
7114,False,False,False,False,False,True,True,True
7115,False,False,False,False,False,True,True,True
7116,False,False,False,False,False,False,False,False
7117,False,False,False,False,False,False,False,True
7118,False,False,False,False,False,False,True,True
7119,False,False,False,False,False,False,False,False
7120,False,False,False,False,False,False,False,False
7121,False,False,False,False,False,False,False,False
7122,False,False,False,False,False,False,False,True
7123,False,False,False,False,False,False,False,True
7124,False,False,False,False,False,False,False,True
7125,False,False,False,False,False,False,False,False
7126,False,False,False,False,False,False,False,False
7127,False,False,False,False,False,False,False,False
7128,False,False,False,False,False,False,False,False
7129,False,False,False,False,False,False,False,True
7130,False,False,False,False,False,False,False,True
7131,False,False,False,False,False,False,False,False
7132,False,False,False,False,False,False,False,False
7133,False,False,False,False,False,False,False,False
7134,False,False,False,False,False,False,False,False
7135,False,False,False,False,False,True,True,True
7136,False,False,False,False,False,False,False,True
7137,False,False,False,False,False,False,False,False
7138,False,False,False,False,True,True,True,True
7139,False,False,False,False,False,True,True,True
7140,False,False,False,False,False,False,False,False
7141,False,False,False,False,False,False,True,True
7142,False,False,False,False,False,False,False,False
7143,False,False,False,True,True,True,True,True
7144,False,False,False,False,False,False,False,True
7145,False,False,False,False,False,False,False,True
7146,False,False,False,False,False,False,True,True
7147,False,False,False,False,False,False,False,False
7148,False,False,False,False,False,False,False,False
7149,False,False,False,False,False,False,False,True
7150,False,False,False,False,True,True,True,True
7151,False,False,False,False,False,False,False,False
7152,False,False,False,False,False,False,True,True
7153,False,False,False,False,False,True,True,True
7154,False,False,False,False,False,False,False,True
7155,False,False,False,False,False,False,False,True
7156,False,False,False,False,False,False,False,False
7157,False,False,False,False,False,False,False,True
7158,False,False,False,False,False,False,False,False
7159,False,False,False,False,False,False,False,False
7160,False,False,False,False,False,False,True,True
7161,False,False,False,False,False,False,True,True
7162,False,False,False,False,False,False,False,True
7163,False,False,False,False,False,False,False,True
7164,False,False,False,False,False,False,False,False
7165,False,False,False,False,False,False,True,True
7166,False,False,False,False,False,False,True,True
7167,False,False,False,False,False,False,False,True
7168,False,False,False,False,False,False,False,True
7169,False,False,False,False,False,False,False,False
7170,False,False,False,False,False,False,True,True
7171,False,False,False,False,False,False,False,True
7172,False,False,False,False,False,False,True,True
7173,False,False,False,False,False,True,True,True
7174,False,False,True,True,True,True,True,True
7175,False,False,False,False,False,False,False,False
7176,False,False,False,False,False,False,False,True
7177,False,False,False,False,False,False,False,False
7178,False,False,False,False,False,False,False,True
7179,False,False,False,False,False,False,False,False
7180,False,False,False,False,False,False,False,False
7181,False,False,False,False,False,False,False,True
7182,False,False,False,False,False,False,False,False
7183,False,False,False,False,False,False,False,True
7184,False,False,False,False,False,False,False,True
7185,False,False,False,False,False,True,True,True
7186,False,False,False,False,False,False,False,False
7187,False,False,False,False,False,False,False,True
7188,False,False,False,False,False,False,False,True
7189,False,False,False,False,False,False,False,False
7190,False,False,False,False,False,True,True,True
7191,False,False,False,False,False,False,False,True
7192,False,False,False,False,False,False,False,False
7193,False,False,False,False,False,False,True,True
7194,False,False,False,False,False,False,False,False
7195,False,False,False,False,False,False,False,True
7196,False,False,False,False,False,False,True,True
7197,False,False,False,False,False,False,False,True
7198,False,False,False,False,False,True,True,True
7199,False,False,False,False,False,False,False,True
7200,False,False,False,False,False,True,True,True
7201,False,False,False,False,False,False,False,True
7202,False,False,False,False,False,False,False,False
7203,False,False,False,False,True,True,True,True
7204,False,False,False,False,False,False,False,True
7205,False,False,False,False,False,False,True,True
7206,False,False,False,False,False,False,False,True
7207,False,False,False,False,False,False,False,False
7208,False,False,False,False,False,False,False,False
7209,False,False,False,False,False,False,True,True
7210,False,False,False,False,False,False,True,True
7211,False,False,False,False,False,False,False,False
7212,False,False,False,False,False,True,True,True
7213,False,False,False,False,False,False,False,True
7214,False,False,False,False,False,False,False,False
7215,False,False,False,False,False,False,False,False
7216,False,False,False,False,False,False,False,True
7217,True,True,True,True,True,True,True,True
7218,False,False,False,False,False,False,False,True
7219,False,False,False,False,False,False,False,True
7220,False,False,False,False,False,False,False,False
7221,False,False,False,False,False,False,False,True
7222,False,False,False,False,False,False,True,True
7223,False,False,False,False,False,False,False,True
7224,False,False,False,False,False,False,False,True
7225,False,False,False,False,False,False,False,True
7226,False,False,False,False,True,True,True,True
7227,False,False,False,False,False,False,False,False
7228,True,True,True,True,True,True,True,True
7229,False,False,False,False,False,False,False,True
7230,False,False,False,False,False,False,False,True
7231,False,False,False,False,False,False,False,True
7232,False,False,False,False,False,False,True,True
7233,False,False,False,False,False,False,False,False
7234,False,False,False,False,False,False,False,False
7235,True,True,True,True,True,True,True,True
7236,False,False,False,False,False,False,False,False
7237,False,False,False,False,False,False,False,True
7238,False,False,False,False,False,False,False,False
7239,False,False,False,False,False,False,False,False
7240,False,False,False,False,False,False,False,False
7241,False,False,False,False,False,False,False,False
7242,False,False,False,False,False,False,False,False
7243,False,False,False,False,False,False,False,True
7244,False,False,False,False,False,False,False,True
7245,False,False,False,False,False,True,True,True
7246,False,False,False,False,False,False,True,True
7247,False,False,False,False,False,False,False,False
7248,False,False,False,False,False,False,False,True
7249,False,False,False,False,False,False,True,True
7250,False,False,False,False,False,False,False,True
7251,False,False,False,False,False,True,True,True
7252,False,False,False,False,True,True,True,True
7253,False,False,False,True,True,True,True,True
7254,False,False,False,False,False,False,False,False
7255,False,False,False,False,False,False,False,False
7256,False,False,False,False,False,False,False,True
7257,False,False,False,False,False,False,False,True
7258,False,False,False,False,False,False,False,True
7259,False,False,False,False,False,False,False,False
7260,False,False,False,False,False,False,False,False
7261,False,False,False,False,False,True,True,True
7262,False,False,False,False,False,False,False,True
7263,False,False,False,False,False,False,True,True
7264,False,False,False,False,False,True,True,True
7265,False,False,False,False,False,False,False,True
7266,False,False,False,False,False,True,True,True
7267,False,False,False,False,False,False,False,False
7268,False,False,False,False,False,False,True,True
7269,False,False,False,False,False,False,False,True
7270,False,False,False,False,False,True,True,True
7271,False,False,False,False,False,False,False,True
7272,False,False,True,True,True,True,True,True
7273,False,False,False,False,False,True,True,True
7274,False,False,False,False,False,False,True,True
7275,False,False,False,False,False,False,False,False
7276,False,False,False,False,False,False,False,False
7277,False,False,False,False,False,False,False,False
7278,False,False,False,False,False,False,False,False
7279,False,False,False,False,False,False,False,True
7280,False,True,True,True,True,True,True,True
7281,False,False,False,False,False,False,False,False
7282,False,False,False,False,False,False,False,False
7283,False,False,False,False,False,False,False,True
7284,False,False,False,False,False,False,False,False
7285,False,False,False,False,False,False,False,False
7286,False,False,False,False,False,False,False,True
7287,False,False,False,False,False,False,False,True
7288,False,False,False,False,False,False,False,False
7289,False,False,False,False,False,True,True,True
7290,False,False,False,False,False,False,False,True
7291,False,False,False,False,False,False,False,False
7292,False,False,False,False,False,False,False,False
7293,False,False,False,False,False,False,True,True
7294,False,False,False,False,False,False,True,True
7295,False,False,False,False,True,True,True,True
7296,False,False,False,False,False,False,False,False
7297,False,False,False,False,False,False,False,False
7298,False,False,False,False,False,False,True,True
7299,False,False,False,False,False,False,True,True
7300,False,False,False,False,False,False,False,False
7301,False,False,False,False,False,True,True,True
7302,False,False,False,False,False,False,False,True
7303,False,False,False,False,False,False,False,False
7304,False,False,False,False,False,False,False,True
7305,False,False,False,False,False,False,True,True
7306,False,False,False,False,False,False,False,False
7307,False,True,True,True,True,True,True,True
7308,False,False,False,False,False,False,False,False
7309,False,False,False,False,False,False,True,True
7310,False,False,False,False,False,False,False,False
7311,False,False,False,False,False,False,False,False
7312,False,False,False,False,False,False,False,False
7313,False,False,False,False,False,False,True,True
7314,False,False,False,False,False,False,False,False
7315,False,False,False,False,False,False,False,False
7316,False,False,False,False,False,False,False,False
7317,False,False,False,False,True,True,True,True
7318,False,False,False,False,False,False,False,True
7319,False,False,False,False,False,False,True,True
7320,False,False,False,False,False,False,False,True
7321,False,False,False,False,False,False,True,True
7322,False,False,False,False,False,False,False,True
7323,False,False,False,False,False,False,False,True
7324,False,False,False,False,False,True,True,True
7325,True,True,True,True,True,True,True,True
7326,False,False,False,False,False,False,False,False
7327,False,False,False,False,False,False,False,False
7328,False,False,False,False,False,False,False,True
7329,False,False,False,False,False,False,True,True
7330,False,False,False,False,False,False,False,True
7331,False,False,False,False,False,False,False,True
7332,False,False,False,False,False,False,False,True
7333,False,False,False,False,False,True,True,True
7334,False,False,False,False,False,False,False,True
7335,False,False,False,False,False,False,False,True
7336,False,False,False,False,False,False,False,False
7337,False,False,False,False,True,True,True,True
7338,False,False,False,False,False,False,False,True
7339,False,False,False,False,False,False,False,True
7340,False,False,False,False,False,False,False,True
7341,False,False,False,False,False,False,False,True
7342,False,False,False,False,False,False,True,True
7343,False,False,False,False,False,True,True,True
7344,False,False,False,False,False,False,False,False
7345,False,False,False,False,True,True,True,True
7346,False,False,False,False,False,False,False,False
7347,False,False,False,False,True,True,True,True
7348,False,False,False,False,False,False,False,True
7349,False,False,False,False,False,False,False,False
7350,False,False,False,False,False,False,False,False
7351,False,False,False,False,False,False,True,True
7352,False,False,False,False,False,False,False,False
7353,False,False,False,False,False,False,False,False
7354,False,False,False,False,False,False,False,False
7355,True,True,True,True,True,True,True,True
7356,False,False,False,False,False,False,False,False
7357,False,False,False,False,True,True,True,True
7358,False,False,False,False,False,False,False,False
7359,False,False,False,False,False,False,True,True
7360,False,False,False,False,False,False,True,True
7361,False,False,True,True,True,True,True,True
7362,False,False,False,False,False,False,False,False
7363,False,False,False,True,True,True,True,True
7364,False,False,False,False,False,True,True,True
7365,False,False,False,False,False,False,False,True
7366,False,False,False,False,True,True,True,True
7367,False,False,False,False,False,False,False,False
7368,False,False,False,False,False,False,False,True
7369,False,False,False,False,False,False,True,True
7370,False,False,False,False,False,False,False,False
7371,False,False,False,False,False,False,False,True
7372,False,False,False,False,False,False,False,True
7373,False,False,False,False,False,False,False,False
7374,False,False,False,False,False,True,True,True
7375,False,False,False,False,False,False,False,True
7376,False,False,False,False,False,True,True,True
7377,False,False,False,True,True,True,True,True
7378,False,False,False,False,True,True,True,True
7379,False,False,False,False,False,True,True,True
7380,False,False,False,True,True,True,True,True
7381,False,False,False,False,False,False,False,False
7382,False,False,False,False,False,False,False,True
7383,False,False,False,False,True,True,True,True
7384,False,False,False,False,True,True,True,True
7385,False,False,False,False,False,False,True,True
7386,False,False,False,False,False,False,False,True
7387,False,False,False,False,False,False,False,False
7388,False,False,False,False,False,False,False,True
7389,False,False,False,False,False,False,False,False
7390,False,False,False,False,False,False,False,False
7391,False,False,False,False,False,False,False,True
7392,False,False,False,False,False,False,False,False
7393,False,False,False,False,False,False,True,True
7394,False,False,False,False,False,False,False,False
7395,False,False,False,False,False,False,False,False
7396,False,False,False,False,False,True,True,True
7397,False,False,False,False,False,True,True,True
7398,False,False,False,False,False,False,False,False
7399,False,False,False,False,False,False,False,False
7400,False,False,False,False,False,False,False,False
7401,False,False,False,False,False,True,True,True
7402,False,False,False,False,True,True,True,True
7403,False,False,False,False,False,False,False,False
7404,False,False,True,True,True,True,True,True
7405,False,False,False,False,False,True,True,True
7406,False,False,False,False,False,False,False,False
7407,False,False,False,False,False,False,True,True
7408,False,False,False,False,False,False,False,False
7409,False,False,False,False,False,False,False,False
7410,False,False,False,False,False,False,True,True
7411,False,False,False,False,False,False,True,True
7412,False,False,False,False,False,False,False,True
7413,False,False,False,False,False,False,False,True
7414,False,False,False,False,False,False,False,False
7415,False,False,False,False,False,False,False,True
7416,False,False,False,False,False,False,False,True
7417,False,False,False,False,False,False,True,True
7418,False,False,False,False,False,False,False,True
7419,False,False,False,True,True,True,True,True
7420,False,False,False,False,False,False,False,False
7421,False,False,False,False,False,False,False,False
7422,False,False,False,False,False,False,False,True
7423,False,False,False,False,False,False,False,True
7424,False,False,False,False,False,False,False,True
7425,False,False,False,False,True,True,True,True
7426,False,False,False,False,False,False,False,False
7427,False,False,False,False,False,False,False,False
7428,False,False,False,False,False,False,False,False
7429,False,False,False,False,False,False,False,True
7430,False,False,False,False,False,False,True,True
7431,False,False,False,False,False,False,False,False
7432,False,False,False,False,False,False,False,False
7433,False,False,False,False,False,False,False,True
7434,False,False,False,False,False,False,True,True
7435,False,False,False,False,False,False,False,False
7436,False,False,False,False,False,False,True,True
7437,False,False,False,False,False,False,True,True
7438,False,False,False,False,False,False,False,False
7439,False,False,False,False,False,False,False,False
7440,False,False,False,False,False,False,True,True
7441,False,False,False,False,False,False,False,False
7442,False,False,False,False,False,False,True,True
7443,False,False,False,False,False,False,True,True
7444,False,False,False,False,False,False,False,True
7445,False,False,False,False,False,False,True,True
7446,False,False,False,False,False,False,True,True
7447,False,False,False,False,False,False,False,False
7448,False,False,False,False,False,False,False,False
7449,False,True,True,True,True,True,True,True
7450,False,False,False,False,False,False,False,False
7451,False,False,False,False,False,False,False,True
7452,False,False,False,False,False,True,True,True
7453,False,False,False,False,False,False,False,False
7454,False,False,False,False,False,False,False,False
7455,False,False,False,False,False,True,True,True
7456,False,False,False,False,False,False,False,False
7457,False,False,False,False,False,False,False,True
7458,False,False,False,False,True,True,True,True
7459,False,False,False,False,False,False,False,True
7460,False,False,False,False,False,False,True,True
7461,False,False,False,False,False,False,False,False
7462,False,False,False,False,True,True,True,True
7463,False,False,False,False,False,False,False,True
7464,False,False,False,False,False,False,False,False
7465,False,False,False,False,False,False,False,False
7466,False,False,False,False,False,False,True,True
7467,False,False,False,False,False,False,False,False
7468,False,False,False,False,False,False,False,False
7469,False,False,False,False,False,False,False,False
7470,False,False,False,False,True,True,True,True
7471,False,False,False,False,False,False,False,False
7472,False,False,False,False,False,False,False,False
7473,False,False,False,False,False,False,False,False
7474,False,False,False,False,False,False,False,True
7475,False,False,False,False,False,False,False,False
7476,False,False,False,False,False,False,False,False
7477,False,False,False,False,False,False,False,True
7478,False,False,False,False,True,True,True,True
7479,False,False,False,False,False,False,False,False
7480,False,False,False,False,False,True,True,True
7481,False,False,False,False,False,False,True,True
7482,False,False,False,False,False,False,False,False
7483,False,False,False,False,False,False,False,True
7484,False,False,False,False,True,True,True,True
7485,False,False,True,True,True,True,True,True
7486,False,False,False,False,True,True,True,True
7487,False,False,False,False,False,True,True,True
7488,False,False,False,False,False,False,False,True
7489,False,False,False,False,False,False,False,True
7490,False,False,False,False,False,True,True,True
7491,False,False,False,False,False,True,True,True
7492,False,False,False,False,False,False,False,False
7493,False,False,False,False,False,False,False,True
7494,False,False,False,False,False,False,False,True
7495,False,False,False,False,False,False,False,True
7496,False,False,False,False,False,False,True,True
7497,False,False,False,False,False,False,False,True
7498,False,False,False,False,False,False,False,True
7499,False,False,False,False,False,False,False,True
7500,False,False,False,False,False,False,False,False
7501,False,False,False,False,False,False,False,True
7502,False,False,False,False,False,False,False,True
7503,False,False,False,False,False,False,False,True
7504,False,False,False,False,False,False,False,True
7505,False,False,False,False,False,False,False,False
7506,False,False,False,False,False,False,False,True
7507,False,False,False,False,False,False,False,False
7508,False,False,False,False,False,True,True,True
7509,False,False,False,False,False,False,False,False
7510,False,False,False,False,False,False,False,True
7511,False,False,False,False,False,False,False,False
7512,False,False,False,False,False,False,False,False
7513,False,False,False,False,False,False,True,True
7514,False,False,False,False,False,True,True,True
7515,False,False,False,False,False,False,False,True
7516,False,False,False,False,False,True,True,True
7517,False,False,False,False,False,False,False,True
7518,False,False,False,False,False,False,True,True
7519,False,False,False,False,False,False,False,False
7520,False,False,False,False,True,True,True,True
7521,False,False,False,False,False,True,True,True
7522,False,False,False,False,False,True,True,True
7523,False,True,True,True,True,True,True,True
7524,False,False,False,False,False,False,True,True
7525,False,False,False,False,False,False,False,True
7526,False,False,False,False,True,True,True,True
7527,False,False,False,False,False,True,True,True
7528,False,False,False,False,False,False,False,False
7529,False,False,False,False,False,False,False,False
7530,False,False,False,False,False,False,False,False
7531,False,False,False,False,False,False,True,True
7532,False,False,False,False,False,False,False,True
7533,False,False,False,False,False,False,False,False
7534,False,False,False,False,False,False,True,True
7535,False,False,False,False,False,False,False,False
7536,False,False,False,False,False,True,True,True
7537,False,False,False,False,False,False,False,True
7538,False,False,False,False,False,False,True,True
7539,False,False,False,False,False,False,False,False
7540,False,False,False,False,False,False,True,True
7541,False,False,False,False,False,False,False,False
7542,False,False,False,False,False,False,False,False
7543,False,False,False,False,False,False,False,False
7544,False,False,False,False,False,False,False,True
7545,False,False,False,False,False,False,True,True
7546,False,False,False,False,False,False,True,True
7547,False,False,False,False,False,False,False,True
7548,False,False,False,False,False,False,True,True
7549,False,False,False,False,False,False,False,False
7550,False,False,False,False,False,False,False,True
7551,False,False,False,False,False,False,False,False
7552,False,False,False,False,False,False,False,False
7553,False,True,True,True,True,True,True,True
7554,False,False,False,False,False,False,False,True
7555,False,False,False,False,False,False,False,True
7556,False,False,False,False,True,True,True,True
7557,False,False,False,False,False,True,True,True
7558,False,False,False,False,False,True,True,True
7559,False,False,False,True,True,True,True,True
7560,False,False,False,False,False,False,False,False
7561,False,False,False,False,False,False,True,True
7562,False,False,False,False,False,False,False,False
7563,False,False,False,False,False,False,False,True
7564,False,False,False,False,False,True,True,True
7565,False,False,False,False,False,False,False,True
7566,False,False,False,True,True,True,True,True
7567,False,False,True,True,True,True,True,True
7568,False,False,False,False,False,False,False,False
7569,False,False,False,False,False,False,True,True
7570,False,False,False,False,False,False,False,True
7571,False,False,False,False,False,False,False,False
7572,False,False,False,False,False,False,False,True
7573,False,False,False,False,False,False,False,False
7574,False,False,False,False,False,False,False,False
7575,False,False,False,False,False,True,True,True
7576,False,False,False,False,False,False,False,False
7577,False,True,True,True,True,True,True,True
7578,False,False,False,False,False,False,False,False
7579,False,False,False,False,False,False,False,True
7580,False,False,False,False,False,False,True,True
7581,False,False,False,False,False,False,False,False
7582,False,False,False,False,False,False,False,True
7583,False,False,False,False,False,False,False,False
7584,False,False,False,False,True,True,True,True
7585,False,False,False,False,False,False,False,True
7586,False,False,False,False,False,False,False,False
7587,False,False,False,False,False,False,False,True
7588,False,False,False,False,False,False,False,True
7589,False,False,False,False,True,True,True,True
7590,False,False,False,False,True,True,True,True
7591,False,False,False,False,False,False,False,False
7592,False,False,False,False,False,False,False,False
7593,False,False,False,False,False,False,False,False
7594,False,False,False,False,False,False,False,False
7595,False,False,False,False,False,True,True,True
7596,False,False,False,False,False,False,False,False
7597,False,False,False,False,False,False,True,True
7598,False,False,False,False,False,False,False,True
7599,False,False,False,False,False,False,False,False
7600,False,False,False,False,False,False,False,False
7601,False,False,False,False,False,False,False,True
7602,False,False,False,False,False,False,False,True
7603,False,False,False,False,False,True,True,True
7604,False,False,False,False,True,True,True,True
7605,False,False,False,False,False,True,True,True
7606,False,False,False,False,False,False,False,False
7607,False,False,False,False,False,False,False,True
7608,False,False,False,False,False,False,False,False
7609,False,False,False,False,False,False,False,False
7610,False,False,False,False,False,False,True,True
7611,False,False,False,False,False,True,True,True
7612,False,False,True,True,True,True,True,True
7613,False,False,False,False,False,False,False,True
7614,False,False,False,False,False,False,False,True
7615,False,False,False,False,False,False,False,True
7616,False,False,False,False,True,True,True,True
7617,False,False,False,False,False,False,False,True
7618,False,False,False,False,False,False,False,True
7619,False,False,False,False,False,False,False,False
7620,False,False,False,False,False,False,False,True
7621,False,False,False,False,False,True,True,True
7622,False,False,False,False,True,True,True,True
7623,False,False,False,False,False,False,False,True
7624,False,False,False,False,False,False,False,False
7625,False,False,False,False,False,False,True,True
7626,False,False,False,False,False,False,False,True
7627,False,False,False,False,False,False,False,False
7628,False,False,False,False,False,False,False,False
7629,False,False,False,False,False,False,False,True
7630,False,False,False,False,False,False,False,False
7631,False,False,False,False,True,True,True,True
7632,False,False,False,False,False,False,False,False
7633,False,False,True,True,True,True,True,True
7634,False,False,False,False,False,True,True,True
7635,False,False,False,False,False,False,False,True
7636,False,False,False,False,False,False,False,False
7637,False,False,False,False,False,False,True,True
7638,False,False,False,False,False,True,True,True
7639,False,False,False,False,False,False,True,True
7640,False,False,False,False,False,False,True,True
7641,False,False,False,False,False,False,False,True
7642,False,False,False,False,False,False,False,False
7643,False,False,False,False,False,False,False,False
7644,False,False,False,False,False,True,True,True
7645,False,False,False,True,True,True,True,True
7646,False,False,False,False,True,True,True,True
7647,False,False,False,False,False,False,False,False
7648,False,False,False,False,False,False,False,False
7649,False,False,False,False,False,False,False,False
7650,False,False,False,False,False,False,False,False
7651,False,False,False,False,False,False,False,False
7652,False,False,False,False,False,False,False,False
7653,False,False,False,False,False,False,False,False
7654,False,False,False,False,False,False,True,True
7655,False,False,False,False,False,False,True,True
7656,False,False,False,False,False,True,True,True
7657,False,False,False,False,False,False,False,False
7658,False,False,False,False,False,False,True,True
7659,True,True,True,True,True,True,True,True
7660,False,False,False,False,False,False,True,True
7661,False,False,False,False,False,False,False,True
7662,False,False,False,False,False,True,True,True
7663,False,False,False,False,False,False,False,False
7664,False,False,False,False,False,False,False,False
7665,False,False,False,False,True,True,True,True
7666,False,False,False,False,False,False,True,True
7667,False,False,False,False,False,False,False,True
7668,False,False,False,False,False,False,False,True
7669,False,False,False,False,False,False,True,True
7670,False,False,False,False,False,False,False,False
7671,False,False,False,False,False,True,True,True
7672,False,False,False,False,False,False,False,True
7673,False,False,False,False,False,False,False,True
7674,False,False,False,False,True,True,True,True
7675,False,False,False,False,False,False,False,True
7676,False,False,False,False,False,False,False,False
7677,False,False,False,False,False,True,True,True
7678,False,False,False,False,False,True,True,True
7679,False,False,False,False,False,False,True,True
7680,True,True,True,True,True,True,True,True
7681,False,False,False,False,False,False,False,False
7682,False,False,False,False,False,False,False,False
7683,False,False,False,False,True,True,True,True
7684,False,False,False,False,False,False,False,True
7685,False,True,True,True,True,True,True,True
7686,False,False,False,False,False,False,True,True
7687,False,False,False,False,False,False,False,False
7688,False,False,False,False,False,False,False,False
7689,True,True,True,True,True,True,True,True
7690,False,False,False,False,False,True,True,True
7691,False,False,False,False,False,True,True,True
7692,False,False,False,False,False,False,False,False
7693,False,False,False,False,True,True,True,True
7694,False,False,False,False,False,False,False,True
7695,False,False,False,False,False,False,False,False
7696,False,False,True,True,True,True,True,True
7697,False,False,False,False,False,True,True,True
7698,False,False,False,False,False,False,True,True
7699,False,False,False,False,False,False,True,True
7700,False,False,False,False,False,False,False,False
7701,False,False,False,False,False,False,True,True
7702,False,False,False,False,False,False,False,False
7703,False,False,False,False,True,True,True,True
7704,False,False,False,False,False,False,True,True
7705,False,False,False,False,False,False,True,True
7706,False,False,False,False,False,False,False,False
7707,False,False,False,True,True,True,True,True
7708,False,False,False,False,False,True,True,True
7709,False,False,False,False,False,True,True,True
7710,False,False,False,False,False,False,True,True
7711,False,False,False,False,False,False,True,True
7712,True,True,True,True,True,True,True,True
7713,False,False,False,False,False,True,True,True
7714,False,False,False,False,False,False,False,True
7715,False,False,False,False,False,False,False,False
7716,False,False,False,False,True,True,True,True
7717,False,False,False,False,False,True,True,True
7718,False,False,False,False,True,True,True,True
7719,False,False,False,False,False,False,False,True
7720,False,False,False,False,False,False,False,False
7721,False,False,False,False,False,False,True,True
7722,False,False,False,False,False,False,False,False
7723,False,False,False,True,True,True,True,True
7724,False,False,False,False,False,False,False,False
7725,False,False,False,False,False,True,True,True
7726,False,False,False,False,False,False,False,True
7727,False,False,False,False,False,False,False,False
7728,False,False,False,False,False,False,False,True
7729,False,False,False,True,True,True,True,True
7730,False,False,False,False,False,True,True,True
7731,False,False,False,False,False,False,False,False
7732,False,False,False,False,False,False,False,False
7733,False,False,False,False,False,False,False,False
7734,False,False,False,False,False,True,True,True
7735,False,False,False,False,False,False,False,True
7736,False,False,False,False,False,False,True,True
7737,False,False,False,False,False,True,True,True
7738,False,False,False,False,True,True,True,True
7739,False,False,False,False,False,True,True,True
7740,False,False,False,True,True,True,True,True
7741,False,False,False,False,False,False,False,False
7742,False,False,False,False,False,False,True,True
7743,False,False,False,False,True,True,True,True
7744,False,False,False,False,False,False,False,False
7745,False,False,False,False,False,False,False,False
7746,False,False,False,False,False,False,False,True
7747,False,False,False,False,False,False,False,False
7748,True,True,True,True,True,True,True,True
7749,False,False,False,False,False,True,True,True
7750,False,False,False,False,False,False,False,False
7751,False,False,False,False,False,False,False,False
7752,False,False,False,False,False,False,False,True
7753,False,False,False,False,False,False,False,False
7754,False,False,False,False,False,False,False,True
7755,False,False,False,False,False,False,False,False
7756,False,False,False,False,False,False,False,False
7757,False,False,False,False,False,False,False,False
7758,False,False,False,False,False,False,False,True
7759,False,False,False,False,False,False,False,False
7760,False,False,False,False,True,True,True,True
7761,False,False,False,False,True,True,True,True
7762,False,False,False,False,False,False,False,True
7763,False,False,False,False,False,False,False,True
7764,False,False,False,False,False,False,False,True
7765,False,False,False,False,False,False,False,False
7766,False,False,False,False,False,False,False,False
7767,False,False,False,False,False,False,False,True
7768,False,False,False,False,False,False,False,False
7769,False,False,False,False,False,False,False,False
7770,False,False,False,False,False,False,False,False
7771,False,False,False,False,False,False,False,False
7772,False,False,False,False,False,False,False,False
7773,False,False,False,False,False,False,False,False
7774,False,False,False,False,False,True,True,True
7775,False,False,False,False,False,False,False,False
7776,False,False,False,False,True,True,True,True
7777,False,False,False,False,False,False,True,True
7778,False,False,False,False,False,False,False,True
7779,False,False,False,False,True,True,True,True
7780,False,False,False,False,False,False,False,True
7781,False,False,False,False,False,False,False,False
7782,False,False,False,False,False,False,False,False
7783,False,False,False,False,False,False,False,True
7784,False,False,False,False,True,True,True,True
7785,False,False,False,False,False,False,False,False
7786,False,False,False,False,False,False,False,False
7787,False,False,False,True,True,True,True,True
7788,False,False,False,False,False,False,False,False
7789,False,False,True,True,True,True,True,True
7790,False,False,False,False,False,False,False,True
7791,False,False,False,False,False,False,False,True
7792,False,False,False,False,False,True,True,True
7793,False,True,True,True,True,True,True,True
7794,False,False,False,False,True,True,True,True
7795,False,False,False,False,False,False,True,True
7796,False,False,False,False,False,False,False,False
7797,False,False,False,False,True,True,True,True
7798,False,False,False,False,False,False,True,True
7799,False,False,False,False,False,False,False,True
7800,False,False,False,False,False,False,True,True
7801,False,False,False,False,False,False,False,True
7802,False,False,False,False,False,False,False,True
7803,False,False,False,False,True,True,True,True
7804,False,True,True,True,True,True,True,True
7805,False,False,False,False,False,False,False,False
7806,False,False,False,False,False,False,False,True
7807,False,False,False,False,False,False,False,False
7808,False,False,False,False,False,False,False,True
7809,False,False,False,False,False,False,False,False
7810,False,False,False,False,False,False,False,False
7811,False,False,False,True,True,True,True,True
7812,False,False,False,False,False,False,False,True
7813,False,False,False,False,False,False,True,True
7814,False,False,False,False,False,False,True,True
7815,False,False,False,False,False,False,True,True
7816,False,False,False,False,False,False,False,False
7817,False,False,False,False,False,False,False,False
7818,False,False,False,False,False,False,True,True
7819,False,False,False,False,False,False,False,True
7820,False,False,False,False,False,False,False,True
7821,False,False,False,False,False,False,False,False
7822,False,False,False,False,False,True,True,True
7823,False,False,False,False,False,False,False,True
7824,False,False,False,False,False,False,False,False
7825,False,False,False,False,False,False,True,True
7826,False,False,False,False,True,True,True,True
7827,False,False,False,False,False,False,False,False
7828,False,False,False,False,False,False,False,False
7829,False,False,False,False,False,False,False,True
7830,False,False,False,False,False,False,False,False
7831,False,False,False,False,False,False,False,True
7832,True,True,True,True,True,True,True,True
7833,False,False,False,False,False,False,True,True
7834,True,True,True,True,True,True,True,True
7835,False,True,True,True,True,True,True,True
7836,False,False,False,False,False,False,True,True
7837,False,False,True,True,True,True,True,True
7838,False,False,False,False,False,False,False,False
7839,False,False,False,False,False,False,False,False
7840,False,False,False,False,True,True,True,True
7841,False,False,False,False,False,False,False,False
7842,False,False,False,False,False,False,True,True
7843,False,False,False,False,False,False,False,False
7844,False,False,False,False,False,False,True,True
7845,False,False,False,False,False,False,True,True
7846,False,False,False,False,False,False,False,False
7847,False,False,False,False,False,False,False,False
7848,True,True,True,True,True,True,True,True
7849,False,False,True,True,True,True,True,True
7850,False,False,False,False,False,False,False,False
7851,False,False,False,False,False,False,False,False
7852,False,False,False,False,True,True,True,True
7853,False,False,False,False,False,True,True,True
7854,False,False,False,False,False,False,True,True
7855,False,False,False,False,False,False,True,True
7856,False,False,False,False,False,False,False,False
7857,False,False,False,False,False,False,False,False
7858,False,False,False,False,False,False,True,True
7859,False,False,False,False,False,True,True,True
7860,False,False,False,False,True,True,True,True
7861,False,False,False,False,False,False,False,True
7862,False,False,False,False,False,False,True,True
7863,False,False,False,False,False,True,True,True
7864,False,False,False,True,True,True,True,True
7865,False,False,False,False,False,True,True,True
7866,False,False,False,False,False,False,False,True
7867,False,False,False,False,False,True,True,True
7868,False,False,False,False,False,False,False,False
7869,False,False,False,False,False,False,True,True
7870,False,False,False,False,False,False,False,False
7871,False,False,False,False,False,False,False,True
7872,False,False,False,False,False,False,True,True
7873,False,False,False,True,True,True,True,True
7874,False,False,False,True,True,True,True,True
7875,False,False,False,True,True,True,True,True
7876,False,False,False,False,False,False,False,False
7877,False,False,False,False,False,False,True,True
7878,False,False,False,False,False,False,True,True
7879,False,False,False,False,False,False,False,False
7880,False,False,False,False,False,False,False,True
7881,False,False,False,False,False,True,True,True
7882,False,False,False,False,False,True,True,True
7883,False,False,False,False,False,True,True,True
7884,False,False,False,False,False,False,False,False
7885,False,False,False,False,False,False,False,True
7886,False,False,False,False,True,True,True,True
7887,False,False,False,False,False,False,True,True
7888,False,False,False,False,False,False,False,False
7889,False,False,False,False,False,True,True,True
7890,False,False,False,False,False,False,False,False
7891,False,False,False,False,False,False,False,False
7892,False,False,False,False,False,False,False,True
7893,False,False,False,False,False,False,False,False
7894,True,True,True,True,True,True,True,True
7895,False,False,False,False,False,False,False,True
7896,False,False,False,False,False,False,False,False
7897,False,False,True,True,True,True,True,True
7898,False,False,False,False,True,True,True,True
7899,False,False,False,False,False,False,True,True
7900,False,False,False,True,True,True,True,True
7901,False,False,False,True,True,True,True,True
7902,False,False,False,False,False,False,False,False
7903,False,False,False,False,True,True,True,True
7904,False,False,False,False,False,False,False,True
7905,False,False,False,False,False,False,False,True
7906,False,False,False,False,False,False,False,True
7907,False,False,False,False,False,False,False,False
7908,False,False,False,False,False,False,False,True
7909,False,False,False,False,False,False,True,True
7910,False,False,False,False,False,False,True,True
7911,False,False,False,False,True,True,True,True
7912,False,False,False,False,False,False,True,True
7913,False,False,False,False,False,False,False,False
7914,False,False,False,False,False,False,False,False
7915,False,False,False,False,False,False,True,True
7916,False,False,False,False,False,False,True,True
7917,False,False,False,False,False,False,False,False
7918,False,False,False,False,True,True,True,True
7919,False,False,False,False,False,False,False,True
7920,False,False,False,False,False,False,True,True
7921,False,False,False,False,True,True,True,True
7922,False,False,False,False,False,False,False,True
7923,False,False,False,False,False,False,False,True
7924,False,False,False,False,False,True,True,True
7925,False,False,False,False,False,False,False,False
7926,False,False,False,False,False,True,True,True
7927,False,False,False,False,False,False,False,False
7928,False,False,False,False,False,False,False,True
7929,False,False,False,False,False,False,False,False
7930,False,False,False,False,False,False,False,False
7931,True,True,True,True,True,True,True,True
7932,False,False,False,False,False,True,True,True
7933,False,False,False,False,True,True,True,True
7934,False,False,False,False,False,False,False,True
7935,False,False,False,False,False,False,False,False
7936,False,False,False,False,False,False,False,False
7937,False,False,False,False,False,True,True,True
7938,False,False,False,False,False,False,True,True
7939,False,False,False,False,False,True,True,True
7940,False,False,False,False,False,False,True,True
7941,False,False,False,False,False,False,False,False
7942,False,False,False,False,False,False,True,True
7943,False,False,False,False,False,False,False,True
7944,False,False,False,True,True,True,True,True
7945,False,False,False,False,False,True,True,True
7946,False,False,False,False,False,False,False,False
7947,False,True,True,True,True,True,True,True
7948,False,False,False,False,True,True,True,True
7949,False,False,False,False,False,False,False,False
7950,False,False,False,False,False,True,True,True
7951,False,False,False,False,False,False,False,True
7952,False,False,False,False,False,False,True,True
7953,False,False,False,False,True,True,True,True
7954,False,False,False,False,False,False,True,True
7955,False,False,False,False,False,False,False,False
7956,False,False,False,False,False,False,True,True
7957,False,False,False,False,False,False,False,False
7958,False,False,False,False,False,False,True,True
7959,False,False,False,False,False,False,False,True
7960,False,False,False,False,False,False,False,True
7961,False,False,False,False,False,False,False,False
7962,False,False,False,False,False,False,True,True
7963,False,False,False,False,False,False,False,True
7964,False,False,False,False,False,False,False,True
7965,False,False,False,False,False,False,False,True
7966,False,False,False,False,False,False,True,True
7967,False,False,False,False,False,True,True,True
7968,False,False,False,False,False,True,True,True
7969,False,False,False,False,False,True,True,True
7970,False,False,False,False,False,False,False,True
7971,False,False,False,False,False,False,False,False
7972,False,False,False,False,True,True,True,True
7973,False,False,False,False,False,False,True,True
7974,False,False,False,False,False,True,True,True
7975,False,False,False,False,False,False,False,False
7976,False,False,False,False,False,True,True,True
7977,False,False,False,False,False,False,True,True
7978,False,False,False,False,False,False,False,False
7979,False,False,False,False,False,False,True,True
7980,False,False,False,False,False,False,False,False
7981,False,False,False,False,False,False,False,False
7982,False,False,False,False,False,False,False,False
7983,False,False,False,False,False,False,False,True
7984,False,False,False,False,False,False,False,True
7985,False,False,False,False,True,True,True,True
7986,False,False,False,False,False,False,False,False
7987,False,False,False,False,False,False,True,True
7988,False,False,False,False,False,True,True,True
7989,False,False,False,False,False,False,False,True
7990,False,False,False,False,False,False,False,False
7991,False,False,False,False,False,False,False,False
7992,False,False,False,False,False,False,False,False
7993,False,False,False,False,False,False,False,False
7994,False,False,False,False,False,False,False,False
7995,False,False,False,False,False,False,True,True
7996,False,False,False,False,False,False,True,True
7997,False,False,False,False,False,False,False,False
7998,False,False,False,False,False,False,False,False
7999,False,False,True,True,True,True,True,True
8000,False,False,False,False,True,True,True,True
8001,False,False,False,False,False,False,False,False
8002,False,False,False,False,False,False,False,False
8003,False,False,False,False,False,False,False,False
8004,False,False,False,False,False,False,False,False
8005,False,False,False,False,False,False,True,True
8006,False,False,False,False,False,False,False,False
8007,False,False,False,False,False,False,False,False
8008,True,True,True,True,True,True,True,True
8009,False,False,False,False,False,False,False,False
8010,False,False,False,False,False,False,True,True
8011,False,False,False,False,False,False,False,False
8012,False,False,False,False,False,False,False,True
8013,False,False,False,True,True,True,True,True
8014,False,False,False,False,False,False,False,False
8015,False,False,False,False,False,False,False,False
8016,False,False,False,False,False,False,False,False
8017,False,False,False,False,False,False,False,True
8018,False,False,False,False,False,False,False,True
8019,False,False,False,False,True,True,True,True
8020,False,False,False,False,False,False,False,True
8021,False,False,False,False,True,True,True,True
8022,False,False,False,False,False,False,True,True
8023,False,False,False,False,False,False,False,False
8024,False,False,False,False,False,False,False,False
8025,False,False,False,False,False,False,False,False
8026,False,False,False,False,False,False,False,False
8027,False,False,False,False,False,False,False,True
8028,False,False,False,False,False,False,False,True
8029,False,False,False,False,False,False,False,True
8030,False,False,False,False,False,False,False,True
8031,False,False,False,False,False,False,False,True
8032,False,False,False,False,False,False,True,True
8033,False,False,False,False,False,False,False,False
8034,False,False,False,True,True,True,True,True
8035,False,False,False,False,False,False,False,False
8036,True,True,True,True,True,True,True,True
8037,False,False,False,False,False,True,True,True
8038,False,False,False,False,False,False,False,False
8039,False,False,False,False,False,False,False,True
8040,False,False,False,True,True,True,True,True
8041,False,False,False,False,False,True,True,True
8042,False,False,False,False,False,False,False,True
8043,False,False,False,False,False,False,False,True
8044,False,False,False,False,False,False,False,False
8045,False,False,False,False,False,True,True,True
8046,False,False,False,False,False,False,False,False
8047,False,True,True,True,True,True,True,True
8048,False,False,False,False,False,False,False,False
8049,False,False,False,False,False,False,True,True
8050,False,False,False,False,False,False,False,False
8051,False,False,False,False,False,False,False,False
8052,False,False,False,False,False,False,True,True
8053,False,False,False,False,False,True,True,True
8054,False,False,False,False,False,False,True,True
8055,False,False,False,False,False,False,True,True
8056,False,False,False,False,False,False,False,False
8057,False,False,False,False,False,False,False,True
8058,False,False,False,False,False,False,False,False
8059,False,False,False,False,False,False,True,True
8060,False,False,False,False,False,False,False,True
8061,False,False,False,False,False,False,False,True
8062,False,False,False,False,False,False,False,False
8063,False,False,False,False,False,False,False,True
8064,False,False,False,False,False,False,False,True
8065,False,True,True,True,True,True,True,True
8066,False,False,False,False,False,False,False,False
8067,False,False,False,False,False,False,False,True
8068,False,False,False,False,False,False,False,False
8069,False,False,False,False,False,False,False,False
8070,False,False,False,False,False,False,False,True
8071,False,False,False,False,False,False,False,False
8072,False,False,False,False,False,False,False,False
8073,False,False,False,False,False,False,True,True
8074,False,False,False,False,False,False,False,True
8075,False,False,False,False,False,False,False,False
8076,False,False,False,False,False,False,False,True
8077,False,False,False,False,False,False,False,False
8078,False,False,False,False,False,False,False,False
8079,False,False,False,False,False,False,True,True
8080,False,False,False,False,False,False,False,True
8081,False,False,False,True,True,True,True,True
8082,False,False,False,False,False,False,False,True
8083,False,False,True,True,True,True,True,True
8084,False,False,False,False,False,False,False,True
8085,False,False,False,False,False,False,False,False
8086,False,False,False,False,False,False,False,False
8087,False,False,False,False,False,False,False,True
8088,False,False,False,False,False,False,False,True
8089,False,False,False,False,False,False,False,False
8090,False,False,False,False,False,False,True,True
8091,True,True,True,True,True,True,True,True
8092,False,False,False,False,False,True,True,True
8093,False,False,False,False,False,False,False,False
8094,False,False,False,False,False,False,False,True
8095,False,False,False,False,False,True,True,True
8096,False,False,True,True,True,True,True,True
8097,False,False,False,False,False,False,False,False
8098,False,False,False,False,False,False,False,True
8099,False,False,False,False,False,False,False,True
8100,False,False,False,False,False,False,False,True
8101,False,False,True,True,True,True,True,True
8102,False,False,False,False,False,False,False,True
8103,False,False,False,False,False,False,False,True
8104,False,False,False,True,True,True,True,True
8105,False,False,False,False,False,False,False,False
8106,False,False,False,False,False,False,False,True
8107,False,False,False,False,False,False,False,False
8108,False,False,False,False,False,True,True,True
8109,False,False,False,False,False,False,False,True
8110,False,False,False,False,False,False,False,True
8111,False,False,False,False,False,False,False,False
8112,False,False,False,False,False,False,False,True
8113,False,False,False,False,False,False,False,True
8114,False,False,False,False,False,False,True,True
8115,False,False,False,False,False,False,False,True
8116,False,False,False,False,False,False,False,True
8117,False,False,False,False,False,False,False,False
8118,False,False,False,False,False,False,False,True
8119,False,False,False,False,False,False,True,True
8120,False,False,False,False,False,False,False,False
8121,False,False,False,False,False,False,False,False
8122,False,False,False,False,False,False,True,True
8123,False,False,False,False,False,False,False,False
8124,False,False,False,False,False,False,False,False
8125,False,False,False,False,False,False,False,False
8126,False,False,False,False,False,False,True,True
8127,False,False,False,False,False,False,False,False
8128,True,True,True,True,True,True,True,True
8129,False,False,False,False,False,False,False,True
8130,False,False,False,False,False,False,False,False
8131,False,False,False,False,False,False,False,True
8132,False,False,False,False,False,True,True,True
8133,False,False,False,False,False,False,False,False
8134,False,False,False,False,False,False,True,True
8135,False,False,False,False,False,False,False,False
8136,True,True,True,True,True,True,True,True
8137,False,False,False,False,False,False,False,False
8138,False,False,False,False,False,False,False,False
8139,False,False,False,False,False,False,False,True
8140,False,False,False,True,True,True,True,True
8141,False,False,False,False,False,False,False,True
8142,False,False,False,False,False,False,False,True
8143,False,False,False,False,False,False,False,False
8144,False,False,False,False,False,False,False,False
8145,False,False,False,False,False,False,False,True
8146,False,False,False,False,False,True,True,True
8147,False,False,False,False,False,False,False,False
8148,False,False,False,False,False,False,False,False
8149,False,False,False,False,False,False,False,False
8150,False,False,False,False,False,False,False,False
8151,False,False,False,False,True,True,True,True
8152,False,False,False,True,True,True,True,True
8153,False,False,False,False,False,False,False,True
8154,False,False,False,False,False,False,False,False
8155,False,False,False,False,False,False,False,False
8156,False,False,False,False,False,False,False,False
8157,False,False,False,False,False,True,True,True
8158,False,False,False,False,False,False,False,False
8159,False,False,False,False,False,False,False,False
8160,False,False,False,False,False,False,False,True
8161,False,False,True,True,True,True,True,True
8162,False,False,False,False,True,True,True,True
8163,False,False,False,True,True,True,True,True
8164,False,False,False,False,False,False,False,True
8165,False,False,False,False,False,False,False,False
8166,False,False,False,False,False,False,False,False
8167,True,True,True,True,True,True,True,True
8168,False,False,False,False,False,False,False,False
8169,False,False,False,False,False,False,True,True
8170,False,False,False,False,False,False,False,True
8171,False,False,False,False,False,False,False,False
8172,False,False,False,False,False,False,False,True
8173,False,False,False,False,False,False,False,False
8174,False,False,False,False,False,True,True,True
8175,False,False,False,False,False,False,False,False
8176,False,False,False,True,True,True,True,True
8177,False,False,False,False,True,True,True,True
8178,False,False,False,False,False,False,False,True
8179,False,False,False,False,False,False,False,True
8180,False,False,False,False,False,False,True,True
8181,False,False,False,False,False,False,False,False
8182,True,True,True,True,True,True,True,True
8183,False,False,False,False,False,False,False,False
8184,False,False,False,False,False,True,True,True
8185,False,False,False,False,False,False,False,False
8186,False,False,False,False,True,True,True,True
8187,False,False,False,True,True,True,True,True
8188,False,False,False,False,False,False,False,False
8189,False,False,False,False,False,False,False,True
8190,False,False,False,False,False,False,False,False
8191,False,False,False,False,False,False,False,True
8192,False,False,False,False,False,False,False,True
8193,False,False,False,False,False,False,True,True
8194,False,False,False,False,False,True,True,True
8195,False,False,False,False,False,False,False,True
8196,False,False,False,True,True,True,True,True
8197,False,False,False,False,False,False,False,True
8198,False,False,False,False,True,True,True,True
8199,False,False,False,False,False,False,False,False
8200,False,False,False,False,False,False,False,False
8201,False,False,False,False,False,False,False,False
8202,False,False,False,False,False,False,True,True
8203,False,False,False,False,False,False,True,True
8204,False,False,False,False,False,False,True,True
8205,False,False,False,False,False,False,True,True
8206,False,True,True,True,True,True,True,True
8207,False,False,False,False,False,False,False,True
8208,False,False,False,False,False,False,False,False
8209,False,False,False,False,False,False,False,False
8210,False,False,False,False,False,False,True,True
8211,False,False,False,False,False,False,False,True
8212,False,False,False,False,False,False,False,False
8213,False,False,False,False,False,True,True,True
8214,False,False,False,False,False,False,False,True
8215,False,False,False,False,False,False,False,False
8216,False,False,False,False,False,False,True,True
8217,False,False,False,False,False,True,True,True
8218,False,False,False,True,True,True,True,True
8219,False,False,False,False,False,True,True,True
8220,False,False,False,False,False,False,False,True
8221,False,False,False,False,False,True,True,True
8222,False,False,False,False,False,False,False,True
8223,False,False,False,False,False,False,True,True
8224,False,False,False,False,False,False,False,False
8225,False,False,False,False,False,False,False,False
8226,False,False,False,False,False,True,True,True
8227,False,False,False,False,False,False,False,False
8228,False,False,False,False,False,False,False,False
8229,False,False,False,False,False,False,False,False
8230,False,False,False,False,False,False,False,False
8231,False,False,False,False,False,False,False,True
8232,False,False,False,False,False,True,True,True
8233,False,False,False,False,False,False,False,False
8234,False,False,False,True,True,True,True,True
8235,False,False,False,False,False,False,True,True
8236,False,False,False,False,False,False,False,False
8237,True,True,True,True,True,True,True,True
8238,False,False,False,False,False,False,True,True
8239,False,True,True,True,True,True,True,True
8240,False,False,False,False,False,False,False,False
8241,False,False,False,False,False,False,False,False
8242,False,False,False,False,False,False,False,True
8243,False,False,False,False,False,False,False,True
8244,False,False,False,False,False,False,False,False
8245,False,False,False,False,False,False,False,False
8246,False,False,False,False,False,True,True,True
8247,False,False,False,False,False,False,True,True
8248,False,False,False,False,False,False,True,True
8249,False,False,False,False,False,False,True,True
8250,False,False,False,False,False,False,False,True
8251,False,False,False,False,True,True,True,True
8252,False,False,False,False,False,False,False,True
8253,False,False,False,False,False,False,False,True
8254,False,False,False,False,False,False,True,True
8255,False,False,False,False,False,True,True,True
8256,False,False,False,False,False,False,False,False
8257,False,False,False,False,False,False,False,True
8258,False,False,False,False,False,True,True,True
8259,False,False,False,False,False,False,False,True
8260,False,False,False,False,False,False,False,True
8261,False,False,False,False,False,False,True,True
8262,False,False,False,False,False,False,False,True
8263,False,False,False,False,False,False,True,True
8264,False,False,False,False,False,False,False,False
8265,False,False,False,False,False,False,False,False
8266,False,False,False,False,False,False,False,True
8267,False,False,False,False,False,False,False,True
8268,False,False,False,False,False,False,False,True
8269,False,False,False,False,False,False,False,False
8270,False,False,False,False,False,False,False,False
8271,False,False,False,False,False,False,False,False
8272,False,False,False,False,False,False,False,False
8273,False,False,False,False,False,False,False,False
8274,False,False,False,False,False,False,False,False
8275,False,False,False,False,False,False,False,False
8276,False,False,True,True,True,True,True,True
8277,False,False,False,False,False,False,True,True
8278,False,False,False,False,False,False,False,False
8279,False,False,False,False,False,False,False,False
8280,False,False,False,False,False,False,False,True
8281,False,False,False,False,False,False,False,False
8282,False,False,False,False,False,False,False,True
8283,False,False,False,False,False,False,True,True
8284,False,False,False,False,False,True,True,True
8285,False,False,False,False,False,False,False,False
8286,False,False,False,False,False,False,True,True
8287,False,False,False,False,False,False,False,False
8288,False,False,False,False,False,False,False,True
8289,False,False,False,False,False,False,True,True
8290,False,False,False,False,False,False,False,False
8291,False,False,False,False,False,False,False,True
8292,False,False,False,False,False,False,False,False
8293,False,False,False,False,False,True,True,True
8294,False,False,False,False,False,True,True,True
8295,False,False,False,False,False,False,True,True
8296,False,False,False,False,True,True,True,True
8297,False,False,False,False,False,False,False,False
8298,False,False,False,False,False,False,False,True
8299,False,False,False,False,False,False,False,True
8300,False,False,False,False,False,False,False,False
8301,False,False,False,False,False,False,True,True
8302,False,False,False,True,True,True,True,True
8303,False,False,False,False,False,False,False,False
8304,False,False,False,False,False,False,False,True
8305,False,False,False,False,False,False,False,False
8306,False,False,False,False,False,False,False,False
8307,False,False,False,False,False,False,False,False
8308,False,False,False,False,False,False,False,False
8309,False,False,False,False,False,False,False,False
8310,False,False,False,False,False,False,False,False
8311,False,False,False,False,False,False,False,False
8312,False,False,False,False,True,True,True,True
8313,False,False,False,False,False,False,True,True
8314,False,False,False,False,False,True,True,True
8315,False,False,False,False,False,False,False,False
8316,False,False,False,False,False,False,True,True
8317,False,False,False,False,False,False,False,True
8318,False,False,False,False,False,False,False,False
8319,False,False,False,False,False,False,False,True
8320,False,False,False,False,False,False,False,False
8321,False,False,False,False,False,False,False,True
8322,False,False,False,False,False,False,True,True
8323,False,False,False,False,False,False,False,False
8324,False,False,False,False,False,False,False,True
8325,False,False,False,False,False,False,False,True
8326,False,False,False,False,False,False,False,False
8327,False,False,False,False,False,False,False,True
8328,False,False,False,False,False,False,False,True
8329,False,False,False,False,False,False,False,False
8330,False,False,False,False,False,True,True,True
8331,False,False,False,False,True,True,True,True
8332,False,False,False,False,False,False,False,True
8333,False,False,False,False,False,False,False,False
8334,False,False,False,False,False,False,False,True
8335,False,False,True,True,True,True,True,True
8336,False,False,False,False,False,True,True,True
8337,False,False,False,False,False,False,False,False
8338,False,False,False,False,True,True,True,True
8339,False,False,True,True,True,True,True,True
8340,False,True,True,True,True,True,True,True
8341,False,False,False,False,False,True,True,True
8342,False,False,False,False,False,False,False,False
8343,False,False,False,True,True,True,True,True
8344,False,False,False,False,False,False,False,True
8345,False,False,False,False,False,False,False,False
8346,True,True,True,True,True,True,True,True
8347,False,False,False,False,False,False,False,False
8348,False,False,False,False,False,False,False,True
8349,False,False,False,False,False,False,False,False
8350,False,False,False,False,False,False,False,False
8351,False,False,False,False,False,True,True,True
8352,False,False,False,False,False,False,False,True
8353,False,False,False,False,False,False,False,True
8354,False,False,False,False,False,False,False,False
8355,False,False,False,False,False,False,False,False
8356,False,False,False,False,False,False,False,True
8357,False,False,False,False,False,False,True,True
8358,False,False,False,False,False,True,True,True
8359,False,False,False,False,True,True,True,True
8360,False,False,False,False,False,True,True,True
8361,False,False,False,False,False,False,True,True
8362,False,False,False,False,False,False,False,False
8363,False,False,False,True,True,True,True,True
8364,False,False,False,False,False,False,False,False
8365,False,False,False,False,False,False,False,True
8366,False,False,False,False,False,False,False,False
8367,False,False,False,False,False,False,True,True
8368,False,False,False,False,False,False,False,False
8369,False,False,True,True,True,True,True,True
8370,False,False,False,False,False,False,True,True
8371,False,False,False,False,False,False,True,True
8372,False,False,False,False,False,False,False,True
8373,False,False,False,False,False,False,False,True
8374,False,False,False,False,False,False,False,True
8375,False,False,False,False,False,False,False,True
8376,False,False,False,True,True,True,True,True
8377,False,False,False,False,False,False,False,False
8378,False,False,False,False,False,False,False,False
8379,False,False,False,False,False,False,False,False
8380,False,False,False,False,False,False,True,True
8381,False,False,False,False,False,True,True,True
8382,False,False,False,False,False,False,False,False
8383,False,False,False,False,False,False,False,True
8384,True,True,True,True,True,True,True,True
8385,True,True,True,True,True,True,True,True
8386,False,False,False,False,False,False,False,False
8387,False,False,False,True,True,True,True,True
8388,False,False,False,False,False,False,True,True
8389,False,False,False,False,False,False,True,True
8390,False,False,False,False,False,False,False,True
8391,False,False,False,False,False,False,True,True
8392,False,False,False,False,False,False,False,False
8393,False,False,False,True,True,True,True,True
8394,False,False,False,False,False,False,False,False
8395,False,False,False,False,False,False,False,False
8396,False,False,False,False,True,True,True,True
8397,False,False,False,False,False,False,False,True
8398,False,False,False,True,True,True,True,True
8399,False,False,False,False,False,False,False,False
8400,False,False,False,False,False,False,True,True
8401,False,False,False,False,False,True,True,True
8402,False,False,False,False,False,False,False,False
8403,False,False,False,False,False,True,True,True
8404,False,False,False,False,False,False,True,True
8405,False,False,False,False,False,False,True,True
8406,False,False,False,False,False,False,True,True
8407,False,False,False,False,False,False,False,True
8408,False,False,False,False,False,False,True,True
8409,False,False,False,False,False,False,False,False
8410,False,False,False,False,False,False,True,True
8411,False,False,False,False,False,False,True,True
8412,False,False,False,False,False,False,True,True
8413,False,False,False,False,False,True,True,True
8414,False,False,False,False,False,True,True,True
8415,False,False,False,False,False,False,False,False
8416,False,False,False,False,False,False,False,True
8417,True,True,True,True,True,True,True,True
8418,False,False,False,False,False,False,True,True
8419,False,False,False,False,False,False,True,True
8420,False,False,False,False,False,False,False,True
8421,False,False,False,False,False,False,False,True
8422,False,False,False,False,False,True,True,True
8423,False,False,False,False,False,False,False,True
8424,False,False,False,False,False,False,False,True
8425,False,False,False,False,False,False,False,True
8426,False,False,False,False,False,False,False,False
8427,False,False,False,False,False,False,False,False
8428,False,False,False,True,True,True,True,True
8429,False,False,False,False,False,False,False,True
8430,False,False,False,False,False,False,False,False
8431,False,False,False,False,False,False,False,False
8432,False,False,False,False,False,False,True,True
8433,False,False,False,False,False,False,False,True
8434,False,False,False,False,False,False,True,True
8435,False,False,False,False,False,False,False,True
8436,False,False,False,False,False,False,False,True
8437,False,False,False,False,False,False,False,True
8438,False,False,False,False,False,False,False,True
8439,False,False,False,False,False,False,True,True
8440,True,True,True,True,True,True,True,True
8441,False,False,False,False,False,False,False,False
8442,False,False,False,False,False,False,False,False
8443,False,False,False,False,False,False,False,True
8444,False,False,False,False,False,False,False,True
8445,False,False,False,False,False,False,False,False
8446,False,False,False,False,False,False,False,True
8447,False,False,False,False,False,False,False,True
8448,False,False,False,False,False,False,True,True
8449,False,False,False,False,False,False,False,False
8450,False,False,False,False,False,False,False,False
8451,False,False,False,False,False,False,False,False
8452,False,False,False,False,False,False,False,True
8453,False,False,False,False,False,False,False,True
8454,False,False,False,False,False,False,False,True
8455,False,False,False,False,True,True,True,True
8456,False,False,False,False,False,False,False,False
8457,False,False,False,False,False,False,False,False
8458,False,False,False,False,False,False,False,True
8459,False,False,False,False,False,False,False,False
8460,False,False,False,False,False,False,False,False
8461,False,False,False,False,False,True,True,True
8462,False,False,False,False,False,False,False,False
8463,False,False,False,False,False,False,False,False
8464,False,False,False,False,False,False,False,False
8465,False,False,False,False,False,True,True,True
8466,False,False,False,False,False,False,False,False
8467,False,False,False,False,True,True,True,True
8468,False,False,False,False,True,True,True,True
8469,False,False,False,False,False,False,False,False
8470,False,False,False,False,False,False,False,False
8471,True,True,True,True,True,True,True,True
8472,False,False,False,False,False,False,False,False
8473,False,False,False,False,False,False,False,False
8474,False,False,False,False,False,False,True,True
8475,False,False,False,False,False,False,False,False
8476,False,False,False,False,False,False,False,True
8477,False,False,False,False,False,False,False,False
8478,False,False,False,False,False,False,False,False
8479,False,False,False,False,False,False,False,True
8480,False,False,False,False,False,False,False,False
8481,False,False,False,False,False,False,False,False
8482,False,False,False,False,False,False,False,True
8483,False,False,False,False,False,True,True,True
8484,False,False,False,False,False,False,True,True
8485,False,False,False,False,False,False,False,True
8486,False,False,False,False,False,True,True,True
8487,False,False,False,False,False,False,False,True
8488,False,False,False,False,False,False,False,False
8489,False,False,False,False,False,True,True,True
8490,False,False,False,False,False,False,False,True
8491,False,False,False,False,False,False,False,True
8492,False,False,False,False,False,False,False,False
8493,False,False,False,False,False,False,False,False
8494,False,False,False,False,False,False,True,True
8495,False,False,False,False,False,False,False,True
8496,False,False,False,False,False,False,False,False
8497,False,False,False,False,False,False,True,True
8498,False,False,False,False,False,False,False,False
8499,False,False,False,False,False,False,False,True
8500,False,False,False,False,False,False,True,True
8501,False,False,False,True,True,True,True,True
8502,False,False,False,False,False,False,False,True
8503,False,False,False,False,False,False,False,False
8504,False,False,False,False,False,False,False,True
8505,False,False,False,False,False,False,False,False
8506,False,False,False,False,False,True,True,True
8507,False,False,False,False,False,False,False,True
8508,False,False,False,False,False,False,True,True
8509,False,False,False,False,True,True,True,True
8510,False,False,False,False,False,True,True,True
8511,False,False,False,False,False,False,False,False
8512,False,False,False,False,False,False,True,True
8513,False,False,False,False,False,False,True,True
8514,False,False,False,False,False,False,False,True
8515,False,False,False,False,False,False,False,True
8516,False,False,False,False,False,False,True,True
8517,False,False,False,False,False,False,True,True
8518,False,False,False,False,False,False,True,True
8519,False,False,False,False,False,False,True,True
8520,False,False,False,False,False,False,True,True
8521,False,False,False,False,False,False,False,False
8522,False,False,False,False,False,False,False,True
8523,False,False,False,False,False,False,True,True
8524,False,False,False,False,True,True,True,True
8525,False,False,False,False,False,False,False,False
8526,False,False,False,False,False,False,False,False
8527,False,False,False,False,False,False,False,True
8528,False,False,False,False,True,True,True,True
8529,False,False,False,False,False,False,False,False
8530,False,False,False,False,False,False,False,True
8531,False,False,False,False,False,False,False,False
8532,False,False,False,False,False,False,False,False
8533,False,False,False,False,False,False,False,False
8534,False,False,False,False,False,False,False,False
8535,False,False,False,False,False,False,False,False
8536,False,False,False,False,False,False,True,True
8537,False,False,True,True,True,True,True,True
8538,False,False,False,False,False,False,False,True
8539,False,False,False,False,False,False,True,True
8540,False,False,False,False,False,False,False,False
8541,False,False,False,False,False,False,False,False
8542,False,False,False,False,False,False,False,True
8543,False,False,False,False,False,False,False,True
8544,True,True,True,True,True,True,True,True
8545,False,False,False,False,False,False,False,True
8546,False,False,False,False,False,False,False,False
8547,False,False,False,False,False,False,False,False
8548,False,False,False,False,False,False,False,False
8549,False,False,False,False,False,False,True,True
8550,False,False,False,True,True,True,True,True
8551,False,False,False,False,False,False,False,True
8552,False,False,False,False,False,False,False,False
8553,False,False,False,False,False,False,False,True
8554,False,False,False,False,False,True,True,True
8555,False,False,False,False,False,False,True,True
8556,False,False,False,False,False,False,False,False
8557,False,False,False,False,False,True,True,True
8558,False,False,False,False,False,False,False,False
8559,False,False,False,False,False,True,True,True
8560,False,False,False,False,True,True,True,True
8561,False,False,False,False,False,False,False,False
8562,False,False,False,False,False,False,False,False
8563,False,False,False,False,False,False,False,True
8564,False,False,False,False,False,False,False,True
8565,False,False,False,False,False,False,False,True
8566,False,False,False,False,False,False,False,False
8567,False,False,False,False,False,False,True,True
8568,False,False,False,False,False,False,False,True
8569,False,False,False,False,False,False,False,False
8570,False,False,False,False,False,False,False,True
8571,False,False,False,False,False,False,False,False
8572,False,False,False,False,False,False,False,False
8573,False,False,False,False,False,False,False,True
8574,False,False,False,False,False,False,False,False
8575,False,False,False,False,False,False,False,True
8576,False,False,False,False,False,False,True,True
8577,False,False,False,False,False,False,False,False
8578,False,False,False,False,False,False,False,False
8579,False,False,False,False,False,False,False,True
8580,False,False,False,False,False,False,False,False
8581,False,False,False,False,False,False,False,False
8582,False,False,False,False,False,False,False,True
8583,False,False,False,False,False,False,False,True
8584,False,False,False,False,False,False,True,True
8585,False,False,False,False,False,False,False,False
8586,False,False,False,False,False,False,False,True
8587,False,False,False,False,False,False,False,False
8588,False,False,False,False,False,True,True,True
8589,False,False,False,False,False,False,False,False
8590,False,False,False,False,False,False,False,False
8591,False,False,False,False,False,False,False,False
8592,False,False,False,False,False,False,False,False
8593,False,False,False,False,False,False,False,False
8594,False,False,False,False,False,False,False,True
8595,False,False,False,False,False,True,True,True
8596,False,False,False,False,False,False,False,False
8597,False,False,False,False,False,True,True,True
8598,False,False,False,False,True,True,True,True
8599,False,False,False,False,False,False,True,True
8600,False,False,False,False,False,True,True,True
8601,False,False,False,False,False,False,False,True
8602,False,False,False,False,False,False,False,False
8603,False,False,False,False,False,False,False,True
8604,False,False,False,False,False,False,False,False
8605,False,False,False,False,False,False,False,False
8606,False,False,False,False,False,False,True,True
8607,False,False,False,False,False,True,True,True
8608,True,True,True,True,True,True,True,True
8609,False,False,False,False,False,False,True,True
8610,False,False,False,False,False,False,False,False
8611,False,False,False,False,False,True,True,True
8612,False,False,False,False,False,False,False,True
8613,False,False,False,False,True,True,True,True
8614,False,False,False,False,False,False,False,True
8615,False,False,False,False,False,False,True,True
8616,False,False,False,True,True,True,True,True
8617,False,False,False,False,False,False,False,True
8618,False,False,False,False,False,False,False,True
8619,False,False,False,False,False,False,False,False
8620,False,False,False,False,False,True,True,True
8621,False,False,False,False,False,False,False,True
8622,False,False,False,False,False,False,False,True
8623,False,False,False,False,False,False,False,True
8624,False,False,False,False,False,False,False,True
8625,False,False,False,False,True,True,True,True
8626,False,False,False,False,False,False,False,True
8627,True,True,True,True,True,True,True,True
8628,False,False,False,False,True,True,True,True
8629,False,False,False,False,False,False,False,False
8630,False,False,False,False,False,False,True,True
8631,False,False,False,False,False,False,True,True
8632,False,False,False,False,False,True,True,True
8633,False,False,False,False,False,False,False,False
8634,False,False,False,False,False,False,False,False
8635,False,False,False,False,False,False,False,False
8636,False,False,False,False,False,False,False,False
8637,False,True,True,True,True,True,True,True
8638,False,False,False,False,False,False,False,False
8639,False,False,False,False,False,False,False,False
8640,False,False,False,False,False,False,True,True
8641,False,False,False,False,False,False,True,True
8642,False,False,False,False,False,False,False,False
8643,True,True,True,True,True,True,True,True
8644,False,False,False,False,False,False,False,True
8645,False,True,True,True,True,True,True,True
8646,False,False,False,False,False,False,False,False
8647,False,False,False,False,False,True,True,True
8648,False,False,False,False,False,False,False,True
8649,False,False,False,False,False,False,False,True
8650,False,False,False,False,False,False,False,False
8651,False,False,False,False,False,False,False,False
8652,False,False,False,False,False,False,False,False
8653,False,False,False,False,False,False,False,False
8654,False,False,False,False,False,False,False,True
8655,False,False,False,False,False,False,False,False
8656,False,False,False,False,False,False,False,False
8657,False,False,False,False,False,False,False,True
8658,False,False,False,False,False,False,False,True
8659,False,False,False,False,False,False,False,True
8660,False,False,False,False,False,False,False,False
8661,False,False,False,False,False,False,False,False
8662,False,False,False,False,False,False,False,False
8663,False,False,False,False,False,False,True,True
8664,False,False,False,False,False,False,True,True
8665,False,False,False,False,False,False,True,True
8666,False,False,False,False,False,True,True,True
8667,False,False,False,False,False,False,False,False
8668,False,False,False,False,False,False,False,False
8669,False,False,False,False,False,True,True,True
8670,False,False,False,False,False,False,False,False
8671,False,False,False,False,False,False,False,False
8672,False,False,False,False,False,False,False,False
8673,False,False,False,False,False,False,False,True
8674,False,False,False,True,True,True,True,True
8675,False,False,False,True,True,True,True,True
8676,False,False,False,False,False,False,False,True
8677,False,False,False,False,False,False,True,True
8678,False,False,False,False,False,False,True,True
8679,False,False,False,False,False,False,False,False
8680,False,False,False,False,False,False,False,False
8681,False,False,False,False,False,False,False,False
8682,False,False,False,False,False,False,True,True
8683,False,False,False,False,False,False,True,True
8684,False,False,False,False,False,False,True,True
8685,False,False,False,False,False,False,False,True
8686,False,False,False,False,False,False,True,True
8687,False,False,False,False,False,False,False,False
8688,False,False,False,False,False,False,False,False
8689,False,False,False,False,False,True,True,True
8690,False,False,False,False,True,True,True,True
8691,False,False,True,True,True,True,True,True
8692,False,False,False,False,False,False,False,False
8693,False,False,False,True,True,True,True,True
8694,False,False,False,False,False,False,False,True
8695,False,False,False,False,False,False,True,True
8696,False,False,False,False,False,False,False,False
8697,False,False,False,False,False,False,False,False
8698,False,False,False,False,False,False,True,True
8699,False,False,False,False,False,False,False,False
8700,False,False,False,False,False,False,False,True
8701,False,False,False,False,False,False,False,True
8702,False,False,False,False,False,False,False,True
8703,False,False,False,False,False,False,False,True
8704,False,False,False,False,False,False,False,False
8705,False,False,False,False,False,False,False,False
8706,False,False,False,True,True,True,True,True
8707,False,False,False,True,True,True,True,True
8708,False,False,False,False,False,False,False,True
8709,False,False,True,True,True,True,True,True
8710,False,False,False,False,False,False,False,False
8711,False,False,False,False,False,False,True,True
8712,False,False,False,False,False,False,True,True
8713,False,False,False,False,False,False,False,False
8714,False,False,False,False,False,False,False,True
8715,False,False,False,False,False,False,False,False
8716,False,False,False,False,False,False,False,False
8717,False,False,False,False,False,True,True,True
8718,False,False,False,True,True,True,True,True
8719,False,False,False,False,False,False,False,True
8720,False,False,False,False,False,False,False,True
8721,False,False,False,False,True,True,True,True
8722,False,False,False,False,False,False,False,False
8723,False,False,False,False,False,False,False,True
8724,False,False,False,False,False,False,False,False
8725,False,True,True,True,True,True,True,True
8726,False,False,False,False,False,False,False,True
8727,False,False,True,True,True,True,True,True
8728,False,False,False,False,False,False,False,False
8729,False,False,False,False,False,True,True,True
8730,False,False,False,False,False,False,False,False
8731,False,False,False,False,False,False,False,False
8732,False,False,False,False,False,False,False,False
8733,False,False,False,False,False,False,False,False
8734,False,False,False,False,False,False,True,True
8735,False,False,False,False,False,False,False,False
8736,False,False,False,False,False,False,False,False
8737,False,False,False,False,False,False,False,False
8738,False,False,False,False,False,False,True,True
8739,False,False,False,False,False,False,True,True
8740,False,False,False,False,False,False,False,True
8741,False,False,False,False,False,False,False,True
8742,False,False,False,False,False,False,False,False
8743,False,False,False,False,False,False,False,False
8744,False,False,False,False,False,False,False,False
8745,False,False,False,False,False,False,False,True
8746,False,False,False,False,False,False,False,False
8747,False,False,False,False,False,False,False,False
8748,False,False,False,False,False,False,False,False
8749,False,False,False,False,False,False,False,True
8750,False,False,False,False,False,False,False,False
8751,False,False,False,False,False,True,True,True
8752,False,True,True,True,True,True,True,True
8753,False,False,False,False,False,False,False,False
8754,False,False,False,False,False,False,False,False
8755,False,False,False,False,False,False,False,False
8756,False,False,False,False,False,False,False,False
8757,False,False,False,False,False,False,True,True
8758,False,False,False,True,True,True,True,True
8759,False,False,False,False,True,True,True,True
8760,False,False,False,False,False,False,False,False
8761,False,False,False,False,False,False,False,False
8762,False,False,False,False,False,False,False,False
8763,False,False,False,False,False,False,False,False
8764,False,False,False,False,False,False,True,True
8765,False,False,False,False,False,False,False,False
8766,False,False,False,False,False,False,False,False
8767,False,False,False,False,False,False,False,True
8768,False,False,False,False,False,False,False,False
8769,False,False,False,False,False,False,True,True
8770,False,False,False,False,False,False,False,False
8771,False,False,False,False,True,True,True,True
8772,False,False,False,False,False,False,False,True
8773,False,False,False,True,True,True,True,True
8774,False,False,False,False,False,False,True,True
8775,False,False,False,False,False,True,True,True
8776,False,False,False,False,False,False,False,False
8777,False,False,False,False,False,False,False,False
8778,False,False,False,False,True,True,True,True
8779,False,False,False,False,False,False,True,True
8780,False,False,False,True,True,True,True,True
8781,False,False,False,False,False,False,False,False
8782,False,False,False,False,False,True,True,True
8783,False,False,False,False,False,False,False,True
8784,False,False,False,False,False,False,False,False
8785,False,False,False,False,False,False,False,True
8786,False,False,True,True,True,True,True,True
8787,False,False,False,False,False,False,False,True
8788,False,False,False,False,False,False,False,False
8789,False,False,False,False,False,False,False,True
8790,False,False,False,False,True,True,True,True
8791,False,False,False,False,False,False,False,False
8792,False,False,False,False,False,False,False,False
8793,False,False,False,False,False,False,False,True
8794,False,False,False,False,False,False,False,False
8795,False,False,True,True,True,True,True,True
8796,False,False,False,False,False,False,False,True
8797,False,False,False,False,False,False,False,False
8798,False,False,False,False,False,False,False,False
8799,False,False,False,False,False,False,False,False
8800,False,False,False,False,True,True,True,True
8801,False,False,False,False,False,False,False,False
8802,False,False,False,False,False,False,False,True
8803,False,False,False,False,False,False,False,True
8804,False,False,False,False,False,False,False,False
8805,False,False,False,False,False,False,False,False
8806,False,False,False,False,False,False,False,False
8807,False,False,True,True,True,True,True,True
8808,False,False,False,False,True,True,True,True
8809,False,False,False,False,False,False,True,True
8810,False,False,False,False,False,False,False,True
8811,False,False,False,False,False,False,False,False
8812,False,False,False,True,True,True,True,True
8813,False,False,False,False,False,False,False,False
8814,False,False,False,False,False,False,False,True
8815,True,True,True,True,True,True,True,True
8816,False,False,False,False,False,False,False,False
8817,False,False,True,True,True,True,True,True
8818,False,False,False,False,False,False,False,True
8819,False,False,False,False,False,False,False,True
8820,False,False,False,False,False,False,False,False
8821,False,False,False,False,False,False,True,True
8822,False,False,False,False,False,False,False,False
8823,False,False,False,False,True,True,True,True
8824,False,False,False,False,False,False,False,True
8825,False,False,False,False,False,False,False,True
8826,False,False,False,False,False,False,True,True
8827,False,False,False,False,False,False,True,True
8828,False,False,False,False,False,False,True,True
8829,False,False,False,False,False,False,False,False
8830,False,False,False,True,True,True,True,True
8831,False,False,False,False,False,False,True,True
8832,False,False,False,False,False,False,False,True
8833,False,False,False,False,False,False,False,False
8834,False,False,False,False,False,False,False,True
8835,False,False,False,False,False,False,False,True
8836,False,False,False,False,False,False,False,True
8837,False,False,False,False,False,False,True,True
8838,False,False,False,False,False,False,False,True
8839,False,False,False,False,False,False,False,True
8840,False,False,False,True,True,True,True,True
8841,False,False,False,False,False,False,True,True
8842,False,False,False,True,True,True,True,True
8843,False,False,False,False,False,False,False,False
8844,False,False,False,False,False,False,False,False
8845,False,False,False,False,False,False,True,True
8846,False,False,False,False,False,False,False,True
8847,False,False,False,False,False,True,True,True
8848,False,False,False,False,False,False,True,True
8849,False,False,False,False,False,False,True,True
8850,False,False,False,False,False,False,False,True
8851,False,False,False,False,False,False,False,True
8852,False,False,False,False,False,False,True,True
8853,False,False,False,False,False,False,False,True
8854,False,False,False,False,False,False,True,True
8855,False,False,False,False,False,False,True,True
8856,False,False,False,False,False,False,False,False
8857,False,False,False,False,False,False,False,False
8858,True,True,True,True,True,True,True,True
8859,False,False,False,False,False,False,False,True
8860,False,False,False,False,False,False,False,False
8861,False,False,False,False,False,False,False,False
8862,False,False,False,False,False,False,True,True
8863,False,False,False,False,False,False,False,False
8864,False,False,False,False,False,False,False,True
8865,False,False,False,False,False,False,False,True
8866,False,False,False,False,False,False,True,True
8867,False,False,False,False,False,False,False,False
8868,False,False,False,False,False,False,False,False
8869,False,False,False,False,False,False,False,False
8870,False,False,False,False,False,False,False,True
8871,False,False,False,False,False,False,False,True
8872,False,False,False,False,False,False,False,False
8873,False,False,False,False,False,False,True,True
8874,False,False,False,False,False,False,False,False
8875,False,False,False,False,False,True,True,True
8876,False,False,False,True,True,True,True,True
8877,False,False,False,False,False,False,False,False
8878,False,False,False,False,False,False,False,False
8879,False,False,False,False,True,True,True,True
8880,False,False,False,False,False,False,False,True
8881,False,False,False,False,False,False,False,True
8882,False,False,False,False,True,True,True,True
8883,False,False,False,False,True,True,True,True
8884,False,False,False,False,False,False,False,False
8885,False,False,False,False,False,False,False,True
8886,False,False,False,False,False,False,True,True
8887,False,False,False,False,False,True,True,True
8888,False,False,False,False,False,False,False,False
8889,False,False,False,False,False,True,True,True
8890,False,False,False,False,False,False,True,True
8891,False,False,False,False,False,False,False,False
8892,False,False,False,False,False,True,True,True
8893,False,False,False,False,False,False,False,False
8894,False,False,False,False,False,False,True,True
8895,False,False,False,False,False,False,True,True
8896,False,False,False,False,False,True,True,True
8897,False,False,False,False,True,True,True,True
8898,False,False,False,False,False,True,True,True
8899,False,False,False,False,False,False,False,False
8900,False,False,False,False,False,False,True,True
8901,False,False,False,False,False,False,False,False
8902,False,False,False,False,True,True,True,True
8903,False,False,False,False,False,False,False,False
8904,False,False,False,False,False,False,False,False
8905,False,True,True,True,True,True,True,True
8906,False,False,False,False,False,False,False,True
8907,False,False,False,False,False,False,False,False
8908,False,False,False,False,False,False,False,False
8909,False,False,False,False,False,False,False,True
8910,False,False,False,False,False,False,False,False
8911,False,False,False,False,False,False,False,False
8912,False,False,False,False,False,False,False,False
8913,False,True,True,True,True,True,True,True
8914,False,False,False,True,True,True,True,True
8915,False,False,False,False,False,False,False,False
8916,False,False,False,False,False,False,False,False
8917,False,False,False,False,False,False,True,True
8918,False,False,False,False,False,False,False,False
8919,False,False,False,False,False,False,False,False
8920,False,False,False,False,False,False,False,False
8921,False,False,False,False,False,True,True,True
8922,False,False,False,False,False,False,False,False
8923,False,False,False,False,False,False,False,False
8924,False,False,False,False,False,False,True,True
8925,False,False,False,False,False,False,False,True
8926,False,False,False,False,False,False,False,True
8927,False,False,False,False,False,True,True,True
8928,False,False,False,False,False,False,False,True
8929,False,False,False,False,False,False,False,False
8930,False,False,False,False,False,False,False,False
8931,False,False,False,False,False,False,False,False
8932,False,False,False,True,True,True,True,True
8933,False,False,False,False,False,False,False,False
8934,False,False,False,False,True,True,True,True
8935,False,False,False,False,False,False,False,False
8936,False,False,False,False,False,False,True,True
8937,False,False,False,False,False,False,False,True
8938,False,False,False,False,False,False,False,False
8939,False,False,False,False,False,False,False,False
8940,False,False,False,True,True,True,True,True
8941,False,False,False,False,False,False,False,False
8942,False,False,False,False,False,False,False,False
8943,False,False,False,False,True,True,True,True
8944,False,False,False,True,True,True,True,True
8945,False,False,False,False,False,False,False,False
8946,False,False,False,False,False,False,False,False
8947,False,False,False,False,False,False,False,True
8948,False,False,False,False,False,True,True,True
8949,False,False,False,False,False,False,True,True
8950,False,False,False,False,False,False,False,True
8951,False,False,False,False,False,False,True,True
8952,False,False,False,False,False,False,True,True
8953,False,False,False,False,False,False,True,True
8954,False,False,False,False,False,False,False,False
8955,False,False,False,False,False,False,False,True
8956,False,False,False,False,False,False,False,False
8957,False,False,False,False,False,True,True,True
8958,False,False,False,False,False,False,False,False
8959,False,False,False,False,False,False,False,False
8960,False,False,False,False,False,True,True,True
8961,False,False,False,False,False,False,False,True
8962,False,False,False,False,False,True,True,True
8963,False,False,False,False,False,False,False,True
8964,False,False,False,False,False,True,True,True
8965,False,False,False,False,False,False,False,True
8966,False,False,False,False,False,True,True,True
8967,False,False,False,False,False,False,False,False
8968,False,False,False,False,False,False,False,False
8969,False,False,False,False,False,False,False,False
8970,False,False,False,False,False,False,False,False
8971,False,False,False,False,False,False,True,True
8972,False,False,False,False,False,False,True,True
8973,False,False,False,False,False,False,True,True
8974,False,False,False,False,False,False,False,False
8975,False,False,False,False,False,False,False,False
8976,False,False,False,False,False,False,False,False
8977,False,False,False,False,False,False,False,False
8978,False,False,False,False,False,False,False,False
8979,False,False,False,False,False,False,False,True
8980,False,False,False,False,False,False,True,True
8981,False,False,False,False,True,True,True,True
8982,False,False,False,False,False,True,True,True
8983,False,False,False,False,False,False,False,False
8984,False,False,False,False,False,False,False,False
8985,False,False,False,False,False,False,True,True
8986,False,False,False,False,False,False,False,False
8987,False,False,True,True,True,True,True,True
8988,False,False,False,False,False,False,False,True
8989,False,False,False,False,False,False,True,True
8990,False,False,False,False,False,False,False,False
8991,False,False,False,False,False,False,False,True
8992,False,False,False,False,False,False,False,False
8993,False,False,False,False,False,False,False,False
8994,False,False,False,True,True,True,True,True
8995,False,False,False,True,True,True,True,True
8996,False,False,False,False,False,False,False,False
8997,False,False,False,False,False,False,True,True
8998,False,False,False,False,False,False,False,False
8999,False,False,False,False,False,False,False,False
9000,False,False,False,False,False,False,False,False
9001,False,False,False,False,False,False,False,False
9002,False,False,False,False,False,False,False,True
9003,False,False,False,False,False,False,False,True
9004,False,False,False,False,False,False,False,True
9005,False,False,False,False,False,False,False,False
9006,False,False,False,False,False,False,False,False
9007,False,False,False,False,False,False,False,False
9008,False,False,False,False,False,False,False,False
9009,False,False,False,True,True,True,True,True
9010,False,False,False,False,False,False,False,True
9011,False,False,False,False,False,False,True,True
9012,False,False,False,False,False,False,True,True
9013,False,False,False,False,False,False,False,False
9014,False,False,False,False,False,False,False,False
9015,False,False,False,False,False,False,True,True
9016,False,False,False,False,False,False,False,False
9017,False,False,False,False,False,False,False,False
9018,False,False,False,False,False,False,False,True
9019,False,False,False,False,False,False,True,True
9020,False,False,False,False,False,False,False,False
9021,False,False,False,False,False,False,False,False
9022,False,False,False,False,True,True,True,True
9023,True,True,True,True,True,True,True,True
9024,True,True,True,True,True,True,True,True
9025,False,False,False,False,False,True,True,True
9026,True,True,True,True,True,True,True,True
9027,False,False,False,False,False,True,True,True
9028,False,False,False,False,False,False,False,False
9029,False,False,False,False,False,False,False,False
9030,False,False,False,False,False,False,False,False
9031,False,False,False,False,False,False,False,False
9032,False,False,False,False,False,False,False,True
9033,False,False,False,False,True,True,True,True
9034,False,False,False,False,False,False,False,True
9035,False,False,False,False,False,True,True,True
9036,False,False,False,False,False,False,False,False
9037,False,False,False,False,False,True,True,True
9038,False,False,False,True,True,True,True,True
9039,False,False,False,False,False,True,True,True
9040,False,False,False,False,False,False,False,False
9041,False,False,False,False,False,False,True,True
9042,False,False,False,False,False,False,False,True
9043,False,False,False,False,False,False,False,True
9044,False,False,False,False,False,False,False,False
9045,False,False,False,False,False,False,False,True
9046,False,False,False,False,False,False,False,True
9047,False,False,False,False,False,False,False,True
9048,False,False,False,False,False,False,False,False
9049,False,False,False,False,False,False,True,True
9050,False,False,False,False,False,False,False,True
9051,False,False,False,False,False,False,True,True
9052,False,False,True,True,True,True,True,True
9053,False,False,False,False,True,True,True,True
9054,False,False,False,False,False,False,False,False
9055,False,False,False,False,False,False,False,False
9056,False,False,True,True,True,True,True,True
9057,False,False,False,False,False,False,False,True
9058,False,False,True,True,True,True,True,True
9059,False,False,False,False,False,False,False,False
9060,False,False,False,False,False,False,True,True
9061,False,False,False,False,False,False,False,False
9062,False,False,False,False,False,False,False,True
9063,False,False,False,False,False,True,True,True
9064,False,False,False,False,False,False,False,False
9065,False,False,False,False,False,False,False,False
9066,False,False,False,False,False,False,True,True
9067,False,False,False,False,False,False,False,False
9068,False,False,False,False,False,True,True,True
9069,False,False,False,False,False,False,False,False
9070,False,False,False,False,False,False,False,False
9071,False,False,False,False,False,False,False,True
9072,False,False,False,False,False,False,False,True
9073,False,False,False,False,True,True,True,True
9074,False,True,True,True,True,True,True,True
9075,False,False,False,False,False,False,False,False
9076,False,False,False,False,False,True,True,True
9077,False,False,False,False,False,False,False,False
9078,False,False,False,False,False,False,False,False
9079,False,False,False,False,False,False,True,True
9080,False,False,False,False,False,False,False,False
9081,False,False,False,False,False,False,False,True
9082,False,False,False,False,False,False,False,False
9083,False,False,False,False,False,False,False,True
9084,False,False,False,False,False,True,True,True
9085,False,False,False,False,False,False,False,True
9086,False,False,False,False,False,False,False,False
9087,False,False,False,True,True,True,True,True
9088,False,False,False,False,False,False,False,True
9089,False,False,False,False,False,False,True,True
9090,False,False,False,False,False,False,False,False
9091,False,False,False,False,False,True,True,True
9092,False,False,False,False,False,False,False,True
9093,False,False,False,False,False,False,True,True
9094,False,False,False,False,False,False,False,False
9095,False,False,False,False,False,False,True,True
9096,False,False,False,False,False,False,False,False
9097,False,False,False,False,False,False,True,True
9098,False,False,False,False,False,True,True,True
9099,False,False,False,False,False,False,False,False
9100,False,False,False,False,False,False,False,False
9101,False,False,False,False,False,False,False,True
9102,False,False,False,True,True,True,True,True
9103,False,False,False,False,False,False,False,True
9104,False,False,False,False,False,False,False,False
9105,False,False,False,False,False,False,False,True
9106,False,False,False,False,False,False,False,True
9107,False,False,False,False,False,False,False,True
9108,False,False,False,False,True,True,True,True
9109,False,False,False,False,False,False,False,False
9110,False,False,False,False,False,True,True,True
9111,False,False,False,False,True,True,True,True
9112,False,False,False,False,False,False,False,True
9113,False,False,False,False,False,False,False,False
9114,False,False,False,False,False,False,False,True
9115,False,False,False,False,False,False,False,False
9116,False,False,False,False,False,False,False,False
9117,False,False,False,False,False,True,True,True
9118,False,False,False,False,False,False,False,True
9119,False,False,False,False,False,False,False,False
9120,False,False,False,False,False,False,False,True
9121,False,False,False,False,False,False,True,True
9122,False,False,False,False,False,False,False,True
9123,False,False,False,False,False,False,False,True
9124,False,False,False,False,False,False,False,True
9125,False,False,False,True,True,True,True,True
9126,False,False,False,False,False,False,False,False
9127,False,False,False,False,False,False,False,False
9128,False,False,False,False,False,False,False,False
9129,False,False,False,False,False,False,False,False
9130,False,False,False,False,False,False,False,True
9131,False,False,False,False,False,False,False,True
9132,False,False,False,False,False,True,True,True
9133,False,False,False,False,False,False,False,False
9134,False,False,False,False,False,False,False,True
9135,False,False,False,False,False,False,False,True
9136,False,False,False,False,True,True,True,True
9137,False,False,False,False,False,False,False,False
9138,False,False,False,False,False,False,True,True
9139,False,False,False,False,False,False,False,False
9140,False,False,False,False,False,False,False,True
9141,False,False,False,False,False,False,True,True
9142,False,False,False,False,True,True,True,True
9143,False,False,False,False,False,False,False,True
9144,False,False,False,False,False,False,False,False
9145,False,False,False,False,False,False,False,True
9146,False,False,False,False,False,False,False,True
9147,False,False,False,False,False,False,True,True
9148,False,False,False,False,False,False,False,True
9149,False,False,False,False,False,False,False,True
9150,False,False,False,False,True,True,True,True
9151,False,False,False,False,False,False,True,True
9152,False,False,False,False,False,True,True,True
9153,False,True,True,True,True,True,True,True
9154,False,False,False,False,False,False,False,False
9155,False,False,False,False,False,True,True,True
9156,False,False,False,False,False,False,False,False
9157,False,False,False,False,False,True,True,True
9158,False,False,False,False,False,False,True,True
9159,False,False,False,True,True,True,True,True
9160,False,False,False,False,True,True,True,True
9161,False,False,False,False,False,False,True,True
9162,False,False,False,False,False,False,False,False
9163,False,False,False,False,False,False,False,False
9164,False,False,False,False,False,False,False,True
9165,False,False,False,False,False,False,False,False
9166,False,False,False,False,False,False,True,True
9167,False,False,False,False,False,False,False,False
9168,False,False,False,False,False,False,False,False
9169,False,False,False,False,False,False,False,False
9170,False,False,False,False,False,True,True,True
9171,False,False,False,False,False,False,False,False
9172,False,False,False,False,False,False,False,False
9173,False,False,False,False,False,False,False,False
9174,False,False,False,False,False,False,False,True
9175,False,False,False,False,False,False,True,True
9176,False,False,False,True,True,True,True,True
9177,False,False,False,False,False,False,True,True
9178,False,False,False,False,False,False,False,False
9179,False,False,False,False,False,False,False,True
9180,False,False,False,False,False,True,True,True
9181,False,False,False,False,False,False,False,False
9182,False,False,False,False,False,False,False,True
9183,False,False,False,False,False,True,True,True
9184,False,False,False,False,False,False,True,True
9185,False,False,False,False,False,False,False,True
9186,False,False,False,False,False,False,False,False
9187,False,False,False,False,False,False,True,True
9188,False,False,False,False,False,False,False,False
9189,False,False,False,False,False,False,False,False
9190,False,False,False,False,False,False,False,False
9191,False,False,False,False,False,False,False,False
9192,False,False,False,False,False,True,True,True
9193,False,False,False,False,False,False,True,True
9194,False,False,False,False,False,False,True,True
9195,False,False,False,False,False,False,False,False
9196,False,False,False,False,False,False,False,True
9197,False,False,False,False,False,False,True,True
9198,False,False,False,False,False,False,False,False
9199,False,False,False,False,False,False,False,False
9200,False,False,False,False,False,False,False,False
9201,False,False,False,False,False,False,False,True
9202,False,False,True,True,True,True,True,True
9203,False,False,False,False,False,False,False,True
9204,False,False,False,False,False,False,True,True
9205,False,False,False,False,False,False,True,True
9206,False,False,False,False,False,False,False,True
9207,False,False,False,False,True,True,True,True
9208,False,False,False,False,False,False,False,True
9209,False,False,False,False,False,False,False,True
9210,False,False,False,False,False,False,False,False
9211,False,False,False,False,False,True,True,True
9212,False,False,False,False,False,False,False,True
9213,False,False,False,True,True,True,True,True
9214,False,False,False,False,False,False,True,True
9215,False,False,False,False,False,False,False,False
9216,True,True,True,True,True,True,True,True
9217,False,False,False,False,False,False,False,True
9218,False,False,False,False,False,False,False,True
9219,False,False,False,False,False,False,False,True
9220,False,False,False,False,False,False,False,True
9221,False,False,False,False,False,False,False,False
9222,False,False,False,False,False,False,False,False
9223,False,False,False,False,True,True,True,True
9224,False,False,False,False,False,False,False,False
9225,False,False,False,False,False,False,True,True
9226,False,False,False,False,False,False,False,True
9227,False,False,False,False,False,True,True,True
9228,False,False,False,False,False,False,False,False
9229,False,False,False,False,False,False,True,True
9230,False,False,False,False,False,False,False,True
9231,False,False,False,False,False,False,False,True
9232,False,False,False,False,False,False,True,True
9233,True,True,True,True,True,True,True,True
9234,False,False,False,False,False,False,False,False
9235,False,False,False,False,False,False,True,True
9236,False,False,False,False,False,False,False,True
9237,False,False,False,False,False,False,False,False
9238,False,False,False,False,False,False,True,True
9239,False,False,False,False,False,False,False,True
9240,False,False,False,False,False,False,False,False
9241,False,False,False,False,False,False,False,True
9242,True,True,True,True,True,True,True,True
9243,False,False,False,False,False,False,False,True
9244,False,False,False,False,False,False,False,True
9245,False,False,False,False,False,False,True,True
9246,False,False,False,False,False,False,False,False
9247,False,False,False,False,False,False,False,False
9248,False,False,False,False,False,False,False,True
9249,False,False,False,False,False,False,True,True
9250,False,False,False,False,False,False,False,False
9251,False,False,False,False,False,False,False,True
9252,False,False,False,False,False,False,True,True
9253,False,False,False,False,False,False,False,True
9254,False,False,False,False,False,False,False,False
9255,False,False,False,False,False,False,True,True
9256,False,True,True,True,True,True,True,True
9257,False,False,False,False,False,False,False,False
9258,False,False,False,False,False,False,True,True
9259,True,True,True,True,True,True,True,True
9260,False,False,False,False,False,False,False,False
9261,False,False,False,False,False,False,False,True
9262,False,False,False,False,False,False,False,False
9263,False,False,False,False,True,True,True,True
9264,False,False,False,False,False,False,False,True
9265,False,True,True,True,True,True,True,True
9266,False,False,False,False,False,False,False,True
9267,False,False,False,False,False,False,False,True
9268,False,False,False,False,False,False,True,True
9269,False,False,False,False,False,False,False,True
9270,False,False,False,False,True,True,True,True
9271,False,False,False,False,False,False,False,True
9272,False,False,False,False,False,False,False,True
9273,False,False,False,False,False,False,True,True
9274,False,False,False,False,False,False,False,False
9275,False,False,False,False,False,False,True,True
9276,False,False,False,False,False,False,False,True
9277,False,False,False,False,False,False,True,True
9278,False,False,False,False,False,False,False,False
9279,False,False,False,False,False,True,True,True
9280,False,False,False,True,True,True,True,True
9281,False,False,False,False,False,False,False,False
9282,False,False,False,False,False,False,False,False
9283,False,False,False,False,True,True,True,True
9284,False,False,False,False,False,False,True,True
9285,False,False,True,True,True,True,True,True
9286,False,False,False,False,False,False,False,False
9287,False,False,False,False,False,True,True,True
9288,False,False,False,False,False,False,False,False
9289,False,False,False,False,False,False,False,True
9290,False,False,False,False,False,False,True,True
9291,False,False,False,False,False,False,False,True
9292,False,False,False,False,False,False,True,True
9293,False,False,False,False,False,True,True,True
9294,False,False,False,False,False,False,True,True
9295,False,False,False,False,False,False,False,False
9296,False,False,False,False,False,False,True,True
9297,False,False,False,False,False,False,False,False
9298,False,False,False,False,False,False,False,True
9299,False,False,False,False,False,False,False,False
9300,False,False,False,False,False,False,True,True
9301,False,False,False,False,False,True,True,True
9302,False,False,False,False,False,False,False,False
9303,False,False,False,False,False,False,False,True
9304,False,False,False,False,False,False,False,False
9305,False,False,False,False,False,False,False,False
9306,False,False,False,False,False,False,False,False
9307,False,False,False,False,False,False,False,False
9308,False,False,False,False,False,False,False,False
9309,False,False,False,False,False,False,False,True
9310,False,False,False,False,False,False,True,True
9311,False,False,False,False,False,False,False,False
9312,False,False,False,False,False,False,False,False
9313,False,False,False,False,False,False,False,False
9314,False,False,False,False,False,False,False,True
9315,False,False,False,False,False,False,True,True
9316,False,False,False,False,False,True,True,True
9317,False,False,False,False,False,False,False,False
9318,False,False,False,False,False,False,False,True
9319,False,False,False,False,False,False,False,False
9320,False,False,False,False,False,False,False,False
9321,False,False,False,False,False,False,False,True
9322,False,False,False,False,False,False,False,False
9323,False,False,False,False,False,True,True,True
9324,False,False,False,False,False,False,False,False
9325,False,False,False,False,False,False,False,True
9326,False,False,False,False,False,False,True,True
9327,False,False,False,False,False,False,True,True
9328,False,False,False,False,False,False,False,False
9329,False,False,False,False,False,True,True,True
9330,False,False,False,False,False,False,True,True
9331,False,False,False,False,False,False,False,False
9332,False,False,False,False,False,False,False,False
9333,False,False,False,True,True,True,True,True
9334,False,False,False,False,False,False,True,True
9335,False,False,False,False,False,True,True,True
9336,False,False,True,True,True,True,True,True
9337,False,False,False,False,False,False,True,True
9338,False,False,False,False,False,True,True,True
9339,False,False,True,True,True,True,True,True
9340,False,False,False,False,False,False,False,True
9341,False,False,False,False,False,False,False,False
9342,False,False,False,False,False,False,False,False
9343,False,False,False,False,False,False,False,False
9344,False,False,False,False,False,False,True,True
9345,False,False,False,False,False,False,False,True
9346,False,False,False,False,False,False,False,False
9347,False,False,False,False,False,True,True,True
9348,False,False,False,False,False,False,False,False
9349,False,False,False,False,False,False,False,True
9350,False,False,False,False,False,False,False,True
9351,False,False,False,False,False,False,False,False
9352,False,False,False,False,False,False,False,False
9353,False,False,False,False,False,False,False,False
9354,False,False,False,False,True,True,True,True
9355,False,False,False,False,False,False,False,False
9356,False,False,False,False,False,True,True,True
9357,False,False,False,False,False,False,True,True
9358,False,False,False,False,False,False,False,False
9359,False,False,False,False,False,False,False,False
9360,False,False,False,False,False,False,True,True
9361,False,False,False,False,False,False,False,True
9362,False,False,False,False,False,False,False,False
9363,False,False,False,False,False,False,False,False
9364,False,False,False,False,False,True,True,True
9365,False,False,False,False,False,False,False,False
9366,False,False,True,True,True,True,True,True
9367,False,False,False,False,False,False,False,False
9368,False,False,False,False,False,False,True,True
9369,False,False,False,False,False,False,False,False
9370,False,False,False,False,False,False,False,True
9371,False,False,False,False,False,False,False,False
9372,False,False,False,False,False,True,True,True
9373,False,False,False,False,True,True,True,True
9374,False,False,False,False,False,False,False,True
9375,False,False,False,False,False,False,False,False
9376,False,False,False,False,True,True,True,True
9377,False,False,False,False,False,True,True,True
9378,False,False,False,True,True,True,True,True
9379,False,False,False,False,False,False,False,True
9380,False,False,False,False,False,False,False,True
9381,False,False,False,False,False,False,False,False
9382,False,False,False,False,False,False,True,True
9383,False,False,False,False,False,False,True,True
9384,False,False,False,False,False,False,False,True
9385,False,False,False,False,True,True,True,True
9386,False,False,True,True,True,True,True,True
9387,False,False,False,False,False,True,True,True
9388,False,False,False,False,False,False,False,False
9389,False,False,False,False,False,False,False,False
9390,False,False,False,False,False,True,True,True
9391,False,False,False,False,False,False,False,False
9392,True,True,True,True,True,True,True,True
9393,False,False,False,False,False,False,False,False
9394,False,False,False,False,False,False,True,True
9395,False,False,False,False,False,False,False,False
9396,False,False,False,False,False,False,False,True
9397,False,False,False,False,False,False,False,False
9398,False,False,False,False,False,False,False,False
9399,False,False,False,True,True,True,True,True
9400,False,False,False,False,False,False,False,True
9401,False,False,False,False,True,True,True,True
9402,False,False,False,False,False,False,False,False
9403,False,False,False,False,False,False,False,False
9404,True,True,True,True,True,True,True,True
9405,False,False,False,False,False,False,False,True
9406,False,False,False,False,False,True,True,True
9407,False,False,False,False,False,False,False,False
9408,False,False,False,False,False,False,False,False
9409,False,False,False,False,False,False,True,True
9410,False,False,False,False,False,False,False,True
9411,False,False,False,False,False,False,False,False
9412,False,False,False,False,False,False,False,False
9413,False,False,False,False,False,False,False,False
9414,False,False,False,False,True,True,True,True
9415,False,False,False,False,False,False,False,False
9416,False,False,False,False,False,False,True,True
9417,False,False,False,False,False,False,True,True
9418,False,False,False,False,False,False,True,True
9419,False,False,False,False,False,False,False,False
9420,False,False,False,False,False,False,False,True
9421,False,False,False,False,False,False,False,False
9422,False,False,False,False,False,False,False,False
9423,False,False,False,False,False,False,False,False
9424,False,False,False,False,False,False,False,False
9425,False,False,False,False,False,False,False,True
9426,False,False,False,False,False,False,False,True
9427,False,False,False,False,False,True,True,True
9428,False,False,False,False,False,False,False,False
9429,False,False,False,False,False,False,False,False
9430,False,False,False,False,False,False,False,False
9431,False,False,False,False,False,True,True,True
9432,False,False,False,False,False,False,False,False
9433,False,False,False,False,False,False,False,True
9434,False,False,False,False,False,True,True,True
9435,False,False,False,False,False,False,False,False
9436,False,False,False,False,False,False,True,True
9437,False,False,False,False,False,False,False,True
9438,False,False,False,False,False,False,True,True
9439,False,False,False,False,False,False,False,True
9440,False,False,False,False,False,False,True,True
9441,False,False,False,False,False,False,True,True
9442,False,False,False,False,False,False,False,True
9443,False,False,False,False,False,False,False,True
9444,False,False,False,True,True,True,True,True
9445,False,False,False,False,False,False,False,True
9446,False,False,False,False,False,False,False,False
9447,False,False,False,False,False,True,True,True
9448,False,False,False,False,False,False,False,False
9449,False,False,False,False,False,True,True,True
9450,False,True,True,True,True,True,True,True
9451,False,False,False,False,False,False,True,True
9452,False,False,False,False,False,False,True,True
9453,False,False,False,False,False,True,True,True
9454,False,False,False,False,False,False,False,False
9455,True,True,True,True,True,True,True,True
9456,False,False,False,False,False,False,False,False
9457,False,False,False,False,False,False,False,True
9458,False,False,False,False,False,False,False,False
9459,False,False,False,False,False,False,False,True
9460,False,False,False,False,False,False,False,True
9461,False,False,False,False,False,False,False,True
9462,False,False,False,False,False,False,False,True
9463,False,False,False,False,True,True,True,True
9464,False,False,False,False,False,False,False,False
9465,False,False,False,False,False,True,True,True
9466,False,False,False,False,False,False,False,True
9467,False,False,False,False,False,False,False,True
9468,False,False,False,False,False,False,False,False
9469,False,False,False,False,False,True,True,True
9470,False,False,False,False,False,True,True,True
9471,False,False,False,False,True,True,True,True
9472,False,False,False,False,False,True,True,True
9473,False,False,False,False,False,False,True,True
9474,False,True,True,True,True,True,True,True
9475,True,True,True,True,True,True,True,True
9476,False,False,False,False,True,True,True,True
9477,False,False,False,False,False,False,True,True
9478,False,False,False,False,False,False,False,True
9479,False,False,False,False,False,False,False,False
9480,False,False,False,False,False,False,True,True
9481,False,False,False,False,False,False,True,True
9482,False,False,False,False,False,False,False,False
9483,False,False,False,False,True,True,True,True
9484,False,False,False,False,False,False,False,False
9485,False,False,False,False,False,True,True,True
9486,False,False,False,False,False,False,True,True
9487,False,False,False,False,True,True,True,True
9488,False,False,False,False,False,False,True,True
9489,False,False,False,False,False,False,False,True
9490,False,False,False,False,False,False,False,True
9491,False,False,False,False,False,False,False,True
9492,False,False,True,True,True,True,True,True
9493,False,False,False,False,False,False,False,True
9494,False,False,False,False,False,True,True,True
9495,False,False,False,False,False,False,False,False
9496,False,False,False,False,False,False,False,False
9497,False,False,False,False,False,False,False,False
9498,False,False,False,False,False,True,True,True
9499,False,False,False,False,False,False,False,False
9500,False,False,False,False,False,True,True,True
9501,False,False,False,False,False,False,False,True
9502,False,False,False,False,False,False,False,False
9503,False,False,False,False,False,False,False,False
9504,False,False,False,False,False,False,False,True
9505,False,False,False,False,False,False,False,True
9506,False,False,False,False,False,True,True,True
9507,False,False,False,False,False,False,False,True
9508,False,False,False,False,False,False,False,False
9509,False,False,False,False,False,False,False,True
9510,False,False,False,False,False,False,False,False
9511,False,False,False,False,False,False,False,False
9512,False,False,False,False,False,False,False,False
9513,False,False,False,False,False,False,False,True
9514,False,False,False,False,False,False,False,False
9515,False,False,False,True,True,True,True,True
9516,False,False,False,False,False,False,False,True
9517,False,False,False,False,False,False,True,True
9518,False,False,False,False,False,False,False,True
9519,False,False,False,False,False,False,False,True
9520,False,False,False,False,False,False,True,True
9521,False,False,False,False,False,False,False,False
9522,False,False,False,False,False,False,False,False
9523,False,False,False,False,False,True,True,True
9524,False,False,False,False,False,False,False,True
9525,False,False,False,False,False,False,True,True
9526,False,False,False,False,False,False,False,True
9527,False,False,False,False,False,False,False,False
9528,False,False,False,False,False,False,False,True
9529,False,False,False,False,False,False,False,True
9530,False,False,False,False,False,False,False,True
9531,False,False,False,True,True,True,True,True
9532,False,False,False,False,False,False,True,True
9533,False,False,False,False,False,False,True,True
9534,False,False,False,False,False,False,False,False
9535,False,False,False,False,False,False,False,False
9536,False,False,False,False,False,True,True,True
9537,False,False,False,False,False,False,False,False
9538,False,False,False,False,False,False,False,False
9539,False,False,False,False,False,False,False,True
9540,True,True,True,True,True,True,True,True
9541,False,False,False,False,False,False,False,False
9542,False,False,False,False,False,False,False,True
9543,False,False,False,False,False,False,True,True
9544,False,False,False,False,True,True,True,True
9545,False,False,False,False,False,True,True,True
9546,False,False,False,False,False,False,False,True
9547,False,False,False,False,False,False,False,True
9548,False,False,False,False,True,True,True,True
9549,False,False,False,False,False,False,False,True
9550,False,False,False,False,False,False,False,False
9551,False,False,False,False,False,False,True,True
9552,False,False,False,False,False,False,False,False
9553,False,False,False,False,False,False,True,True
9554,False,False,False,True,True,True,True,True
9555,False,False,False,False,False,False,False,True
9556,False,False,False,False,False,False,False,False
9557,False,False,False,False,True,True,True,True
9558,False,False,False,False,False,False,True,True
9559,False,False,False,False,False,False,False,False
9560,False,False,False,False,False,False,False,False
9561,False,False,False,False,False,False,True,True
9562,False,False,False,False,False,False,False,True
9563,False,False,False,False,False,False,False,False
9564,False,False,False,False,False,False,False,False
9565,False,False,False,False,False,False,False,True
9566,False,False,False,False,False,False,False,False
9567,False,False,False,False,False,False,False,False
9568,False,False,False,False,False,False,False,False
9569,False,False,False,False,False,False,False,True
9570,False,False,False,False,False,False,False,False
9571,False,False,False,False,True,True,True,True
9572,False,False,False,False,True,True,True,True
9573,False,False,False,False,True,True,True,True
9574,False,False,False,False,False,True,True,True
9575,False,False,False,False,False,False,False,True
9576,False,False,False,True,True,True,True,True
9577,False,False,False,False,False,False,False,True
9578,False,False,False,False,False,False,False,True
9579,False,False,False,False,False,True,True,True
9580,False,False,False,False,False,False,False,False
9581,False,False,False,False,False,False,False,True
9582,False,False,False,False,False,False,False,False
9583,False,False,False,False,False,False,False,False
9584,False,False,False,False,False,False,False,False
9585,False,False,False,False,False,False,False,True
9586,False,False,False,False,False,False,False,False
9587,False,False,False,False,False,False,False,True
9588,False,False,False,False,False,False,False,False
9589,False,False,False,False,False,False,False,False
9590,False,False,False,False,False,False,True,True
9591,False,False,False,False,False,False,True,True
9592,False,False,False,False,False,False,False,False
9593,False,False,False,False,False,False,False,True
9594,False,False,False,False,True,True,True,True
9595,False,False,False,False,False,False,False,False
9596,False,False,False,False,False,False,False,True
9597,False,False,False,False,False,False,False,True
9598,False,False,False,False,False,False,False,False
9599,False,False,False,False,False,False,False,True
9600,False,False,False,False,False,False,False,False
9601,False,False,False,False,True,True,True,True
9602,False,False,False,False,False,False,False,True
9603,False,False,False,False,False,False,False,True
9604,False,False,False,False,False,False,False,False
9605,False,False,False,False,False,False,False,False
9606,False,False,False,False,False,False,False,False
9607,False,False,False,False,False,True,True,True
9608,False,False,False,False,False,False,False,False
9609,False,False,False,False,False,False,False,False
9610,False,False,False,False,False,False,False,False
9611,False,False,False,False,True,True,True,True
9612,False,False,False,False,False,False,False,False
9613,False,False,False,False,False,False,False,False
9614,False,False,False,False,False,False,False,False
9615,False,False,False,True,True,True,True,True
9616,False,False,False,False,False,False,True,True
9617,False,False,False,False,False,True,True,True
9618,False,False,False,True,True,True,True,True
9619,False,False,False,False,False,False,False,True
9620,False,False,False,False,False,True,True,True
9621,False,False,False,False,False,False,False,False
9622,False,False,False,False,True,True,True,True
9623,False,False,False,False,False,False,False,False
9624,False,False,False,False,False,False,False,True
9625,False,False,False,False,False,False,False,False
9626,False,False,False,False,False,False,False,False
9627,False,False,False,False,False,False,False,False
9628,False,False,False,False,False,False,True,True
9629,False,False,False,False,False,False,False,False
9630,False,False,False,False,False,False,False,True
9631,False,False,False,False,False,False,False,True
9632,False,False,False,False,False,True,True,True
9633,False,False,False,False,False,False,False,False
9634,False,False,False,False,False,False,False,True
9635,False,False,False,False,False,False,True,True
9636,False,False,False,False,False,False,True,True
9637,False,False,False,False,False,False,False,True
9638,False,False,False,False,False,False,True,True
9639,False,False,False,False,False,False,False,True
9640,False,False,False,False,False,False,False,False
9641,False,False,False,False,False,False,False,False
9642,False,True,True,True,True,True,True,True
9643,False,False,False,False,False,False,True,True
9644,False,False,False,False,False,False,False,True
9645,False,False,False,False,False,True,True,True
9646,False,False,False,False,False,False,False,True
9647,False,False,False,False,True,True,True,True
9648,False,False,True,True,True,True,True,True
9649,False,False,False,False,False,False,False,True
9650,False,False,False,False,False,True,True,True
9651,True,True,True,True,True,True,True,True
9652,False,False,False,False,False,True,True,True
9653,False,False,False,False,False,False,False,False
9654,False,False,False,False,False,False,True,True
9655,False,False,False,False,False,False,False,False
9656,False,False,False,False,False,False,True,True
9657,False,False,False,False,False,False,False,True
9658,False,False,False,False,False,False,False,False
9659,False,False,False,False,False,False,False,False
9660,False,False,False,False,False,False,True,True
9661,False,False,False,False,False,False,True,True
9662,False,False,False,False,False,False,False,False
9663,False,False,False,False,False,False,False,True
9664,False,False,False,False,False,False,False,False
9665,False,False,False,False,False,True,True,True
9666,False,False,False,False,False,True,True,True
9667,False,False,True,True,True,True,True,True
9668,False,False,False,False,False,False,False,False
9669,True,True,True,True,True,True,True,True
9670,False,False,False,False,False,False,False,True
9671,False,False,False,False,False,False,False,False
9672,False,False,False,False,False,False,False,False
9673,False,False,False,False,False,False,False,True
9674,False,False,False,False,True,True,True,True
9675,True,True,True,True,True,True,True,True
9676,False,False,False,False,False,False,False,True
9677,False,False,False,False,False,False,False,True
9678,False,False,False,False,False,False,False,True
9679,False,False,False,False,False,False,False,False
9680,False,False,False,False,True,True,True,True
9681,False,False,False,False,False,False,False,True
9682,False,False,True,True,True,True,True,True
9683,False,False,False,False,False,True,True,True
9684,True,True,True,True,True,True,True,True
9685,False,False,False,False,False,False,False,True
9686,False,False,False,False,True,True,True,True
9687,False,False,False,False,False,False,False,False
9688,False,False,False,False,False,False,False,True
9689,False,False,False,False,True,True,True,True
9690,False,False,False,False,False,False,True,True
9691,False,False,False,False,False,False,True,True
9692,False,False,False,False,True,True,True,True
9693,False,False,False,False,False,False,False,True
9694,False,False,False,False,False,False,False,True
9695,False,False,False,False,False,False,True,True
9696,False,False,False,False,True,True,True,True
9697,False,False,False,False,True,True,True,True
9698,False,False,False,False,False,False,False,False
9699,False,False,False,False,False,False,False,False
9700,False,False,False,False,False,False,False,True
9701,False,False,False,False,False,False,False,True
9702,False,False,False,False,False,False,False,False
9703,False,False,False,False,False,False,False,False
9704,False,False,False,False,False,False,False,True
9705,False,False,False,False,False,False,False,True
9706,False,False,False,False,False,False,False,False
9707,False,False,False,False,False,False,False,False
9708,False,False,False,False,False,False,False,False
9709,False,False,False,False,False,False,False,False
9710,False,False,False,False,False,False,False,True
9711,False,False,False,False,False,True,True,True
9712,False,False,False,False,False,False,False,True
9713,False,False,False,False,False,True,True,True
9714,False,False,False,False,False,False,False,False
9715,False,False,False,False,False,False,False,True
9716,False,False,False,False,False,False,False,False
9717,False,False,False,False,False,False,True,True
9718,False,False,False,False,False,False,False,True
9719,False,False,False,False,True,True,True,True
9720,False,False,False,False,False,False,False,False
9721,False,False,False,False,False,False,True,True
9722,False,False,False,False,False,False,False,True
9723,False,False,False,False,False,True,True,True
9724,False,False,False,False,False,False,False,False
9725,False,False,False,False,False,False,False,False
9726,False,False,False,False,False,False,True,True
9727,False,False,False,True,True,True,True,True
9728,False,False,False,False,False,True,True,True
9729,False,False,False,True,True,True,True,True
9730,False,False,False,False,False,False,False,True
9731,False,False,False,False,False,False,False,False
9732,False,False,False,False,False,False,False,False
9733,False,False,False,False,False,False,False,True
9734,False,False,False,False,False,False,False,False
9735,False,False,False,False,False,False,False,False
9736,False,False,False,False,False,False,True,True
9737,False,True,True,True,True,True,True,True
9738,False,False,False,False,False,False,False,False
9739,False,False,False,False,False,False,False,False
9740,False,False,False,False,False,False,True,True
9741,False,False,False,False,False,False,False,False
9742,False,False,False,False,False,False,False,False
9743,False,False,False,False,False,False,False,False
9744,False,False,False,False,False,True,True,True
9745,False,False,False,False,True,True,True,True
9746,False,False,False,False,False,False,False,False
9747,False,False,False,False,True,True,True,True
9748,False,False,False,False,False,False,False,True
9749,False,False,False,False,False,False,False,True
9750,False,False,False,False,False,False,True,True
9751,False,False,False,False,False,False,False,False
9752,False,False,False,False,False,True,True,True
9753,False,False,False,False,False,False,False,False
9754,False,False,False,False,False,False,False,False
9755,False,False,False,False,False,False,False,True
9756,False,False,False,False,False,False,True,True
9757,False,False,False,False,False,False,False,True
9758,False,False,False,False,False,False,False,False
9759,False,False,False,False,False,False,False,False
9760,False,False,False,False,False,False,False,False
9761,False,False,False,False,False,False,False,False
9762,False,False,False,False,True,True,True,True
9763,False,False,False,False,False,False,False,False
9764,False,False,False,False,False,False,False,False
9765,False,False,False,False,True,True,True,True
9766,False,False,False,False,False,False,False,False
9767,False,False,False,False,False,False,True,True
9768,False,False,False,False,False,False,False,False
9769,False,False,False,False,False,False,False,True
9770,False,False,False,True,True,True,True,True
9771,False,False,False,False,False,False,False,False
9772,False,False,False,False,False,False,False,True
9773,False,False,False,False,False,False,False,False
9774,False,False,False,True,True,True,True,True
9775,False,False,False,False,False,False,False,True
9776,False,False,False,False,False,False,True,True
9777,False,False,False,False,False,False,False,True
9778,False,False,False,False,False,False,False,False
9779,False,False,False,False,False,False,False,True
9780,False,False,False,False,False,False,True,True
9781,False,False,False,False,False,False,False,True
9782,False,False,False,False,False,False,False,False
9783,False,False,False,False,False,False,True,True
9784,False,False,False,False,True,True,True,True
9785,False,False,False,False,False,False,False,True
9786,False,False,False,False,False,False,False,False
9787,False,False,False,False,False,True,True,True
9788,False,False,False,False,False,False,False,False
9789,False,False,False,False,False,False,False,True
9790,False,False,False,False,False,False,False,True
9791,True,True,True,True,True,True,True,True
9792,False,False,False,False,False,False,False,True
9793,False,False,False,False,False,False,False,False
9794,False,False,False,False,False,False,False,False
9795,False,False,False,False,False,False,False,True
9796,False,False,False,False,False,False,True,True
9797,False,False,False,False,False,False,False,False
9798,False,False,False,False,False,False,False,False
9799,False,False,False,False,False,False,True,True
9800,False,False,False,False,False,False,False,False
9801,False,False,False,False,False,False,False,True
9802,False,False,False,False,False,False,False,False
9803,False,False,False,False,False,True,True,True
9804,False,False,False,False,True,True,True,True
9805,False,False,False,False,False,False,True,True
9806,False,False,False,False,False,False,False,False
9807,False,False,False,False,False,False,True,True
9808,False,False,False,False,False,False,True,True
9809,False,False,False,False,False,False,False,False
9810,False,False,False,False,False,False,False,True
9811,False,False,False,False,False,False,False,False
9812,False,False,False,False,False,True,True,True
9813,False,False,False,False,False,False,False,False
9814,False,False,False,False,False,False,False,False
9815,False,False,False,False,False,False,False,False
9816,False,False,False,False,False,False,False,False
9817,False,False,False,False,False,False,True,True
9818,False,False,False,False,False,False,False,False
9819,False,False,False,False,False,False,False,False
9820,False,False,False,False,False,False,False,False
9821,False,False,False,False,False,False,False,True
9822,False,False,False,False,False,False,True,True
9823,False,False,False,False,False,True,True,True
9824,False,False,False,False,False,False,True,True
9825,False,False,False,False,False,False,False,False
9826,False,False,False,False,False,False,False,False
9827,False,False,False,False,True,True,True,True
9828,False,False,False,False,False,False,False,False
9829,False,False,False,False,False,False,False,True
9830,False,False,False,False,False,False,False,False
9831,False,False,False,False,False,False,True,True
9832,False,False,False,False,False,False,False,True
9833,False,False,False,False,False,False,False,False
9834,False,False,False,False,False,False,False,False
9835,False,False,False,False,False,False,True,True
9836,False,False,False,False,False,False,False,False
9837,False,False,False,False,False,False,False,False
9838,False,False,False,False,False,False,False,False
9839,False,False,False,False,False,False,False,False
9840,False,False,False,False,False,False,True,True
9841,False,False,False,False,False,False,False,False
9842,False,False,False,False,False,False,False,False
9843,False,False,False,False,False,True,True,True
9844,False,False,False,False,False,False,False,False
9845,False,False,False,False,False,False,False,False
9846,False,False,False,False,False,False,False,False
9847,False,False,False,False,False,False,False,False
9848,False,False,False,False,False,False,False,False
9849,False,False,False,False,True,True,True,True
9850,False,False,False,False,False,False,False,False
9851,False,False,False,True,True,True,True,True
9852,False,False,False,False,False,True,True,True
9853,False,False,False,False,False,False,False,True
9854,False,False,False,False,False,False,False,False
9855,False,False,False,False,False,False,True,True
9856,False,False,False,False,False,False,False,False
9857,False,False,False,False,False,True,True,True
9858,False,False,False,False,False,False,False,False
9859,False,False,False,False,False,False,False,False
9860,False,False,False,False,False,True,True,True
9861,False,False,False,False,True,True,True,True
9862,False,False,False,False,False,False,False,False
9863,False,False,False,False,False,False,False,True
9864,False,False,False,False,False,False,False,True
9865,False,False,False,False,False,False,False,False
9866,False,False,False,False,False,False,False,False
9867,False,False,False,False,False,False,False,True
9868,False,False,False,False,False,False,True,True
9869,False,True,True,True,True,True,True,True
9870,False,False,False,False,True,True,True,True
9871,False,False,False,False,False,True,True,True
9872,False,False,False,False,False,False,False,True
9873,False,False,False,False,False,False,False,False
9874,False,False,False,False,False,False,False,False
9875,False,False,False,False,False,False,False,False
9876,False,False,False,False,False,False,False,True
9877,False,False,False,False,False,False,False,True
9878,False,False,False,False,False,False,False,False
9879,False,False,False,False,True,True,True,True
9880,False,False,False,False,False,False,True,True
9881,False,False,False,True,True,True,True,True
9882,False,False,False,False,False,False,False,True
9883,False,False,False,False,False,True,True,True
9884,False,False,False,False,False,False,False,True
9885,False,False,False,False,False,False,False,False
9886,False,False,False,False,False,False,False,False
9887,False,False,False,False,False,False,False,True
9888,False,False,False,False,False,True,True,True
9889,False,False,False,False,False,False,False,True
9890,False,False,False,False,False,True,True,True
9891,False,False,False,False,False,False,False,True
9892,False,False,False,False,False,True,True,True
9893,False,False,False,False,False,False,False,False
9894,False,False,False,False,False,False,False,True
9895,False,False,False,False,False,False,False,True
9896,False,False,False,False,False,False,False,False
9897,False,False,False,False,False,True,True,True
9898,False,False,False,False,False,False,True,True
9899,False,False,False,False,False,False,False,False
9900,False,False,False,False,False,False,False,False
9901,False,False,False,False,False,False,False,False
9902,False,False,False,False,False,False,False,False
9903,False,False,False,False,False,False,False,True
9904,False,False,False,False,False,False,False,False
9905,False,False,False,False,False,False,False,False
9906,False,False,False,False,False,False,False,True
9907,False,False,False,False,False,False,True,True
9908,False,False,False,False,False,False,False,False
9909,False,False,False,False,False,False,False,False
9910,False,False,False,False,False,False,False,False
9911,False,False,False,False,False,False,False,False
9912,False,False,False,False,False,False,True,True
9913,False,False,False,False,False,False,False,False
9914,False,False,True,True,True,True,True,True
9915,False,False,False,False,False,False,False,False
9916,False,False,False,False,False,False,False,False
9917,False,False,False,False,False,False,False,True
9918,False,False,False,False,False,True,True,True
9919,False,False,False,False,False,False,False,False
9920,False,False,False,False,False,False,False,True
9921,False,False,False,False,False,False,False,False
9922,False,False,False,False,False,False,False,False
9923,False,False,False,False,False,True,True,True
9924,False,False,False,False,False,False,False,False
9925,False,False,False,False,False,False,True,True
9926,False,False,False,False,False,False,False,False
9927,False,False,False,False,False,False,False,False
9928,False,False,False,False,False,True,True,True
9929,False,False,False,False,False,False,False,False
9930,False,False,False,False,False,False,False,True
9931,False,False,False,False,False,False,True,True
9932,False,False,True,True,True,True,True,True
9933,False,False,False,False,False,False,False,False
9934,False,False,False,False,False,False,False,False
9935,False,False,False,False,True,True,True,True
9936,True,True,True,True,True,True,True,True
9937,False,False,False,False,False,False,False,False
9938,False,False,False,False,False,False,False,False
9939,False,True,True,True,True,True,True,True
9940,False,False,False,False,False,False,False,True
9941,True,True,True,True,True,True,True,True
9942,False,False,False,False,False,False,False,False
9943,False,False,False,False,False,True,True,True
9944,False,False,False,False,False,False,False,False
9945,False,False,False,False,False,False,True,True
9946,False,False,False,False,False,False,True,True
9947,False,False,False,False,False,False,True,True
9948,True,True,True,True,True,True,True,True
9949,False,False,False,False,False,False,False,True
9950,False,False,False,False,False,False,False,True
9951,False,False,False,False,False,False,False,True
9952,False,False,False,False,False,True,True,True
9953,False,False,False,False,False,False,False,False
9954,False,False,False,False,False,False,False,True
9955,False,False,False,False,False,False,False,False
9956,False,False,False,False,False,False,False,True
9957,False,False,False,False,False,False,False,False
9958,False,False,False,False,True,True,True,True
9959,False,False,False,False,False,False,False,False
9960,False,False,False,False,False,False,False,False
9961,False,False,False,False,False,False,False,True
9962,False,False,False,False,True,True,True,True
9963,False,False,False,False,False,False,False,False
9964,False,False,False,False,False,False,False,False
9965,False,False,False,False,False,False,False,False
9966,False,False,False,False,False,False,False,False
9967,False,False,False,False,False,False,False,True
9968,False,False,False,False,False,False,True,True
9969,False,False,False,False,False,False,False,True
9970,False,False,False,False,False,False,False,True
9971,False,False,False,False,False,False,False,True
9972,False,False,False,False,True,True,True,True
9973,False,False,False,False,False,False,False,False
9974,False,False,False,False,False,True,True,True
9975,False,False,False,False,False,False,False,True
9976,False,False,False,False,False,False,False,False
9977,False,False,False,False,False,False,False,False
9978,False,False,False,False,False,False,False,False
9979,False,False,False,False,False,False,False,False
9980,False,False,False,False,False,False,False,False
9981,False,False,False,False,False,True,True,True
9982,False,False,False,False,False,False,False,True
9983,False,False,False,False,True,True,True,True
9984,False,False,False,False,False,False,False,False
9985,False,False,False,True,True,True,True,True
9986,False,False,False,False,False,False,False,True
9987,False,False,False,True,True,True,True,True
9988,False,False,False,False,False,False,False,True
9989,False,False,False,False,False,False,False,False
9990,False,False,False,False,False,False,False,False
9991,False,False,False,False,False,False,True,True
9992,False,False,False,False,False,False,False,True
9993,False,False,False,False,False,False,False,False
9994,False,True,True,True,True,True,True,True
9995,False,True,True,True,True,True,True,True
9996,False,False,False,False,False,False,False,True
9997,False,False,False,False,False,False,False,False
9998,False,False,False,False,False,False,False,True
9999,False,False,False,False,False,True,True,True
