,0,1,2,3,4,5,6,7
0,True,True,True,False,False,True,True,True
1,True,False,False,False,False,False,False,True
2,True,True,True,False,False,False,False,False
3,True,False,False,False,False,False,False,True
4,True,False,False,False,False,False,True,True
5,False,False,False,False,False,False,False,True
6,True,False,False,False,False,False,False,False
7,True,True,True,True,False,False,True,True
8,False,False,False,False,False,True,False,False
9,True,True,True,False,False,False,False,False
10,True,True,True,True,False,False,False,False
11,False,False,False,False,False,True,True,True
12,True,True,True,False,False,False,False,False
13,True,False,False,False,False,True,True,True
14,False,False,False,False,False,True,True,True
15,True,True,True,False,False,False,False,True
16,True,True,True,False,False,False,False,True
17,False,False,False,False,False,False,False,True
18,True,False,False,False,False,True,True,True
19,True,True,False,False,False,False,False,True
20,True,False,False,False,False,False,False,True
21,False,False,False,False,False,False,False,False
22,True,True,True,True,False,True,False,False
23,False,False,False,False,False,True,True,True
24,True,False,False,False,False,True,True,True
25,False,False,False,False,False,True,True,True
26,True,True,False,False,False,False,False,True
27,True,True,False,False,False,False,False,True
28,False,False,False,False,False,False,True,True
29,False,False,False,False,False,False,False,True
30,False,False,False,False,False,True,True,True
31,True,True,False,False,False,False,False,False
32,False,False,False,False,False,True,True,True
33,True,True,True,True,False,False,False,False
34,True,True,False,False,False,True,True,True
35,True,True,True,False,False,True,True,True
36,True,True,True,True,False,False,True,True
37,True,True,False,False,False,False,True,True
38,True,True,True,False,False,False,False,False
39,True,False,False,False,False,True,True,True
40,True,False,False,False,False,False,False,False
41,True,False,False,False,False,False,True,True
42,True,True,True,True,False,False,True,True
43,True,True,True,True,False,False,True,True
44,True,False,False,False,False,False,False,False
45,True,True,True,True,False,True,True,True
46,True,True,True,False,False,False,False,True
47,True,False,False,False,False,False,True,True
48,False,False,False,False,False,False,False,True
49,True,True,False,False,False,False,False,True
50,True,True,True,True,False,False,False,True
51,False,False,False,False,False,True,False,False
52,True,True,True,True,False,False,False,False
53,False,False,False,False,False,False,False,True
54,True,True,False,False,False,True,True,True
55,True,True,False,False,False,False,False,True
56,True,False,False,False,False,False,True,True
57,True,False,False,False,False,True,True,True
58,True,True,True,True,False,False,False,True
59,True,True,True,False,False,False,False,False
60,False,False,False,False,False,True,True,True
61,True,False,False,False,False,True,True,True
62,True,False,False,False,False,True,True,True
63,True,True,True,True,False,False,False,False
64,True,True,False,False,False,False,True,True
65,True,True,True,True,False,False,False,True
66,False,False,False,False,False,True,True,True
67,True,True,True,True,True,True,True,True
68,False,False,False,False,False,True,True,True
69,True,False,False,False,False,False,False,False
70,True,True,False,False,False,False,True,True
71,False,False,False,False,False,False,False,True
72,True,False,False,False,False,True,True,True
73,True,False,False,False,False,True,False,True
74,True,True,True,False,False,False,False,False
75,True,True,True,True,True,True,True,True
76,True,True,True,False,False,False,False,False
77,False,False,False,False,False,True,True,True
78,True,True,False,False,False,False,False,True
79,True,False,False,False,False,False,False,False
80,True,True,False,False,False,True,False,False
81,True,True,False,False,False,False,False,True
82,True,False,False,False,False,True,True,True
83,True,True,True,False,False,False,False,True
84,False,False,False,False,False,False,False,True
85,True,True,True,True,False,True,True,True
86,True,True,True,True,False,False,False,False
87,True,True,False,False,False,False,True,True
88,True,True,False,False,False,True,True,True
89,False,False,False,False,False,False,False,True
90,True,True,False,False,False,True,True,True
91,True,True,True,True,True,True,True,True
92,True,True,False,False,False,False,True,True
93,True,True,True,True,False,False,True,True
94,True,False,False,False,False,True,True,True
95,True,False,False,False,False,False,False,False
96,True,True,False,False,False,False,False,False
97,False,False,False,False,False,True,True,True
98,False,False,False,False,False,True,False,False
99,False,False,False,False,False,False,False,False
100,True,False,False,False,False,False,False,False
101,True,True,True,True,False,False,False,True
102,True,True,True,True,False,False,False,True
103,True,True,True,True,False,True,True,True
104,True,False,False,False,False,False,False,True
105,False,False,False,False,False,True,True,True
106,False,False,False,False,False,False,True,True
107,True,False,False,False,False,True,True,True
108,True,True,False,False,False,False,False,False
109,True,True,True,True,False,True,False,False
110,True,False,False,False,False,False,False,True
111,True,True,True,False,False,True,True,True
112,False,False,False,False,False,False,False,True
113,True,True,True,True,False,False,False,False
114,True,True,True,True,False,False,True,True
115,False,False,False,False,False,True,True,True
116,True,True,False,False,False,False,False,True
117,True,True,True,True,False,False,False,True
118,False,False,False,False,False,True,True,True
119,True,True,True,True,True,True,True,True
120,True,True,True,False,False,False,False,True
121,True,True,False,False,False,False,False,False
122,True,True,True,False,False,True,True,True
123,True,True,True,True,False,True,True,True
124,True,True,False,False,False,False,False,True
125,True,True,True,False,False,False,False,True
126,True,False,False,False,False,True,False,False
127,False,False,False,False,False,True,True,True
128,True,True,False,False,False,True,True,True
129,True,True,False,False,False,True,True,True
130,True,False,False,False,False,True,True,True
131,True,False,False,False,False,False,True,True
132,False,False,False,False,False,True,True,True
133,True,True,False,False,False,True,True,True
134,True,False,False,False,False,True,True,True
135,True,False,False,False,False,True,True,True
136,True,True,False,False,False,True,True,True
137,False,False,False,False,False,True,False,False
138,True,False,False,False,False,True,True,True
139,False,False,False,False,False,True,False,False
140,False,False,False,False,False,True,True,True
141,True,True,False,False,False,False,False,False
142,False,False,False,False,False,False,False,True
143,True,True,True,False,False,False,False,False
144,True,True,False,False,False,False,False,True
145,False,False,False,False,False,False,True,True
146,True,True,True,True,True,True,True,True
147,True,False,False,False,False,False,False,True
148,True,True,True,False,False,False,False,False
149,True,False,False,False,False,False,False,True
150,False,False,False,False,False,True,True,True
151,True,True,False,False,False,False,False,True
152,True,True,True,True,True,True,True,True
153,True,True,True,False,False,True,True,True
154,True,True,True,True,False,False,False,False
155,True,True,False,False,False,False,False,False
156,True,True,True,True,True,True,True,True
157,True,False,False,False,False,False,False,False
158,True,True,False,False,False,True,True,True
159,False,False,False,False,False,False,False,False
160,False,False,False,False,False,False,False,True
161,True,False,False,False,False,True,True,True
162,True,True,False,False,False,True,True,True
163,True,True,False,False,False,False,True,True
164,True,True,True,False,False,False,False,False
165,True,True,False,False,False,True,True,True
166,True,True,True,True,False,False,True,True
167,True,False,False,False,False,True,True,True
168,True,True,True,False,False,False,False,True
169,False,False,False,False,False,False,False,True
170,True,False,False,False,False,False,False,False
171,True,True,False,False,False,False,False,True
172,False,False,False,False,False,False,False,True
173,False,False,False,False,False,True,True,True
174,True,True,True,True,True,True,True,True
175,True,False,False,False,False,True,True,True
176,True,True,True,True,True,True,True,True
177,False,False,False,False,False,True,True,True
178,True,True,False,False,False,True,True,True
179,True,True,False,False,False,False,True,True
180,True,True,True,True,True,True,True,True
181,True,True,True,False,False,False,False,False
182,True,True,True,False,False,False,False,True
183,True,True,False,False,False,False,False,False
184,False,False,False,True,False,True,True,True
185,True,True,True,False,False,False,True,True
186,False,False,False,False,False,True,True,True
187,True,True,False,False,False,True,True,True
188,True,False,False,False,False,False,True,True
189,True,True,True,True,False,False,False,True
190,True,True,True,True,True,True,True,True
191,True,True,False,False,False,False,True,True
192,True,False,False,False,False,True,True,True
193,True,True,False,False,False,False,True,True
194,True,True,True,True,True,True,True,True
195,True,False,False,False,False,True,True,True
196,False,False,False,False,False,False,False,True
197,True,False,False,False,False,True,True,True
198,True,False,False,False,False,False,False,True
199,True,True,True,True,False,False,False,True
200,True,True,True,True,True,True,True,True
201,False,False,False,False,False,True,False,False
202,False,False,False,False,False,False,True,True
203,True,True,True,True,False,False,False,False
204,True,True,True,True,False,True,True,True
205,True,True,False,False,False,True,True,True
206,True,True,False,False,False,False,False,True
207,True,True,True,True,False,False,False,False
208,True,True,False,False,False,True,True,True
209,True,True,True,True,False,False,True,True
210,True,True,True,False,False,True,True,True
211,True,True,False,False,False,False,False,False
212,True,False,False,False,False,False,False,True
213,True,False,False,False,False,True,True,True
214,False,False,False,False,False,True,True,True
215,True,True,True,True,False,False,True,True
216,True,True,True,False,False,False,False,False
217,True,True,False,False,False,True,True,True
218,False,False,False,False,False,False,False,True
219,True,True,True,True,False,False,False,False
220,True,True,False,False,False,False,True,True
221,True,True,True,False,False,False,True,True
222,True,True,True,False,False,False,False,False
223,False,False,False,False,False,True,True,True
224,True,True,False,False,False,False,False,False
225,True,False,False,False,False,False,False,False
226,True,True,True,False,False,True,True,True
227,True,True,False,False,False,True,True,True
228,False,False,False,False,False,True,True,True
229,False,False,False,False,False,True,True,True
230,False,False,False,False,False,False,True,True
231,False,False,False,False,False,True,True,True
232,False,False,False,False,False,True,False,True
233,True,True,True,True,True,True,True,True
234,False,False,False,False,False,True,True,True
235,True,True,False,False,False,False,False,False
236,True,True,False,False,False,False,False,False
237,True,True,False,False,False,False,False,False
238,True,False,False,False,False,True,True,True
239,False,False,False,False,False,True,True,True
240,True,True,False,False,False,False,False,True
241,True,True,True,False,False,True,False,True
242,False,False,False,False,False,True,True,True
243,True,True,True,False,False,False,True,True
244,True,False,False,False,False,True,True,True
245,True,True,True,True,False,False,False,False
246,True,False,False,False,False,True,True,True
247,False,False,False,False,False,True,True,True
248,False,False,False,False,False,False,False,False
249,True,True,True,True,True,True,True,True
250,False,False,False,False,False,True,True,True
251,False,False,False,False,False,False,False,False
252,True,True,True,True,True,True,True,True
253,True,True,True,True,True,True,True,True
254,True,True,True,True,False,False,True,True
255,True,False,False,False,False,False,False,False
256,True,False,False,False,False,False,True,True
257,True,True,False,False,False,False,False,False
258,False,False,False,False,False,True,True,True
259,False,False,False,False,False,False,False,False
260,True,False,False,False,False,False,False,True
261,False,False,False,False,False,True,False,False
262,True,True,True,False,False,True,True,True
263,True,True,False,False,False,False,False,True
264,False,False,False,False,False,True,True,True
265,True,False,False,False,False,True,True,True
266,True,True,False,False,False,False,False,False
267,True,True,False,False,False,True,True,True
268,True,True,True,True,False,True,True,True
269,False,False,False,False,False,False,False,False
270,True,False,False,False,False,True,True,True
271,True,False,False,False,False,True,True,True
272,True,True,True,False,False,False,False,True
273,True,True,True,True,True,True,True,True
274,False,False,False,False,False,True,True,True
275,True,True,False,False,False,False,False,True
276,True,True,True,True,False,True,True,True
277,True,True,False,False,False,False,False,True
278,True,False,False,False,False,False,False,False
279,True,False,False,False,False,True,True,True
280,True,True,True,True,False,True,True,True
281,True,False,False,False,False,False,False,True
282,False,False,False,False,False,False,True,True
283,False,False,False,False,False,False,True,True
284,True,True,True,False,False,True,True,True
285,True,True,False,False,False,False,False,False
286,True,True,False,False,False,True,True,True
287,True,False,False,False,False,True,True,True
288,False,False,False,False,False,False,False,True
289,True,False,False,False,False,False,False,True
290,False,False,False,False,False,True,True,True
291,True,True,True,True,False,False,False,True
292,False,False,False,False,False,False,True,True
293,False,False,False,False,False,True,True,True
294,True,True,True,False,False,False,False,True
295,True,False,False,False,False,True,True,True
296,True,False,False,False,False,False,False,True
297,True,True,True,True,False,False,True,True
298,True,False,False,False,False,False,False,True
299,True,True,False,False,False,True,False,False
300,True,True,True,False,False,False,False,False
301,True,True,False,False,False,True,True,True
302,False,False,False,False,False,False,False,True
303,True,False,False,False,False,True,False,True
304,True,True,True,True,True,True,True,True
305,False,False,False,False,False,False,False,True
306,False,False,False,False,False,False,True,True
307,True,True,True,False,False,False,False,True
308,False,False,False,False,False,True,False,False
309,True,True,True,False,False,False,False,False
310,True,True,False,False,False,True,True,True
311,True,True,True,False,False,True,True,True
312,True,True,False,False,False,False,False,True
313,False,False,False,False,False,False,True,True
314,True,True,True,True,False,False,False,False
315,False,False,False,False,False,False,False,False
316,True,False,False,False,False,False,False,False
317,False,False,False,False,False,False,False,True
318,True,True,True,False,False,False,False,True
319,True,False,False,False,False,False,False,False
320,False,False,False,False,False,True,False,False
321,True,True,True,True,False,False,False,True
322,True,True,True,True,True,True,True,True
323,True,False,False,False,False,False,False,True
324,True,True,True,False,False,False,False,True
325,False,False,False,False,False,False,False,True
326,True,True,True,False,False,False,False,True
327,True,True,False,False,False,False,True,True
328,False,False,False,False,False,True,True,True
329,False,False,False,False,False,True,True,True
330,True,True,True,True,False,False,False,True
331,True,True,False,False,False,True,True,True
332,True,True,True,True,False,False,False,True
333,True,True,True,False,False,False,False,False
334,True,True,True,True,False,True,True,True
335,True,True,True,True,True,True,True,True
336,True,True,True,False,False,False,False,False
337,True,False,False,False,False,True,True,True
338,True,True,True,True,True,True,True,True
339,True,False,False,False,False,False,False,True
340,False,False,False,False,False,True,True,True
341,True,False,False,False,False,False,False,True
342,True,True,True,False,False,False,True,True
343,True,True,True,True,True,True,True,True
344,True,False,False,False,False,False,False,False
345,True,True,True,True,True,True,True,True
346,False,False,False,False,False,False,False,True
347,True,True,True,True,True,True,True,True
348,True,True,True,True,True,True,True,True
349,True,False,False,False,False,False,False,True
350,True,True,True,True,True,True,True,True
351,True,True,False,False,False,False,False,False
352,False,False,False,False,False,False,True,True
353,True,True,True,False,False,True,True,True
354,False,False,False,False,False,False,False,True
355,False,False,False,False,False,False,False,True
356,True,True,False,False,False,True,True,True
357,True,False,False,False,False,False,False,False
358,True,True,False,False,False,True,True,True
359,True,False,False,False,False,True,True,True
360,True,True,True,True,False,False,False,True
361,True,False,False,False,False,False,False,False
362,True,True,False,False,False,False,False,False
363,True,True,True,False,False,False,True,True
364,True,True,True,True,False,True,True,True
365,True,False,False,False,False,False,True,True
366,True,True,True,False,False,False,False,False
367,False,False,False,False,False,False,True,True
368,True,False,False,False,False,True,True,True
369,True,True,True,True,False,True,True,True
370,True,True,True,False,False,True,True,True
371,False,False,False,False,False,False,False,False
372,True,True,True,True,False,True,True,True
373,False,False,False,False,False,False,False,True
374,True,True,False,False,False,False,False,False
375,False,False,False,False,False,False,False,False
376,True,True,False,False,False,True,True,True
377,True,True,True,True,False,False,False,False
378,True,True,False,False,False,False,True,True
379,False,False,False,False,False,True,True,True
380,True,True,False,False,False,False,False,True
381,True,True,True,False,False,False,False,False
382,True,True,False,False,False,False,False,True
383,False,False,False,False,False,True,True,True
384,True,True,False,False,False,True,True,True
385,True,True,True,True,True,True,True,True
386,True,False,False,False,False,True,True,True
387,True,True,False,False,False,True,True,True
388,True,True,True,False,False,False,False,False
389,False,False,False,False,False,True,False,False
390,True,False,False,False,False,True,True,True
391,True,True,True,True,False,False,False,True
392,True,False,False,False,False,True,True,True
393,True,True,True,False,False,False,False,False
394,True,True,True,False,False,False,False,True
395,True,True,False,False,False,False,False,True
396,True,True,False,False,False,False,False,False
397,True,True,True,True,False,False,False,False
398,True,True,True,False,False,False,True,True
399,True,True,True,False,False,True,True,True
400,True,True,True,True,False,True,True,True
401,True,True,False,False,False,False,True,True
402,False,False,False,False,False,False,True,True
403,True,True,True,True,True,True,True,True
404,False,False,False,False,False,False,False,False
405,True,True,False,False,False,False,False,True
406,True,True,True,True,False,False,False,False
407,True,True,False,False,False,False,True,True
408,True,True,True,True,False,False,False,True
409,False,False,False,False,False,True,True,True
410,True,True,True,True,False,False,True,True
411,True,False,False,False,False,False,False,True
412,True,True,False,False,False,False,False,False
413,True,True,True,True,False,True,True,True
414,True,True,False,False,False,True,False,False
415,True,True,True,False,False,False,False,True
416,True,False,False,False,False,False,False,False
417,True,True,False,False,False,False,False,False
418,True,True,False,False,False,True,False,True
419,True,False,False,False,False,True,False,False
420,True,False,False,False,False,True,True,True
421,False,False,False,False,False,True,True,True
422,True,True,True,False,False,True,True,True
423,True,True,True,True,True,True,True,True
424,True,False,False,False,False,False,False,False
425,False,False,False,False,False,False,True,True
426,False,False,False,False,False,False,False,True
427,True,True,True,True,False,True,True,True
428,False,False,False,False,False,True,True,True
429,True,True,True,True,False,False,True,True
430,False,False,False,False,False,True,True,True
431,True,True,True,False,False,False,False,False
432,False,False,False,False,False,True,True,True
433,True,False,False,False,False,False,False,False
434,True,True,True,True,False,False,False,False
435,True,False,False,False,False,True,True,True
436,True,True,False,False,False,False,False,False
437,True,False,False,False,False,False,False,True
438,True,True,True,False,False,False,True,True
439,False,False,False,False,False,False,False,False
440,True,True,True,True,True,True,True,True
441,True,True,False,False,False,True,True,True
442,True,True,True,False,False,False,False,False
443,False,False,False,False,False,False,True,True
444,True,True,True,True,True,True,True,True
445,True,True,False,False,False,False,False,True
446,True,False,False,False,False,True,False,False
447,False,False,False,False,False,True,True,True
448,True,True,True,True,False,False,False,True
449,True,True,True,True,False,False,True,True
450,False,False,False,False,False,False,False,True
451,True,True,True,True,True,True,True,True
452,True,True,True,True,False,False,True,True
453,True,True,True,True,True,True,True,True
454,True,True,True,False,False,True,True,True
455,False,False,False,False,False,True,True,True
456,True,False,False,False,False,True,True,True
457,True,True,True,True,True,True,True,True
458,True,True,True,True,False,False,False,True
459,True,True,True,False,False,True,True,True
460,False,False,False,False,False,False,False,False
461,True,True,True,False,False,True,True,True
462,True,True,False,False,False,False,False,False
463,True,False,False,False,False,True,True,True
464,True,True,True,False,False,False,False,False
465,True,True,True,False,False,False,False,True
466,False,False,False,False,False,False,False,True
467,False,False,False,False,False,False,False,False
468,True,False,False,False,False,True,True,True
469,True,True,True,True,False,False,False,True
470,True,True,True,True,True,True,True,True
471,True,True,True,True,True,True,True,True
472,True,True,True,True,False,False,True,True
473,True,True,True,True,False,True,True,True
474,False,False,False,False,False,True,True,True
475,True,False,False,False,False,False,False,True
476,True,False,False,False,False,False,True,True
477,True,True,True,False,False,False,False,False
478,True,True,False,False,False,False,False,False
479,False,False,False,False,False,False,False,False
480,True,True,True,False,False,True,True,True
481,True,True,True,False,False,False,False,False
482,True,True,False,False,False,True,False,False
483,True,True,True,True,False,False,False,False
484,True,False,False,False,False,False,False,True
485,False,False,False,False,False,True,True,True
486,True,True,False,False,False,False,False,True
487,True,True,True,True,False,False,False,True
488,True,True,False,False,False,False,False,True
489,True,False,False,False,False,False,True,True
490,False,False,False,False,False,False,False,True
491,True,True,False,False,False,False,True,True
492,False,False,False,False,False,True,True,True
493,True,True,True,True,False,False,False,False
494,True,True,False,False,False,False,False,False
495,True,False,False,False,False,False,False,False
496,True,False,False,False,False,True,True,True
497,False,False,False,False,False,True,True,True
498,True,True,True,False,False,True,True,True
499,True,True,True,False,False,True,True,True
500,True,True,False,False,False,True,True,True
501,True,True,True,False,False,False,False,True
502,True,True,True,True,True,True,True,True
503,True,True,True,True,False,False,False,False
504,True,False,False,False,False,True,True,True
505,True,False,False,False,False,False,False,True
506,True,False,False,False,False,False,False,False
507,False,False,False,False,False,True,True,True
508,True,True,True,False,False,False,True,True
509,True,True,True,False,False,True,True,True
510,True,True,True,True,True,True,True,True
511,True,True,True,False,False,False,False,True
512,True,True,False,False,False,False,False,False
513,True,True,True,True,False,False,False,True
514,False,False,False,False,False,True,True,True
515,True,True,True,False,False,False,True,True
516,True,True,True,False,False,False,True,True
517,False,False,False,False,False,False,False,True
518,True,True,False,False,False,True,True,True
519,True,True,False,False,False,True,True,True
520,True,True,True,True,False,False,False,False
521,True,True,True,True,False,False,False,True
522,False,False,False,False,False,True,True,True
523,True,True,True,True,False,False,False,False
524,True,False,False,False,False,True,True,True
525,True,True,True,False,False,False,False,False
526,True,False,False,False,False,False,False,False
527,False,False,False,False,False,True,False,False
528,True,True,True,False,False,False,False,True
529,True,True,False,False,False,False,False,False
530,True,True,False,False,False,False,False,False
531,True,True,True,False,False,False,False,True
532,True,False,False,False,False,False,False,False
533,True,True,True,True,False,False,False,False
534,False,False,False,False,False,False,False,False
535,False,False,False,False,False,True,True,True
536,True,True,True,False,False,True,True,True
537,True,True,False,False,False,False,False,False
538,True,True,True,True,True,True,True,True
539,False,False,False,False,False,True,True,True
540,False,False,False,False,False,True,True,True
541,True,True,True,False,False,True,True,True
542,True,False,False,False,False,True,True,True
543,True,True,True,False,False,False,False,False
544,True,False,False,False,False,True,True,True
545,False,False,False,False,False,False,False,True
546,True,True,False,False,False,True,True,True
547,True,True,False,False,False,True,True,True
548,True,False,False,False,False,False,False,True
549,True,True,True,True,True,True,True,True
550,True,True,True,False,False,False,False,False
551,False,False,False,False,False,True,False,False
552,True,True,False,False,False,True,True,True
553,True,True,True,False,False,False,False,False
554,True,True,True,True,False,True,True,True
555,False,False,False,False,False,True,False,False
556,True,True,True,False,False,True,True,True
557,False,False,False,False,False,True,True,True
558,True,True,True,False,False,False,False,True
559,True,True,True,True,True,True,True,True
560,True,True,True,True,False,False,False,False
561,True,False,False,False,False,False,False,True
562,False,False,False,False,False,True,True,True
563,False,False,False,False,False,False,False,False
564,True,True,True,True,False,False,False,True
565,False,False,False,False,False,False,False,True
566,True,True,True,True,True,True,True,True
567,True,False,False,False,False,True,True,True
568,False,False,False,False,False,False,False,False
569,True,True,True,False,False,False,True,True
570,True,False,False,False,False,True,True,True
571,True,True,False,False,False,False,True,True
572,True,False,False,False,False,False,False,False
573,False,False,False,False,False,False,True,True
574,True,True,True,True,False,False,False,True
575,False,False,False,False,False,True,True,True
576,False,False,False,False,False,False,False,False
577,True,True,True,True,True,True,True,True
578,True,True,True,False,False,False,False,True
579,False,False,False,False,False,True,True,True
580,True,True,False,False,False,True,True,True
581,False,False,False,False,False,False,True,True
582,True,True,False,False,False,False,False,False
583,True,False,False,False,False,True,False,False
584,True,True,True,False,False,True,True,True
585,True,True,False,False,False,False,False,False
586,True,True,False,False,False,False,False,False
587,True,True,False,False,False,False,False,True
588,True,True,True,True,True,True,True,True
589,False,False,False,False,False,False,False,False
590,True,True,False,False,False,True,True,True
591,False,False,False,False,False,False,True,True
592,True,True,False,False,False,False,False,True
593,False,False,False,False,False,False,True,True
594,True,True,False,False,False,True,True,True
595,True,False,False,False,False,True,False,False
596,True,True,True,True,False,False,True,True
597,True,False,False,False,False,False,False,False
598,True,False,False,False,False,True,True,True
599,True,True,False,False,False,True,True,True
600,True,False,False,False,False,True,True,True
601,True,True,True,True,False,False,False,False
602,False,False,False,False,False,True,True,True
603,False,False,False,False,False,True,True,True
604,True,False,False,False,False,True,True,True
605,True,True,True,True,False,True,True,True
606,True,True,True,True,True,True,True,True
607,False,False,False,False,False,True,True,True
608,True,True,True,False,False,False,False,False
609,False,False,False,False,False,False,True,True
610,True,False,False,False,False,False,True,True
611,True,False,False,False,False,True,False,True
612,False,False,False,False,False,False,True,True
613,True,True,False,False,False,False,False,True
614,True,True,True,False,False,False,False,False
615,True,False,False,False,False,True,True,True
616,True,True,True,True,False,False,False,True
617,True,True,False,False,False,True,True,True
618,True,True,True,True,False,False,True,True
619,True,True,False,False,False,True,True,True
620,True,True,False,False,False,False,False,True
621,True,True,False,False,False,True,True,True
622,True,True,False,False,False,False,True,True
623,True,True,True,False,False,True,True,True
624,True,True,True,True,False,False,True,True
625,False,False,False,False,False,False,False,False
626,True,True,False,False,False,True,False,True
627,True,True,True,True,True,True,True,True
628,False,False,False,False,False,False,False,False
629,True,True,True,True,True,True,True,True
630,True,True,True,False,False,False,False,False
631,True,True,False,False,False,True,True,True
632,False,False,False,False,False,True,True,True
633,False,False,False,False,False,True,True,True
634,False,False,False,False,False,True,True,True
635,True,False,False,False,False,True,True,True
636,True,True,True,False,False,True,True,True
637,True,True,True,True,False,True,True,True
638,False,False,False,False,False,False,True,True
639,True,True,True,True,True,True,True,True
640,True,True,False,False,False,True,False,False
641,True,True,True,True,False,False,False,True
642,True,False,False,False,False,True,False,True
643,True,False,False,False,False,True,True,True
644,True,True,True,False,False,False,False,False
645,False,False,False,False,False,False,False,False
646,True,True,False,False,False,True,True,True
647,True,False,False,False,False,True,True,True
648,False,False,False,False,False,False,False,False
649,True,False,False,False,False,False,True,True
650,True,False,False,False,False,False,False,False
651,True,True,True,True,False,False,True,True
652,False,False,False,False,False,False,False,True
653,True,False,False,False,False,False,True,True
654,True,True,False,False,False,False,False,True
655,False,False,False,False,False,True,True,True
656,False,False,False,False,False,True,True,True
657,True,True,False,False,False,False,True,True
658,False,False,False,False,False,False,False,True
659,False,False,False,False,False,True,False,False
660,True,True,True,False,False,False,False,True
661,False,False,False,False,False,False,False,True
662,True,False,False,False,False,False,False,True
663,True,True,True,False,False,True,True,True
664,False,False,False,False,False,True,True,True
665,True,True,True,False,False,False,False,False
666,True,True,True,True,False,False,True,True
667,False,False,False,False,False,False,True,True
668,True,True,True,False,False,False,False,False
669,True,True,False,False,False,True,True,True
670,True,False,False,False,False,False,False,True
671,True,False,False,False,False,True,True,True
672,False,False,False,False,False,True,True,True
673,True,True,True,False,False,False,False,False
674,True,True,True,False,False,False,True,True
675,True,True,True,False,False,True,True,True
676,True,True,True,True,True,True,True,True
677,True,True,False,False,False,False,False,False
678,False,False,False,False,False,True,True,True
679,True,True,True,True,False,False,False,False
680,True,True,True,False,False,True,True,True
681,True,True,True,True,False,False,False,True
682,True,False,False,False,False,True,True,True
683,True,False,False,False,False,False,False,False
684,True,True,True,False,False,True,True,True
685,True,False,False,False,False,True,True,True
686,True,True,True,True,False,False,False,False
687,True,False,False,False,False,True,True,True
688,True,True,True,True,True,True,True,True
689,False,False,False,False,False,True,True,True
690,True,True,True,True,False,False,False,True
691,True,True,True,True,True,True,True,True
692,True,True,True,True,False,False,False,False
693,True,True,True,True,True,True,True,True
694,True,True,True,False,False,False,False,True
695,True,True,True,True,True,True,True,True
696,False,False,False,False,False,True,True,True
697,True,True,True,False,False,True,True,True
698,True,True,True,True,False,False,False,False
699,True,False,False,False,False,True,True,True
700,False,False,False,False,False,False,False,False
701,False,False,False,False,False,True,True,True
702,False,False,False,False,False,False,False,False
703,True,True,True,True,False,True,True,True
704,False,False,False,False,False,True,False,True
705,False,False,False,False,False,True,True,True
706,True,True,True,True,False,False,True,True
707,True,False,False,False,False,False,False,False
708,True,True,False,False,False,False,False,True
709,True,True,False,False,False,False,False,True
710,False,False,False,False,False,True,True,True
711,True,True,False,False,False,True,False,True
712,False,False,False,False,False,True,True,True
713,False,False,False,False,False,False,True,True
714,True,True,True,True,True,True,True,True
715,False,False,False,False,False,True,False,True
716,True,True,False,False,False,False,False,False
717,True,True,True,True,False,True,True,True
718,False,False,False,False,False,False,False,False
719,True,False,False,False,False,True,True,True
720,True,False,False,False,False,False,False,False
721,False,False,False,False,False,False,True,True
722,False,False,False,False,False,False,True,True
723,True,True,True,False,False,False,False,True
724,True,True,True,True,True,True,True,True
725,True,False,False,False,False,True,False,True
726,True,True,True,False,False,False,True,True
727,False,False,False,False,False,False,False,False
728,True,False,False,False,False,False,False,True
729,False,False,False,False,False,True,True,True
730,True,True,True,True,True,True,True,True
731,False,False,False,False,False,False,False,True
732,True,False,False,False,False,True,True,True
733,False,False,False,False,False,True,True,True
734,True,True,True,False,False,False,False,False
735,True,True,True,False,False,True,True,True
736,False,False,False,False,False,True,True,True
737,True,True,True,False,False,False,False,True
738,False,False,False,False,False,True,False,False
739,True,True,True,True,True,True,True,True
740,True,True,True,True,True,True,True,True
741,True,True,True,True,False,True,True,True
742,False,False,False,False,False,False,False,True
743,True,False,False,False,False,True,True,True
744,True,True,True,False,False,True,True,True
745,True,True,True,True,False,False,True,True
746,True,True,True,True,True,True,True,True
747,True,True,True,True,False,True,True,True
748,False,False,False,False,False,False,False,True
749,False,False,False,False,False,True,True,True
750,True,True,True,True,False,False,True,True
751,False,False,False,False,False,False,False,True
752,True,True,False,False,False,False,False,True
753,True,True,True,True,False,False,False,False
754,True,False,False,True,False,False,False,True
755,True,True,False,False,False,True,True,True
756,True,True,False,False,False,False,False,True
757,True,True,True,True,True,True,True,True
758,False,False,False,False,False,True,True,True
759,True,False,False,False,False,True,False,True
760,True,True,False,False,False,True,True,True
761,True,True,False,False,False,False,False,True
762,True,True,False,False,False,True,True,True
763,True,False,False,False,False,False,False,False
764,True,True,False,False,False,True,True,True
765,True,True,True,False,False,True,True,True
766,False,False,False,False,False,True,True,True
767,True,True,True,False,False,False,False,False
768,True,True,False,False,False,False,False,True
769,False,False,False,False,False,True,True,True
770,True,True,True,True,False,False,False,False
771,True,False,False,False,False,False,False,False
772,True,True,True,True,False,False,False,True
773,True,True,True,False,False,False,False,False
774,False,False,False,False,False,False,False,False
775,False,False,False,False,False,True,True,True
776,True,True,True,False,False,True,True,True
777,True,True,False,False,False,False,False,False
778,True,True,False,False,False,False,False,True
779,True,True,True,False,False,False,False,True
780,True,False,False,False,False,True,True,True
781,True,True,True,True,True,True,True,True
782,False,False,False,False,False,False,True,True
783,True,False,False,False,False,False,True,True
784,True,False,False,False,False,False,False,True
785,True,False,False,False,False,False,True,True
786,True,True,False,False,False,True,True,True
787,True,True,True,True,False,True,True,True
788,True,True,True,True,True,True,True,True
789,False,False,False,False,False,True,True,True
790,False,False,False,False,False,False,False,True
791,True,True,False,False,False,False,False,True
792,True,True,True,True,True,True,True,True
793,True,True,True,False,False,False,True,True
794,True,False,False,False,False,False,False,True
795,True,False,False,False,False,False,False,True
796,True,True,True,False,False,True,True,True
797,True,True,True,True,False,False,False,True
798,True,True,True,True,False,False,False,False
799,True,True,True,False,False,True,True,True
800,False,False,False,False,False,True,True,True
801,True,True,True,False,False,False,False,True
802,True,True,True,True,False,False,True,True
803,False,False,False,False,False,False,True,True
804,True,True,True,False,False,False,False,True
805,False,False,False,False,False,False,False,False
806,True,True,True,True,True,True,True,True
807,False,False,False,False,False,True,True,True
808,False,False,False,False,False,False,False,False
809,True,False,False,False,False,False,False,True
810,False,False,False,False,False,False,False,False
811,True,False,False,False,False,True,True,True
812,True,False,False,False,False,True,False,False
813,True,True,True,False,False,False,False,True
814,True,True,False,False,False,False,True,True
815,False,False,False,False,False,True,True,True
816,True,True,True,True,False,False,False,True
817,True,False,False,False,False,False,False,False
818,True,True,True,True,True,True,True,True
819,False,False,False,False,False,False,True,True
820,True,True,True,True,False,False,True,True
821,True,False,False,False,False,True,True,True
822,True,True,True,True,False,False,False,True
823,False,False,False,False,False,True,True,True
824,True,False,False,False,False,False,True,True
825,True,True,True,True,True,True,True,True
826,True,True,True,True,False,True,True,True
827,False,False,False,False,False,True,True,True
828,True,True,True,True,True,True,True,True
829,True,True,False,False,False,False,False,True
830,True,False,False,False,False,True,True,True
831,True,True,True,True,True,True,True,True
832,True,True,False,False,False,False,False,False
833,True,False,False,False,False,True,True,True
834,True,True,True,True,False,False,True,True
835,True,True,True,True,True,True,True,True
836,True,True,False,False,False,False,False,False
837,True,True,False,False,False,False,True,True
838,True,True,True,True,False,False,False,True
839,True,False,False,False,False,True,True,True
840,True,True,True,False,False,False,False,False
841,True,False,False,False,False,True,True,True
842,True,True,True,True,False,True,True,True
843,False,False,False,False,False,True,True,True
844,False,False,False,False,False,True,True,True
845,True,False,False,False,False,False,False,True
846,True,True,True,False,False,False,False,False
847,True,True,True,True,False,False,False,False
848,True,True,False,False,False,True,True,True
849,True,True,True,True,True,True,True,True
850,True,True,True,False,False,True,True,True
851,True,False,False,False,False,False,True,True
852,False,False,False,False,False,True,False,False
853,True,False,False,False,False,False,False,True
854,True,True,True,True,False,False,True,True
855,True,True,True,False,False,True,True,True
856,True,True,True,False,False,False,False,False
857,False,True,False,False,False,False,False,True
858,False,False,False,False,False,False,True,True
859,False,False,False,False,False,False,False,False
860,True,True,True,True,False,True,True,True
861,True,True,True,True,False,False,False,False
862,True,True,True,True,False,True,True,True
863,True,False,False,False,False,False,False,True
864,False,False,False,False,False,True,True,True
865,True,True,False,False,False,True,True,True
866,True,True,True,False,False,False,False,True
867,True,False,False,False,False,False,False,False
868,True,True,False,False,False,False,False,False
869,True,False,False,False,False,True,True,True
870,True,True,False,False,False,False,False,False
871,True,True,False,False,False,True,True,True
872,True,True,True,True,False,False,True,True
873,False,False,False,False,False,True,True,True
874,True,True,True,False,False,True,True,True
875,True,True,True,True,False,False,True,True
876,True,True,True,True,True,True,True,True
877,True,True,True,True,False,True,True,True
878,True,True,True,False,False,False,False,True
879,True,False,False,False,False,True,True,True
880,True,True,True,False,False,False,False,True
881,True,True,True,True,True,True,True,True
882,True,False,False,False,False,False,False,False
883,False,False,False,False,False,True,True,True
884,False,False,False,False,False,False,False,True
885,True,False,False,False,False,True,False,True
886,False,False,False,False,False,False,True,True
887,True,True,False,False,False,True,True,True
888,True,True,True,False,False,False,False,False
889,True,False,False,False,False,True,False,False
890,False,False,False,False,False,False,False,True
891,True,True,True,False,False,True,True,True
892,True,False,False,False,False,False,True,True
893,True,True,False,False,False,False,False,False
894,False,False,False,False,False,False,True,True
895,True,True,True,True,True,True,True,True
896,False,False,False,False,False,False,False,False
897,True,True,False,False,False,True,True,True
898,False,False,False,False,False,False,False,False
899,True,True,False,False,False,False,True,True
900,False,False,False,False,False,False,False,True
901,True,True,True,True,False,False,True,True
902,True,True,False,False,False,True,True,True
903,True,True,True,True,False,False,False,True
904,True,True,True,True,True,True,True,True
905,True,False,False,False,False,True,True,True
906,False,False,False,False,False,False,True,True
907,True,True,True,True,False,False,True,True
908,True,True,True,True,False,True,True,True
909,True,True,True,True,True,True,True,True
910,True,True,True,False,False,False,False,False
911,True,True,True,True,True,True,True,True
912,True,True,True,True,False,False,True,True
913,True,False,False,False,False,False,False,True
914,True,False,False,False,False,True,True,True
915,True,True,True,False,False,True,True,True
916,False,False,False,False,False,True,True,True
917,False,False,False,False,False,True,False,True
918,True,False,False,False,False,True,True,True
919,True,True,False,False,False,True,True,True
920,False,False,False,False,False,True,True,True
921,True,True,True,True,False,False,True,True
922,True,True,False,False,False,False,False,False
923,True,True,False,False,False,False,True,True
924,True,True,True,False,False,False,False,True
925,False,False,False,False,False,True,True,True
926,True,False,False,False,False,True,True,True
927,True,True,True,False,False,False,False,True
928,True,False,False,False,False,False,False,False
929,False,False,False,False,False,True,True,True
930,True,True,True,True,False,True,True,True
931,True,False,False,False,False,False,False,False
932,False,False,False,False,False,True,True,True
933,True,False,False,False,False,True,True,True
934,True,True,False,False,False,True,True,True
935,True,True,True,True,True,True,True,True
936,False,False,False,False,False,False,False,True
937,True,False,False,False,False,False,False,False
938,True,True,True,False,False,False,False,False
939,False,False,False,False,False,True,True,True
940,True,True,True,False,False,True,True,True
941,False,False,False,False,False,True,True,True
942,True,True,True,True,True,True,True,True
943,True,False,False,False,False,True,True,True
944,True,True,True,False,False,False,False,True
945,False,False,False,False,False,True,True,True
946,True,False,False,False,False,False,True,True
947,False,False,False,False,False,False,False,True
948,True,True,False,False,False,False,False,False
949,True,True,False,False,False,False,False,False
950,True,True,True,True,False,False,False,True
951,True,True,True,True,False,True,True,True
952,True,True,True,True,False,True,True,True
953,False,False,False,False,False,False,False,False
954,True,True,True,False,False,True,True,True
955,False,False,False,False,False,True,True,True
956,True,False,False,False,False,True,True,True
957,False,False,False,False,False,True,True,True
958,False,False,False,False,False,True,True,True
959,False,False,False,False,False,False,False,True
960,False,False,False,False,False,True,True,True
961,False,False,False,False,False,True,True,True
962,True,True,True,True,True,True,True,True
963,True,True,True,True,False,False,False,False
964,True,False,False,False,False,True,True,True
965,True,True,True,False,False,False,False,False
966,True,True,True,True,False,False,True,True
967,True,False,False,False,False,True,True,True
968,True,False,False,False,False,False,True,True
969,True,True,True,False,False,False,False,False
970,True,True,False,False,False,False,False,True
971,False,False,False,False,False,False,False,False
972,True,True,False,False,False,False,False,True
973,False,False,False,False,False,True,True,True
974,False,False,False,False,False,False,False,False
975,True,True,True,True,False,True,True,True
976,False,False,False,False,False,False,True,True
977,False,False,False,False,False,True,True,True
978,False,False,False,False,False,True,True,True
979,True,True,False,False,False,False,False,True
980,True,True,False,False,False,False,False,True
981,True,True,False,False,False,True,True,True
982,True,True,False,False,False,False,False,True
983,True,True,True,True,True,True,True,True
984,True,False,False,False,False,True,True,True
985,True,True,True,True,True,True,True,True
986,True,True,True,False,False,False,False,True
987,False,False,False,False,False,False,False,False
988,True,False,False,False,False,False,False,False
989,True,True,False,False,False,False,False,False
990,True,True,True,True,True,True,True,True
991,True,True,False,False,False,False,False,False
992,False,False,False,False,False,True,True,True
993,False,False,False,False,False,False,False,False
994,True,False,False,False,False,False,True,True
995,True,True,True,True,True,True,True,True
996,True,False,False,False,False,False,False,False
997,True,True,True,True,True,True,True,True
998,True,False,False,False,False,True,True,True
999,True,True,True,True,False,False,False,True
1000,True,True,True,True,False,True,True,True
1001,True,False,False,False,False,True,True,True
1002,True,True,True,True,True,True,True,True
1003,True,True,False,False,False,False,False,True
1004,True,False,True,False,False,True,True,True
1005,True,True,False,False,False,False,False,False
1006,True,True,False,False,False,False,False,True
1007,True,True,True,False,False,False,False,False
1008,True,False,False,False,False,True,True,True
1009,True,True,False,False,False,False,False,False
1010,True,True,True,False,False,False,True,True
1011,True,False,False,False,False,True,False,False
1012,True,True,True,False,False,False,False,False
1013,False,False,False,False,False,False,True,True
1014,True,True,True,False,False,False,True,True
1015,True,True,False,False,False,True,True,True
1016,True,True,True,True,True,True,True,True
1017,True,True,True,True,False,False,False,True
1018,False,False,False,False,False,False,False,False
1019,False,False,False,False,False,True,True,True
1020,True,True,True,True,False,False,True,True
1021,True,True,False,False,False,False,True,True
1022,True,True,True,False,False,False,False,False
1023,True,True,True,True,False,False,False,False
1024,False,False,False,False,False,True,True,True
1025,True,True,True,True,True,True,True,True
1026,True,True,True,False,False,False,False,True
1027,True,True,False,False,False,True,True,True
1028,True,True,True,False,False,False,True,True
1029,True,True,True,True,True,True,True,True
1030,True,True,False,False,False,True,True,True
1031,True,True,False,False,False,False,False,False
1032,True,True,True,False,False,False,False,False
1033,False,False,False,False,False,True,True,True
1034,True,False,False,False,False,False,True,True
1035,True,True,False,False,False,True,True,True
1036,True,True,True,False,False,False,False,True
1037,True,True,True,True,False,False,False,False
1038,True,True,True,True,True,True,True,True
1039,True,True,True,False,False,False,True,True
1040,False,False,False,False,False,False,False,True
1041,True,True,False,False,False,False,True,True
1042,True,True,True,False,False,True,True,True
1043,False,False,False,False,False,True,True,True
1044,True,True,True,False,False,True,True,True
1045,False,False,False,False,False,False,False,False
1046,True,False,False,False,False,True,True,True
1047,True,True,True,True,False,True,True,True
1048,True,False,False,False,False,False,True,True
1049,True,True,False,False,False,False,False,False
1050,True,True,True,True,False,True,True,True
1051,True,True,False,False,False,False,False,False
1052,False,False,False,False,False,False,False,True
1053,False,False,False,False,False,True,True,True
1054,True,True,True,True,False,False,True,True
1055,False,False,False,False,False,True,True,True
1056,True,True,True,True,True,True,True,True
1057,True,True,True,False,False,True,True,True
1058,True,True,True,True,False,True,True,True
1059,False,False,False,False,False,False,False,False
1060,False,False,False,False,False,True,True,True
1061,True,False,False,False,False,False,False,False
1062,True,True,True,True,False,True,True,True
1063,False,False,False,False,False,True,True,True
1064,True,True,True,True,True,True,True,True
1065,True,False,False,False,False,False,False,False
1066,True,True,False,False,False,False,False,False
1067,True,False,False,False,False,False,False,True
1068,True,True,True,False,False,False,False,False
1069,True,False,False,False,False,False,True,True
1070,True,False,False,False,False,False,False,False
1071,False,False,False,False,False,False,True,True
1072,True,True,False,False,False,True,True,True
1073,True,True,True,False,False,True,True,True
1074,False,False,False,False,False,True,True,True
1075,True,True,False,False,False,False,False,True
1076,False,False,False,False,False,True,True,True
1077,False,False,False,False,False,True,False,False
1078,True,True,True,False,False,False,False,False
1079,True,False,False,False,False,False,False,False
1080,True,False,False,False,False,True,True,True
1081,True,True,True,True,True,True,True,True
1082,False,False,False,False,False,True,False,True
1083,True,True,True,True,True,True,True,True
1084,True,False,False,False,False,True,False,False
1085,True,True,True,True,True,True,True,True
1086,True,True,False,False,False,True,True,True
1087,True,False,False,False,False,False,False,True
1088,False,False,False,False,False,False,False,False
1089,True,False,False,False,False,True,True,True
1090,True,True,True,True,True,True,True,True
1091,False,False,False,False,False,False,False,False
1092,True,False,False,False,False,True,True,True
1093,True,False,False,False,False,False,False,False
1094,True,True,True,True,True,True,True,True
1095,False,False,False,False,False,False,False,False
1096,True,True,True,False,False,True,True,True
1097,True,False,False,False,False,False,False,True
1098,True,False,False,False,False,True,True,True
1099,True,True,False,False,False,False,False,False
1100,True,True,True,True,False,False,True,True
1101,True,True,True,True,False,True,True,True
1102,True,True,True,True,True,True,True,True
1103,True,True,False,False,False,False,True,True
1104,True,True,True,True,True,True,True,True
1105,False,False,False,False,False,False,False,True
1106,False,False,False,False,False,True,True,True
1107,True,True,False,False,False,True,True,True
1108,True,False,False,False,False,False,False,False
1109,True,True,False,False,False,False,False,False
1110,True,True,True,True,True,True,True,True
1111,True,True,True,False,False,True,True,True
1112,True,True,True,False,False,False,False,True
1113,True,True,False,False,False,False,False,False
1114,True,True,False,False,False,False,False,False
1115,True,True,False,False,False,False,False,False
1116,True,False,False,False,False,False,False,False
1117,True,True,True,True,False,True,False,False
1118,False,False,False,False,False,True,False,False
1119,True,True,True,False,False,True,True,True
1120,True,True,False,False,False,False,False,True
1121,False,False,False,False,False,False,False,True
1122,True,False,False,False,False,False,False,True
1123,False,False,False,False,False,False,True,True
1124,True,True,False,False,False,False,False,False
1125,True,True,True,False,False,False,False,False
1126,True,True,True,False,False,False,False,False
1127,True,True,True,False,False,False,False,True
1128,True,True,False,False,False,False,True,True
1129,False,False,False,False,False,True,False,False
1130,True,True,False,False,False,False,False,False
1131,False,False,False,False,False,False,False,False
1132,False,False,False,False,False,False,True,True
1133,True,False,False,False,False,False,False,False
1134,True,True,True,False,False,True,True,True
1135,True,True,False,False,False,False,False,True
1136,True,True,False,False,False,False,False,True
1137,True,True,False,False,False,False,False,True
1138,False,False,False,False,False,False,False,False
1139,True,True,False,False,False,False,False,True
1140,True,True,True,False,False,False,False,False
1141,True,True,True,True,True,True,True,True
1142,True,True,False,False,False,False,False,False
1143,False,False,False,False,False,True,False,True
1144,True,True,True,True,True,True,True,True
1145,True,True,True,True,True,True,True,True
1146,True,True,True,False,False,True,True,True
1147,False,False,False,False,False,False,False,False
1148,False,False,False,False,False,False,True,True
1149,True,False,False,False,False,False,False,False
1150,True,False,False,False,False,False,False,False
1151,False,False,False,False,False,True,True,True
1152,True,True,True,True,False,False,False,True
1153,True,True,False,False,False,True,True,True
1154,False,False,False,False,False,False,False,True
1155,True,True,True,True,True,True,True,True
1156,True,True,False,False,False,True,True,True
1157,True,True,False,False,False,False,False,False
1158,True,True,False,False,False,False,False,False
1159,True,True,True,True,False,False,False,False
1160,True,True,False,False,False,True,True,True
1161,False,False,False,False,False,False,False,True
1162,True,True,True,False,False,False,True,True
1163,True,False,False,False,False,True,True,True
1164,False,False,False,False,False,False,False,False
1165,False,False,False,False,False,False,False,False
1166,True,False,False,False,False,True,True,True
1167,False,False,False,False,False,True,True,True
1168,True,True,False,False,False,True,True,True
1169,True,True,True,False,False,False,False,False
1170,False,False,False,False,False,True,True,True
1171,True,True,False,False,False,False,False,False
1172,True,True,True,True,False,False,False,False
1173,True,True,False,False,False,False,False,True
1174,True,False,False,False,False,True,True,True
1175,True,True,False,False,False,True,True,True
1176,False,False,False,False,False,True,False,True
1177,True,True,True,True,False,True,True,True
1178,True,True,False,False,False,False,False,False
1179,True,True,True,False,False,False,True,True
1180,True,True,False,False,False,False,True,True
1181,True,False,False,False,False,False,False,False
1182,True,True,True,True,True,True,True,True
1183,True,True,True,False,False,False,False,True
1184,True,True,True,False,False,True,True,True
1185,True,True,True,True,False,False,False,False
1186,True,True,False,False,False,False,False,False
1187,True,True,False,False,False,False,False,False
1188,True,True,True,True,True,True,True,True
1189,False,False,False,False,False,False,False,True
1190,True,False,False,False,False,False,True,True
1191,True,True,False,False,False,True,True,True
1192,False,False,False,False,False,False,False,False
1193,False,False,False,False,False,True,True,True
1194,True,True,True,True,False,False,False,False
1195,False,False,False,False,False,False,False,False
1196,True,False,False,False,False,False,False,False
1197,True,True,True,True,True,True,True,True
1198,True,True,False,False,False,False,False,False
1199,False,False,False,False,False,False,False,False
1200,False,False,False,False,False,True,True,True
1201,False,False,False,False,False,False,True,True
1202,False,False,False,False,False,True,True,True
1203,True,False,False,False,False,False,False,False
1204,False,False,False,False,False,False,False,True
1205,True,True,True,True,True,True,True,True
1206,True,True,True,False,False,True,True,True
1207,False,False,False,False,False,True,False,True
1208,True,True,False,False,False,False,False,False
1209,True,True,True,True,False,True,True,True
1210,True,True,False,False,False,False,False,True
1211,True,True,True,True,False,True,True,True
1212,False,False,False,False,False,False,False,True
1213,True,True,True,True,True,True,True,True
1214,True,True,True,False,False,True,True,True
1215,False,False,False,False,False,False,False,False
1216,True,True,False,False,False,False,False,False
1217,True,True,True,True,True,True,True,True
1218,True,False,False,False,False,False,False,False
1219,True,True,False,False,False,False,False,True
1220,False,False,False,False,False,True,True,True
1221,True,False,False,False,False,False,False,True
1222,True,True,True,False,False,False,False,False
1223,True,True,False,False,False,False,False,True
1224,True,False,False,False,False,False,True,True
1225,True,True,False,False,False,True,True,True
1226,True,False,False,False,False,True,True,True
1227,True,False,False,False,False,False,False,True
1228,False,False,False,False,False,False,False,True
1229,True,True,False,False,False,True,True,True
1230,True,True,False,False,False,True,True,True
1231,True,True,True,False,False,True,True,True
1232,True,True,False,False,False,False,False,False
1233,True,True,True,True,True,True,True,True
1234,True,True,True,True,False,False,False,False
1235,True,False,False,False,False,False,True,True
1236,True,True,False,False,False,True,True,True
1237,True,True,True,False,False,False,False,False
1238,False,False,False,False,False,False,False,False
1239,True,True,True,False,False,False,False,True
1240,True,True,True,True,True,True,True,True
1241,False,False,False,False,False,False,False,False
1242,True,True,True,True,False,False,False,True
1243,True,True,True,False,False,False,True,True
1244,True,True,True,True,False,False,False,True
1245,True,True,True,True,False,True,True,True
1246,True,True,True,True,False,False,False,False
1247,False,False,False,False,False,True,True,True
1248,False,False,False,False,False,True,False,True
1249,True,False,False,False,False,True,True,True
1250,True,True,True,False,False,True,True,True
1251,True,True,True,True,True,True,True,True
1252,False,False,False,False,False,False,True,True
1253,True,True,True,False,False,True,True,True
1254,False,False,False,False,False,False,False,True
1255,True,True,True,False,False,False,True,True
1256,True,True,True,True,True,True,True,True
1257,False,False,False,False,False,False,False,False
1258,True,True,True,True,False,False,False,False
1259,False,False,False,False,False,False,False,False
1260,False,False,False,False,False,False,False,True
1261,True,True,True,True,True,True,True,True
1262,True,True,True,True,True,True,True,True
1263,False,False,False,False,False,True,True,True
1264,True,True,False,False,False,True,True,True
1265,True,False,False,False,False,True,True,True
1266,True,True,True,False,False,False,False,True
1267,True,False,False,False,False,True,True,True
1268,True,True,True,True,False,False,True,True
1269,True,True,True,False,False,False,False,False
1270,True,False,False,False,False,False,False,False
1271,True,True,False,False,False,False,False,True
1272,True,True,True,True,False,False,False,True
1273,False,False,False,False,False,True,False,False
1274,True,False,False,False,False,True,True,True
1275,True,True,True,False,False,False,False,True
1276,True,False,False,False,False,True,True,True
1277,True,True,False,False,False,False,False,False
1278,True,True,True,True,False,False,False,True
1279,True,False,False,False,False,False,False,False
1280,True,False,False,False,False,True,True,True
1281,False,False,False,False,False,False,False,True
1282,True,True,True,True,True,True,True,True
1283,True,True,True,True,False,False,True,True
1284,True,True,False,False,False,False,False,False
1285,True,True,True,True,True,True,True,True
1286,False,False,False,False,False,True,False,True
1287,False,False,False,False,False,False,False,False
1288,False,False,False,False,False,True,True,True
1289,True,False,False,False,False,True,True,True
1290,True,False,False,False,False,False,False,False
1291,True,False,False,False,False,False,False,False
1292,True,True,True,False,False,False,False,False
1293,True,True,True,False,False,True,True,True
1294,True,True,False,False,False,False,False,False
1295,True,False,False,False,False,False,True,True
1296,True,False,False,False,False,False,True,True
1297,True,True,True,True,False,True,True,True
1298,True,False,False,False,False,False,False,False
1299,False,False,False,False,False,False,True,True
1300,True,True,False,False,False,False,False,False
1301,False,False,False,False,False,False,False,False
1302,True,True,True,False,False,True,True,True
1303,True,False,False,False,False,True,True,True
1304,False,False,False,False,False,False,True,True
1305,True,True,True,True,True,True,True,True
1306,True,True,False,False,False,False,False,True
1307,True,True,False,False,False,False,False,True
1308,True,True,True,True,False,False,True,True
1309,True,True,True,True,False,False,False,False
1310,True,False,False,False,False,False,False,False
1311,False,False,False,False,False,True,True,True
1312,True,False,False,False,False,True,True,True
1313,True,True,True,True,False,False,False,False
1314,False,False,False,False,False,True,True,True
1315,True,False,False,False,False,True,True,True
1316,True,True,False,False,False,False,True,True
1317,True,True,False,False,False,True,True,True
1318,False,False,False,False,False,False,False,False
1319,True,True,False,False,False,False,True,True
1320,True,True,False,False,False,True,True,True
1321,True,True,False,False,False,True,True,True
1322,True,True,False,False,False,False,False,False
1323,False,False,False,False,False,True,True,True
1324,True,True,True,False,False,True,True,True
1325,True,True,False,False,False,False,True,True
1326,True,False,False,False,False,False,False,True
1327,True,False,False,False,False,False,False,True
1328,True,True,True,False,False,False,True,True
1329,True,False,False,False,False,False,False,False
1330,True,True,True,True,False,True,True,True
1331,True,False,False,False,False,False,False,True
1332,True,True,True,False,False,False,True,True
1333,True,False,False,False,False,True,True,True
1334,False,False,False,False,False,False,False,False
1335,True,True,True,False,False,True,True,True
1336,True,True,True,False,False,True,True,True
1337,True,True,False,False,False,False,False,False
1338,True,True,False,False,False,True,True,True
1339,True,False,False,False,False,True,True,True
1340,True,True,True,False,False,False,False,True
1341,False,False,False,False,False,True,True,True
1342,False,False,False,False,False,False,False,False
1343,True,True,True,False,False,False,True,True
1344,True,True,False,False,False,False,False,True
1345,True,True,False,False,False,False,False,True
1346,False,False,False,False,False,False,False,False
1347,False,False,False,False,False,False,False,True
1348,True,False,False,False,False,True,True,True
1349,False,False,False,False,False,False,False,True
1350,True,False,False,False,False,False,False,False
1351,True,True,True,True,True,True,True,True
1352,True,True,True,True,False,False,False,True
1353,True,True,False,False,False,True,True,True
1354,False,False,False,False,False,True,True,True
1355,True,True,True,False,False,True,True,True
1356,False,False,False,False,False,True,True,True
1357,True,True,True,False,False,False,False,False
1358,True,True,False,False,False,False,False,True
1359,False,False,False,False,False,False,False,False
1360,True,False,False,False,False,False,True,True
1361,True,True,False,False,False,False,False,False
1362,True,True,True,False,False,False,False,False
1363,True,True,False,False,False,True,True,True
1364,False,False,False,False,False,False,False,True
1365,False,False,False,False,False,True,True,True
1366,False,False,True,False,False,True,True,True
1367,True,True,False,False,False,False,False,False
1368,True,False,False,False,False,True,True,True
1369,True,False,False,False,False,False,False,False
1370,True,True,True,True,False,False,False,False
1371,True,True,True,False,False,True,False,False
1372,True,True,True,True,True,True,True,True
1373,True,True,True,False,False,False,False,False
1374,False,False,False,False,False,False,True,True
1375,True,False,False,False,False,False,False,True
1376,True,True,True,False,False,True,True,True
1377,True,False,False,False,False,True,True,True
1378,True,True,False,False,False,False,False,False
1379,False,False,False,False,False,False,False,True
1380,True,False,False,False,False,True,True,True
1381,True,False,False,False,False,False,False,True
1382,True,True,False,False,False,True,True,True
1383,True,True,True,True,False,True,True,True
1384,False,False,False,False,False,True,True,True
1385,True,True,False,False,False,False,False,False
1386,True,False,False,False,False,True,False,False
1387,True,False,False,False,False,False,False,True
1388,False,False,False,False,False,False,False,True
1389,True,True,True,False,False,True,True,True
1390,True,False,True,False,False,True,True,True
1391,True,True,True,False,False,False,False,True
1392,True,False,False,False,False,True,True,True
1393,True,True,True,True,False,False,False,True
1394,True,False,False,False,False,True,True,True
1395,True,True,True,False,False,True,True,True
1396,False,False,False,False,False,True,True,True
1397,False,False,False,False,False,False,False,True
1398,True,True,False,False,False,False,False,False
1399,True,True,True,True,False,False,False,False
1400,False,False,False,False,False,False,False,True
1401,False,False,False,False,False,True,True,True
1402,True,False,False,False,False,True,True,True
1403,False,False,False,False,False,False,False,True
1404,True,False,False,False,False,True,True,True
1405,False,False,False,False,False,False,True,True
1406,True,True,True,True,False,True,True,True
1407,True,True,True,True,False,False,True,True
1408,True,True,False,False,False,True,True,True
1409,True,True,True,False,False,False,False,False
1410,True,True,True,True,False,False,True,True
1411,True,True,False,False,False,False,False,True
1412,True,True,True,True,False,True,True,True
1413,True,True,False,False,False,False,False,False
1414,True,True,True,True,False,False,True,True
1415,True,True,True,False,False,False,True,True
1416,True,True,False,False,False,False,False,False
1417,True,True,True,False,False,False,True,True
1418,False,False,False,False,False,False,False,True
1419,False,False,False,False,False,False,False,True
1420,False,False,False,False,False,False,False,False
1421,True,True,True,True,False,False,True,True
1422,True,True,True,False,False,False,False,True
1423,True,False,False,False,False,True,True,True
1424,True,False,False,False,False,False,True,True
1425,False,False,False,False,False,True,True,True
1426,True,True,True,True,True,True,True,True
1427,True,True,True,True,True,True,True,True
1428,True,True,True,True,True,True,True,True
1429,True,False,False,False,False,False,False,False
1430,False,False,False,False,False,True,True,True
1431,True,True,True,True,True,True,True,True
1432,False,False,False,False,False,False,True,True
1433,True,True,True,True,False,True,True,True
1434,True,True,True,True,True,True,True,True
1435,True,True,True,True,True,True,True,True
1436,True,True,False,False,False,False,False,True
1437,True,True,True,True,True,True,True,True
1438,True,True,True,True,False,False,False,False
1439,True,False,False,False,False,False,False,False
1440,True,False,False,False,False,True,False,True
1441,False,False,False,False,False,True,True,True
1442,True,False,False,False,False,False,False,False
1443,False,False,False,False,False,True,True,True
1444,True,True,True,False,False,True,True,True
1445,True,True,True,False,False,False,False,False
1446,True,True,True,True,True,True,True,True
1447,True,True,False,False,False,False,True,True
1448,True,True,False,False,False,False,False,False
1449,True,False,False,False,False,True,False,False
1450,True,True,True,True,False,False,True,True
1451,False,False,False,False,False,False,False,False
1452,True,True,True,False,False,False,True,True
1453,False,False,False,False,False,False,False,True
1454,False,False,False,False,False,True,True,True
1455,True,True,True,True,False,False,False,False
1456,False,False,False,False,False,False,False,True
1457,True,True,False,False,False,False,True,True
1458,True,False,False,False,False,True,True,True
1459,True,True,True,True,True,True,True,True
1460,True,True,False,False,False,False,True,True
1461,True,True,True,False,False,False,False,False
1462,True,True,True,True,True,True,True,True
1463,True,True,False,False,False,False,False,False
1464,True,True,True,True,False,False,True,True
1465,True,False,False,False,False,False,False,False
1466,True,False,False,False,False,False,False,False
1467,True,True,True,True,False,False,False,False
1468,False,False,False,False,False,False,False,False
1469,False,False,False,False,False,False,False,False
1470,True,False,False,False,False,False,False,False
1471,False,False,False,False,False,True,True,True
1472,True,True,True,False,False,False,True,True
1473,True,True,True,False,False,True,True,True
1474,True,True,True,False,False,True,True,True
1475,True,True,True,True,False,True,True,True
1476,True,True,True,True,True,True,True,True
1477,True,False,False,False,False,False,False,False
1478,True,True,True,True,True,True,True,True
1479,True,True,True,True,True,True,True,True
1480,True,False,False,False,False,True,True,True
1481,True,False,False,False,False,True,True,True
1482,True,False,False,False,False,True,True,True
1483,True,True,False,False,False,False,False,False
1484,True,False,False,False,False,False,True,True
1485,False,False,False,False,False,False,False,True
1486,True,True,True,False,False,False,False,False
1487,False,False,False,False,False,True,True,True
1488,True,False,False,False,False,True,True,True
1489,True,True,False,False,False,True,True,True
1490,True,False,False,False,False,True,True,True
1491,True,True,True,False,False,False,False,True
1492,False,False,False,False,False,True,True,True
1493,True,True,True,False,False,False,False,False
1494,True,True,False,False,False,True,True,True
1495,True,False,False,False,False,True,True,True
1496,True,False,False,False,False,False,False,False
1497,False,False,False,False,False,True,True,True
1498,True,False,False,False,False,False,False,True
1499,False,False,False,False,False,True,True,True
1500,True,False,False,False,False,False,False,True
1501,True,True,True,True,False,False,True,True
1502,False,False,False,False,False,True,True,True
1503,True,True,True,True,False,True,True,True
1504,False,False,False,False,False,True,True,True
1505,True,True,False,False,False,False,False,True
1506,False,False,False,False,False,False,True,True
1507,True,False,False,False,False,False,False,True
1508,True,True,False,False,False,True,True,True
1509,False,False,False,False,False,True,True,True
1510,True,False,False,False,False,False,False,True
1511,False,False,False,False,False,False,False,False
1512,True,True,False,False,False,False,False,False
1513,True,False,False,False,False,True,False,True
1514,True,False,False,False,False,False,False,False
1515,False,False,False,False,False,False,False,False
1516,True,True,True,True,False,False,True,True
1517,False,False,False,False,False,True,True,True
1518,True,False,False,False,False,False,True,True
1519,True,True,False,False,False,True,True,True
1520,False,False,False,False,False,False,False,False
1521,True,True,True,False,False,False,True,True
1522,False,False,False,False,False,True,True,True
1523,False,False,False,False,False,False,False,True
1524,True,False,False,False,False,False,True,True
1525,True,False,False,False,False,False,False,True
1526,True,True,True,False,False,False,False,False
1527,True,False,False,False,False,False,False,True
1528,False,False,False,False,False,False,False,True
1529,True,True,True,False,False,False,False,False
1530,True,False,False,False,False,False,False,False
1531,True,True,True,False,False,False,False,False
1532,True,True,True,True,False,True,True,True
1533,False,False,False,False,False,False,True,True
1534,True,True,False,False,False,True,True,True
1535,True,True,True,False,False,False,True,True
1536,True,True,True,False,False,False,False,True
1537,True,True,False,False,False,True,True,True
1538,True,True,False,False,False,False,False,False
1539,True,False,False,False,False,True,True,True
1540,True,True,False,False,False,False,True,True
1541,True,True,True,True,True,True,True,True
1542,True,True,True,True,False,False,True,True
1543,True,True,True,False,False,True,True,True
1544,False,False,False,False,False,True,True,True
1545,True,True,True,True,True,True,True,True
1546,True,True,False,False,False,True,True,True
1547,True,True,True,True,False,False,False,True
1548,True,True,True,True,False,False,False,False
1549,False,False,False,False,False,True,True,True
1550,True,True,True,True,False,True,True,True
1551,True,True,True,True,True,True,True,True
1552,False,False,False,False,False,False,False,True
1553,True,True,True,True,False,False,False,False
1554,True,True,True,False,False,False,False,True
1555,True,True,True,True,False,False,False,False
1556,True,True,True,True,True,True,True,True
1557,False,False,False,False,False,False,False,False
1558,True,True,True,True,False,False,False,False
1559,True,True,False,False,False,False,False,False
1560,True,False,False,False,False,False,False,True
1561,False,False,False,False,False,True,True,True
1562,True,True,False,False,False,True,True,True
1563,True,True,True,True,True,True,True,True
1564,False,False,False,False,False,True,True,True
1565,True,True,True,True,False,False,True,True
1566,False,False,False,False,False,False,False,True
1567,False,False,False,False,False,True,True,True
1568,True,True,True,False,False,True,True,True
1569,True,True,True,False,False,False,True,True
1570,True,True,True,True,False,False,False,False
1571,True,True,False,False,False,False,False,True
1572,True,True,True,True,False,True,True,True
1573,True,True,True,True,False,False,False,True
1574,False,False,False,False,False,False,False,False
1575,True,True,True,False,False,False,True,True
1576,True,False,False,False,False,True,True,True
1577,True,False,False,False,False,False,False,True
1578,False,False,False,False,False,False,True,True
1579,True,True,False,False,False,False,True,True
1580,False,False,False,False,False,False,True,True
1581,True,False,False,False,False,True,True,True
1582,False,False,False,False,False,False,True,True
1583,True,True,True,False,False,True,True,True
1584,False,False,False,False,False,True,True,True
1585,True,True,True,True,True,True,True,True
1586,True,False,False,False,False,False,True,True
1587,False,False,False,False,False,True,True,True
1588,True,True,True,False,False,True,True,True
1589,True,True,True,False,False,True,True,True
1590,True,True,True,False,False,False,True,True
1591,True,False,False,False,False,False,False,True
1592,True,True,True,False,False,True,True,True
1593,True,True,True,False,False,True,True,True
1594,True,True,True,True,False,False,False,False
1595,True,True,False,False,False,True,True,True
1596,True,False,False,False,False,True,True,True
1597,False,False,False,False,False,False,True,True
1598,False,False,False,False,False,False,False,True
1599,True,True,True,True,True,True,True,True
1600,True,True,True,True,True,True,True,True
1601,True,True,True,True,True,True,True,True
1602,True,True,True,False,False,False,True,True
1603,True,False,False,False,False,False,False,True
1604,True,True,True,True,True,True,True,True
1605,True,True,True,True,True,True,True,True
1606,True,True,True,True,True,True,True,True
1607,True,True,True,False,False,True,True,True
1608,True,True,False,False,False,True,True,True
1609,True,False,False,False,False,False,False,False
1610,True,True,False,False,False,False,False,True
1611,False,False,False,False,False,True,False,False
1612,True,True,False,False,False,True,True,True
1613,False,False,False,False,False,False,False,False
1614,False,False,False,False,False,True,True,True
1615,True,False,False,False,False,True,True,True
1616,True,True,True,True,False,False,True,True
1617,True,True,False,False,False,False,False,False
1618,True,True,True,True,True,True,True,True
1619,False,False,False,False,False,False,False,False
1620,True,True,True,True,True,True,True,True
1621,True,False,False,False,False,True,True,True
1622,False,False,False,False,False,False,False,True
1623,False,False,False,False,False,True,False,True
1624,True,True,True,True,False,False,False,True
1625,False,False,False,False,False,False,False,True
1626,False,False,False,False,False,False,False,True
1627,True,True,False,False,False,False,False,True
1628,False,False,False,False,False,True,True,True
1629,True,True,True,True,True,True,True,True
1630,True,True,True,True,False,False,False,True
1631,True,True,True,False,False,False,True,True
1632,False,False,False,False,False,False,False,True
1633,False,False,False,False,False,True,True,True
1634,True,False,False,False,False,False,False,False
1635,True,True,False,False,False,False,False,False
1636,True,False,False,False,False,False,True,True
1637,True,False,False,False,False,False,True,True
1638,True,True,True,True,True,True,True,True
1639,True,True,True,False,False,False,False,True
1640,False,False,False,False,False,True,True,True
1641,False,False,False,False,False,False,False,False
1642,True,True,True,False,False,False,False,False
1643,True,True,True,True,False,False,False,False
1644,True,True,True,False,False,True,True,True
1645,False,False,False,False,False,False,False,False
1646,True,False,False,False,False,True,True,True
1647,False,False,False,False,False,False,False,False
1648,True,True,True,False,False,False,True,True
1649,True,False,False,False,False,False,False,False
1650,False,False,False,False,False,True,True,True
1651,False,False,False,False,False,False,False,False
1652,True,False,False,False,False,True,False,False
1653,True,False,False,False,False,True,True,True
1654,True,True,True,True,True,True,True,True
1655,True,True,True,True,False,False,False,False
1656,True,True,True,True,True,True,True,True
1657,False,False,False,False,False,False,False,True
1658,False,False,False,False,False,True,True,True
1659,True,True,False,False,False,False,False,False
1660,True,True,True,True,False,False,False,False
1661,True,True,False,False,False,False,False,False
1662,True,False,False,False,False,True,True,True
1663,False,False,False,False,False,True,True,True
1664,False,False,False,False,False,False,False,True
1665,True,True,True,True,False,False,True,True
1666,True,True,True,True,True,True,True,True
1667,True,False,False,False,False,True,True,True
1668,True,True,True,False,False,False,False,True
1669,True,True,True,False,False,False,False,False
1670,True,False,False,False,False,True,True,True
1671,True,True,False,False,False,False,False,True
1672,False,False,False,False,False,True,True,True
1673,False,False,False,False,False,True,True,True
1674,True,True,True,False,False,False,False,True
1675,False,False,False,False,False,False,True,True
1676,True,False,False,False,False,True,True,True
1677,True,True,True,False,False,False,False,False
1678,True,True,True,False,False,True,True,True
1679,True,True,True,False,False,False,False,True
1680,True,False,False,False,False,False,False,True
1681,True,True,False,False,False,True,False,False
1682,True,True,False,False,False,False,False,False
1683,True,True,True,False,False,True,True,True
1684,True,True,True,False,False,True,True,True
1685,True,True,True,False,False,True,True,True
1686,True,True,False,False,False,False,False,False
1687,True,False,False,False,False,False,False,False
1688,True,True,True,True,True,True,True,True
1689,False,False,False,False,False,False,False,True
1690,True,False,False,False,False,True,True,True
1691,False,False,False,False,False,True,True,True
1692,True,True,True,True,False,False,True,True
1693,True,False,False,False,False,False,False,False
1694,True,True,True,False,False,False,True,True
1695,False,False,False,False,False,True,True,True
1696,True,False,False,False,False,False,False,False
1697,False,False,False,False,False,False,False,True
1698,True,False,False,False,False,True,True,True
1699,True,True,False,False,False,False,False,False
1700,True,True,True,False,False,False,False,False
1701,True,False,False,False,False,True,True,True
1702,True,True,True,False,False,False,True,True
1703,True,True,False,False,False,True,False,True
1704,False,False,False,False,False,False,False,True
1705,True,True,True,True,False,True,True,True
1706,True,True,False,False,False,False,False,False
1707,False,False,False,False,False,True,True,True
1708,False,False,False,False,False,False,False,False
1709,True,True,False,False,False,True,True,True
1710,False,False,False,False,False,False,False,False
1711,False,False,False,False,False,False,False,True
1712,True,True,False,False,False,False,False,False
1713,True,False,False,False,False,True,True,True
1714,False,False,False,False,False,False,False,True
1715,True,True,True,True,False,False,False,True
1716,False,False,False,False,False,False,False,True
1717,True,True,False,False,False,True,False,False
1718,True,True,True,True,False,False,False,True
1719,True,True,True,True,False,False,True,True
1720,True,False,False,False,False,False,False,True
1721,True,False,False,False,False,True,True,True
1722,True,True,False,False,False,True,True,True
1723,True,True,False,False,False,False,True,True
1724,True,False,False,False,False,True,True,True
1725,False,False,False,False,False,True,True,True
1726,True,True,True,True,True,True,True,True
1727,True,True,True,True,True,True,True,True
1728,True,True,True,True,True,True,True,True
1729,False,False,False,False,False,False,False,False
1730,True,True,True,False,False,True,True,True
1731,True,False,False,False,False,False,True,True
1732,True,False,False,False,False,False,False,True
1733,True,True,True,False,False,False,True,True
1734,False,False,False,False,False,True,True,True
1735,False,False,False,False,False,True,True,True
1736,False,False,False,False,False,False,False,False
1737,False,False,False,False,False,True,True,True
1738,True,True,True,False,False,False,False,False
1739,True,True,True,False,False,True,True,True
1740,True,True,True,True,True,True,True,True
1741,True,True,True,True,True,True,True,True
1742,True,True,False,False,False,True,True,True
1743,False,False,False,False,False,True,True,True
1744,True,True,True,True,True,True,True,True
1745,True,True,True,True,True,True,True,True
1746,True,True,True,False,False,False,False,False
1747,True,True,True,True,True,True,True,True
1748,False,False,False,False,False,True,False,False
1749,True,True,True,False,False,True,True,True
1750,True,True,False,False,False,True,True,True
1751,True,False,False,False,False,False,False,False
1752,False,False,False,False,False,False,True,True
1753,False,False,False,False,False,True,True,True
1754,True,True,False,False,False,False,False,True
1755,True,True,True,False,False,True,True,True
1756,True,True,True,True,True,True,True,True
1757,True,True,True,False,False,False,False,True
1758,True,True,True,False,False,False,False,False
1759,True,False,False,False,False,False,True,True
1760,True,True,True,True,True,True,True,True
1761,True,True,False,False,False,False,False,True
1762,False,False,False,False,False,False,False,True
1763,True,False,False,False,False,True,True,True
1764,True,False,False,False,False,True,True,True
1765,True,True,True,False,False,False,False,False
1766,True,True,False,False,False,False,False,True
1767,True,False,False,False,False,False,False,True
1768,False,False,False,False,False,True,True,True
1769,True,False,False,False,False,False,False,False
1770,True,True,True,True,True,True,True,True
1771,True,True,True,True,False,True,True,True
1772,True,False,False,False,False,True,True,True
1773,False,False,False,False,False,False,False,False
1774,True,True,False,False,False,False,False,True
1775,True,True,True,False,False,True,True,True
1776,False,False,False,False,False,False,True,True
1777,False,False,False,False,False,False,False,True
1778,True,False,False,False,False,True,True,True
1779,True,True,False,False,False,True,True,True
1780,True,False,False,False,False,False,True,True
1781,True,True,True,True,True,True,True,True
1782,False,False,False,False,False,False,False,False
1783,True,True,True,True,False,False,False,True
1784,True,False,False,False,False,True,True,True
1785,True,True,True,False,False,False,False,True
1786,True,True,True,False,False,True,True,True
1787,True,True,True,True,False,False,False,True
1788,True,False,False,False,False,True,True,True
1789,False,False,False,False,False,False,False,False
1790,True,True,False,False,False,False,False,False
1791,False,False,False,False,False,True,True,True
1792,True,True,True,True,True,True,True,True
1793,True,True,False,False,False,False,False,True
1794,True,True,True,True,False,False,False,False
1795,True,True,True,True,False,False,False,True
1796,True,False,False,False,False,False,False,True
1797,False,False,False,False,False,False,True,True
1798,True,True,True,True,True,True,True,True
1799,True,True,True,True,True,True,True,True
1800,True,False,False,False,False,True,True,True
1801,True,True,True,True,False,True,True,True
1802,True,True,True,True,False,False,False,True
1803,True,True,True,False,False,False,False,False
1804,False,False,False,False,False,False,False,True
1805,False,False,False,False,False,True,True,True
1806,True,False,False,False,False,False,True,True
1807,True,False,False,False,False,True,True,True
1808,True,True,True,True,True,True,True,True
1809,True,False,False,False,False,False,True,True
1810,False,False,False,False,False,False,True,True
1811,False,False,False,False,False,True,True,True
1812,True,True,True,True,False,False,True,True
1813,False,False,False,False,False,False,False,True
1814,False,False,False,False,False,False,False,False
1815,False,False,False,False,False,False,False,True
1816,True,True,False,False,False,False,True,True
1817,False,False,False,False,False,False,False,False
1818,False,False,False,False,False,False,False,False
1819,True,True,True,False,False,False,False,False
1820,True,True,True,True,True,True,True,True
1821,True,True,True,True,False,False,False,True
1822,True,True,False,False,False,True,True,True
1823,False,False,False,False,False,True,True,True
1824,False,False,False,False,False,True,False,False
1825,False,False,False,False,False,True,False,False
1826,True,False,False,False,False,False,False,True
1827,True,True,True,True,False,True,True,True
1828,True,True,True,True,False,False,False,False
1829,True,True,True,True,True,True,True,True
1830,False,False,False,False,False,True,True,True
1831,False,False,False,False,False,False,False,True
1832,True,True,True,False,False,False,False,False
1833,False,False,False,False,False,True,True,True
1834,True,True,True,True,False,False,False,False
1835,True,True,True,False,False,True,True,True
1836,True,True,True,False,False,False,False,False
1837,True,True,True,False,False,True,False,True
1838,True,True,True,True,False,True,True,True
1839,True,True,True,True,True,True,True,True
1840,False,False,False,False,False,False,False,False
1841,False,False,False,False,False,False,True,True
1842,True,True,True,True,True,True,True,True
1843,True,True,True,True,True,True,True,True
1844,True,False,False,False,False,False,False,False
1845,True,True,False,False,False,True,True,True
1846,False,False,False,False,False,False,False,True
1847,True,True,True,False,False,False,False,True
1848,True,False,False,False,False,True,True,True
1849,True,False,False,False,False,True,True,True
1850,True,False,False,False,False,False,False,False
1851,True,True,True,False,False,False,True,True
1852,True,False,False,False,False,False,False,False
1853,True,True,True,True,True,True,True,True
1854,True,False,False,False,False,True,True,True
1855,True,True,False,False,False,False,True,True
1856,True,False,False,False,False,True,True,True
1857,True,False,False,False,False,False,False,True
1858,True,True,True,True,False,False,False,False
1859,True,False,False,False,False,True,True,True
1860,True,True,False,False,False,False,False,False
1861,False,False,False,False,False,True,True,True
1862,False,False,False,False,False,False,True,True
1863,False,False,False,False,False,False,False,False
1864,True,True,True,False,False,False,True,True
1865,True,True,True,False,False,False,False,False
1866,True,True,False,False,False,False,True,True
1867,True,True,True,False,False,False,False,False
1868,True,False,False,False,False,True,True,True
1869,True,True,True,False,False,False,True,True
1870,True,True,True,False,False,False,True,True
1871,False,False,False,False,False,True,True,True
1872,True,True,True,True,True,True,True,True
1873,True,True,True,False,False,True,True,True
1874,True,True,True,False,False,True,True,True
1875,True,True,True,False,False,False,True,True
1876,True,True,True,True,True,True,True,True
1877,True,False,False,False,False,True,True,True
1878,False,False,False,False,False,True,True,True
1879,True,True,False,False,False,True,True,True
1880,True,False,False,False,False,True,True,True
1881,True,True,True,True,False,True,True,True
1882,True,True,False,False,False,False,False,False
1883,True,True,True,True,True,True,True,True
1884,False,False,False,False,False,False,True,True
1885,False,False,False,False,False,False,False,True
1886,True,False,False,False,False,True,True,True
1887,True,True,False,False,False,False,False,True
1888,True,True,False,False,False,False,False,True
1889,True,True,False,False,False,False,True,True
1890,True,False,False,False,False,True,True,True
1891,True,False,False,False,False,False,True,True
1892,False,False,False,False,False,True,True,True
1893,False,False,False,False,False,True,True,True
1894,True,True,False,False,False,False,False,False
1895,True,True,False,False,False,True,True,True
1896,True,False,False,False,False,False,False,True
1897,True,True,False,False,False,False,False,False
1898,True,True,False,False,False,True,True,True
1899,True,True,True,True,False,True,False,True
1900,True,True,True,False,False,False,False,False
1901,True,False,False,False,False,True,False,True
1902,True,True,False,False,False,False,False,False
1903,True,False,False,False,False,True,True,True
1904,True,True,False,False,False,True,True,True
1905,True,False,False,False,False,False,False,False
1906,True,True,False,False,False,False,False,False
1907,False,False,False,False,False,False,False,True
1908,False,False,False,False,False,False,False,True
1909,True,False,False,False,False,False,False,False
1910,False,False,False,False,False,False,True,True
1911,True,True,True,True,False,False,True,True
1912,False,False,False,False,False,False,False,True
1913,False,False,False,False,False,False,True,True
1914,True,True,True,False,False,True,True,True
1915,True,True,True,True,True,True,True,True
1916,True,False,False,False,False,True,True,True
1917,False,False,False,False,False,True,True,True
1918,False,False,False,False,False,False,False,False
1919,True,True,True,True,False,True,True,True
1920,True,True,True,True,False,True,True,True
1921,False,False,False,False,False,True,True,True
1922,True,True,True,False,False,False,False,True
1923,True,False,False,False,False,False,False,True
1924,False,False,False,False,False,True,True,True
1925,False,False,False,False,False,True,True,True
1926,False,False,False,False,False,False,False,True
1927,True,False,False,False,False,False,False,False
1928,False,False,False,False,False,True,True,True
1929,True,True,True,False,False,True,True,True
1930,True,True,True,False,False,True,True,True
1931,True,False,False,False,False,False,False,True
1932,True,True,False,False,False,False,False,False
1933,True,True,True,False,False,False,False,False
1934,False,False,False,False,False,False,False,False
1935,False,False,False,False,False,False,False,False
1936,True,False,False,False,False,False,False,False
1937,True,True,True,True,True,True,True,True
1938,True,True,False,False,False,True,True,True
1939,True,True,True,False,False,False,True,True
1940,True,True,True,True,False,False,True,True
1941,True,False,False,False,False,True,True,True
1942,True,True,False,False,False,False,True,True
1943,False,False,False,False,False,True,True,True
1944,True,True,False,False,False,True,True,True
1945,True,False,False,False,False,True,False,True
1946,True,False,False,False,False,True,True,True
1947,False,False,False,False,False,True,True,True
1948,True,True,True,False,False,True,True,True
1949,True,True,True,True,True,True,True,True
1950,True,True,True,True,False,True,True,True
1951,False,False,False,False,False,True,True,True
1952,True,True,False,False,False,False,False,False
1953,False,False,False,False,False,True,True,True
1954,True,True,False,False,False,True,True,True
1955,False,False,False,False,False,True,True,True
1956,False,False,False,False,False,False,False,False
1957,True,True,True,True,True,True,True,True
1958,True,True,True,False,False,False,False,True
1959,False,False,False,False,False,True,True,True
1960,True,True,True,False,False,False,False,False
1961,True,True,False,False,False,True,True,True
1962,True,True,False,False,False,False,False,True
1963,True,True,True,True,False,False,False,True
1964,True,True,False,False,False,False,False,True
1965,True,True,True,True,False,False,False,False
1966,True,True,True,True,False,False,False,False
1967,False,False,False,False,False,False,False,True
1968,True,True,False,False,False,False,False,False
1969,True,True,False,False,False,True,True,True
1970,False,False,False,False,False,False,False,False
1971,True,True,False,False,False,True,False,False
1972,True,False,False,False,False,False,False,False
1973,True,True,True,True,True,True,True,True
1974,True,True,True,True,False,False,True,True
1975,False,False,False,False,False,True,True,True
1976,True,True,False,False,False,True,True,True
1977,True,False,False,False,False,False,False,False
1978,True,True,False,False,False,False,True,True
1979,False,False,False,False,False,False,False,False
1980,True,True,True,True,False,True,True,True
1981,True,True,True,True,False,False,False,True
1982,True,False,False,False,False,False,False,False
1983,False,False,False,False,False,False,False,True
1984,True,False,False,False,False,True,True,True
1985,True,True,False,False,False,False,False,True
1986,True,True,False,False,False,False,False,True
1987,True,True,True,False,False,True,True,True
1988,True,True,True,False,False,True,True,True
1989,False,False,False,False,False,False,False,True
1990,False,False,False,False,False,False,False,False
1991,False,False,False,False,False,False,False,False
1992,False,False,False,False,False,False,False,False
1993,False,False,False,False,False,False,False,True
1994,False,False,False,False,False,False,False,False
1995,False,False,False,False,False,True,True,True
1996,True,True,True,True,True,True,True,True
1997,True,False,False,False,False,True,True,True
1998,True,True,True,False,False,True,True,True
1999,True,True,True,False,False,False,False,False
2000,True,True,True,False,False,True,True,True
2001,True,False,False,False,False,True,True,True
2002,True,True,True,True,False,False,False,False
2003,True,False,False,False,False,True,True,True
2004,False,False,False,False,False,True,True,True
2005,True,True,True,True,False,False,False,True
2006,True,True,False,False,False,False,True,True
2007,True,True,False,False,False,True,True,True
2008,True,False,False,False,False,False,False,True
2009,True,True,True,False,False,True,True,True
2010,False,False,False,False,False,False,True,True
2011,True,True,True,True,True,True,True,True
2012,True,True,True,True,False,False,False,True
2013,False,False,False,False,False,False,True,True
2014,True,True,True,True,False,False,True,True
2015,False,False,False,False,False,False,False,True
2016,False,False,False,False,False,False,False,False
2017,True,True,True,False,False,False,False,False
2018,True,True,True,True,True,True,True,True
2019,True,True,True,False,False,False,False,False
2020,False,False,False,False,False,False,False,True
2021,True,True,True,False,False,False,True,True
2022,True,True,False,False,False,False,True,True
2023,True,True,True,False,False,False,False,True
2024,True,True,True,True,False,False,True,True
2025,True,True,True,True,True,True,True,True
2026,False,True,False,False,False,True,False,True
2027,True,True,False,False,False,True,True,True
2028,True,True,True,False,False,True,True,True
2029,True,True,True,True,False,False,True,True
2030,True,True,False,False,False,False,False,False
2031,True,True,True,True,False,True,True,True
2032,True,True,True,True,False,True,True,True
2033,True,False,False,False,False,False,False,False
2034,True,True,True,True,True,True,True,True
2035,True,True,False,False,False,False,False,True
2036,True,True,True,True,False,False,True,True
2037,True,True,True,False,False,False,False,False
2038,False,False,False,False,False,True,False,True
2039,False,False,False,False,False,False,False,True
2040,True,False,False,False,False,True,True,True
2041,True,True,True,True,True,True,True,True
2042,False,False,False,False,False,True,True,True
2043,False,False,False,False,False,False,False,False
2044,True,False,False,False,False,False,True,True
2045,True,True,False,False,False,False,False,True
2046,True,False,False,False,False,True,True,True
2047,True,True,True,False,False,False,True,True
2048,True,False,False,False,False,False,False,False
2049,True,False,False,False,False,True,True,True
2050,True,True,True,True,False,False,False,True
2051,True,True,False,False,False,False,False,False
2052,True,False,False,False,False,True,True,True
2053,False,False,False,False,False,True,True,True
2054,True,False,False,False,False,True,False,False
2055,False,False,False,False,False,True,True,True
2056,True,True,True,False,False,True,True,True
2057,True,True,True,False,False,False,False,True
2058,True,True,True,False,False,False,True,True
2059,False,False,False,False,False,False,False,False
2060,True,True,False,False,False,True,True,True
2061,True,False,False,False,False,False,True,True
2062,True,True,True,True,True,True,True,True
2063,True,False,False,False,False,False,False,False
2064,False,False,False,False,False,True,True,True
2065,True,True,False,False,False,False,True,True
2066,False,False,False,False,False,False,True,True
2067,True,False,False,False,False,False,False,True
2068,True,True,True,True,True,True,True,True
2069,False,False,False,False,False,True,False,False
2070,False,False,False,False,False,True,True,True
2071,False,False,False,False,False,False,True,True
2072,True,True,False,False,False,False,False,True
2073,True,True,True,False,False,True,True,True
2074,True,False,False,False,False,False,False,True
2075,True,True,False,False,False,False,False,True
2076,True,False,False,False,False,True,True,True
2077,True,True,False,False,False,False,False,True
2078,True,False,False,False,False,False,False,False
2079,False,False,False,False,False,True,True,True
2080,True,True,True,True,True,True,True,True
2081,True,True,True,True,False,False,False,False
2082,True,False,False,False,False,True,True,True
2083,True,True,True,True,False,True,True,True
2084,True,False,False,False,False,False,False,True
2085,False,False,False,False,False,True,True,True
2086,True,True,False,False,False,True,False,True
2087,True,True,True,True,True,True,True,True
2088,True,True,True,False,False,False,False,False
2089,True,False,False,False,False,False,True,True
2090,True,True,True,True,False,False,False,True
2091,False,False,False,False,False,False,False,False
2092,True,True,True,True,False,False,False,True
2093,True,False,False,False,False,True,True,True
2094,True,True,True,False,False,False,False,False
2095,True,True,True,False,False,True,True,True
2096,False,False,False,False,False,False,False,False
2097,True,True,True,False,False,False,False,False
2098,True,True,True,False,False,False,False,True
2099,True,False,False,False,False,False,True,True
2100,True,True,True,True,True,True,True,True
2101,True,True,True,False,False,False,False,False
2102,True,True,True,True,True,True,True,True
2103,True,True,False,False,False,False,True,True
2104,True,False,False,False,False,False,True,True
2105,False,False,False,False,False,False,False,True
2106,False,False,False,False,False,True,True,True
2107,False,False,False,False,False,True,False,True
2108,False,False,False,False,False,True,True,True
2109,True,True,False,False,False,False,False,False
2110,True,True,True,False,False,True,True,True
2111,True,False,False,False,False,False,False,True
2112,True,True,True,False,False,False,False,False
2113,False,False,False,False,False,False,False,False
2114,True,True,False,False,False,False,True,True
2115,False,False,False,False,False,False,True,True
2116,False,False,False,False,False,False,False,False
2117,True,True,True,True,True,True,True,True
2118,False,False,False,False,False,True,True,True
2119,True,True,True,False,False,False,False,True
2120,True,True,True,True,False,True,True,True
2121,False,False,False,False,False,True,True,True
2122,True,False,False,False,False,False,False,False
2123,False,False,False,False,False,True,True,True
2124,True,True,False,False,False,True,True,True
2125,True,True,True,True,False,False,False,False
2126,True,True,False,False,False,False,False,False
2127,True,True,False,False,False,False,False,False
2128,True,True,True,True,True,True,True,True
2129,True,False,False,False,False,False,False,False
2130,True,True,True,True,False,False,True,True
2131,True,True,True,True,False,False,True,True
2132,False,False,False,False,False,True,True,True
2133,True,True,False,False,False,True,True,True
2134,True,True,True,False,False,False,False,True
2135,False,False,False,False,False,True,True,True
2136,True,False,False,False,False,True,True,True
2137,True,False,False,False,False,False,False,False
2138,True,False,False,False,False,True,True,True
2139,True,True,True,True,False,True,True,True
2140,False,False,False,False,False,True,True,True
2141,True,True,True,False,False,False,False,True
2142,True,False,False,False,False,True,True,True
2143,True,True,True,True,True,True,True,True
2144,True,True,True,False,False,False,True,True
2145,True,True,False,False,False,False,False,False
2146,True,True,True,True,False,True,True,True
2147,True,False,False,False,False,True,False,False
2148,False,False,False,False,False,False,True,True
2149,False,False,False,False,False,True,True,True
2150,True,True,False,False,False,True,True,True
2151,True,True,True,True,False,False,True,True
2152,True,True,True,True,False,False,True,True
2153,True,True,False,False,False,False,False,True
2154,True,True,True,True,False,False,False,False
2155,True,True,True,False,False,True,True,True
2156,True,True,False,False,False,False,False,True
2157,True,True,True,True,False,False,False,True
2158,False,False,False,False,False,True,True,True
2159,True,True,True,False,False,False,True,True
2160,True,True,True,True,False,False,False,False
2161,True,True,False,False,False,False,False,False
2162,True,True,True,True,True,True,True,True
2163,True,True,True,True,False,False,False,False
2164,True,True,True,True,True,True,True,True
2165,True,True,True,True,True,True,True,True
2166,False,False,False,False,False,True,True,True
2167,False,False,False,False,False,True,True,True
2168,True,True,True,False,False,False,False,True
2169,False,False,False,False,False,False,False,False
2170,False,False,False,False,False,False,False,True
2171,False,False,False,False,False,True,True,True
2172,True,False,False,False,False,True,True,True
2173,False,False,False,False,False,False,True,True
2174,True,True,True,True,False,True,True,True
2175,True,False,False,False,False,False,False,False
2176,True,True,True,True,False,False,True,True
2177,False,False,False,False,False,True,False,False
2178,False,False,False,False,False,True,True,True
2179,True,False,False,False,False,False,False,False
2180,True,True,True,False,False,True,True,True
2181,False,False,False,False,False,True,True,True
2182,False,False,False,False,False,True,False,True
2183,True,True,True,False,False,False,False,False
2184,False,False,False,False,False,False,False,True
2185,False,False,False,False,False,True,True,True
2186,True,True,False,False,False,False,True,True
2187,True,True,True,True,False,False,True,True
2188,True,True,False,False,False,False,True,True
2189,False,False,False,False,False,True,True,True
2190,False,False,False,False,False,True,False,False
2191,True,True,False,False,False,False,False,True
2192,False,False,False,False,False,False,False,False
2193,True,True,True,False,False,True,True,True
2194,True,True,False,False,False,True,True,True
2195,True,False,False,False,False,True,True,True
2196,True,True,True,False,False,False,False,False
2197,True,True,False,False,False,False,False,False
2198,True,True,True,True,False,False,True,True
2199,True,True,True,True,False,False,False,True
2200,True,True,False,False,False,True,True,True
2201,True,True,False,False,False,True,True,True
2202,True,True,True,True,True,True,True,True
2203,True,False,False,False,False,False,True,True
2204,True,True,False,False,False,True,True,True
2205,True,False,False,False,False,False,False,True
2206,False,False,False,False,False,False,False,True
2207,False,False,False,False,False,False,True,True
2208,True,False,False,False,False,True,True,True
2209,False,False,False,False,False,False,True,True
2210,True,True,True,True,False,False,True,True
2211,False,False,False,False,False,True,True,True
2212,True,True,True,True,True,True,True,True
2213,True,True,True,True,False,False,False,True
2214,True,True,False,False,False,False,False,False
2215,True,True,True,False,False,True,True,True
2216,True,True,False,False,False,False,False,False
2217,True,False,False,False,False,True,False,False
2218,True,True,True,False,False,True,True,True
2219,True,True,True,True,False,False,False,True
2220,False,False,False,False,False,False,False,False
2221,True,False,False,False,False,True,True,True
2222,True,False,False,False,False,False,False,False
2223,True,False,False,False,False,False,False,True
2224,True,True,False,False,False,False,False,False
2225,False,False,False,False,False,False,False,True
2226,False,False,False,False,False,False,True,True
2227,True,True,True,False,False,True,True,True
2228,False,False,False,False,False,True,True,True
2229,True,True,True,True,True,True,True,True
2230,False,False,False,False,False,True,True,True
2231,True,False,False,False,False,True,False,True
2232,True,True,True,False,False,True,True,True
2233,True,True,False,False,False,False,False,False
2234,True,True,True,False,False,False,False,True
2235,True,True,True,True,False,False,False,False
2236,False,False,False,False,False,True,True,True
2237,True,False,False,False,False,False,False,True
2238,False,False,False,False,False,False,False,False
2239,True,True,True,False,False,False,False,False
2240,False,False,False,False,False,True,True,True
2241,False,False,False,False,False,False,False,True
2242,True,True,True,False,False,False,False,False
2243,True,False,False,False,False,False,False,False
2244,True,True,True,False,False,False,False,False
2245,True,True,True,True,False,False,True,True
2246,True,True,True,True,False,False,True,True
2247,True,True,True,True,False,False,False,True
2248,True,False,False,False,False,True,True,True
2249,True,True,True,True,True,True,True,True
2250,True,False,False,False,False,True,True,True
2251,False,False,False,False,False,False,False,False
2252,True,True,True,True,True,True,True,True
2253,True,True,True,False,False,False,False,False
2254,True,True,True,False,False,False,False,True
2255,True,True,True,False,False,False,False,False
2256,True,True,False,False,False,False,False,False
2257,True,True,True,True,False,False,False,True
2258,True,True,False,False,False,True,True,True
2259,True,True,True,True,False,True,True,True
2260,True,False,False,False,False,False,True,True
2261,True,True,True,False,False,False,True,True
2262,True,True,False,False,False,False,False,True
2263,True,True,True,False,False,False,False,True
2264,True,False,False,False,False,True,True,True
2265,True,True,True,False,False,False,False,True
2266,False,False,False,False,False,False,False,True
2267,True,True,True,True,False,False,True,True
2268,True,True,True,False,False,False,False,True
2269,True,True,True,True,False,True,True,True
2270,True,True,True,True,True,True,True,True
2271,False,False,False,False,False,True,True,True
2272,True,True,False,False,False,False,False,True
2273,True,False,False,False,False,False,False,False
2274,True,True,True,True,False,False,False,False
2275,False,False,False,False,False,False,False,False
2276,False,False,False,False,False,True,True,True
2277,True,True,True,True,False,False,False,False
2278,False,False,False,False,False,True,True,True
2279,True,True,False,False,False,True,True,True
2280,True,True,False,False,False,False,True,True
2281,True,True,False,False,False,False,False,True
2282,False,False,False,False,False,True,True,True
2283,True,False,False,False,False,True,True,True
2284,True,True,True,False,False,True,True,True
2285,True,True,False,False,False,False,False,False
2286,True,False,False,False,False,False,False,False
2287,True,True,False,False,False,True,True,True
2288,False,False,False,False,False,True,True,True
2289,False,False,False,False,False,True,True,True
2290,True,True,False,False,False,True,True,True
2291,True,True,False,False,False,False,False,False
2292,False,False,False,False,False,True,True,True
2293,True,True,True,False,False,False,False,False
2294,True,False,False,False,False,False,True,True
2295,True,True,False,False,False,False,False,True
2296,True,True,False,False,False,False,False,True
2297,False,False,False,False,False,True,True,True
2298,True,True,False,False,False,True,True,True
2299,True,True,False,False,False,True,True,True
2300,False,False,False,False,False,False,False,False
2301,False,False,False,False,False,True,True,True
2302,False,False,False,False,False,True,True,True
2303,True,True,True,True,True,True,True,True
2304,True,True,False,False,False,False,True,True
2305,True,True,False,False,False,True,True,True
2306,False,False,False,False,False,True,True,True
2307,True,False,False,False,False,True,True,True
2308,True,True,True,True,True,True,True,True
2309,True,False,False,False,False,True,True,True
2310,True,False,False,False,False,True,True,True
2311,True,True,True,True,False,True,True,True
2312,True,True,False,False,False,False,False,True
2313,True,True,False,False,False,False,True,True
2314,True,False,False,False,False,True,True,True
2315,True,True,True,True,False,True,True,True
2316,True,True,False,False,False,True,True,True
2317,True,False,False,False,False,True,True,True
2318,True,True,True,True,True,True,True,True
2319,False,False,False,False,False,False,False,False
2320,False,False,False,False,False,True,True,True
2321,True,True,False,False,False,False,False,False
2322,True,False,False,False,False,True,True,True
2323,True,True,True,True,False,True,True,True
2324,False,False,False,False,False,False,True,True
2325,True,True,False,False,False,False,False,True
2326,True,False,False,False,False,False,False,True
2327,False,False,False,False,False,True,True,True
2328,True,False,False,False,False,True,True,True
2329,True,True,True,False,False,True,True,True
2330,True,True,True,True,True,True,True,True
2331,True,True,True,False,False,False,True,True
2332,True,True,True,True,False,True,False,False
2333,True,True,True,True,False,False,False,False
2334,True,True,True,False,False,False,False,False
2335,True,True,True,False,False,False,False,True
2336,False,False,False,False,False,False,False,False
2337,True,True,True,True,False,False,True,True
2338,True,True,True,True,True,True,True,True
2339,True,True,False,False,False,False,True,True
2340,True,True,False,False,False,True,True,True
2341,True,True,True,False,False,False,False,True
2342,True,False,False,False,False,False,False,True
2343,True,True,True,False,False,True,True,True
2344,True,True,True,True,True,True,True,True
2345,True,True,True,True,False,False,False,True
2346,True,False,False,False,False,True,True,True
2347,True,True,True,True,True,True,True,True
2348,False,False,False,False,False,True,True,True
2349,False,False,False,False,False,False,True,True
2350,True,True,True,True,False,False,False,True
2351,True,True,True,True,False,True,True,True
2352,True,True,True,False,False,False,False,False
2353,True,True,True,False,False,False,False,False
2354,True,True,True,False,False,False,False,True
2355,False,False,False,False,False,True,True,True
2356,True,True,False,False,False,True,True,True
2357,True,False,False,False,False,False,False,False
2358,True,True,False,False,False,False,False,False
2359,True,True,True,True,False,True,True,True
2360,True,False,False,False,False,True,True,True
2361,True,True,False,False,False,False,False,False
2362,True,True,True,True,False,False,False,False
2363,True,True,True,False,False,True,True,True
2364,False,False,False,False,False,True,True,True
2365,True,False,False,False,False,True,True,True
2366,True,True,True,True,True,True,True,True
2367,True,True,False,False,False,False,False,False
2368,True,True,True,False,False,False,False,False
2369,False,False,False,False,False,True,True,True
2370,True,True,False,False,False,False,False,False
2371,True,True,False,False,False,True,True,True
2372,True,False,False,False,False,False,True,True
2373,True,False,False,False,False,True,True,True
2374,True,True,True,True,False,False,False,True
2375,True,True,True,True,True,True,True,True
2376,True,False,False,False,False,True,True,True
2377,True,True,True,True,True,True,True,True
2378,False,False,False,False,False,True,True,True
2379,True,True,False,False,False,True,True,True
2380,False,False,False,False,False,False,True,True
2381,True,False,False,False,False,False,True,True
2382,True,True,True,False,False,False,False,True
2383,False,False,False,False,False,True,True,True
2384,False,False,False,False,False,False,False,True
2385,False,False,False,False,False,False,False,True
2386,True,True,True,False,False,False,False,True
2387,True,False,False,False,False,False,False,False
2388,True,True,False,False,False,True,True,True
2389,False,False,False,False,False,True,True,True
2390,True,True,True,True,False,False,False,True
2391,False,False,False,False,False,True,True,True
2392,True,False,False,False,False,True,False,True
2393,True,True,True,True,False,False,False,True
2394,True,False,False,False,False,False,False,False
2395,True,False,False,False,False,True,True,True
2396,True,True,True,True,True,True,True,True
2397,True,True,True,False,False,True,True,True
2398,False,False,False,False,False,True,False,True
2399,True,True,True,True,False,False,False,True
2400,True,True,True,True,False,False,True,True
2401,True,True,True,True,True,True,True,True
2402,True,True,False,False,False,True,True,True
2403,True,False,False,False,False,True,True,True
2404,True,True,True,False,False,False,False,False
2405,True,True,True,True,True,True,True,True
2406,True,True,True,False,False,False,True,True
2407,True,False,False,False,False,True,True,True
2408,False,False,False,False,False,True,True,True
2409,True,False,False,False,False,True,True,True
2410,True,True,True,True,False,False,False,False
2411,False,False,False,False,False,True,True,True
2412,True,True,False,False,False,False,True,True
2413,True,True,True,True,False,False,False,False
2414,True,True,True,True,True,True,True,True
2415,True,True,False,False,False,False,False,False
2416,True,True,True,True,True,True,True,True
2417,True,True,True,True,False,False,False,True
2418,False,True,False,False,False,False,False,True
2419,False,False,False,False,False,False,False,True
2420,True,True,True,False,False,True,True,True
2421,False,False,False,False,False,False,False,False
2422,True,True,True,True,True,True,True,True
2423,False,False,False,False,False,True,True,True
2424,True,True,False,False,False,False,False,True
2425,False,False,False,False,False,True,True,True
2426,True,False,False,False,False,False,False,False
2427,True,True,True,False,False,False,False,False
2428,False,False,False,False,False,False,False,True
2429,True,True,True,True,True,True,True,True
2430,True,False,False,False,False,True,True,True
2431,True,True,True,True,False,True,True,True
2432,True,True,False,False,False,True,True,True
2433,True,True,True,False,False,False,False,False
2434,True,True,True,True,False,False,False,True
2435,True,True,True,False,False,False,True,True
2436,False,False,False,False,False,True,True,True
2437,True,True,True,False,False,False,False,False
2438,True,True,True,True,False,False,False,True
2439,True,True,True,True,False,False,True,True
2440,True,True,False,False,False,True,True,True
2441,True,True,True,False,False,False,False,False
2442,True,False,False,False,False,True,True,True
2443,False,False,False,False,False,False,False,True
2444,False,False,False,False,False,True,True,True
2445,True,True,True,True,True,True,True,True
2446,True,False,False,False,False,False,False,False
2447,False,False,False,False,False,False,True,True
2448,True,False,False,False,False,True,True,True
2449,True,True,False,False,False,False,True,True
2450,False,False,False,False,False,False,True,True
2451,True,True,True,False,False,False,False,False
2452,True,False,False,False,False,False,False,False
2453,True,True,True,True,False,False,False,False
2454,True,False,False,False,False,False,True,True
2455,True,True,True,False,False,True,True,True
2456,True,True,True,True,True,True,True,True
2457,True,True,True,False,False,False,True,True
2458,True,True,True,True,True,True,True,True
2459,True,False,False,False,False,False,False,True
2460,True,False,True,False,False,False,False,False
2461,True,True,False,False,False,False,False,False
2462,True,True,True,False,False,False,False,True
2463,True,True,True,False,False,False,False,True
2464,True,True,True,True,False,False,False,False
2465,True,True,False,False,False,False,False,False
2466,True,True,False,False,False,False,False,False
2467,True,True,False,False,False,True,True,True
2468,True,True,True,False,False,False,True,True
2469,True,False,False,False,False,False,False,False
2470,False,False,False,False,False,False,True,True
2471,True,True,True,True,True,True,True,True
2472,True,False,False,False,False,True,True,True
2473,False,False,False,False,False,False,False,True
2474,True,True,True,False,False,False,True,True
2475,True,True,True,False,False,True,True,True
2476,False,False,False,False,False,False,False,False
2477,False,False,False,False,False,True,True,True
2478,True,True,False,False,False,True,True,True
2479,True,True,True,False,False,True,True,True
2480,True,True,False,False,False,True,True,True
2481,False,False,False,False,False,False,True,True
2482,False,False,False,False,False,False,False,True
2483,True,True,True,True,True,True,True,True
2484,False,False,False,False,False,True,True,True
2485,True,True,False,False,False,False,False,True
2486,True,True,True,True,True,True,True,True
2487,False,False,False,False,False,False,False,False
2488,True,False,False,False,False,False,False,False
2489,False,False,False,False,False,True,True,True
2490,True,True,True,False,False,True,True,True
2491,True,True,False,False,False,False,False,False
2492,True,True,False,False,False,False,False,False
2493,True,True,False,False,False,False,False,False
2494,True,True,False,False,False,True,True,True
2495,True,True,False,False,False,True,True,True
2496,True,True,True,True,True,True,True,True
2497,True,True,True,False,False,False,False,False
2498,False,False,False,False,False,False,False,True
2499,True,True,True,True,True,True,True,True
2500,True,True,False,False,False,True,True,True
2501,False,False,False,False,False,True,True,True
2502,False,False,False,False,False,False,True,True
2503,False,False,False,False,False,False,False,False
2504,True,False,False,False,False,True,True,True
2505,True,True,True,False,False,False,True,True
2506,True,True,True,True,False,True,True,True
2507,False,False,False,False,False,False,False,True
2508,True,True,True,False,False,True,True,True
2509,True,True,True,False,False,False,False,True
2510,True,True,False,False,False,False,False,False
2511,True,True,True,True,False,False,True,True
2512,True,True,True,False,False,False,False,True
2513,False,False,False,False,False,True,True,True
2514,False,False,False,False,False,True,True,True
2515,True,True,True,False,False,False,False,False
2516,True,True,True,False,False,False,False,True
2517,True,True,True,True,False,False,False,False
2518,True,True,True,False,False,False,False,False
2519,False,False,False,False,False,True,True,True
2520,True,True,True,False,False,False,False,True
2521,False,False,False,False,False,False,False,False
2522,True,True,True,False,False,True,True,True
2523,True,True,False,False,False,True,True,True
2524,False,False,False,False,False,True,True,True
2525,True,True,True,False,False,False,False,True
2526,True,True,False,False,False,True,True,True
2527,True,True,True,False,False,False,False,True
2528,True,True,True,True,False,False,True,True
2529,True,False,False,False,False,True,True,True
2530,True,True,True,True,False,True,True,True
2531,False,False,False,False,False,True,True,True
2532,True,True,True,True,False,False,False,True
2533,True,True,True,False,False,False,False,True
2534,True,False,False,False,False,True,True,True
2535,True,True,True,True,False,False,False,False
2536,False,False,False,False,False,True,False,False
2537,True,True,True,True,False,False,False,False
2538,True,True,True,True,False,True,True,True
2539,False,False,False,False,False,False,False,False
2540,True,False,False,False,False,True,True,True
2541,False,False,False,False,False,True,True,True
2542,True,False,False,False,False,True,True,True
2543,True,True,False,False,False,False,True,True
2544,True,True,True,False,False,False,True,True
2545,True,True,False,False,False,True,True,True
2546,True,False,False,False,False,False,False,False
2547,True,True,False,False,False,True,True,True
2548,False,False,False,False,False,True,True,True
2549,True,False,False,False,False,True,True,True
2550,True,True,True,True,False,False,False,False
2551,False,False,False,False,False,True,False,False
2552,True,True,True,True,True,True,True,True
2553,True,True,False,False,False,True,True,True
2554,True,True,True,False,False,False,False,False
2555,True,True,True,False,False,True,True,True
2556,True,True,True,True,False,True,True,True
2557,True,True,True,True,True,True,True,True
2558,False,False,False,False,False,True,True,True
2559,True,True,True,True,False,False,False,False
2560,True,True,True,True,True,True,True,True
2561,True,True,True,True,False,False,True,True
2562,True,True,True,False,False,True,True,True
2563,True,True,True,False,False,True,True,True
2564,True,True,True,False,False,True,True,True
2565,True,True,True,True,False,False,False,True
2566,True,True,True,True,False,False,True,True
2567,True,True,False,False,False,True,True,True
2568,False,False,False,False,False,False,False,True
2569,False,False,False,False,False,False,False,True
2570,True,False,False,False,False,True,True,True
2571,True,True,True,True,True,True,True,True
2572,False,False,False,False,False,True,True,True
2573,True,False,False,False,False,True,True,True
2574,True,True,False,False,False,True,True,True
2575,True,False,False,False,False,True,True,True
2576,False,False,False,False,False,True,True,True
2577,True,True,True,False,False,True,True,True
2578,True,True,True,True,False,True,True,True
2579,True,True,True,True,False,False,False,True
2580,True,True,False,False,False,True,True,True
2581,True,True,False,False,False,False,False,False
2582,True,True,True,False,False,True,True,True
2583,True,True,True,True,True,True,True,True
2584,True,True,False,False,False,False,True,True
2585,True,True,True,True,False,False,False,True
2586,False,False,False,False,False,False,False,True
2587,True,False,False,False,False,False,False,False
2588,False,False,False,False,False,True,True,True
2589,True,True,False,False,False,False,False,True
2590,True,True,False,False,False,False,False,True
2591,False,False,False,False,False,True,False,True
2592,True,True,False,False,False,True,True,True
2593,False,False,False,False,False,True,True,True
2594,True,True,False,False,False,True,True,True
2595,True,True,False,False,False,False,True,True
2596,False,False,False,False,False,False,True,True
2597,True,True,False,False,False,False,False,False
2598,True,True,True,True,False,False,False,False
2599,True,False,False,False,False,True,True,True
2600,True,True,True,False,False,False,False,False
2601,True,False,False,False,False,False,False,False
2602,True,False,False,False,False,False,False,True
2603,True,True,True,True,False,False,False,False
2604,True,True,False,False,False,True,True,True
2605,True,False,False,False,False,True,True,True
2606,True,True,True,True,False,False,True,True
2607,True,True,True,True,True,True,True,True
2608,False,False,False,False,False,True,True,True
2609,False,False,False,False,False,False,False,False
2610,True,True,False,False,False,False,False,False
2611,True,True,True,True,False,True,True,True
2612,True,True,False,False,False,True,True,True
2613,True,False,False,False,False,True,True,True
2614,False,False,False,False,False,True,True,True
2615,False,False,False,False,False,True,True,True
2616,True,True,True,False,False,False,False,False
2617,False,False,False,False,False,False,False,True
2618,False,False,False,False,False,False,False,False
2619,True,True,True,False,False,False,False,True
2620,True,True,True,True,True,True,True,True
2621,True,True,True,False,False,True,True,True
2622,True,True,True,True,False,False,True,True
2623,True,True,False,False,False,False,False,False
2624,False,False,False,False,False,False,True,True
2625,True,True,True,True,True,True,True,True
2626,False,False,False,False,False,False,False,True
2627,True,True,True,True,True,True,True,True
2628,True,True,True,True,False,False,True,True
2629,False,False,False,False,False,False,False,True
2630,True,False,False,False,False,True,True,True
2631,True,True,False,False,False,False,False,False
2632,True,True,False,False,False,True,True,True
2633,True,True,True,True,False,True,True,True
2634,True,True,False,False,False,False,False,False
2635,True,False,False,False,False,False,False,True
2636,True,True,True,True,False,True,True,True
2637,True,True,True,True,False,False,False,False
2638,False,False,False,False,False,True,True,True
2639,False,False,False,False,False,True,True,True
2640,True,True,True,False,False,True,False,False
2641,True,True,False,False,False,True,True,True
2642,True,True,True,False,False,True,True,True
2643,True,True,True,False,False,True,True,True
2644,False,False,False,False,False,False,False,False
2645,True,True,True,True,False,False,False,False
2646,True,True,False,False,False,False,False,False
2647,True,True,True,False,False,True,True,True
2648,False,False,False,False,False,False,False,False
2649,True,True,True,True,True,True,True,True
2650,True,True,True,True,False,True,True,True
2651,False,False,False,False,False,True,True,True
2652,True,True,True,True,True,True,True,True
2653,True,True,False,False,False,False,False,False
2654,True,True,False,False,False,False,True,True
2655,True,False,False,False,False,True,True,True
2656,True,True,True,True,False,False,False,True
2657,True,True,True,True,True,True,True,True
2658,True,False,False,False,False,False,False,False
2659,True,True,True,True,True,True,True,True
2660,True,True,False,False,False,False,False,False
2661,True,False,False,False,False,False,False,False
2662,True,False,False,False,False,False,False,False
2663,True,True,True,True,True,True,True,True
2664,True,False,False,False,False,True,True,True
2665,False,False,False,False,False,False,False,True
2666,False,False,True,False,False,True,True,True
2667,True,True,True,True,False,False,False,False
2668,True,False,False,False,False,True,True,True
2669,False,False,False,False,False,True,False,True
2670,True,True,True,False,False,True,True,True
2671,True,False,False,False,False,True,True,True
2672,True,True,False,False,False,False,False,False
2673,True,True,True,False,False,False,False,True
2674,True,True,False,False,False,False,False,True
2675,True,True,False,False,False,False,False,True
2676,False,False,False,False,False,False,False,False
2677,True,True,False,False,False,True,True,True
2678,True,True,True,True,True,True,True,True
2679,True,True,True,False,False,False,False,False
2680,True,False,False,False,False,False,True,True
2681,True,False,False,False,False,False,False,True
2682,False,False,False,False,False,False,False,True
2683,False,False,False,False,False,True,True,True
2684,False,False,False,False,False,False,False,True
2685,True,True,True,True,True,True,True,True
2686,True,True,False,False,False,False,False,True
2687,True,True,False,False,False,True,True,True
2688,True,True,True,True,False,False,False,True
2689,True,True,True,True,True,True,True,True
2690,True,False,False,False,False,False,False,True
2691,True,True,True,True,False,False,False,True
2692,False,False,False,False,False,False,True,True
2693,True,True,False,False,False,False,False,False
2694,True,False,False,False,False,False,False,True
2695,True,True,True,False,False,False,False,True
2696,False,False,False,False,False,False,False,True
2697,True,True,False,False,False,True,True,True
2698,False,False,False,False,False,True,True,True
2699,True,True,True,True,False,False,False,True
2700,True,True,True,True,True,True,True,True
2701,True,True,True,True,False,False,True,True
2702,False,False,False,False,False,True,True,True
2703,False,False,False,False,False,True,True,True
2704,False,False,False,False,False,True,True,True
2705,True,True,True,True,False,False,False,False
2706,False,False,False,False,False,True,True,True
2707,True,True,True,True,True,True,True,True
2708,True,True,True,False,False,False,False,True
2709,True,True,False,False,False,False,True,True
2710,True,True,True,True,False,True,True,True
2711,False,False,False,False,False,False,False,True
2712,True,True,False,False,False,False,False,False
2713,True,True,True,False,False,False,False,True
2714,True,True,False,False,False,False,False,False
2715,True,True,True,True,False,False,False,True
2716,True,True,True,True,False,False,True,True
2717,False,False,False,False,False,True,True,True
2718,True,True,True,True,False,False,False,True
2719,True,False,False,False,False,False,False,True
2720,True,True,True,True,False,False,True,True
2721,True,True,True,True,False,False,False,True
2722,True,True,True,True,False,False,False,False
2723,False,False,False,False,False,True,True,True
2724,True,True,False,False,False,False,True,True
2725,True,False,False,False,False,False,False,True
2726,True,True,True,True,False,True,True,True
2727,False,False,False,False,False,False,True,True
2728,True,False,False,False,False,True,True,True
2729,True,True,True,False,False,False,False,False
2730,False,False,False,False,False,False,False,False
2731,True,True,True,True,True,True,True,True
2732,True,True,True,True,False,False,True,True
2733,True,True,True,False,False,False,False,True
2734,True,True,False,False,False,True,True,True
2735,True,True,False,False,False,True,True,True
2736,True,False,False,False,False,False,False,True
2737,True,True,False,False,False,True,True,True
2738,True,False,False,False,False,True,True,True
2739,True,True,False,False,False,True,True,True
2740,True,True,False,False,False,False,False,True
2741,True,True,False,False,False,False,False,True
2742,True,True,True,True,True,True,True,True
2743,True,True,True,False,False,False,True,True
2744,True,True,False,False,False,False,False,False
2745,True,True,True,True,False,False,False,False
2746,True,False,False,False,False,True,False,False
2747,True,True,False,False,False,True,True,True
2748,False,False,False,False,False,False,False,True
2749,True,True,True,True,False,True,True,True
2750,True,False,False,False,False,True,True,True
2751,True,False,False,False,False,True,True,True
2752,True,True,True,True,False,False,True,True
2753,True,True,False,False,False,True,True,True
2754,False,False,False,False,False,False,False,True
2755,False,False,False,False,False,True,False,True
2756,False,False,False,False,False,True,True,True
2757,True,True,False,False,False,False,False,True
2758,True,False,False,False,False,True,True,True
2759,True,False,False,False,False,False,True,True
2760,True,False,False,False,False,False,False,False
2761,True,True,True,True,True,True,True,True
2762,True,True,False,False,False,True,False,True
2763,True,True,False,False,False,True,True,True
2764,False,False,False,False,False,False,False,True
2765,True,True,True,False,False,False,True,True
2766,True,True,False,False,False,True,True,True
2767,True,True,True,True,False,False,False,True
2768,False,False,False,False,False,True,True,True
2769,True,True,True,False,False,True,True,True
2770,True,False,False,False,False,False,False,True
2771,True,True,True,True,True,True,True,True
2772,True,True,True,False,False,False,False,False
2773,True,True,False,False,False,False,False,True
2774,True,True,True,False,False,True,True,True
2775,False,False,False,False,False,True,True,True
2776,True,True,True,True,False,False,True,True
2777,True,True,True,True,False,True,True,True
2778,True,True,False,False,False,True,True,True
2779,True,True,False,False,False,True,True,True
2780,True,True,True,True,False,True,True,True
2781,True,True,True,True,False,False,False,False
2782,True,True,True,True,False,False,False,True
2783,True,True,True,False,False,False,True,True
2784,True,False,False,False,False,False,True,True
2785,True,False,False,False,False,True,True,True
2786,False,False,False,False,False,False,False,False
2787,True,True,True,True,True,True,True,True
2788,True,True,True,False,False,False,True,True
2789,True,True,True,True,False,False,False,True
2790,False,False,False,False,False,True,True,True
2791,True,True,False,False,False,True,True,True
2792,False,False,False,False,False,True,True,True
2793,True,True,True,True,False,False,True,True
2794,True,True,True,False,False,True,True,True
2795,True,False,False,False,False,False,False,True
2796,False,False,False,False,False,False,False,True
2797,True,True,True,True,True,True,True,True
2798,True,True,True,False,False,True,False,False
2799,True,True,False,False,False,False,False,False
2800,True,True,True,False,False,False,False,False
2801,True,False,False,False,False,False,False,False
2802,True,False,False,False,False,False,False,True
2803,True,True,False,False,False,False,True,True
2804,True,True,False,False,False,True,True,True
2805,True,True,True,True,False,False,True,True
2806,True,True,True,True,True,True,True,True
2807,True,True,True,True,False,True,True,True
2808,False,False,False,False,False,True,True,True
2809,True,False,False,False,False,True,True,True
2810,True,True,True,True,False,False,False,True
2811,True,True,True,False,False,True,True,True
2812,True,True,False,False,False,False,False,True
2813,True,True,True,True,False,False,True,True
2814,False,False,False,False,False,True,True,True
2815,True,True,True,False,False,False,True,True
2816,True,True,True,True,False,False,False,True
2817,True,True,True,False,False,True,True,True
2818,False,False,False,False,False,True,True,True
2819,True,False,False,False,False,True,True,True
2820,True,True,False,False,False,False,False,True
2821,True,False,False,False,False,True,True,True
2822,True,True,False,False,False,False,False,False
2823,True,True,True,False,False,False,False,False
2824,True,True,False,False,False,False,False,False
2825,True,True,True,True,False,False,False,True
2826,True,True,True,True,False,False,False,False
2827,True,True,False,False,False,True,True,True
2828,True,False,False,False,False,False,False,False
2829,True,True,False,False,False,True,True,True
2830,False,False,False,False,False,False,False,True
2831,True,True,True,False,False,True,True,True
2832,False,False,False,False,False,True,True,True
2833,True,False,False,False,False,False,True,True
2834,True,True,False,False,False,True,True,True
2835,True,True,True,False,False,True,True,True
2836,True,True,False,False,False,True,True,True
2837,True,True,True,True,False,False,False,False
2838,False,False,False,False,False,False,False,False
2839,True,False,False,False,False,True,False,True
2840,True,True,True,True,True,True,True,True
2841,True,True,True,True,True,True,True,True
2842,False,False,False,False,False,True,False,False
2843,False,False,False,False,False,True,True,True
2844,True,False,True,False,False,True,True,True
2845,True,True,False,False,False,True,True,True
2846,False,False,False,False,False,False,False,True
2847,False,False,False,False,False,False,False,False
2848,False,False,False,False,False,True,True,True
2849,False,False,False,False,False,True,True,True
2850,False,False,False,False,False,False,False,True
2851,False,False,False,False,False,False,False,False
2852,True,True,True,True,False,False,True,True
2853,True,True,True,False,False,False,True,True
2854,False,False,False,False,False,True,True,True
2855,False,False,False,False,False,False,False,True
2856,False,False,False,False,False,False,True,True
2857,True,False,False,False,False,True,True,True
2858,True,True,True,False,False,False,True,True
2859,True,True,True,True,False,False,False,False
2860,True,True,False,False,False,True,True,True
2861,True,True,True,True,True,True,True,True
2862,False,False,False,False,False,False,False,True
2863,True,True,False,False,False,True,True,True
2864,True,True,True,False,False,False,False,False
2865,True,True,True,False,False,True,True,True
2866,False,False,False,False,False,True,True,True
2867,True,True,False,False,False,False,True,True
2868,True,True,True,True,True,True,True,True
2869,True,True,True,True,True,True,True,True
2870,False,False,False,False,False,True,True,True
2871,True,True,True,False,False,False,False,True
2872,False,False,False,False,False,False,True,True
2873,True,True,True,True,False,False,False,True
2874,True,True,True,False,False,True,True,True
2875,False,False,False,False,False,False,False,False
2876,False,False,False,False,False,True,True,True
2877,True,False,False,False,False,True,False,False
2878,True,True,True,False,False,False,False,False
2879,False,False,False,False,False,False,True,True
2880,True,False,False,False,False,False,False,False
2881,True,False,False,False,False,True,True,True
2882,True,False,False,False,False,True,True,True
2883,True,False,False,False,False,False,False,True
2884,True,True,True,False,False,False,True,True
2885,False,False,False,False,False,False,False,False
2886,True,True,True,False,False,False,False,True
2887,True,False,False,False,False,True,True,True
2888,True,True,True,False,False,False,True,True
2889,True,True,False,False,False,True,False,False
2890,True,True,True,True,True,True,True,True
2891,False,False,False,False,False,False,False,False
2892,True,False,False,False,False,True,True,True
2893,True,False,False,False,False,False,True,True
2894,True,True,False,False,False,True,True,True
2895,True,True,True,True,False,True,True,True
2896,True,True,True,True,True,True,True,True
2897,False,False,False,False,False,False,False,False
2898,True,True,True,False,False,False,False,False
2899,True,True,False,False,False,True,True,True
2900,False,False,False,False,False,True,True,True
2901,True,True,False,False,False,True,True,True
2902,True,True,True,True,True,True,True,True
2903,True,True,True,False,False,False,True,True
2904,False,False,False,False,False,False,False,False
2905,True,True,True,True,False,False,False,False
2906,True,False,False,False,False,False,False,True
2907,False,False,False,False,False,False,True,True
2908,False,False,False,False,False,False,False,False
2909,True,True,True,True,False,True,True,True
2910,True,True,False,False,False,True,True,True
2911,True,True,False,False,False,True,True,True
2912,True,False,False,False,False,False,False,False
2913,True,True,True,False,False,False,False,True
2914,True,True,True,False,False,False,False,False
2915,True,True,True,True,False,False,False,True
2916,False,False,False,False,False,False,False,False
2917,True,True,True,False,False,False,False,False
2918,False,False,False,False,False,True,True,True
2919,True,True,True,False,False,False,False,False
2920,False,False,False,False,False,False,False,True
2921,True,True,True,False,False,True,True,True
2922,False,False,False,False,False,True,False,False
2923,True,True,False,False,False,True,True,True
2924,True,True,False,False,False,False,False,False
2925,True,True,True,False,False,False,True,True
2926,True,True,True,True,False,False,False,False
2927,True,True,False,False,False,False,False,True
2928,True,True,False,False,False,False,False,True
2929,True,True,False,False,False,False,False,True
2930,True,True,False,False,False,False,False,False
2931,True,True,True,True,False,True,True,True
2932,False,False,False,False,False,False,True,True
2933,True,True,True,False,False,True,True,True
2934,True,False,False,False,False,True,False,True
2935,True,False,False,False,False,False,False,False
2936,True,False,False,False,False,False,False,False
2937,True,True,True,False,False,False,True,True
2938,True,False,False,False,False,True,True,True
2939,True,True,True,False,False,False,False,True
2940,True,False,False,False,False,False,True,True
2941,False,False,False,False,False,True,True,True
2942,True,False,False,False,False,False,False,False
2943,True,False,False,False,False,True,False,False
2944,True,False,False,False,False,True,True,True
2945,False,False,False,False,False,False,False,False
2946,True,False,False,False,False,True,False,False
2947,False,False,False,False,False,False,False,False
2948,True,False,False,False,False,True,True,True
2949,True,True,False,False,False,False,True,True
2950,True,True,False,False,False,False,False,True
2951,False,False,False,False,False,True,True,True
2952,False,False,False,False,False,True,True,True
2953,False,False,False,False,False,False,False,False
2954,True,True,True,True,False,True,True,True
2955,True,True,False,False,False,True,True,True
2956,True,True,True,False,False,False,False,False
2957,True,False,False,False,False,False,False,False
2958,True,True,True,True,False,False,False,False
2959,False,False,False,False,False,True,True,True
2960,True,True,True,False,False,True,True,True
2961,False,False,False,False,False,False,False,False
2962,False,False,False,False,False,False,False,False
2963,False,False,False,False,False,False,False,False
2964,True,False,False,False,False,True,True,True
2965,True,True,False,False,False,False,False,False
2966,True,False,False,False,False,False,False,True
2967,True,True,False,False,False,True,True,True
2968,True,True,True,True,False,False,True,True
2969,True,False,False,False,False,False,False,False
2970,True,True,True,True,False,False,True,True
2971,True,False,False,False,False,True,True,True
2972,True,False,False,False,False,True,False,True
2973,True,True,False,False,False,False,False,True
2974,False,False,False,False,False,True,True,True
2975,True,False,False,False,False,True,True,True
2976,False,False,False,False,False,False,False,True
2977,True,True,True,False,False,False,False,False
2978,True,False,False,False,False,False,True,True
2979,True,True,False,False,False,True,True,True
2980,True,True,False,False,False,False,False,False
2981,True,False,False,False,False,False,True,True
2982,True,True,True,True,False,False,False,False
2983,True,False,False,False,False,True,True,True
2984,False,False,False,False,False,False,False,False
2985,True,True,True,True,False,True,True,True
2986,True,True,False,False,False,False,False,False
2987,True,True,False,False,False,True,True,True
2988,True,False,False,False,False,False,False,False
2989,True,False,False,False,False,False,False,True
2990,False,False,False,False,False,False,True,True
2991,True,True,True,False,False,True,True,True
2992,True,True,True,False,False,False,False,True
2993,True,True,True,False,False,False,True,True
2994,True,False,False,False,False,False,False,False
2995,True,True,False,False,False,True,True,True
2996,True,True,False,False,False,False,True,True
2997,True,True,False,False,False,True,True,True
2998,True,True,True,True,False,False,True,True
2999,False,False,False,False,False,True,True,True
3000,True,True,False,False,False,True,True,True
3001,True,True,False,False,False,True,True,True
3002,True,True,True,False,False,False,False,True
3003,True,True,True,True,True,True,True,True
3004,True,True,False,False,False,False,True,True
3005,True,True,True,False,False,False,False,False
3006,True,True,True,False,False,False,False,False
3007,True,True,True,True,False,False,False,False
3008,True,True,False,False,False,False,True,True
3009,True,False,False,False,False,False,False,True
3010,True,False,False,False,False,True,True,True
3011,True,True,False,False,False,False,False,False
3012,True,True,True,True,False,False,False,False
3013,True,True,False,False,False,False,False,True
3014,True,True,True,False,False,False,False,True
3015,True,True,True,True,False,False,False,True
3016,False,False,False,False,False,True,True,True
3017,True,True,False,False,False,True,True,True
3018,False,False,False,False,False,True,True,True
3019,True,True,False,False,False,False,False,False
3020,True,True,True,False,False,False,False,False
3021,False,False,False,False,False,True,True,True
3022,False,False,False,False,False,True,False,True
3023,True,True,True,False,False,False,False,False
3024,True,True,False,False,False,True,True,True
3025,False,False,False,False,False,False,False,False
3026,True,False,False,False,False,False,False,False
3027,True,False,False,False,False,False,True,True
3028,True,True,False,False,False,True,True,True
3029,True,True,False,False,False,True,True,True
3030,True,True,False,False,False,False,False,False
3031,True,False,False,False,False,True,False,True
3032,True,True,True,False,False,False,False,True
3033,True,True,True,False,False,False,True,True
3034,True,True,False,False,False,False,False,True
3035,True,False,False,False,False,False,True,True
3036,False,False,False,False,False,False,False,True
3037,True,True,True,True,True,True,True,True
3038,True,True,True,False,False,False,True,True
3039,False,False,False,False,False,False,False,True
3040,False,False,False,False,False,False,False,True
3041,True,True,False,False,False,False,False,True
3042,False,False,False,False,False,True,True,True
3043,True,True,False,False,False,False,False,False
3044,True,True,True,False,False,False,False,True
3045,True,True,True,True,False,False,True,True
3046,False,False,False,False,False,False,False,True
3047,False,False,False,False,False,False,False,False
3048,True,False,False,False,False,True,False,False
3049,True,True,True,True,False,False,False,True
3050,False,False,False,False,False,False,False,False
3051,True,True,True,True,False,False,True,True
3052,True,True,True,True,False,False,False,False
3053,True,True,False,False,False,False,False,False
3054,True,False,False,False,False,True,True,True
3055,True,False,False,False,False,False,False,False
3056,True,True,True,False,False,False,False,False
3057,True,True,True,False,False,False,True,True
3058,True,False,False,False,False,False,True,True
3059,True,True,True,False,False,True,True,True
3060,True,True,True,True,True,True,True,True
3061,True,False,False,False,False,True,True,True
3062,True,True,True,False,False,False,False,True
3063,False,False,False,False,False,True,True,True
3064,True,True,False,False,False,True,False,False
3065,False,False,False,False,False,False,False,True
3066,True,False,False,False,False,False,False,True
3067,False,False,False,False,False,False,False,False
3068,True,True,True,False,False,True,True,True
3069,True,True,False,False,False,False,False,True
3070,True,False,False,False,False,False,False,False
3071,True,True,True,True,True,True,True,True
3072,True,True,True,True,False,False,False,True
3073,True,False,False,False,False,False,False,True
3074,True,True,True,True,False,False,True,True
3075,False,False,False,False,False,False,True,True
3076,True,False,False,False,False,True,True,True
3077,True,True,False,False,False,True,True,True
3078,True,True,False,False,False,False,True,True
3079,True,True,False,False,False,False,False,False
3080,True,True,True,True,False,False,True,True
3081,False,False,False,False,False,False,True,True
3082,True,True,False,False,False,False,True,True
3083,False,False,False,False,False,False,False,True
3084,True,True,True,True,True,True,True,True
3085,True,True,True,True,False,False,True,True
3086,True,True,True,False,False,False,False,True
3087,False,False,False,False,False,False,True,True
3088,True,False,False,False,False,False,False,False
3089,False,False,False,False,False,True,True,True
3090,True,True,True,False,False,True,True,True
3091,True,False,False,False,False,True,False,False
3092,True,True,True,True,False,False,False,False
3093,True,False,False,False,False,True,True,True
3094,False,False,False,False,False,True,False,True
3095,True,True,True,False,False,True,True,True
3096,True,True,True,False,False,False,False,False
3097,True,True,True,True,True,True,True,True
3098,True,False,False,False,False,False,True,True
3099,True,True,True,True,False,True,True,True
3100,False,False,False,False,False,False,False,False
3101,True,True,True,False,False,False,False,False
3102,True,True,True,True,True,True,True,True
3103,True,True,False,False,False,False,False,False
3104,True,False,False,False,False,True,False,False
3105,False,False,False,False,False,True,True,True
3106,True,True,False,False,False,True,True,True
3107,True,True,True,True,False,True,True,True
3108,False,False,False,False,False,False,False,False
3109,True,False,False,False,False,True,True,True
3110,True,True,True,True,False,False,False,False
3111,True,True,False,False,False,False,False,False
3112,False,False,False,False,False,True,True,True
3113,True,True,False,False,False,True,True,True
3114,True,False,False,False,False,True,True,True
3115,True,True,True,False,False,False,True,True
3116,True,False,False,False,False,False,False,False
3117,True,True,True,True,False,False,True,True
3118,True,False,False,False,False,True,True,True
3119,True,False,False,False,False,False,False,False
3120,True,True,True,True,False,False,True,True
3121,True,False,False,False,False,True,True,True
3122,False,False,False,False,False,True,True,True
3123,False,False,False,False,False,False,True,True
3124,True,False,False,False,False,True,True,True
3125,False,False,False,False,False,True,True,True
3126,True,True,True,True,False,False,False,True
3127,True,True,False,False,False,True,True,True
3128,False,False,False,False,False,True,True,True
3129,False,False,False,False,False,True,True,True
3130,True,True,True,True,False,False,False,True
3131,True,False,False,False,False,True,True,True
3132,True,False,False,False,False,False,True,True
3133,False,False,False,False,False,True,True,True
3134,True,False,False,False,False,False,False,False
3135,True,True,True,False,False,False,False,True
3136,False,False,False,False,False,True,True,True
3137,False,False,False,False,False,True,True,True
3138,True,False,False,False,False,False,False,False
3139,False,False,False,False,False,True,True,True
3140,True,False,False,False,False,True,True,True
3141,True,True,False,False,False,False,False,False
3142,False,False,False,False,False,False,False,True
3143,True,True,False,False,False,True,True,True
3144,True,True,True,False,False,False,True,True
3145,True,True,True,False,False,False,False,True
3146,False,False,False,False,False,True,True,True
3147,True,True,False,False,False,False,False,True
3148,True,True,True,False,False,False,True,True
3149,False,False,False,False,False,False,False,True
3150,True,True,True,False,False,True,True,True
3151,True,True,False,False,False,True,True,True
3152,True,False,False,False,False,False,False,True
3153,False,False,False,False,False,True,True,True
3154,True,False,False,False,False,True,True,True
3155,True,True,False,False,False,False,False,True
3156,False,False,False,False,False,True,True,True
3157,True,True,True,False,False,True,True,True
3158,False,False,False,False,False,True,True,True
3159,True,True,True,True,True,True,True,True
3160,True,True,False,False,False,True,True,True
3161,True,True,False,False,False,False,False,False
3162,True,True,True,True,False,False,False,True
3163,True,True,False,False,False,True,True,True
3164,True,True,False,False,False,True,False,True
3165,True,True,True,True,False,False,True,True
3166,True,True,True,True,False,False,True,True
3167,True,False,False,False,False,True,True,True
3168,True,True,True,False,False,False,True,True
3169,True,True,True,True,True,True,True,True
3170,True,True,True,True,True,True,True,True
3171,True,True,True,True,True,True,True,True
3172,True,True,True,True,True,True,True,True
3173,True,False,False,False,False,False,False,True
3174,True,True,False,False,False,True,True,True
3175,False,False,False,False,False,False,False,False
3176,True,False,False,False,False,False,False,False
3177,True,False,False,False,False,False,True,True
3178,True,False,False,False,False,True,True,True
3179,True,True,True,False,False,False,False,False
3180,True,True,True,True,False,False,True,True
3181,False,False,False,False,False,False,False,True
3182,True,True,True,True,False,False,False,False
3183,True,True,False,False,False,True,True,True
3184,True,True,True,True,False,False,True,True
3185,False,False,False,False,False,False,True,True
3186,True,True,True,False,False,False,True,True
3187,True,True,True,True,False,False,False,False
3188,True,True,True,False,False,False,False,False
3189,True,False,False,False,False,True,True,True
3190,True,True,True,False,False,True,True,True
3191,False,False,False,False,False,False,False,True
3192,True,False,False,False,False,False,True,True
3193,True,False,False,False,False,False,False,False
3194,True,False,False,False,False,False,False,True
3195,True,False,False,False,False,True,False,True
3196,True,True,True,True,True,True,True,True
3197,True,True,False,False,False,True,True,True
3198,True,False,False,False,False,True,True,True
3199,False,False,False,False,False,False,False,True
3200,True,True,True,True,False,False,False,False
3201,True,True,True,True,True,True,True,True
3202,True,True,True,False,False,False,False,False
3203,True,False,False,False,False,False,False,False
3204,True,True,True,True,True,True,True,True
3205,True,False,False,False,False,False,False,True
3206,True,True,False,False,False,False,False,False
3207,True,True,False,False,False,False,False,False
3208,True,True,False,False,False,False,False,False
3209,True,True,False,False,False,False,False,False
3210,True,True,True,True,False,False,False,False
3211,False,False,False,False,False,False,False,True
3212,True,False,False,False,False,True,False,True
3213,True,True,False,False,False,False,False,False
3214,True,False,False,False,False,True,True,True
3215,True,True,True,False,False,False,False,True
3216,False,False,False,False,False,False,True,True
3217,True,True,True,True,False,False,False,False
3218,True,True,False,False,False,True,True,True
3219,True,True,True,True,False,False,False,True
3220,True,True,True,False,False,False,False,False
3221,True,True,True,True,False,False,False,False
3222,True,True,True,True,True,True,True,True
3223,False,False,False,False,False,True,True,True
3224,True,True,False,False,False,True,True,True
3225,False,False,False,False,False,False,False,True
3226,True,True,True,True,False,False,False,True
3227,True,True,True,True,False,False,True,True
3228,True,True,True,True,True,True,True,True
3229,False,False,False,False,False,False,False,False
3230,True,True,False,False,False,False,False,True
3231,True,True,True,False,False,True,True,True
3232,True,True,True,False,False,False,False,True
3233,True,False,False,False,False,False,True,True
3234,False,False,False,False,False,False,False,False
3235,True,True,True,False,False,False,False,True
3236,True,True,True,True,True,True,True,True
3237,True,True,True,True,False,False,True,True
3238,True,True,False,False,False,False,False,False
3239,False,False,False,False,False,False,False,False
3240,True,True,True,True,True,True,True,True
3241,True,True,False,False,False,False,True,True
3242,True,True,True,True,False,True,True,True
3243,True,True,True,False,False,False,False,False
3244,True,True,True,True,False,False,False,False
3245,True,True,True,True,False,False,True,True
3246,True,True,False,False,False,True,True,True
3247,True,True,False,False,False,True,True,True
3248,True,False,False,False,False,True,True,True
3249,False,False,False,False,False,True,True,True
3250,True,False,False,False,False,True,True,True
3251,True,True,True,True,True,True,True,True
3252,True,True,False,False,False,True,True,True
3253,True,False,False,False,False,False,False,True
3254,True,True,False,False,False,True,True,True
3255,True,True,True,False,False,False,False,False
3256,False,False,False,False,False,False,False,False
3257,True,False,False,False,False,True,True,True
3258,True,True,True,True,False,False,False,True
3259,True,True,False,False,False,False,False,False
3260,True,True,True,True,False,False,False,True
3261,True,False,False,False,False,True,True,True
3262,True,False,False,False,False,False,False,True
3263,False,False,False,False,False,False,False,False
3264,True,False,False,False,False,True,True,True
3265,False,False,False,False,False,False,False,False
3266,True,True,True,False,False,False,False,False
3267,True,False,False,False,False,True,True,True
3268,True,False,False,False,False,True,True,True
3269,True,False,False,False,False,True,True,True
3270,False,False,False,False,False,True,True,True
3271,True,True,True,True,False,True,True,True
3272,False,False,False,False,False,False,False,True
3273,True,True,True,False,False,False,True,True
3274,True,True,True,True,True,True,True,True
3275,True,True,False,False,False,False,False,False
3276,True,False,False,False,False,True,False,True
3277,True,True,False,False,False,True,True,True
3278,True,True,True,False,False,False,False,True
3279,True,True,False,False,False,False,False,False
3280,True,True,True,False,False,True,True,True
3281,True,True,True,False,False,False,True,True
3282,False,False,False,False,False,False,False,True
3283,True,True,True,True,False,False,False,False
3284,False,False,False,False,False,False,False,True
3285,True,True,True,True,True,True,True,True
3286,True,True,False,False,False,False,False,False
3287,True,True,True,True,False,False,False,True
3288,True,True,True,True,False,False,True,True
3289,True,True,True,True,False,True,True,True
3290,True,False,False,False,False,True,True,True
3291,False,False,False,False,False,True,True,True
3292,True,True,True,False,False,True,True,True
3293,True,True,False,False,False,True,True,True
3294,False,False,False,False,False,False,False,False
3295,True,False,False,False,False,True,True,True
3296,False,False,False,False,False,True,True,True
3297,True,True,False,False,False,True,True,True
3298,True,True,False,False,False,True,True,True
3299,True,True,True,True,False,True,True,True
3300,True,True,True,False,False,True,True,True
3301,True,False,False,False,False,False,False,True
3302,True,True,True,True,False,False,True,True
3303,False,False,False,False,False,False,False,False
3304,True,True,False,False,False,False,False,True
3305,True,True,True,False,False,False,False,False
3306,True,True,True,True,True,True,True,True
3307,False,False,False,False,False,False,False,True
3308,True,True,False,False,False,True,True,True
3309,True,True,True,False,False,False,False,False
3310,True,True,True,False,False,False,False,False
3311,False,False,True,False,False,False,False,False
3312,True,False,False,False,False,True,True,True
3313,False,False,False,False,False,True,True,True
3314,True,True,False,False,False,True,True,True
3315,True,True,True,True,False,False,False,True
3316,True,True,False,False,False,False,False,False
3317,True,False,False,False,False,False,False,True
3318,False,False,False,False,False,False,False,False
3319,True,False,False,False,False,True,True,True
3320,True,True,True,False,False,True,True,True
3321,True,False,False,False,False,True,True,True
3322,True,True,True,True,True,True,True,True
3323,False,False,False,False,False,False,False,True
3324,True,True,True,True,False,True,True,True
3325,True,True,True,True,True,True,True,True
3326,True,True,True,False,False,True,True,True
3327,True,False,False,False,False,True,True,True
3328,True,True,True,False,False,False,False,False
3329,True,False,False,False,False,True,True,True
3330,True,True,False,False,False,True,True,True
3331,False,False,False,False,False,True,True,True
3332,True,True,True,True,False,False,False,True
3333,True,True,False,False,False,True,True,True
3334,True,False,False,False,False,False,False,False
3335,False,False,False,False,False,False,False,False
3336,False,False,False,False,False,True,True,True
3337,True,True,True,False,False,False,False,True
3338,True,True,False,False,False,True,True,True
3339,True,True,True,False,False,False,False,False
3340,True,True,True,True,False,False,True,True
3341,False,False,False,False,False,False,False,True
3342,True,True,True,False,False,True,True,True
3343,True,False,False,False,False,False,False,True
3344,True,False,False,False,False,True,True,True
3345,True,False,False,False,False,False,True,True
3346,False,False,False,False,False,True,True,True
3347,True,True,False,False,False,False,False,True
3348,True,True,True,True,False,False,False,True
3349,False,False,False,False,False,False,False,True
3350,True,False,False,False,False,True,True,True
3351,False,False,False,False,False,True,True,True
3352,True,True,True,False,False,False,True,True
3353,False,False,False,False,False,False,False,False
3354,True,True,True,True,False,True,True,True
3355,True,True,False,False,False,False,False,True
3356,False,False,False,False,False,True,True,True
3357,False,False,False,False,False,True,True,True
3358,True,True,False,False,False,False,False,False
3359,False,False,False,False,False,True,False,False
3360,True,True,True,True,True,True,True,True
3361,True,True,True,False,False,False,True,True
3362,True,True,True,False,False,False,False,False
3363,True,True,True,True,False,True,True,True
3364,False,False,False,False,False,True,True,True
3365,True,True,True,False,False,False,False,False
3366,True,True,True,False,False,True,True,True
3367,True,True,True,True,False,False,False,True
3368,True,True,True,False,False,False,False,True
3369,True,True,True,False,False,False,False,True
3370,False,False,False,False,False,True,True,True
3371,True,True,True,True,False,False,False,True
3372,True,True,True,False,False,True,True,True
3373,True,False,False,False,False,True,True,True
3374,True,True,False,False,False,True,True,True
3375,True,True,True,False,False,False,True,True
3376,True,True,True,True,True,True,True,True
3377,True,True,False,False,False,True,True,True
3378,True,True,True,True,True,True,True,True
3379,True,True,False,False,False,False,True,True
3380,False,False,False,False,False,True,True,True
3381,False,False,False,False,False,False,False,False
3382,True,True,True,False,False,False,False,True
3383,True,True,True,False,False,False,False,False
3384,True,True,True,False,False,True,True,True
3385,False,False,False,False,False,False,True,True
3386,True,True,True,True,True,True,True,True
3387,False,False,False,False,False,True,True,True
3388,False,False,False,False,False,False,True,True
3389,True,True,True,False,False,False,True,True
3390,False,False,False,False,False,True,True,True
3391,True,True,True,True,True,True,True,True
3392,False,False,False,False,False,False,False,True
3393,True,False,False,False,False,False,False,True
3394,True,True,True,True,False,False,False,True
3395,True,True,True,True,True,True,True,True
3396,True,False,False,False,False,True,True,True
3397,False,False,False,False,False,True,True,True
3398,False,False,False,False,False,True,True,True
3399,False,False,False,False,False,True,True,True
3400,True,False,False,False,False,True,True,True
3401,False,False,False,False,False,False,False,True
3402,False,False,False,False,False,False,False,False
3403,True,False,False,False,False,False,False,True
3404,False,False,False,False,False,True,True,True
3405,True,True,True,True,False,False,False,False
3406,True,False,False,False,False,True,True,True
3407,False,False,False,False,False,True,True,True
3408,True,True,True,True,True,True,True,True
3409,True,True,False,False,False,False,False,False
3410,True,True,False,False,False,False,False,False
3411,False,False,False,False,False,True,True,True
3412,True,True,True,True,True,True,True,True
3413,True,False,False,False,False,False,True,True
3414,True,True,True,False,False,False,True,True
3415,True,True,True,True,False,False,True,True
3416,False,False,False,False,False,False,False,False
3417,True,True,False,False,False,True,True,True
3418,True,False,False,False,False,True,True,True
3419,False,False,False,False,False,True,True,True
3420,True,True,False,False,False,True,False,False
3421,True,True,False,False,False,True,True,True
3422,False,False,False,False,False,True,True,True
3423,True,True,False,False,False,False,False,True
3424,True,True,False,False,False,True,True,True
3425,True,True,True,False,False,False,False,False
3426,True,True,True,True,False,False,False,True
3427,True,True,False,False,False,False,False,True
3428,True,True,True,False,False,True,True,True
3429,True,True,True,True,True,True,True,True
3430,False,False,False,False,False,False,False,True
3431,False,False,False,False,False,False,False,True
3432,True,True,False,False,False,True,True,True
3433,True,False,False,False,False,False,False,False
3434,True,True,False,False,False,False,False,True
3435,True,True,True,True,True,True,True,True
3436,True,True,True,True,True,True,True,True
3437,False,False,False,False,False,False,True,True
3438,True,True,True,False,False,False,False,True
3439,True,True,False,False,False,False,False,False
3440,True,True,False,False,False,False,False,False
3441,False,False,False,False,False,False,False,False
3442,True,False,False,False,False,True,True,True
3443,True,False,False,False,False,True,True,True
3444,True,False,False,False,False,True,True,True
3445,False,False,False,False,False,False,False,True
3446,True,False,False,False,False,True,True,True
3447,True,False,False,False,False,False,False,False
3448,True,True,True,True,False,False,False,True
3449,True,True,True,True,False,False,True,True
3450,True,True,True,True,True,True,True,True
3451,False,False,False,False,False,False,False,True
3452,True,True,True,True,True,True,True,True
3453,True,True,True,True,True,True,True,True
3454,False,False,False,False,False,True,True,True
3455,True,False,False,False,False,False,True,True
3456,False,False,False,False,False,True,True,True
3457,True,False,False,False,False,False,False,False
3458,True,False,False,False,False,True,True,True
3459,True,True,True,True,False,False,False,False
3460,True,False,False,False,False,False,False,False
3461,False,False,False,False,False,True,True,True
3462,True,False,False,False,False,False,True,True
3463,True,True,False,False,False,True,True,True
3464,True,True,True,False,False,True,True,True
3465,True,True,True,False,False,False,True,True
3466,True,False,False,False,False,False,False,False
3467,True,True,True,True,True,True,True,True
3468,True,True,True,True,False,False,True,True
3469,False,False,False,False,False,True,False,True
3470,True,True,True,True,True,True,True,True
3471,True,False,False,False,False,True,True,True
3472,True,True,False,False,False,False,False,False
3473,True,True,True,False,False,False,False,False
3474,True,True,False,False,False,False,False,False
3475,True,True,False,False,False,False,False,True
3476,True,True,True,True,True,True,True,True
3477,True,True,True,False,False,False,False,False
3478,True,True,True,True,True,True,True,True
3479,True,True,False,False,False,False,False,False
3480,True,True,True,True,True,True,True,True
3481,False,False,False,False,False,True,False,True
3482,True,True,True,True,False,False,False,False
3483,False,False,False,False,False,True,True,True
3484,True,False,False,False,False,True,True,True
3485,True,True,False,False,False,False,False,False
3486,True,True,False,False,False,False,False,False
3487,False,False,False,False,False,False,False,False
3488,True,True,False,False,False,False,False,False
3489,False,False,False,False,False,True,True,True
3490,True,True,True,True,True,True,True,True
3491,True,True,True,False,False,False,False,False
3492,False,False,False,False,False,False,True,True
3493,True,False,False,False,False,True,True,True
3494,True,True,False,False,False,True,True,True
3495,True,True,False,False,False,False,False,False
3496,True,True,False,False,False,True,True,True
3497,False,False,False,False,False,False,True,True
3498,True,True,False,False,False,False,False,False
3499,True,False,False,False,False,False,False,True
3500,True,True,False,False,False,True,True,True
3501,True,True,True,False,False,False,True,True
3502,True,False,False,False,False,False,False,False
3503,True,False,False,False,False,True,True,True
3504,True,True,True,False,False,True,True,True
3505,True,True,True,True,False,False,True,True
3506,True,False,False,False,False,False,False,False
3507,True,True,False,False,False,False,False,False
3508,True,True,True,True,True,True,True,True
3509,False,False,False,False,False,False,False,True
3510,True,True,False,False,False,False,False,False
3511,True,True,True,True,True,True,True,True
3512,False,False,False,False,False,True,False,True
3513,True,True,False,False,False,False,False,True
3514,True,True,True,True,True,True,True,True
3515,False,False,False,False,False,False,False,False
3516,True,True,True,True,True,True,True,True
3517,True,True,True,True,False,False,False,False
3518,True,False,False,False,False,False,True,True
3519,True,True,True,True,False,False,True,True
3520,True,True,True,True,False,False,True,True
3521,True,False,False,False,False,False,False,False
3522,True,True,True,True,False,False,False,False
3523,False,False,False,False,False,False,True,True
3524,True,True,True,False,False,True,True,True
3525,False,False,False,False,False,False,False,True
3526,True,True,True,False,False,False,False,False
3527,True,True,True,True,False,False,False,True
3528,False,False,False,False,False,False,False,False
3529,True,True,True,False,False,True,True,True
3530,False,False,False,False,False,True,True,True
3531,True,False,False,False,False,False,False,False
3532,True,True,True,True,True,True,True,True
3533,True,True,True,True,False,False,False,True
3534,False,False,False,False,False,True,True,True
3535,True,False,False,False,False,False,True,True
3536,True,True,True,True,False,False,False,False
3537,True,True,True,False,False,True,True,True
3538,True,False,False,False,False,True,True,True
3539,False,False,False,False,False,False,False,False
3540,True,True,False,False,False,False,True,True
3541,True,True,True,False,False,False,False,False
3542,True,False,False,False,False,True,True,True
3543,False,False,False,False,False,False,False,False
3544,True,True,True,False,False,False,False,False
3545,False,False,False,False,False,True,False,True
3546,False,False,False,False,False,True,True,True
3547,True,True,True,True,False,False,False,True
3548,False,False,False,False,False,True,True,True
3549,True,False,False,False,False,False,False,False
3550,True,False,False,False,False,False,False,False
3551,False,False,False,False,False,False,False,False
3552,True,True,False,False,False,False,False,False
3553,False,False,False,False,False,True,True,True
3554,True,False,False,False,False,False,False,True
3555,True,False,False,False,False,False,False,False
3556,False,False,False,False,False,False,True,True
3557,True,True,True,True,True,True,True,True
3558,True,True,False,False,False,False,False,False
3559,True,True,True,True,True,True,True,True
3560,True,True,True,False,False,False,False,False
3561,True,False,False,False,False,False,False,True
3562,True,True,False,False,False,False,False,False
3563,False,False,False,False,False,False,False,True
3564,True,True,True,False,False,False,True,True
3565,True,True,False,False,False,True,True,True
3566,True,False,False,False,False,True,True,True
3567,True,True,True,True,False,True,True,True
3568,True,True,False,False,False,True,True,True
3569,True,True,True,True,True,True,True,True
3570,False,False,False,False,False,True,False,False
3571,True,False,False,False,False,True,True,True
3572,False,False,False,False,False,False,True,True
3573,True,False,False,False,False,True,True,True
3574,True,True,True,True,True,True,True,True
3575,True,True,False,False,False,True,True,True
3576,True,False,False,False,False,False,False,False
3577,True,True,False,False,False,True,True,True
3578,False,False,False,False,False,False,True,True
3579,True,False,False,False,False,False,False,False
3580,True,True,True,True,True,True,True,True
3581,True,True,False,False,False,True,True,True
3582,True,True,True,False,False,False,False,False
3583,False,False,False,False,False,True,True,True
3584,True,True,True,True,False,False,False,False
3585,True,True,False,False,False,False,False,True
3586,False,False,False,False,False,False,False,True
3587,True,True,False,False,False,False,False,False
3588,True,False,False,False,False,True,True,True
3589,True,False,False,False,False,False,False,False
3590,True,False,False,False,False,False,False,False
3591,True,True,True,True,True,True,True,True
3592,True,False,False,False,False,True,True,True
3593,True,True,True,True,False,False,False,True
3594,False,False,False,False,False,True,False,False
3595,True,True,False,False,False,False,False,False
3596,True,False,False,False,False,True,True,True
3597,True,True,False,False,False,False,False,False
3598,True,False,False,False,False,True,True,True
3599,True,True,True,False,False,True,True,True
3600,True,True,False,False,False,False,True,True
3601,True,False,False,False,False,False,False,False
3602,False,False,False,False,False,False,True,True
3603,False,False,False,False,False,False,True,True
3604,True,True,True,True,False,True,True,True
3605,True,False,False,False,False,True,False,False
3606,True,True,True,True,False,False,False,False
3607,True,False,False,False,False,False,False,False
3608,False,False,False,False,False,True,True,True
3609,True,True,True,True,False,False,False,False
3610,True,True,False,False,False,False,False,False
3611,True,True,False,False,False,True,True,True
3612,True,True,False,False,False,False,False,True
3613,True,True,True,False,False,False,False,True
3614,True,False,False,False,False,False,False,False
3615,False,False,False,False,False,True,True,True
3616,True,True,False,False,False,False,False,True
3617,True,True,True,False,False,False,False,False
3618,False,False,False,False,False,False,False,True
3619,True,True,True,True,True,True,True,True
3620,False,False,False,False,False,True,True,True
3621,True,False,False,False,False,False,False,True
3622,True,True,True,True,False,True,True,True
3623,True,True,True,True,False,False,False,False
3624,True,True,True,True,False,True,True,True
3625,True,True,True,True,False,False,False,True
3626,True,True,False,False,False,False,False,False
3627,True,True,False,False,False,False,False,True
3628,True,True,True,False,False,True,True,True
3629,True,True,False,False,False,True,True,True
3630,True,True,True,True,False,False,True,True
3631,True,True,False,False,False,False,True,True
3632,True,True,True,False,False,False,False,True
3633,True,False,False,False,False,True,True,True
3634,True,True,True,True,True,True,True,True
3635,False,True,False,False,False,False,False,False
3636,False,False,False,False,False,False,False,True
3637,True,True,True,False,False,False,False,False
3638,True,False,False,False,False,False,False,False
3639,False,False,False,False,False,False,False,True
3640,True,True,True,True,False,False,False,True
3641,True,True,False,False,False,True,True,True
3642,True,False,False,False,False,True,True,True
3643,True,False,False,False,False,False,False,False
3644,True,True,False,False,False,False,False,False
3645,False,False,False,False,False,True,False,False
3646,True,False,False,False,False,False,False,False
3647,False,False,False,False,False,True,True,True
3648,False,False,False,False,False,False,False,True
3649,False,False,False,False,False,True,True,True
3650,True,True,False,False,False,True,True,True
3651,True,True,True,True,False,False,False,True
3652,True,True,True,True,False,False,False,True
3653,False,True,False,False,False,False,False,False
3654,False,False,False,False,False,False,False,False
3655,True,False,False,False,False,True,True,True
3656,True,False,False,False,False,True,True,True
3657,True,False,False,False,False,False,True,True
3658,False,False,False,False,False,False,False,False
3659,True,False,False,False,False,True,True,True
3660,True,True,True,True,True,True,True,True
3661,True,True,True,True,False,False,True,True
3662,True,True,True,True,False,False,False,False
3663,True,True,True,False,False,False,False,True
3664,True,True,True,False,False,False,False,True
3665,True,False,False,False,False,False,False,False
3666,True,True,False,False,False,False,True,True
3667,True,False,False,False,False,False,False,False
3668,True,False,False,False,False,True,True,True
3669,False,False,False,False,False,True,True,True
3670,True,True,True,False,False,True,True,True
3671,False,False,False,False,False,True,False,False
3672,True,True,False,False,False,True,True,True
3673,True,True,True,True,False,False,False,True
3674,True,True,False,False,False,False,True,True
3675,True,True,True,True,False,False,False,True
3676,True,True,True,False,False,True,True,True
3677,True,True,True,False,False,False,False,False
3678,True,False,False,False,False,False,False,True
3679,True,True,True,False,False,True,True,True
3680,True,True,False,False,False,False,False,True
3681,False,False,False,False,False,False,False,True
3682,False,False,False,False,False,True,True,True
3683,True,True,True,True,False,False,False,False
3684,True,False,False,False,False,True,True,True
3685,True,True,True,True,True,True,True,True
3686,True,True,False,False,False,True,True,True
3687,True,False,False,False,False,True,False,True
3688,False,False,False,False,False,True,True,True
3689,True,True,False,False,False,True,True,True
3690,True,False,False,False,False,True,True,True
3691,False,False,False,False,False,False,False,False
3692,True,True,True,False,False,False,True,True
3693,True,False,False,False,False,True,True,True
3694,True,True,True,False,False,False,True,True
3695,True,True,True,True,False,False,True,True
3696,True,True,True,True,True,True,True,True
3697,True,False,False,False,False,True,False,True
3698,True,False,False,False,False,True,True,True
3699,True,False,False,False,False,False,True,True
3700,False,False,False,False,False,True,True,True
3701,False,False,False,False,False,True,True,True
3702,False,False,False,False,False,True,True,True
3703,True,False,False,False,False,False,True,True
3704,True,False,False,False,False,True,True,True
3705,False,False,True,False,False,True,True,True
3706,True,True,True,False,False,False,True,True
3707,True,True,True,True,False,False,False,True
3708,True,False,False,False,False,False,False,True
3709,False,False,False,False,False,False,False,False
3710,True,True,True,False,False,False,False,False
3711,False,False,False,False,False,True,True,True
3712,True,False,False,False,False,False,True,True
3713,True,True,True,True,False,False,True,True
3714,False,False,False,False,False,False,False,False
3715,True,True,True,False,False,False,False,False
3716,True,True,True,False,False,False,False,False
3717,False,False,False,False,False,False,False,False
3718,True,False,False,False,False,True,True,True
3719,True,True,True,False,False,True,True,True
3720,False,False,False,False,False,True,True,True
3721,True,True,True,True,True,True,True,True
3722,True,False,False,False,False,True,True,True
3723,True,True,False,False,False,False,False,True
3724,True,True,True,False,False,False,False,False
3725,True,False,False,False,False,False,True,True
3726,True,True,True,True,False,True,True,True
3727,False,False,False,False,False,False,False,True
3728,True,True,False,False,False,False,False,True
3729,True,True,True,False,False,False,True,True
3730,True,False,False,False,False,False,True,True
3731,True,False,False,False,False,True,True,True
3732,True,True,True,True,False,False,False,False
3733,True,True,True,True,True,True,True,True
3734,True,True,True,False,False,False,False,False
3735,True,True,True,False,False,False,False,False
3736,True,True,True,False,False,False,False,True
3737,False,False,False,False,False,False,False,False
3738,True,False,False,False,False,True,True,True
3739,True,True,True,False,False,False,True,True
3740,False,False,False,False,False,True,True,True
3741,True,True,False,False,False,True,True,True
3742,True,True,True,False,False,False,False,False
3743,True,False,False,False,False,True,True,True
3744,True,False,False,False,False,False,True,True
3745,True,True,False,False,False,False,True,True
3746,False,False,False,False,False,True,True,True
3747,True,True,True,True,False,False,True,True
3748,True,True,True,False,False,False,False,False
3749,True,True,True,False,False,True,True,True
3750,True,True,True,True,True,True,True,True
3751,True,False,False,False,False,True,True,True
3752,True,True,True,True,False,False,True,True
3753,True,False,False,False,False,False,True,True
3754,True,True,True,True,True,True,True,True
3755,True,False,False,False,False,False,False,True
3756,True,True,True,True,True,True,True,True
3757,True,False,False,False,False,True,True,True
3758,True,True,True,True,False,False,False,False
3759,True,True,True,True,False,True,True,True
3760,False,False,False,False,False,True,True,True
3761,True,True,False,False,False,True,True,True
3762,True,True,True,True,False,False,False,False
3763,True,False,False,False,False,False,True,True
3764,True,True,True,False,False,False,True,True
3765,True,True,False,False,False,False,False,True
3766,True,True,False,False,False,True,True,True
3767,True,True,True,False,False,False,False,False
3768,False,False,False,False,False,True,True,True
3769,True,True,True,False,False,False,False,False
3770,True,True,True,True,True,True,True,True
3771,True,True,True,True,False,False,True,True
3772,True,True,True,False,False,False,True,True
3773,True,True,True,False,False,True,True,True
3774,True,True,True,False,False,True,False,False
3775,True,False,False,False,False,False,False,False
3776,True,True,True,False,False,False,True,True
3777,True,True,False,False,False,True,True,True
3778,True,False,False,False,False,False,True,True
3779,True,True,False,False,False,True,True,True
3780,True,True,True,False,False,False,False,False
3781,True,True,True,True,False,False,True,True
3782,True,True,False,False,False,False,False,True
3783,True,True,True,True,False,False,True,True
3784,False,False,False,False,False,True,True,True
3785,True,True,True,False,False,False,False,False
3786,False,False,False,False,False,False,False,True
3787,True,True,True,False,False,True,True,True
3788,False,False,False,False,False,False,False,True
3789,True,True,True,True,False,False,True,True
3790,True,True,True,False,False,True,True,True
3791,True,True,False,False,False,True,True,True
3792,True,True,False,False,False,False,False,False
3793,True,True,True,True,False,False,False,True
3794,True,True,True,True,True,True,True,True
3795,True,True,False,False,False,True,True,True
3796,True,True,True,False,False,False,False,True
3797,True,True,False,False,False,False,False,True
3798,True,True,False,False,False,False,False,False
3799,True,True,True,True,False,False,True,True
3800,False,False,False,False,False,False,False,False
3801,True,True,True,True,True,True,True,True
3802,True,True,True,False,False,False,False,True
3803,True,True,True,True,True,True,True,True
3804,False,False,False,False,False,True,True,True
3805,False,False,False,False,False,False,False,False
3806,True,True,True,True,True,True,True,True
3807,True,True,True,False,False,False,False,False
3808,True,True,False,False,False,False,False,False
3809,True,True,True,True,False,False,False,False
3810,True,True,False,False,False,False,False,False
3811,True,True,False,False,False,False,True,True
3812,True,True,False,False,False,True,True,True
3813,True,True,True,True,False,False,True,True
3814,True,True,True,False,False,False,False,False
3815,True,False,False,False,False,True,True,True
3816,True,True,True,False,False,True,True,True
3817,True,False,False,False,False,False,False,False
3818,True,True,True,False,False,False,False,False
3819,True,True,False,False,False,False,False,False
3820,False,False,False,False,False,False,False,False
3821,True,True,True,False,False,True,True,True
3822,True,True,True,False,False,False,False,False
3823,True,True,True,True,False,False,False,True
3824,False,False,False,False,False,False,False,False
3825,False,False,False,False,False,True,True,True
3826,True,False,False,False,False,False,False,False
3827,True,True,True,True,False,False,False,True
3828,True,True,True,False,False,False,False,False
3829,True,True,False,False,False,True,True,True
3830,True,True,True,True,False,False,False,True
3831,True,True,True,True,False,False,False,False
3832,True,True,True,False,False,True,True,True
3833,False,False,False,False,False,False,False,False
3834,True,True,False,False,False,True,True,True
3835,True,True,False,False,False,False,True,True
3836,True,False,False,False,False,False,False,True
3837,True,False,False,False,False,True,True,True
3838,True,True,True,True,True,True,True,True
3839,False,False,False,False,False,True,True,True
3840,False,False,False,False,False,False,False,True
3841,True,True,True,False,False,True,True,True
3842,True,True,False,False,False,False,False,False
3843,False,False,False,False,False,True,True,True
3844,True,False,False,False,False,True,False,True
3845,True,False,False,False,False,False,False,True
3846,False,False,False,False,False,False,False,True
3847,True,False,False,False,False,False,False,False
3848,False,False,False,False,False,True,True,True
3849,True,False,False,False,False,False,False,True
3850,True,True,False,False,False,True,True,True
3851,True,False,False,False,False,False,True,True
3852,False,False,False,False,False,False,False,True
3853,True,True,True,False,False,False,True,True
3854,True,True,True,False,False,True,True,True
3855,True,True,False,False,False,False,False,False
3856,True,True,True,False,False,False,False,False
3857,True,True,False,False,False,True,True,True
3858,True,False,False,False,False,True,True,True
3859,False,False,False,False,False,False,False,False
3860,True,True,True,True,True,True,True,True
3861,True,True,True,False,False,False,False,True
3862,True,True,False,False,False,False,False,False
3863,True,True,False,False,False,False,False,False
3864,True,False,False,False,False,True,True,True
3865,True,True,True,False,False,False,False,False
3866,True,True,False,False,False,False,True,True
3867,True,True,False,False,False,False,True,True
3868,True,True,False,False,False,False,False,True
3869,True,True,True,False,False,False,False,False
3870,False,False,False,False,False,False,False,False
3871,True,True,False,False,False,False,False,True
3872,True,True,False,False,False,True,True,True
3873,True,True,True,True,False,False,True,True
3874,True,True,False,False,False,False,True,True
3875,True,False,False,False,False,True,True,True
3876,True,True,True,False,False,False,False,False
3877,True,True,True,True,True,True,True,True
3878,True,True,True,True,False,False,False,True
3879,True,True,True,False,False,False,False,False
3880,True,False,False,False,False,True,True,True
3881,True,True,False,False,False,False,False,True
3882,False,False,False,False,False,False,False,True
3883,True,True,True,False,False,False,False,False
3884,False,False,False,False,False,False,False,False
3885,False,False,False,False,False,False,False,True
3886,False,False,False,False,False,False,False,False
3887,True,True,True,True,False,False,False,True
3888,True,False,False,False,False,True,True,True
3889,True,False,False,False,False,True,True,True
3890,False,False,False,False,False,True,True,True
3891,True,True,True,False,False,True,True,True
3892,True,True,True,True,False,True,True,True
3893,True,True,False,False,False,False,False,False
3894,True,False,False,False,False,False,True,True
3895,True,True,True,True,True,True,True,True
3896,True,True,True,True,True,True,True,True
3897,True,True,True,True,True,True,True,True
3898,True,True,True,True,False,False,True,True
3899,True,True,True,True,False,False,True,True
3900,True,True,True,True,True,True,True,True
3901,True,True,True,True,True,True,True,True
3902,True,True,False,False,False,True,True,True
3903,False,False,False,False,False,True,True,True
3904,True,False,False,False,False,False,False,True
3905,False,False,False,False,False,False,True,True
3906,True,True,True,False,False,False,False,True
3907,True,True,False,False,False,False,False,False
3908,False,False,False,False,False,False,False,False
3909,False,False,False,False,False,False,True,True
3910,True,True,True,True,True,True,True,True
3911,False,False,False,False,False,True,True,True
3912,True,True,False,False,False,True,True,True
3913,True,False,False,False,False,False,True,True
3914,True,False,False,False,False,True,True,True
3915,True,True,False,False,False,False,False,False
3916,True,False,False,False,False,False,False,False
3917,True,True,True,False,False,True,True,True
3918,True,False,False,False,False,False,False,False
3919,False,False,False,False,False,False,True,True
3920,True,True,True,True,False,False,True,True
3921,True,True,False,False,False,False,False,False
3922,True,True,True,False,False,False,False,False
3923,True,False,False,False,False,False,False,False
3924,True,True,True,True,False,True,True,True
3925,False,False,False,False,False,False,False,False
3926,False,False,False,False,False,True,True,True
3927,False,False,False,False,False,True,True,True
3928,True,False,False,False,False,False,False,True
3929,True,True,True,True,True,True,True,True
3930,False,False,False,False,False,True,True,True
3931,False,False,False,False,False,False,False,False
3932,True,True,True,True,True,True,True,True
3933,True,True,False,False,False,False,False,False
3934,True,True,True,False,False,False,False,True
3935,True,True,False,False,False,False,False,True
3936,True,False,False,False,False,True,True,True
3937,False,False,False,False,False,True,True,True
3938,True,True,True,False,False,False,True,True
3939,False,False,False,False,False,False,True,True
3940,True,False,False,False,False,True,True,True
3941,True,True,True,True,False,True,True,True
3942,True,True,True,True,True,True,True,True
3943,True,True,False,False,False,False,False,False
3944,True,True,False,False,False,False,False,False
3945,True,True,True,False,False,True,True,True
3946,True,True,True,True,False,False,True,True
3947,False,False,False,False,False,True,True,True
3948,False,False,False,False,False,True,True,True
3949,True,False,False,False,False,False,False,False
3950,True,True,True,True,True,True,True,True
3951,True,True,True,True,False,False,True,True
3952,True,False,False,False,False,False,False,False
3953,True,True,False,False,False,False,False,False
3954,True,False,False,False,False,True,True,True
3955,True,True,True,True,False,False,False,True
3956,False,False,False,False,False,True,False,True
3957,True,False,False,False,False,True,False,False
3958,True,False,False,False,False,True,True,True
3959,False,False,False,False,False,True,True,True
3960,True,True,False,False,False,False,False,False
3961,True,True,True,True,True,True,True,True
3962,True,True,False,False,False,False,True,True
3963,True,True,True,True,False,False,False,False
3964,True,True,False,False,False,False,True,True
3965,True,False,False,False,False,True,True,True
3966,True,True,True,True,True,True,True,True
3967,True,True,True,True,True,True,True,True
3968,True,True,True,True,True,True,True,True
3969,False,False,False,False,False,True,True,True
3970,True,True,True,False,False,False,False,True
3971,False,False,False,False,False,False,False,True
3972,False,False,False,False,False,True,True,True
3973,True,True,True,False,False,True,True,True
3974,True,True,False,False,False,True,True,True
3975,True,True,False,False,False,False,True,True
3976,True,False,False,False,False,True,True,True
3977,True,True,False,False,False,True,True,True
3978,False,False,False,False,False,False,True,True
3979,False,False,False,False,False,False,False,True
3980,True,True,True,True,False,False,True,True
3981,True,False,False,False,False,True,True,True
3982,False,False,False,False,False,False,False,True
3983,True,True,False,False,False,True,True,True
3984,True,False,False,False,False,True,True,True
3985,True,False,False,False,False,False,False,False
3986,True,True,False,False,False,False,False,True
3987,False,False,False,False,False,True,True,True
3988,True,True,False,False,False,False,False,True
3989,True,True,False,False,False,False,True,True
3990,False,False,False,False,False,True,True,True
3991,True,False,False,False,False,False,False,False
3992,True,True,True,False,False,True,True,True
3993,True,True,False,False,False,True,True,True
3994,True,True,True,True,False,False,False,True
3995,False,False,False,False,False,False,False,False
3996,True,True,True,True,True,True,True,True
3997,True,True,False,False,False,False,False,False
3998,False,False,False,False,False,False,False,True
3999,True,False,False,False,False,False,False,True
4000,True,True,False,False,False,False,True,True
4001,False,False,False,False,False,True,True,True
4002,False,False,False,False,False,True,True,True
4003,True,True,True,False,False,False,True,True
4004,True,True,True,False,False,False,False,False
4005,True,True,True,False,False,True,True,True
4006,True,True,True,True,False,False,False,False
4007,False,False,False,False,False,False,True,True
4008,True,True,True,False,False,False,True,True
4009,True,False,False,False,False,False,False,True
4010,True,False,False,False,False,False,True,True
4011,False,False,False,False,False,True,True,True
4012,True,True,True,True,False,True,True,True
4013,True,True,True,True,True,True,True,True
4014,False,False,False,False,False,False,True,True
4015,False,False,False,False,False,False,False,True
4016,True,True,False,False,False,False,True,True
4017,True,False,False,False,False,False,False,False
4018,False,False,False,False,False,True,False,False
4019,True,True,False,False,False,False,False,False
4020,True,True,False,False,False,False,False,True
4021,True,True,True,True,True,True,True,True
4022,True,False,False,False,False,False,False,False
4023,True,True,True,True,True,True,True,True
4024,True,True,True,True,True,True,True,True
4025,True,True,True,True,False,False,True,True
4026,True,True,True,True,True,True,True,True
4027,True,False,False,False,False,True,True,True
4028,True,False,False,False,False,False,False,False
4029,True,True,False,False,False,False,False,True
4030,True,False,False,False,False,True,True,True
4031,False,False,False,False,False,False,False,False
4032,True,True,False,False,False,True,True,True
4033,True,True,False,False,False,False,True,True
4034,True,False,False,False,False,False,True,True
4035,True,True,True,True,False,False,False,True
4036,True,True,True,False,False,False,False,True
4037,True,True,True,False,False,False,False,True
4038,True,False,False,False,False,False,True,True
4039,True,True,False,False,False,True,True,True
4040,True,True,False,False,False,False,False,False
4041,True,False,False,False,False,True,True,True
4042,True,True,True,False,False,True,True,True
4043,False,False,False,False,False,True,True,True
4044,True,True,True,True,True,True,True,True
4045,True,False,False,False,False,False,True,True
4046,True,True,True,False,False,True,False,False
4047,False,False,False,False,False,True,True,True
4048,True,False,False,False,False,True,False,False
4049,True,True,True,False,False,False,True,True
4050,False,False,False,False,False,False,False,False
4051,True,False,False,False,False,False,True,True
4052,False,False,False,False,False,False,False,False
4053,False,False,False,False,False,False,False,True
4054,False,False,False,False,False,True,True,True
4055,False,False,False,False,False,True,True,True
4056,True,True,True,False,False,True,True,True
4057,True,False,False,False,False,False,False,False
4058,False,False,False,False,False,True,True,True
4059,False,False,False,False,False,True,False,True
4060,True,True,True,True,True,True,True,True
4061,True,True,True,True,True,True,True,True
4062,True,False,False,False,False,True,True,True
4063,True,True,True,True,False,False,True,True
4064,False,False,False,False,False,True,False,True
4065,False,False,False,False,False,False,False,False
4066,True,False,False,False,False,False,False,False
4067,True,False,False,False,False,False,False,False
4068,False,False,False,False,False,False,False,True
4069,True,True,False,False,False,False,False,False
4070,False,False,False,False,False,False,True,True
4071,True,True,True,True,True,True,True,True
4072,True,False,False,False,False,False,True,True
4073,True,False,False,False,False,False,False,True
4074,True,True,True,True,True,True,True,True
4075,True,False,False,False,False,True,True,True
4076,True,True,False,False,False,True,True,True
4077,False,False,False,False,False,False,False,True
4078,False,False,False,False,False,False,True,True
4079,False,False,False,False,False,False,False,False
4080,True,True,True,False,False,False,True,True
4081,True,False,False,False,False,False,False,True
4082,True,True,False,False,False,False,True,True
4083,True,False,False,False,False,False,False,True
4084,True,True,True,False,False,True,True,True
4085,True,True,False,False,False,False,False,True
4086,True,True,False,True,False,True,True,True
4087,False,False,False,False,False,True,True,True
4088,True,True,True,False,False,False,True,True
4089,False,False,False,False,False,False,False,True
4090,False,False,False,False,False,False,False,False
4091,True,False,False,False,False,True,True,True
4092,True,True,True,False,False,True,True,True
4093,True,True,True,False,False,False,False,True
4094,False,False,False,False,False,False,True,True
4095,True,True,True,False,False,False,True,True
4096,True,True,True,True,False,False,True,True
4097,True,False,False,False,False,False,False,False
4098,True,True,False,False,False,True,True,True
4099,False,False,False,False,False,True,False,False
4100,True,True,True,True,False,True,True,True
4101,True,True,False,False,False,True,True,True
4102,True,True,True,False,False,False,False,True
4103,True,True,False,False,False,False,False,True
4104,True,False,False,False,False,False,False,True
4105,True,True,True,True,False,False,True,True
4106,False,False,False,False,False,True,True,True
4107,True,False,False,False,False,False,False,False
4108,True,False,False,False,False,True,True,True
4109,True,True,False,False,False,True,True,True
4110,True,True,True,True,False,False,False,False
4111,True,True,True,False,False,True,True,True
4112,True,True,False,False,False,True,True,True
4113,True,True,False,False,False,False,False,False
4114,True,False,False,False,False,False,False,True
4115,True,True,False,False,False,False,False,False
4116,True,True,True,True,True,True,True,True
4117,False,False,False,False,False,True,True,True
4118,True,True,True,True,True,True,True,True
4119,True,True,True,True,False,False,True,True
4120,True,True,True,False,False,False,False,False
4121,True,True,True,True,True,True,True,True
4122,False,False,False,False,False,True,True,True
4123,True,False,False,False,False,True,True,True
4124,True,True,True,False,False,True,True,True
4125,True,True,False,False,False,True,True,True
4126,True,True,True,False,False,False,False,False
4127,True,False,False,False,False,True,True,True
4128,True,True,False,False,False,False,False,False
4129,True,True,True,True,True,True,True,True
4130,True,False,False,False,False,True,True,True
4131,True,True,True,True,False,False,False,True
4132,True,True,True,True,True,True,True,True
4133,True,True,True,False,False,False,True,True
4134,True,True,False,False,False,True,True,True
4135,True,True,True,False,False,False,False,True
4136,True,True,True,False,False,False,False,True
4137,True,True,True,True,False,True,True,True
4138,True,True,True,True,False,True,True,True
4139,False,True,False,False,False,True,False,True
4140,True,True,True,False,False,True,True,True
4141,False,False,False,False,False,False,False,True
4142,False,False,False,False,False,True,True,True
4143,True,True,False,False,False,False,False,False
4144,False,False,False,False,False,True,True,True
4145,False,False,False,False,False,True,False,True
4146,True,True,True,True,True,True,True,True
4147,False,False,False,False,False,False,False,False
4148,True,True,False,False,False,False,True,True
4149,True,False,False,False,False,False,False,False
4150,False,False,False,False,False,False,False,False
4151,True,True,False,False,False,True,True,True
4152,True,False,False,False,False,False,False,False
4153,False,False,False,False,False,True,True,True
4154,True,True,True,True,False,False,True,True
4155,True,True,True,False,False,False,False,False
4156,True,False,False,False,False,False,False,False
4157,True,True,False,False,False,True,True,True
4158,True,False,False,False,False,False,False,True
4159,True,True,True,True,False,True,True,True
4160,True,True,False,False,False,True,True,True
4161,False,False,False,False,False,True,True,True
4162,True,True,True,True,False,False,False,True
4163,True,True,True,True,False,False,False,True
4164,False,False,False,False,False,True,True,True
4165,True,True,False,False,False,False,False,True
4166,True,True,False,False,False,True,True,True
4167,True,True,False,False,False,True,True,True
4168,True,True,True,False,False,True,True,True
4169,True,True,True,True,False,False,True,True
4170,True,True,True,False,False,False,True,True
4171,False,False,False,False,False,False,False,False
4172,True,False,False,False,False,False,False,False
4173,True,True,True,True,True,True,True,True
4174,True,True,True,True,False,True,True,True
4175,True,False,False,False,False,True,True,True
4176,True,True,True,True,False,False,False,False
4177,True,False,False,False,False,True,True,True
4178,True,True,True,False,False,False,False,False
4179,True,False,False,False,False,False,True,True
4180,True,True,True,True,False,True,True,True
4181,True,True,True,True,False,False,False,True
4182,False,False,False,False,False,True,True,True
4183,False,False,False,False,False,False,False,False
4184,True,False,False,False,False,False,False,False
4185,True,True,True,True,False,False,True,True
4186,True,True,True,True,True,True,True,True
4187,True,True,True,False,False,True,True,True
4188,True,True,True,True,False,False,False,False
4189,True,True,True,True,False,False,False,False
4190,True,True,True,True,False,False,False,False
4191,True,True,False,False,False,True,True,True
4192,False,False,False,False,False,False,False,False
4193,True,True,False,False,False,True,True,True
4194,True,True,True,False,False,False,True,True
4195,False,False,False,False,False,True,True,True
4196,True,True,True,True,False,False,False,True
4197,True,False,False,False,False,False,False,True
4198,True,False,False,False,False,False,False,False
4199,False,False,False,False,False,False,False,False
4200,True,True,True,True,True,True,True,True
4201,True,False,False,False,False,False,True,True
4202,False,False,False,False,False,True,True,True
4203,True,True,False,False,False,False,False,False
4204,True,True,True,True,False,False,False,True
4205,True,True,True,True,True,True,True,True
4206,True,True,False,False,False,False,False,False
4207,True,False,False,False,False,True,True,True
4208,True,True,True,True,False,False,False,False
4209,False,False,False,False,False,False,True,True
4210,True,False,False,False,False,True,True,True
4211,True,True,True,False,False,False,True,True
4212,True,False,False,False,False,False,False,True
4213,True,True,True,False,False,False,True,True
4214,False,False,False,False,False,False,True,True
4215,True,True,True,True,True,True,True,True
4216,True,True,False,False,False,True,True,True
4217,True,True,False,False,False,False,False,False
4218,True,False,False,False,False,False,False,True
4219,True,True,True,False,False,False,False,False
4220,True,True,False,False,False,True,True,True
4221,True,False,False,False,False,False,True,True
4222,True,True,False,False,False,True,True,True
4223,True,True,True,True,False,False,False,False
4224,True,True,True,True,False,True,True,True
4225,True,False,False,False,False,False,False,True
4226,True,True,False,False,False,True,True,True
4227,True,False,False,False,False,True,False,True
4228,True,True,True,True,False,False,True,True
4229,False,False,False,False,False,False,False,True
4230,True,True,True,False,False,False,False,True
4231,True,False,False,False,False,False,False,True
4232,True,True,True,False,False,False,False,True
4233,True,True,False,False,False,False,True,True
4234,True,False,False,False,False,False,False,False
4235,True,True,False,False,False,False,False,False
4236,True,False,False,False,False,True,True,True
4237,False,False,False,False,False,True,True,True
4238,False,False,False,False,False,True,False,True
4239,True,True,False,False,False,True,True,True
4240,True,True,False,False,False,False,False,False
4241,True,True,True,False,False,False,False,True
4242,True,True,False,False,False,False,False,True
4243,True,True,True,True,False,False,True,True
4244,True,False,False,False,False,False,False,False
4245,True,False,False,False,False,True,True,True
4246,True,False,False,False,False,False,False,True
4247,True,False,False,False,False,False,False,False
4248,False,False,False,False,False,True,True,True
4249,False,False,False,False,False,True,True,True
4250,False,False,False,False,False,False,True,True
4251,False,False,False,False,False,True,True,True
4252,True,True,True,False,False,False,False,False
4253,True,True,True,True,False,False,False,True
4254,True,True,False,False,False,False,True,True
4255,True,True,False,False,False,True,True,True
4256,False,False,False,False,False,True,True,True
4257,True,False,False,False,False,False,False,False
4258,True,True,True,False,False,False,False,False
4259,True,True,True,False,False,False,False,False
4260,True,False,False,False,False,True,True,True
4261,True,True,True,False,False,True,True,True
4262,True,False,False,False,False,True,True,True
4263,True,False,False,False,False,True,True,True
4264,True,False,False,False,False,False,False,True
4265,False,False,False,False,False,False,False,False
4266,False,False,False,False,False,False,False,True
4267,False,False,False,False,False,True,True,True
4268,True,True,True,False,False,True,False,False
4269,True,True,True,False,False,False,False,True
4270,True,False,False,False,False,True,True,True
4271,False,False,False,False,False,True,False,True
4272,True,False,False,False,False,False,False,True
4273,False,False,False,False,False,True,False,False
4274,False,False,False,False,False,True,True,True
4275,True,True,True,True,False,True,True,True
4276,False,False,False,False,False,True,True,True
4277,True,True,True,True,True,True,True,True
4278,True,True,True,True,False,False,False,False
4279,False,False,False,False,False,True,True,True
4280,True,False,False,False,False,True,True,True
4281,True,True,False,False,False,False,True,True
4282,False,False,False,False,False,False,False,False
4283,True,True,False,False,False,False,False,True
4284,True,True,False,False,False,True,True,True
4285,True,False,False,False,False,True,True,True
4286,False,False,False,False,False,True,True,True
4287,False,False,False,False,False,False,False,True
4288,True,True,False,False,False,False,False,False
4289,True,True,True,False,False,False,False,True
4290,True,True,False,False,False,True,True,True
4291,True,True,False,False,False,True,True,True
4292,True,True,True,False,False,False,False,False
4293,True,False,False,False,False,False,False,False
4294,False,False,False,False,False,False,False,False
4295,True,True,True,True,False,True,True,True
4296,True,True,True,False,False,True,True,True
4297,True,True,False,False,False,True,True,True
4298,True,True,True,True,False,False,False,True
4299,True,False,False,False,False,True,True,True
4300,False,False,False,False,False,True,True,True
4301,True,True,True,False,False,False,False,False
4302,True,True,True,True,False,False,False,False
4303,True,True,True,True,False,False,False,True
4304,False,False,False,False,False,False,True,True
4305,True,True,True,True,True,True,True,True
4306,False,False,False,False,False,True,True,True
4307,True,False,False,False,False,True,True,True
4308,True,False,False,False,False,False,False,True
4309,True,False,False,False,False,False,False,False
4310,True,True,True,True,False,False,False,False
4311,True,False,False,False,False,True,True,True
4312,False,False,False,False,False,False,False,True
4313,True,True,True,False,False,True,True,True
4314,True,True,False,False,False,True,True,True
4315,False,False,False,False,False,True,True,True
4316,True,False,False,False,False,False,False,True
4317,False,False,False,False,False,True,True,True
4318,False,False,False,False,False,True,True,True
4319,True,True,True,False,False,False,False,True
4320,True,True,True,False,False,False,True,True
4321,True,False,False,False,False,True,True,True
4322,True,False,False,False,False,True,True,True
4323,True,True,False,False,False,False,False,False
4324,True,True,False,False,False,False,False,False
4325,True,True,True,True,True,True,True,True
4326,False,False,False,False,False,False,False,True
4327,True,True,True,True,True,True,True,True
4328,True,True,False,False,False,False,False,False
4329,False,False,False,False,False,True,True,True
4330,True,True,True,False,False,False,False,False
4331,True,True,True,False,False,False,False,False
4332,True,True,False,False,False,False,False,False
4333,False,False,False,False,False,False,False,True
4334,True,True,True,True,False,False,False,False
4335,False,False,False,False,False,False,False,True
4336,True,True,True,False,False,True,True,True
4337,True,True,True,True,False,True,True,True
4338,False,False,False,False,False,True,True,True
4339,True,False,False,False,False,False,False,False
4340,True,True,True,True,False,False,False,True
4341,True,True,True,True,True,True,True,True
4342,True,False,False,False,False,False,False,True
4343,True,False,False,False,False,True,True,True
4344,True,True,False,False,False,False,False,False
4345,True,True,True,False,False,False,False,True
4346,False,False,False,False,False,False,False,False
4347,True,False,False,False,False,False,False,False
4348,False,False,False,False,False,True,True,True
4349,True,True,True,False,False,False,False,True
4350,False,False,False,False,False,True,True,True
4351,False,False,False,False,False,False,False,True
4352,True,True,False,False,False,False,False,False
4353,False,False,False,False,False,True,True,True
4354,False,False,False,False,False,False,True,True
4355,False,False,False,False,False,False,False,False
4356,True,True,True,False,False,True,True,True
4357,True,True,True,True,False,False,False,False
4358,True,True,True,False,False,False,False,True
4359,False,False,False,False,False,False,False,False
4360,True,True,True,True,True,True,True,True
4361,False,False,False,False,False,True,True,True
4362,True,False,False,False,False,False,False,False
4363,True,True,True,True,True,True,True,True
4364,False,False,False,False,False,True,True,True
4365,True,True,True,True,True,True,True,True
4366,True,True,True,True,False,False,True,True
4367,True,False,False,False,False,True,True,True
4368,True,True,True,True,True,True,True,True
4369,True,False,False,False,False,False,False,True
4370,True,True,True,True,False,True,True,True
4371,True,True,False,False,False,False,False,False
4372,True,True,True,True,False,False,False,False
4373,True,True,False,False,False,False,False,False
4374,True,False,False,False,False,False,False,True
4375,True,True,True,False,False,False,False,False
4376,False,False,False,False,False,True,False,True
4377,True,True,True,True,True,True,True,True
4378,True,False,False,False,False,True,True,True
4379,True,True,False,False,False,True,True,True
4380,True,True,True,True,False,False,True,True
4381,True,False,False,False,False,False,False,True
4382,False,False,False,False,False,True,True,True
4383,True,True,True,True,False,True,True,True
4384,False,False,False,False,False,False,True,True
4385,True,True,True,True,False,False,True,True
4386,False,False,False,False,False,True,True,True
4387,True,True,True,True,False,False,True,True
4388,True,False,False,False,False,True,True,True
4389,False,False,False,False,False,True,True,True
4390,True,True,True,True,True,True,True,True
4391,True,False,False,False,False,False,True,True
4392,True,True,False,False,False,False,False,False
4393,True,True,True,True,False,False,True,True
4394,False,False,False,False,False,False,False,False
4395,True,True,False,False,False,True,True,True
4396,True,False,False,False,False,False,False,True
4397,True,False,False,False,False,False,False,True
4398,True,False,False,False,False,False,False,False
4399,False,False,False,False,False,False,False,True
4400,True,True,True,True,False,True,True,True
4401,True,True,False,False,False,False,False,True
4402,True,True,False,False,False,True,True,True
4403,True,True,False,False,False,True,True,True
4404,True,True,False,False,False,True,True,True
4405,False,False,False,False,False,False,False,True
4406,True,True,True,False,False,True,True,True
4407,True,True,True,True,False,False,False,True
4408,True,True,True,False,False,False,False,True
4409,False,False,False,False,False,True,True,True
4410,True,True,True,True,False,False,False,False
4411,True,True,False,False,False,True,True,True
4412,True,True,True,True,False,False,False,False
4413,False,False,False,False,False,True,True,True
4414,False,False,False,False,False,True,True,True
4415,True,True,True,True,False,True,True,True
4416,True,True,True,False,False,True,True,True
4417,True,False,False,False,False,True,True,True
4418,True,False,False,False,False,True,True,True
4419,False,False,False,False,False,True,True,True
4420,True,True,True,False,False,True,True,True
4421,True,True,False,False,False,False,True,True
4422,True,True,True,False,False,False,False,False
4423,True,True,False,False,False,True,True,True
4424,True,True,True,True,True,True,True,True
4425,True,True,True,False,False,False,False,False
4426,True,False,False,False,False,True,True,True
4427,True,True,True,False,False,False,True,True
4428,True,False,False,False,False,False,False,True
4429,True,True,False,False,False,False,False,True
4430,True,True,False,False,False,True,True,True
4431,True,True,False,False,False,False,False,False
4432,False,False,False,False,False,False,False,False
4433,False,False,False,False,False,False,False,False
4434,True,False,False,False,False,True,True,True
4435,True,True,False,False,False,True,True,True
4436,True,True,True,True,False,True,True,True
4437,True,False,False,False,False,True,True,True
4438,False,False,False,False,False,False,False,False
4439,True,False,False,False,False,True,True,True
4440,True,True,False,False,False,False,False,False
4441,True,True,False,False,False,False,True,True
4442,True,False,False,False,False,False,False,True
4443,True,True,False,False,False,True,True,True
4444,True,False,False,False,False,True,True,True
4445,True,True,True,False,False,False,False,False
4446,True,True,False,False,False,False,False,True
4447,True,True,True,True,False,False,False,False
4448,True,True,False,False,False,False,False,False
4449,True,False,False,False,False,False,True,True
4450,False,False,False,False,False,False,False,False
4451,True,True,False,False,False,True,True,True
4452,True,True,True,False,False,True,True,True
4453,True,True,False,False,False,True,True,True
4454,True,True,False,False,False,True,True,True
4455,False,False,False,False,False,False,False,True
4456,True,True,True,True,False,False,False,False
4457,False,False,False,False,False,True,True,True
4458,True,True,False,False,False,False,False,False
4459,False,True,False,False,False,False,True,True
4460,False,False,False,False,False,True,True,True
4461,True,True,True,False,False,False,False,True
4462,True,False,False,False,False,True,True,True
4463,False,False,False,False,False,True,False,True
4464,False,False,False,False,False,False,True,True
4465,True,True,True,True,False,False,False,True
4466,True,True,True,True,True,True,True,True
4467,True,False,False,False,False,False,False,False
4468,False,False,False,False,False,False,False,False
4469,True,True,True,False,False,True,True,True
4470,True,True,True,True,True,True,True,True
4471,True,True,True,False,False,False,True,True
4472,True,True,False,False,False,False,True,False
4473,False,False,False,False,False,False,True,True
4474,True,True,True,False,False,False,False,True
4475,True,True,True,False,False,False,False,False
4476,False,False,False,False,False,False,False,True
4477,True,True,True,False,False,False,False,False
4478,False,False,False,False,False,True,True,True
4479,True,True,True,False,False,False,True,True
4480,True,True,True,True,True,True,True,True
4481,False,False,False,False,False,False,True,True
4482,True,True,True,False,False,False,True,True
4483,True,True,True,True,True,True,True,True
4484,True,True,True,False,False,False,True,True
4485,True,True,True,False,False,False,False,False
4486,False,False,False,False,False,False,False,True
4487,True,False,False,False,False,False,False,False
4488,True,True,True,True,True,True,True,True
4489,True,False,False,False,False,False,False,True
4490,True,True,True,True,False,True,True,True
4491,True,True,True,True,True,True,True,True
4492,True,True,True,False,False,True,True,True
4493,True,False,False,False,False,False,True,True
4494,True,True,True,False,False,False,True,True
4495,True,True,True,True,False,False,False,False
4496,False,False,False,False,False,True,True,True
4497,True,True,True,True,False,True,True,True
4498,True,True,True,True,False,False,True,True
4499,False,False,False,False,False,True,True,True
4500,True,True,True,True,True,True,True,True
4501,True,False,False,False,False,True,True,True
4502,True,False,False,False,False,True,True,True
4503,True,True,True,True,True,True,True,True
4504,True,True,True,True,True,True,True,True
4505,True,True,False,False,False,True,True,True
4506,True,True,False,False,False,False,False,True
4507,True,True,True,False,False,False,True,True
4508,True,True,True,True,False,True,True,True
4509,False,False,False,False,False,False,False,True
4510,True,True,True,True,False,False,False,True
4511,True,True,True,True,False,True,True,True
4512,False,False,False,False,False,True,False,False
4513,True,False,False,False,False,False,False,True
4514,True,True,True,False,False,True,True,True
4515,False,False,False,False,False,False,True,True
4516,True,False,False,False,False,True,True,True
4517,True,True,True,False,False,True,True,True
4518,True,False,False,False,False,True,True,True
4519,True,True,False,False,False,False,False,False
4520,True,False,False,False,False,True,True,True
4521,False,False,False,False,False,True,True,True
4522,True,False,False,False,False,True,True,True
4523,True,False,False,False,False,False,True,True
4524,True,True,False,False,False,False,False,False
4525,False,False,False,False,False,False,True,True
4526,True,True,True,False,False,False,False,True
4527,True,True,True,True,True,True,True,True
4528,True,True,True,False,False,False,False,False
4529,True,True,False,False,False,False,False,True
4530,True,True,False,False,False,False,False,True
4531,True,True,True,False,False,True,True,True
4532,True,True,True,False,False,False,False,True
4533,True,True,True,True,False,True,True,True
4534,True,True,False,False,False,True,True,True
4535,True,True,True,True,True,True,True,True
4536,True,True,False,False,False,False,False,False
4537,True,False,False,False,False,True,True,True
4538,True,True,True,True,False,False,False,True
4539,True,True,True,False,False,True,True,True
4540,True,True,True,True,True,True,True,True
4541,False,False,False,False,False,True,True,True
4542,False,False,False,False,False,True,True,True
4543,False,False,False,False,False,False,False,False
4544,True,False,False,False,False,True,True,True
4545,False,False,False,False,False,True,True,True
4546,True,True,True,True,False,True,True,True
4547,False,False,False,False,False,True,True,True
4548,False,False,False,False,False,False,False,True
4549,True,False,False,False,False,True,True,True
4550,False,False,False,False,False,True,False,False
4551,True,True,False,False,False,True,True,True
4552,True,True,True,True,True,True,True,True
4553,True,True,True,True,False,True,True,True
4554,True,True,True,True,True,True,True,True
4555,True,True,True,True,False,True,False,True
4556,False,False,False,False,False,True,False,False
4557,True,False,False,False,False,False,False,True
4558,True,True,False,False,False,True,True,True
4559,True,True,True,False,False,True,False,False
4560,True,True,False,False,False,True,True,True
4561,True,False,False,False,False,False,True,True
4562,True,False,False,False,False,True,True,True
4563,False,False,False,False,False,False,False,False
4564,True,True,True,False,False,False,False,True
4565,True,True,False,False,False,False,False,False
4566,True,True,False,False,False,False,False,True
4567,True,False,False,False,False,True,True,True
4568,False,False,False,False,False,True,True,True
4569,True,True,True,False,False,False,False,True
4570,True,True,False,False,False,False,False,True
4571,False,False,False,False,False,False,False,True
4572,True,False,False,False,False,False,False,True
4573,True,True,False,False,False,True,True,True
4574,True,True,True,True,False,False,True,True
4575,False,False,False,False,False,True,True,True
4576,True,True,True,True,False,False,False,True
4577,False,False,False,False,False,True,False,False
4578,True,True,False,False,False,False,False,True
4579,True,True,True,True,True,True,True,True
4580,True,False,False,False,False,False,False,False
4581,True,True,True,True,False,False,False,True
4582,True,True,True,True,False,False,True,True
4583,False,False,False,False,False,True,True,True
4584,True,True,True,True,False,False,False,True
4585,False,False,False,False,False,True,True,True
4586,True,False,False,False,False,False,False,False
4587,True,True,True,True,False,True,True,True
4588,False,False,False,False,False,True,True,True
4589,True,True,True,False,False,True,True,True
4590,False,False,False,False,False,False,False,True
4591,False,False,False,False,False,False,False,False
4592,True,True,True,True,True,True,True,True
4593,True,False,False,False,False,False,False,False
4594,True,True,True,False,False,False,True,True
4595,True,False,False,False,False,True,True,True
4596,True,True,True,True,False,False,True,True
4597,True,False,False,False,False,True,True,True
4598,True,True,True,True,True,True,True,True
4599,True,True,True,True,True,True,True,True
4600,False,False,False,False,False,True,False,True
4601,True,False,False,False,False,False,True,True
4602,True,True,True,False,False,True,True,True
4603,False,False,False,False,False,False,True,True
4604,True,True,True,False,False,False,False,False
4605,False,False,False,False,False,False,False,True
4606,True,True,False,False,False,True,True,True
4607,True,True,True,False,False,False,False,False
4608,True,True,True,True,False,False,False,False
4609,False,False,False,False,False,True,True,True
4610,False,False,False,False,False,True,True,True
4611,False,False,False,False,False,False,False,False
4612,True,True,True,True,False,False,False,True
4613,True,True,True,True,True,True,True,True
4614,True,True,True,True,True,True,True,True
4615,True,True,True,True,False,False,False,True
4616,True,True,True,False,False,False,False,False
4617,True,True,True,True,False,True,True,True
4618,True,False,False,False,False,False,False,True
4619,True,True,True,True,False,True,True,True
4620,True,False,False,False,False,False,False,False
4621,False,False,False,False,False,True,True,True
4622,True,True,True,True,True,True,True,True
4623,True,True,True,True,False,False,False,False
4624,True,True,True,False,False,True,True,True
4625,False,False,False,False,False,True,False,True
4626,True,True,True,False,False,False,False,False
4627,True,False,False,False,False,False,False,False
4628,True,True,True,False,False,True,True,True
4629,False,False,False,False,False,False,False,True
4630,False,False,False,False,False,True,True,True
4631,True,True,False,False,False,False,False,True
4632,False,False,False,False,False,True,False,True
4633,False,False,False,False,False,False,False,False
4634,False,False,False,False,False,False,False,False
4635,True,True,True,False,False,True,True,True
4636,True,True,False,False,False,True,True,True
4637,True,False,False,False,False,False,False,True
4638,True,True,True,True,False,False,True,True
4639,True,True,True,False,False,False,True,True
4640,True,False,False,False,False,True,False,False
4641,True,False,False,False,False,True,True,True
4642,True,False,False,False,False,False,True,True
4643,False,False,False,False,False,False,True,True
4644,True,False,False,False,False,True,True,True
4645,True,False,False,False,False,False,False,False
4646,True,True,True,False,False,True,True,True
4647,False,False,False,False,False,False,False,True
4648,True,True,False,False,False,True,True,True
4649,True,True,False,False,False,True,True,True
4650,False,False,False,False,False,False,False,True
4651,True,True,True,False,False,True,True,True
4652,False,False,False,False,False,True,True,True
4653,True,True,False,False,False,False,False,True
4654,True,True,True,True,False,True,True,True
4655,True,True,True,False,False,False,False,True
4656,False,False,False,False,False,True,True,True
4657,True,True,True,True,True,True,True,True
4658,True,False,False,False,False,False,False,True
4659,False,False,False,False,False,False,True,True
4660,True,True,True,False,False,False,False,False
4661,False,False,False,False,False,False,False,True
4662,True,True,False,False,False,True,True,True
4663,True,True,True,True,True,True,True,True
4664,True,True,True,False,False,False,False,False
4665,True,False,False,False,False,False,False,False
4666,True,True,False,False,False,True,True,True
4667,False,False,False,False,False,False,False,False
4668,True,True,True,True,True,True,True,True
4669,True,True,False,False,False,False,False,False
4670,False,False,False,False,False,False,False,False
4671,False,False,False,False,False,False,True,True
4672,True,True,False,False,False,True,True,True
4673,True,True,True,True,False,False,False,False
4674,True,True,False,False,False,True,True,True
4675,True,True,True,True,False,False,True,True
4676,True,False,False,False,False,False,True,True
4677,True,False,False,False,False,True,False,False
4678,False,False,False,False,False,True,False,False
4679,False,False,False,False,False,True,True,True
4680,True,True,True,True,False,False,True,True
4681,True,True,False,False,False,False,False,False
4682,True,True,True,False,False,False,False,True
4683,True,False,False,False,False,False,False,True
4684,False,False,False,False,False,True,True,True
4685,True,True,True,True,True,True,True,True
4686,True,True,True,False,False,True,True,True
4687,True,True,False,False,False,True,True,True
4688,True,False,False,False,False,False,True,True
4689,True,True,True,True,False,False,True,True
4690,True,False,False,False,False,True,True,True
4691,True,True,True,True,False,True,True,True
4692,True,False,False,False,False,False,False,True
4693,False,False,False,False,False,False,False,True
4694,False,False,False,False,False,True,True,True
4695,False,False,False,False,False,True,False,True
4696,True,True,True,True,False,False,True,True
4697,True,True,True,True,True,True,True,True
4698,True,True,True,True,True,True,True,True
4699,False,False,False,False,False,False,False,False
4700,True,True,False,False,False,False,False,True
4701,True,True,True,True,True,True,True,True
4702,False,False,False,False,False,True,True,True
4703,True,True,True,True,True,True,True,True
4704,True,True,True,True,True,True,True,True
4705,False,False,False,False,False,False,False,False
4706,False,False,False,False,False,False,False,False
4707,True,True,True,False,False,False,False,False
4708,True,False,False,False,False,False,False,False
4709,False,False,False,False,False,True,True,True
4710,True,True,True,True,True,True,True,True
4711,True,True,True,False,False,False,False,True
4712,True,True,True,False,False,False,False,True
4713,True,True,True,True,False,False,False,False
4714,True,True,True,True,False,True,True,True
4715,True,True,True,True,True,True,True,True
4716,True,True,True,True,False,False,True,True
4717,True,True,True,True,False,False,False,False
4718,True,True,True,False,False,False,True,True
4719,False,False,False,False,False,True,True,True
4720,False,False,False,False,False,False,False,True
4721,False,False,False,False,False,True,True,True
4722,True,True,True,False,False,False,False,True
4723,True,False,False,False,False,True,True,True
4724,False,False,False,False,False,False,False,False
4725,False,False,False,False,False,True,True,True
4726,True,False,False,False,False,True,True,True
4727,False,False,False,False,False,False,False,True
4728,True,False,False,False,False,False,True,True
4729,False,False,False,False,False,True,True,True
4730,True,True,True,False,False,False,False,False
4731,True,False,False,False,False,True,True,True
4732,True,False,False,False,False,False,False,False
4733,True,True,False,False,False,False,False,False
4734,True,True,False,False,False,True,True,True
4735,True,True,False,False,False,True,True,True
4736,True,True,True,True,False,False,False,False
4737,True,True,False,False,False,True,True,True
4738,True,True,False,False,False,False,False,False
4739,True,True,True,False,False,False,True,True
4740,True,True,True,False,False,False,False,True
4741,True,True,True,False,False,True,True,True
4742,True,True,True,True,False,False,False,False
4743,True,False,False,False,False,False,False,False
4744,True,True,False,False,False,False,False,False
4745,False,False,False,False,False,True,True,True
4746,True,True,True,True,False,True,True,True
4747,True,False,False,False,False,True,True,True
4748,True,True,True,True,False,False,False,False
4749,True,True,True,True,False,False,True,True
4750,False,False,False,False,False,False,True,True
4751,False,False,False,False,False,True,True,True
4752,True,False,False,False,False,False,False,False
4753,True,False,False,False,False,False,False,True
4754,True,False,False,False,False,True,True,True
4755,True,True,False,False,False,False,False,True
4756,True,True,False,False,False,True,True,True
4757,True,True,True,False,False,True,True,True
4758,False,False,False,False,False,False,False,True
4759,True,False,False,False,False,True,True,True
4760,True,True,True,True,True,True,True,True
4761,True,True,True,True,False,False,False,False
4762,True,True,False,False,False,False,False,False
4763,False,False,False,False,False,False,False,False
4764,False,False,False,False,False,True,True,True
4765,True,True,True,False,False,True,True,True
4766,False,False,False,False,False,False,True,True
4767,True,True,True,True,False,True,True,True
4768,True,False,False,False,False,True,True,True
4769,True,True,False,False,False,False,False,True
4770,True,False,False,False,False,True,True,True
4771,True,False,False,False,False,True,True,True
4772,True,True,True,False,False,False,False,True
4773,True,False,False,False,False,False,False,True
4774,True,True,True,True,True,True,True,True
4775,True,True,True,True,False,False,True,True
4776,True,True,False,False,False,True,True,True
4777,True,True,False,False,False,False,True,True
4778,True,True,True,False,False,False,False,True
4779,True,True,False,False,False,False,True,True
4780,True,False,False,False,False,False,True,True
4781,True,True,True,True,False,False,False,True
4782,False,False,False,False,False,False,True,True
4783,True,True,True,True,True,True,True,True
4784,True,True,True,True,True,True,True,True
4785,True,True,False,False,False,False,False,False
4786,True,True,True,False,False,False,False,False
4787,True,True,True,True,False,False,False,True
4788,False,False,False,False,False,True,True,True
4789,False,False,False,False,False,True,True,True
4790,False,False,False,False,False,True,True,True
4791,True,True,True,False,False,False,True,True
4792,True,False,False,False,False,True,True,True
4793,True,True,True,False,False,True,True,True
4794,True,True,False,False,False,False,False,False
4795,True,True,False,False,False,True,True,True
4796,True,True,True,True,False,False,False,True
4797,True,True,True,True,False,False,True,True
4798,True,False,False,False,False,False,False,False
4799,True,True,False,False,False,True,True,True
4800,True,True,True,True,False,False,False,True
4801,True,True,True,True,True,True,True,True
4802,True,True,False,False,False,False,False,True
4803,False,False,False,False,False,True,False,True
4804,False,False,False,False,False,True,True,True
4805,False,False,False,False,False,True,True,True
4806,True,True,False,False,False,False,False,False
4807,True,True,True,False,False,False,True,True
4808,True,True,False,False,False,True,True,True
4809,True,True,False,False,False,False,False,False
4810,True,True,True,False,False,False,True,True
4811,True,True,True,True,True,True,True,True
4812,True,True,False,False,False,True,True,True
4813,True,True,True,True,False,True,True,True
4814,True,True,True,True,False,False,False,False
4815,True,True,True,False,False,False,False,False
4816,True,True,True,True,False,False,False,False
4817,True,False,False,False,False,False,True,True
4818,True,False,False,False,False,True,True,True
4819,True,True,False,False,False,True,True,True
4820,True,True,True,False,False,False,False,False
4821,True,True,True,True,True,True,True,True
4822,True,True,True,True,True,True,True,True
4823,True,True,True,False,False,True,True,True
4824,True,True,False,False,False,False,False,False
4825,True,False,False,False,False,False,False,True
4826,False,False,False,False,False,True,True,True
4827,True,True,False,False,False,False,True,True
4828,True,True,True,False,False,False,False,True
4829,True,True,True,True,True,True,True,True
4830,True,True,True,False,False,False,False,False
4831,True,True,False,False,False,True,True,True
4832,False,False,False,False,False,True,True,True
4833,False,False,False,False,False,True,False,True
4834,False,False,False,False,False,True,True,True
4835,False,False,False,False,False,True,True,True
4836,True,True,True,False,False,True,True,True
4837,False,False,False,False,False,False,True,True
4838,True,True,True,True,False,True,True,True
4839,False,False,False,False,False,False,True,True
4840,True,False,False,False,False,False,False,False
4841,True,True,True,True,False,False,True,True
4842,True,True,False,False,False,True,True,True
4843,True,False,False,False,False,True,True,True
4844,True,True,True,True,False,False,False,False
4845,True,False,False,False,False,True,True,True
4846,False,False,False,False,False,False,False,True
4847,True,True,True,False,False,True,True,True
4848,False,False,False,False,False,False,True,True
4849,False,False,False,False,False,True,True,True
4850,True,False,False,False,False,False,False,False
4851,True,False,False,False,False,True,True,True
4852,False,False,False,False,False,True,True,True
4853,False,False,False,False,False,True,True,True
4854,True,True,True,True,True,True,True,True
4855,True,True,False,False,False,False,False,False
4856,True,True,True,True,True,True,True,True
4857,False,False,False,False,False,True,True,True
4858,True,True,False,False,False,False,False,False
4859,True,True,True,True,True,True,True,True
4860,True,True,True,False,False,False,True,True
4861,False,False,False,False,False,True,True,True
4862,True,False,False,False,False,True,True,True
4863,True,False,False,False,False,False,False,True
4864,True,True,True,False,False,False,True,True
4865,True,False,False,False,False,False,False,False
4866,False,False,False,False,False,True,True,True
4867,True,True,True,True,False,False,True,True
4868,True,True,False,False,False,False,False,False
4869,True,True,True,False,False,False,False,True
4870,False,False,False,False,False,False,True,True
4871,True,True,False,False,False,False,False,True
4872,True,False,False,False,False,False,False,False
4873,False,False,False,False,False,False,False,True
4874,False,False,False,False,False,False,True,True
4875,False,False,False,False,False,True,True,True
4876,False,False,True,False,False,False,False,False
4877,False,False,False,False,False,False,False,False
4878,True,True,True,False,False,False,True,True
4879,True,False,False,False,False,True,True,True
4880,True,True,False,False,False,False,True,True
4881,True,True,True,True,True,True,True,True
4882,True,True,True,True,True,True,True,True
4883,True,False,False,False,False,True,True,True
4884,True,True,True,True,False,False,False,False
4885,True,True,True,False,False,True,True,True
4886,True,True,True,True,False,False,False,True
4887,False,False,False,False,False,True,True,True
4888,False,False,False,False,False,False,False,True
4889,True,True,False,False,False,True,True,True
4890,True,True,True,False,False,True,True,True
4891,True,True,True,True,False,False,False,True
4892,True,True,False,False,False,False,False,False
4893,True,True,True,False,False,False,True,True
4894,True,False,False,False,False,False,False,True
4895,False,False,False,False,False,True,True,True
4896,True,True,True,False,False,False,True,True
4897,True,True,True,False,False,False,False,True
4898,True,True,False,False,False,False,False,False
4899,True,True,True,False,False,True,True,True
4900,True,False,False,False,False,False,False,False
4901,True,True,False,False,False,True,True,True
4902,True,False,False,False,False,True,True,True
4903,True,True,True,False,False,False,False,True
4904,True,False,False,False,False,False,False,True
4905,True,True,True,True,True,True,True,True
4906,True,True,True,False,False,False,False,True
4907,False,False,False,False,False,False,False,False
4908,True,True,True,True,True,True,True,True
4909,True,True,False,False,False,True,True,True
4910,True,True,True,True,False,False,False,False
4911,True,True,True,False,False,False,False,False
4912,True,True,True,True,True,True,True,True
4913,True,False,False,False,False,True,False,True
4914,True,True,False,False,False,False,False,False
4915,True,True,True,False,False,True,True,True
4916,True,False,False,False,False,False,False,False
4917,True,False,False,False,False,False,True,True
4918,True,True,False,False,False,True,True,True
4919,True,True,True,True,True,True,True,True
4920,True,True,True,False,False,True,True,True
4921,True,True,True,False,False,True,True,True
4922,True,True,False,False,False,False,False,True
4923,True,True,False,False,False,True,True,True
4924,True,False,False,False,False,False,False,False
4925,True,True,True,True,False,False,True,True
4926,False,False,False,False,False,False,True,True
4927,True,True,True,True,False,False,True,True
4928,True,True,True,True,True,True,True,True
4929,True,False,False,False,False,False,False,False
4930,True,True,False,False,False,False,True,True
4931,True,True,True,True,True,True,True,True
4932,True,True,False,False,False,True,True,True
4933,True,True,False,False,False,False,True,True
4934,True,True,True,True,False,False,False,True
4935,False,False,False,False,False,False,False,True
4936,True,True,False,False,False,False,False,False
4937,True,False,False,False,False,False,False,False
4938,True,False,False,False,False,True,True,True
4939,False,False,False,False,False,False,False,False
4940,True,True,True,False,False,False,False,False
4941,True,True,True,True,True,True,True,True
4942,True,True,False,False,False,False,False,True
4943,True,True,True,True,True,True,True,True
4944,True,False,False,False,False,False,False,True
4945,True,True,True,False,False,False,False,False
4946,True,True,True,True,True,True,True,True
4947,False,False,False,False,False,False,False,False
4948,False,False,False,False,False,True,True,True
4949,True,True,True,True,False,False,True,True
4950,True,True,True,True,False,False,False,False
4951,True,True,False,False,False,False,False,False
4952,False,False,False,False,False,True,True,True
4953,True,True,True,True,True,True,True,True
4954,False,False,False,False,False,False,False,True
4955,True,True,True,False,False,True,True,True
4956,True,True,False,False,False,True,True,True
4957,True,False,False,False,False,True,True,True
4958,True,False,False,False,False,True,True,True
4959,True,True,True,True,True,True,True,True
4960,False,False,False,False,False,False,False,True
4961,True,True,True,True,False,False,False,True
4962,True,True,False,False,False,False,False,False
4963,True,True,True,True,False,False,False,True
4964,False,False,False,False,False,False,True,True
4965,True,True,True,True,False,False,False,True
4966,False,False,False,False,False,False,False,False
4967,True,True,True,False,False,False,False,True
4968,False,False,False,False,False,True,True,True
4969,False,False,False,False,False,True,True,True
4970,False,False,False,False,False,True,False,True
4971,True,False,False,False,False,False,False,True
4972,True,False,False,False,False,True,True,True
4973,True,False,False,False,False,True,True,True
4974,True,True,True,True,False,False,True,True
4975,False,False,False,False,False,False,False,False
4976,True,True,True,True,False,False,False,True
4977,True,True,False,False,False,True,True,True
4978,True,True,False,False,False,False,False,False
4979,True,False,False,False,False,True,True,True
4980,True,True,False,False,False,True,True,True
4981,True,False,False,False,False,False,True,True
4982,True,True,False,False,False,False,False,False
4983,True,False,False,False,False,True,True,True
4984,False,False,False,False,False,False,True,True
4985,True,True,True,False,False,False,False,False
4986,False,False,False,False,False,False,False,True
4987,True,True,True,True,False,False,False,True
4988,False,False,False,False,False,True,True,True
4989,True,True,False,False,False,False,False,True
4990,True,True,True,False,False,False,False,False
4991,False,False,False,False,False,False,False,True
4992,True,True,False,False,False,False,True,True
4993,True,True,False,False,False,True,True,True
4994,True,True,False,False,False,False,False,False
4995,True,True,False,False,False,False,False,False
4996,True,True,True,False,False,True,True,True
4997,True,True,True,True,True,True,True,True
4998,True,True,True,False,False,True,True,True
4999,False,False,False,False,False,False,True,True
5000,True,True,True,False,False,True,True,True
5001,True,True,False,False,False,False,False,False
5002,True,False,False,False,False,True,True,True
5003,False,False,False,False,False,True,True,True
5004,True,True,True,True,False,False,True,True
5005,True,True,True,True,True,True,True,True
5006,False,False,False,False,False,True,True,True
5007,False,False,False,False,False,True,False,False
5008,True,True,False,False,False,False,False,False
5009,True,True,True,True,True,True,True,True
5010,True,True,True,True,False,False,True,True
5011,True,True,True,True,False,False,False,False
5012,True,True,True,True,True,True,True,True
5013,True,True,True,True,False,False,False,True
5014,True,True,True,False,False,False,False,True
5015,True,True,False,False,False,True,True,True
5016,True,True,True,False,False,False,False,False
5017,True,True,True,False,False,False,False,True
5018,True,True,False,False,False,False,True,True
5019,True,True,True,True,False,True,True,True
5020,False,False,False,False,False,False,False,False
5021,True,False,False,False,False,False,False,False
5022,False,False,False,False,False,False,False,False
5023,True,True,True,True,True,True,True,True
5024,True,True,True,True,True,True,True,True
5025,True,False,False,False,False,False,False,False
5026,False,False,False,False,False,True,True,True
5027,True,False,False,False,False,True,True,True
5028,False,False,False,False,False,False,False,True
5029,False,False,False,False,False,False,False,False
5030,True,True,True,False,False,False,False,True
5031,False,False,False,False,False,False,False,True
5032,False,False,False,False,False,False,False,True
5033,True,True,True,True,True,True,True,True
5034,False,False,False,False,False,False,False,False
5035,True,True,True,True,False,False,False,True
5036,False,False,False,False,False,False,True,True
5037,True,False,False,False,False,False,False,True
5038,True,True,True,True,False,False,False,True
5039,False,False,False,False,False,True,True,True
5040,False,False,False,False,False,False,False,True
5041,True,True,True,True,False,False,False,False
5042,True,True,True,True,True,True,True,True
5043,True,False,False,False,False,False,False,False
5044,True,False,False,False,False,False,False,False
5045,True,True,True,False,False,False,True,True
5046,True,True,True,False,False,True,True,True
5047,False,False,False,False,False,False,True,True
5048,True,True,True,False,False,False,False,True
5049,False,False,False,False,False,True,False,False
5050,False,False,False,False,False,False,True,True
5051,False,False,False,False,False,False,True,True
5052,True,True,True,True,False,False,False,True
5053,True,True,True,True,True,True,True,True
5054,True,True,True,True,True,True,True,True
5055,True,True,True,True,False,False,False,True
5056,True,False,False,False,False,False,False,False
5057,True,True,True,False,False,False,True,True
5058,True,True,False,False,False,False,False,False
5059,True,False,False,False,False,False,False,False
5060,True,True,True,True,True,True,True,True
5061,True,True,True,False,False,True,True,True
5062,True,True,False,False,False,True,True,True
5063,True,True,False,False,False,False,False,False
5064,True,True,False,False,False,True,True,True
5065,True,True,True,True,True,True,True,True
5066,True,False,False,False,False,False,False,True
5067,False,False,False,False,False,False,False,False
5068,True,True,True,True,False,False,False,True
5069,False,False,False,False,False,False,False,False
5070,True,True,True,False,False,False,True,True
5071,False,False,False,False,False,False,False,False
5072,True,False,False,False,False,True,True,True
5073,False,False,False,False,False,True,True,True
5074,True,False,False,False,False,True,True,True
5075,True,True,False,False,False,False,False,True
5076,True,True,True,True,True,True,True,True
5077,True,True,True,True,True,True,True,True
5078,True,True,True,True,False,False,False,True
5079,True,True,True,True,True,True,True,True
5080,True,True,False,False,False,True,True,True
5081,True,True,False,False,False,False,False,False
5082,True,False,False,False,False,True,True,True
5083,False,False,False,False,False,True,True,True
5084,True,False,False,False,False,True,True,True
5085,True,True,False,False,False,True,True,True
5086,True,True,True,False,False,False,False,True
5087,True,False,False,False,False,False,True,True
5088,True,False,False,False,False,False,False,False
5089,True,True,True,False,False,False,False,False
5090,True,True,True,False,False,False,False,True
5091,True,False,False,False,False,False,False,False
5092,True,True,True,False,False,False,True,True
5093,True,True,True,True,True,True,True,True
5094,True,True,False,False,False,False,True,True
5095,False,False,False,False,False,False,True,True
5096,False,True,False,False,False,False,True,True
5097,True,True,True,False,False,False,False,True
5098,True,True,True,False,False,False,False,True
5099,True,True,True,False,False,False,False,True
5100,True,True,True,True,True,True,True,True
5101,True,True,True,True,True,True,True,True
5102,True,True,True,False,False,True,True,True
5103,False,False,False,False,False,True,True,True
5104,True,True,True,True,False,True,True,True
5105,False,False,False,False,False,False,False,True
5106,False,False,False,False,False,True,True,True
5107,True,True,True,True,False,False,False,False
5108,False,False,False,False,False,True,True,True
5109,True,True,True,True,False,False,False,False
5110,False,False,False,False,False,False,False,True
5111,True,True,True,False,False,False,False,False
5112,True,True,False,False,False,False,True,True
5113,True,True,True,False,False,False,False,False
5114,True,True,True,True,False,False,False,True
5115,False,False,False,False,False,False,True,True
5116,True,True,False,False,False,False,False,False
5117,True,True,True,True,True,True,True,True
5118,True,True,False,False,False,True,True,True
5119,True,True,True,True,False,False,False,False
5120,True,True,True,True,True,True,True,True
5121,True,False,False,False,False,True,True,True
5122,True,True,True,True,True,True,True,True
5123,True,True,True,True,True,True,True,True
5124,True,True,True,True,False,False,False,False
5125,True,True,True,True,False,False,True,True
5126,True,True,True,False,False,True,True,True
5127,True,True,True,True,False,False,False,False
5128,False,False,False,False,False,False,False,False
5129,True,False,False,False,False,False,True,True
5130,True,True,False,False,False,False,False,True
5131,True,False,False,False,False,False,False,True
5132,False,False,False,False,False,True,True,True
5133,True,False,False,False,False,False,False,False
5134,True,True,True,True,False,True,True,True
5135,True,False,False,False,False,False,True,True
5136,False,False,False,False,False,False,False,False
5137,True,False,False,False,False,True,True,True
5138,False,False,False,False,False,True,False,True
5139,False,False,False,False,False,False,True,True
5140,True,False,False,False,False,True,True,True
5141,True,True,True,True,False,True,True,True
5142,False,False,False,False,False,True,True,True
5143,True,True,False,False,False,True,True,True
5144,True,True,True,True,False,False,False,False
5145,True,True,False,False,False,True,True,True
5146,True,True,True,False,False,True,True,True
5147,True,True,True,True,False,False,False,False
5148,True,True,True,True,True,True,True,True
5149,False,False,False,False,False,True,True,True
5150,True,True,True,False,False,False,False,False
5151,True,True,True,False,False,False,False,True
5152,True,False,False,False,False,False,False,True
5153,True,False,False,False,False,True,True,True
5154,True,True,True,True,False,False,False,False
5155,True,True,True,True,True,True,True,True
5156,True,True,True,False,False,True,True,True
5157,True,False,False,False,False,False,False,True
5158,True,True,False,False,False,True,True,True
5159,False,False,False,False,False,True,True,True
5160,True,False,False,False,False,False,True,True
5161,True,True,True,False,False,False,False,False
5162,False,False,False,False,False,False,False,True
5163,True,False,False,False,False,False,False,True
5164,True,True,True,True,False,False,False,True
5165,True,True,True,True,False,False,False,False
5166,False,False,False,False,False,True,True,True
5167,True,True,True,False,False,True,True,True
5168,False,False,False,False,False,True,True,True
5169,False,False,False,False,False,True,True,True
5170,True,False,False,False,False,True,True,True
5171,True,True,True,True,True,True,True,True
5172,True,True,False,False,False,False,False,True
5173,True,True,True,False,False,True,True,True
5174,False,False,False,False,False,True,True,True
5175,True,True,True,False,False,False,True,True
5176,False,False,False,False,False,False,False,False
5177,False,False,False,False,False,True,True,True
5178,True,True,True,True,True,True,True,True
5179,True,True,True,True,True,True,True,True
5180,False,False,False,False,False,True,True,True
5181,True,True,False,False,False,True,True,True
5182,False,False,False,False,False,False,False,True
5183,True,True,True,True,False,False,False,True
5184,False,False,False,False,False,True,True,True
5185,False,False,False,False,False,True,True,True
5186,True,True,False,False,False,False,False,False
5187,True,True,True,True,False,True,True,True
5188,False,False,False,False,False,False,False,False
5189,True,True,True,True,False,False,False,True
5190,True,False,False,False,False,True,True,True
5191,True,True,True,True,False,False,False,False
5192,True,False,False,False,False,False,True,True
5193,True,False,False,False,False,False,False,False
5194,True,True,True,True,True,True,True,True
5195,True,True,True,False,False,True,True,True
5196,False,False,False,False,False,True,True,True
5197,False,False,False,False,False,True,False,True
5198,True,False,False,False,False,True,True,True
5199,True,True,False,False,False,False,True,True
5200,False,False,False,False,False,True,False,True
5201,False,False,False,False,False,True,True,True
5202,True,True,True,True,False,False,False,False
5203,True,True,False,False,False,False,False,True
5204,True,False,False,False,False,True,True,True
5205,False,False,False,False,False,False,True,True
5206,True,True,True,True,False,True,True,True
5207,True,True,True,True,True,True,True,True
5208,True,True,True,True,True,True,True,True
5209,True,True,False,False,False,True,True,True
5210,True,True,False,False,False,False,False,False
5211,True,True,True,True,True,True,True,True
5212,False,False,False,False,False,True,True,True
5213,True,True,True,False,False,False,False,False
5214,True,True,True,True,False,True,True,True
5215,True,True,True,True,False,False,True,True
5216,True,True,False,False,False,True,True,True
5217,True,False,False,False,False,False,False,True
5218,True,False,False,False,False,True,True,True
5219,False,False,False,False,False,False,False,True
5220,True,True,True,True,False,False,False,False
5221,False,False,False,False,False,True,False,False
5222,True,True,False,False,False,False,False,False
5223,False,False,False,False,False,False,False,True
5224,False,False,False,False,False,True,True,True
5225,False,False,False,False,False,True,True,True
5226,True,True,True,False,False,False,True,True
5227,False,False,False,False,False,True,True,True
5228,True,True,True,False,False,False,True,True
5229,True,True,True,False,False,False,False,True
5230,True,True,True,True,False,False,False,True
5231,True,True,True,True,False,False,True,True
5232,True,False,False,False,False,False,False,True
5233,True,False,False,False,False,False,True,True
5234,False,False,False,False,False,True,True,True
5235,True,True,True,False,False,False,False,True
5236,True,True,True,False,False,False,False,True
5237,False,False,False,False,False,True,True,True
5238,True,True,False,False,False,False,False,True
5239,False,False,False,False,False,True,True,True
5240,True,False,False,False,False,True,True,True
5241,False,False,False,False,False,False,False,False
5242,True,False,False,False,False,False,False,False
5243,True,True,True,True,True,True,True,True
5244,False,False,False,False,False,False,False,False
5245,True,False,False,False,False,False,False,False
5246,False,False,False,False,False,False,False,False
5247,True,True,True,True,False,False,False,False
5248,True,True,True,True,True,True,True,True
5249,False,False,False,False,False,True,True,True
5250,True,True,True,True,True,True,True,True
5251,False,False,False,False,False,True,False,True
5252,True,True,False,False,False,False,False,True
5253,True,True,True,True,True,True,True,True
5254,True,True,True,True,False,True,True,True
5255,True,False,False,False,False,False,False,False
5256,True,True,True,True,True,True,True,True
5257,False,False,False,False,False,True,True,True
5258,True,True,True,False,False,False,False,True
5259,True,True,False,False,False,True,True,True
5260,True,False,False,False,False,True,True,True
5261,True,True,True,True,False,False,False,True
5262,True,True,False,False,False,False,False,True
5263,True,True,False,False,False,False,False,True
5264,True,False,False,False,False,False,True,True
5265,True,False,False,False,False,True,True,True
5266,False,False,False,False,False,True,False,False
5267,True,True,True,False,False,False,False,False
5268,True,True,True,True,True,True,True,True
5269,True,True,True,True,False,False,True,True
5270,True,True,True,False,False,True,True,True
5271,True,True,True,True,True,True,True,True
5272,True,True,True,False,False,False,True,True
5273,True,True,True,False,False,True,True,True
5274,True,False,False,False,False,False,True,True
5275,True,False,False,False,False,False,True,True
5276,True,True,False,False,False,False,False,False
5277,True,True,True,True,True,True,True,True
5278,False,False,False,False,False,False,False,True
5279,True,True,True,False,False,False,False,True
5280,True,True,False,False,False,True,True,True
5281,True,True,True,False,False,True,True,True
5282,True,True,True,True,False,False,False,False
5283,True,True,True,False,False,False,False,False
5284,True,True,True,False,False,False,False,False
5285,True,True,True,False,False,True,True,True
5286,True,True,True,False,False,False,False,False
5287,True,False,False,False,False,True,True,True
5288,True,False,False,False,False,False,True,True
5289,True,False,False,False,False,True,True,True
5290,False,False,False,False,False,False,False,True
5291,True,True,True,True,True,True,True,True
5292,True,False,False,False,False,False,False,False
5293,False,False,False,False,False,False,False,True
5294,True,True,False,False,False,False,True,True
5295,True,True,True,True,False,True,True,True
5296,True,True,True,True,False,False,False,True
5297,False,False,False,False,False,False,True,True
5298,True,True,True,False,False,False,False,True
5299,False,False,False,False,False,False,False,False
5300,False,False,False,False,False,False,False,False
5301,False,False,False,False,False,True,True,True
5302,True,True,False,False,False,True,True,True
5303,True,True,False,False,False,True,True,True
5304,True,False,False,False,False,True,True,True
5305,True,True,False,False,False,True,True,True
5306,True,True,True,False,False,False,False,True
5307,True,True,False,False,False,False,False,False
5308,False,False,False,False,False,False,True,True
5309,False,False,False,False,False,False,True,True
5310,True,True,True,True,True,True,True,True
5311,True,True,True,False,False,False,False,True
5312,False,False,False,False,False,False,False,True
5313,True,True,True,True,False,False,True,True
5314,True,True,True,True,False,False,False,False
5315,True,False,False,False,False,False,False,True
5316,False,False,False,False,False,True,True,True
5317,False,False,False,False,False,False,False,True
5318,True,True,False,False,False,True,True,True
5319,False,False,False,False,False,True,True,True
5320,True,True,False,False,False,False,False,False
5321,False,False,False,False,False,False,False,True
5322,True,False,False,False,False,False,False,False
5323,False,False,False,False,False,True,True,True
5324,True,False,False,False,False,False,False,True
5325,True,True,False,False,False,True,True,True
5326,True,True,True,True,True,True,True,True
5327,True,True,True,False,False,False,False,False
5328,False,False,False,False,False,False,True,True
5329,False,False,False,False,False,True,True,True
5330,False,False,False,False,False,False,False,False
5331,True,True,True,True,False,False,False,False
5332,True,False,False,False,False,True,True,True
5333,True,True,False,False,False,False,True,True
5334,False,False,False,False,False,True,True,True
5335,True,True,True,False,False,False,False,False
5336,True,True,False,False,False,False,False,True
5337,True,True,True,False,False,True,True,True
5338,True,False,False,False,False,True,True,True
5339,True,True,True,True,False,False,True,True
5340,True,False,False,False,False,False,False,False
5341,True,True,False,False,False,False,False,False
5342,True,True,True,True,False,True,True,True
5343,True,True,False,False,False,False,False,False
5344,True,True,False,False,False,False,False,True
5345,True,True,False,False,False,False,False,False
5346,True,True,True,True,True,True,True,True
5347,True,True,False,False,False,True,True,True
5348,True,True,False,False,False,False,False,True
5349,True,True,False,False,False,True,True,True
5350,True,False,False,False,False,False,False,True
5351,True,True,True,False,False,False,True,True
5352,True,True,True,False,False,False,False,False
5353,False,False,False,False,False,True,False,False
5354,True,True,True,False,False,False,False,False
5355,False,False,False,False,False,False,False,False
5356,True,True,True,False,False,False,False,False
5357,True,True,True,True,True,True,True,True
5358,True,True,True,True,True,True,True,True
5359,True,True,True,True,True,True,True,True
5360,True,True,False,False,False,True,True,True
5361,True,False,False,False,False,False,False,True
5362,True,True,True,False,False,False,False,False
5363,True,True,True,True,True,True,True,True
5364,True,True,True,True,True,True,True,True
5365,True,True,True,True,False,False,False,False
5366,True,True,False,False,False,False,False,True
5367,True,True,True,True,False,False,True,True
5368,True,True,True,True,False,True,True,True
5369,True,True,True,True,False,False,True,True
5370,True,True,False,False,False,True,True,True
5371,True,True,False,False,False,True,True,True
5372,False,False,False,False,False,False,False,True
5373,True,False,False,False,False,False,False,False
5374,True,True,True,True,True,True,True,True
5375,True,False,False,False,False,False,True,True
5376,True,True,True,True,False,False,True,True
5377,True,True,False,False,False,False,False,False
5378,True,True,True,False,False,False,False,True
5379,True,True,True,False,False,False,False,False
5380,False,False,False,False,False,True,True,True
5381,False,False,False,False,False,False,False,False
5382,False,False,False,False,False,True,False,False
5383,True,False,False,False,False,False,True,True
5384,False,False,False,False,False,True,True,True
5385,True,False,False,False,False,True,True,True
5386,True,True,True,True,False,True,True,True
5387,True,True,True,False,False,False,False,False
5388,True,True,False,False,False,False,False,True
5389,False,False,False,False,False,True,True,True
5390,False,False,False,False,False,True,True,True
5391,True,False,False,False,False,False,False,False
5392,True,False,False,False,False,False,False,False
5393,True,False,False,False,False,True,False,False
5394,True,True,True,True,False,False,False,False
5395,True,True,True,True,True,True,True,True
5396,True,True,True,True,False,False,False,False
5397,True,True,True,False,False,False,False,True
5398,True,False,False,False,False,True,False,False
5399,True,True,False,False,False,True,True,True
5400,True,True,False,False,False,False,False,True
5401,True,True,True,False,False,False,False,False
5402,False,False,False,False,False,True,True,True
5403,True,True,True,True,True,True,True,True
5404,True,True,False,False,False,False,False,True
5405,True,False,False,False,False,False,False,True
5406,True,True,True,False,False,False,False,True
5407,True,True,True,False,False,False,False,False
5408,True,True,True,True,False,True,True,True
5409,True,False,False,False,False,False,False,False
5410,True,True,False,False,False,False,False,True
5411,True,True,True,False,False,True,True,True
5412,True,True,True,True,True,True,True,True
5413,True,True,True,True,True,True,True,True
5414,True,True,False,False,False,False,False,False
5415,True,True,True,True,False,False,False,True
5416,True,False,False,False,False,True,True,True
5417,True,True,False,False,False,False,False,False
5418,True,False,False,False,False,False,False,False
5419,True,False,False,False,False,True,True,True
5420,True,True,True,False,False,False,True,True
5421,True,True,True,True,False,False,False,True
5422,True,True,False,False,False,False,False,True
5423,False,False,False,False,False,True,False,False
5424,True,True,True,False,False,False,False,False
5425,True,True,True,False,False,True,True,True
5426,True,True,True,True,True,True,True,True
5427,True,True,True,False,False,True,True,True
5428,True,True,True,True,True,True,True,True
5429,True,True,True,False,False,False,False,True
5430,False,False,False,False,False,True,True,True
5431,True,True,True,True,False,True,True,True
5432,False,False,False,False,False,True,True,True
5433,True,True,True,True,True,True,True,True
5434,True,False,False,False,False,True,True,True
5435,False,False,False,False,False,True,True,True
5436,True,True,False,False,False,True,True,True
5437,True,False,False,False,False,False,False,False
5438,True,False,False,False,False,True,True,True
5439,False,False,False,False,False,False,False,False
5440,True,True,True,True,False,False,False,False
5441,True,True,True,True,True,True,True,True
5442,True,True,False,False,False,False,False,False
5443,False,False,False,False,False,True,True,True
5444,True,True,True,True,False,True,True,True
5445,True,True,True,False,False,True,True,True
5446,True,True,False,False,False,False,True,True
5447,True,True,True,False,False,False,False,True
5448,True,True,False,False,False,False,False,True
5449,False,False,False,False,False,True,True,True
5450,True,False,False,False,False,False,False,True
5451,True,False,False,False,False,True,False,False
5452,False,False,False,False,False,False,False,True
5453,True,False,False,False,False,True,True,True
5454,False,False,False,False,False,True,True,True
5455,False,False,False,False,False,False,False,True
5456,True,False,False,False,False,False,False,False
5457,True,True,True,True,True,True,True,True
5458,False,False,False,False,False,True,True,True
5459,True,True,True,True,False,False,True,True
5460,False,False,False,False,False,False,False,False
5461,True,False,False,False,False,True,True,True
5462,False,False,False,False,False,True,False,True
5463,False,False,False,False,False,False,False,False
5464,False,False,False,False,False,False,True,True
5465,True,False,False,False,False,False,False,False
5466,True,True,True,True,False,False,True,True
5467,True,True,True,True,False,False,True,True
5468,True,True,True,True,False,False,True,True
5469,False,False,False,False,False,False,True,True
5470,False,False,False,False,False,False,True,True
5471,True,True,False,False,False,True,False,False
5472,True,True,False,False,False,False,False,True
5473,True,True,False,False,False,False,False,True
5474,True,True,True,True,False,False,False,False
5475,False,False,False,False,False,True,True,True
5476,True,True,True,True,False,False,False,False
5477,True,False,False,False,False,True,True,True
5478,True,True,True,False,False,False,False,True
5479,True,True,True,False,False,False,True,True
5480,True,True,True,False,False,True,True,True
5481,False,False,False,False,False,False,False,False
5482,False,False,False,False,False,True,True,True
5483,True,True,True,True,True,True,True,True
5484,True,False,False,False,False,False,True,True
5485,False,False,False,False,False,False,True,True
5486,True,True,False,False,False,False,False,False
5487,False,False,False,False,False,False,True,True
5488,True,True,True,False,False,False,False,True
5489,True,False,False,False,False,False,False,False
5490,True,True,False,False,False,False,False,True
5491,False,False,False,False,False,True,True,True
5492,False,False,False,False,False,True,False,True
5493,True,True,True,False,False,False,False,True
5494,True,False,False,False,False,False,True,True
5495,True,False,False,False,False,True,True,True
5496,True,True,False,False,False,False,False,True
5497,True,True,True,True,False,False,False,True
5498,True,True,True,True,False,True,True,True
5499,True,True,False,False,False,True,True,True
5500,True,False,False,False,False,False,True,True
5501,False,False,False,False,False,False,False,False
5502,True,False,False,False,False,True,True,True
5503,True,True,False,False,False,False,False,True
5504,True,True,False,False,False,False,True,True
5505,True,False,False,False,False,True,False,True
5506,True,True,False,False,False,False,True,True
5507,True,False,False,False,False,False,False,True
5508,True,True,False,False,False,False,False,False
5509,False,False,False,False,False,False,True,True
5510,True,False,False,False,False,False,True,True
5511,True,True,True,True,False,False,False,False
5512,True,True,False,False,False,False,False,True
5513,False,False,False,False,False,False,False,False
5514,True,True,True,False,False,False,False,True
5515,True,False,False,False,False,False,False,True
5516,True,True,True,True,True,True,True,True
5517,True,False,False,False,False,False,False,False
5518,False,False,False,False,False,True,True,True
5519,True,True,True,True,True,True,True,True
5520,True,True,False,False,False,False,False,True
5521,True,True,True,True,True,True,True,True
5522,True,False,False,False,False,True,True,True
5523,True,True,False,False,False,True,True,True
5524,True,True,True,False,False,False,False,True
5525,True,True,True,True,False,False,True,True
5526,True,False,False,False,False,False,False,False
5527,True,False,False,False,False,True,True,True
5528,True,True,True,True,True,True,True,True
5529,False,False,False,False,False,False,False,True
5530,True,True,True,True,False,False,False,True
5531,False,False,False,False,False,True,True,True
5532,True,False,False,False,False,False,True,True
5533,True,True,False,False,False,False,False,True
5534,True,True,False,False,False,False,True,True
5535,True,True,False,False,False,False,True,True
5536,True,False,False,False,False,True,True,True
5537,True,False,False,False,False,False,False,False
5538,True,False,False,False,False,False,False,True
5539,True,True,False,False,False,False,False,True
5540,True,False,False,False,False,True,True,True
5541,False,False,False,False,False,False,False,True
5542,False,False,False,False,False,True,True,True
5543,True,True,True,False,False,True,True,True
5544,True,False,False,False,False,True,True,True
5545,False,False,False,False,False,False,True,True
5546,True,True,True,True,True,True,True,True
5547,True,True,False,False,False,False,True,True
5548,True,True,False,False,False,True,True,True
5549,True,False,False,False,False,True,False,False
5550,True,True,True,True,False,True,True,True
5551,False,False,False,False,False,False,False,True
5552,True,True,True,True,True,True,True,True
5553,True,True,True,True,False,False,True,True
5554,True,True,False,False,False,False,False,True
5555,False,False,False,False,False,False,False,False
5556,True,False,False,False,False,True,False,False
5557,True,True,True,True,False,False,False,False
5558,True,False,False,False,False,False,True,True
5559,False,False,False,False,False,True,True,True
5560,True,True,False,False,False,True,True,True
5561,True,False,False,False,False,True,True,True
5562,True,True,False,False,False,False,False,False
5563,False,False,False,False,False,False,False,False
5564,True,True,False,False,False,True,True,True
5565,True,True,True,True,True,True,True,True
5566,False,False,False,False,False,False,False,True
5567,True,True,True,True,True,True,True,True
5568,True,True,True,False,False,False,False,True
5569,True,True,True,False,False,False,False,True
5570,False,False,False,False,False,True,True,True
5571,True,True,True,True,True,True,True,True
5572,True,True,False,False,False,False,True,True
5573,True,False,False,False,False,True,False,True
5574,False,False,False,False,False,True,True,True
5575,False,False,False,False,False,False,True,True
5576,True,True,False,False,False,False,False,True
5577,True,True,False,False,False,False,False,False
5578,True,True,True,False,False,False,False,True
5579,True,True,False,False,False,True,True,True
5580,True,True,False,False,False,False,False,True
5581,False,False,False,False,False,True,False,True
5582,True,False,False,False,False,False,False,False
5583,True,True,False,False,False,False,True,True
5584,True,False,False,False,False,True,True,True
5585,True,True,False,False,False,False,False,False
5586,True,True,True,True,False,True,True,True
5587,False,False,False,False,False,True,False,False
5588,True,True,True,True,False,True,True,True
5589,True,True,False,False,False,True,True,True
5590,True,True,True,False,False,False,False,True
5591,True,True,True,True,True,True,True,True
5592,True,True,True,True,True,True,True,True
5593,True,True,True,False,False,True,True,True
5594,False,False,False,False,False,False,False,True
5595,True,True,False,False,False,False,True,True
5596,False,False,False,False,False,False,True,True
5597,False,False,False,False,False,True,True,True
5598,True,True,True,True,False,False,True,True
5599,True,True,True,False,False,False,False,False
5600,True,True,False,False,False,False,False,False
5601,False,False,False,False,False,False,False,True
5602,True,True,True,False,False,False,False,False
5603,True,True,False,False,False,True,True,True
5604,True,True,True,False,False,False,False,True
5605,True,True,True,False,False,True,True,True
5606,True,True,False,False,False,False,False,True
5607,True,False,False,False,False,True,False,False
5608,False,False,False,False,False,False,True,True
5609,True,True,True,True,True,True,True,True
5610,True,True,True,True,True,True,True,True
5611,True,False,False,False,False,False,False,False
5612,True,True,False,False,False,False,False,False
5613,False,False,False,False,False,True,True,True
5614,True,True,True,False,False,True,True,True
5615,False,False,False,False,False,False,False,True
5616,True,True,True,True,False,False,False,True
5617,False,False,False,False,False,True,True,True
5618,True,False,False,False,False,False,False,False
5619,True,True,True,False,False,True,True,True
5620,True,False,False,False,False,False,False,True
5621,True,True,False,False,False,False,False,True
5622,True,True,False,False,False,False,False,False
5623,True,True,True,False,False,False,False,True
5624,True,True,True,True,True,True,True,True
5625,True,True,True,True,False,False,False,False
5626,True,True,True,True,False,True,True,True
5627,True,False,False,False,False,True,True,True
5628,True,True,True,True,False,False,True,True
5629,True,False,False,False,False,True,True,True
5630,True,False,False,False,False,False,False,True
5631,True,True,False,False,False,False,False,False
5632,True,False,False,False,False,False,False,False
5633,True,True,False,False,False,False,True,True
5634,False,False,False,False,False,True,False,True
5635,True,True,True,True,False,False,False,False
5636,True,True,True,True,False,False,False,False
5637,True,False,False,False,False,False,False,False
5638,True,True,False,False,False,False,False,True
5639,True,True,False,False,False,False,False,True
5640,True,True,False,False,False,False,False,False
5641,False,False,False,False,False,False,True,True
5642,False,False,False,False,False,True,True,True
5643,False,False,False,False,False,False,True,True
5644,False,False,False,False,False,False,False,True
5645,True,True,True,False,False,True,True,True
5646,True,True,True,False,False,False,True,True
5647,True,True,True,False,False,False,False,False
5648,True,False,False,False,False,False,False,True
5649,True,True,True,True,True,True,True,True
5650,True,True,False,False,False,False,False,False
5651,True,True,True,True,False,True,True,True
5652,True,True,True,False,False,False,True,True
5653,False,False,False,False,False,False,False,False
5654,True,True,True,False,False,False,False,False
5655,True,False,False,False,False,True,True,True
5656,True,True,False,False,False,False,False,True
5657,False,False,False,False,False,True,True,True
5658,True,True,False,False,False,False,False,False
5659,False,False,False,False,False,True,True,True
5660,True,True,True,True,True,True,True,True
5661,True,True,True,False,False,True,True,True
5662,True,False,False,False,False,False,True,True
5663,True,True,True,True,False,False,False,False
5664,True,False,False,False,False,True,False,True
5665,True,True,True,True,False,False,False,False
5666,False,False,False,False,False,True,True,True
5667,True,True,True,True,False,False,False,True
5668,True,True,True,False,False,True,True,True
5669,True,True,False,False,False,False,False,True
5670,True,True,False,False,False,False,True,False
5671,True,True,False,False,False,False,False,False
5672,True,True,True,False,False,False,False,True
5673,False,False,False,False,False,True,True,True
5674,True,True,True,True,True,True,True,True
5675,False,False,False,False,False,True,True,True
5676,True,True,False,False,False,False,False,False
5677,True,True,True,False,False,False,False,True
5678,False,False,False,False,False,True,True,True
5679,True,False,False,False,False,False,False,False
5680,False,False,False,False,False,True,True,True
5681,True,True,False,False,False,False,True,True
5682,True,True,True,True,False,False,False,True
5683,False,False,False,False,False,False,True,True
5684,True,True,True,False,False,True,True,True
5685,True,False,False,False,False,True,True,True
5686,True,True,True,False,False,False,False,False
5687,True,True,True,True,True,True,True,True
5688,True,True,True,True,False,False,False,False
5689,False,False,False,False,False,False,True,True
5690,True,False,False,False,False,True,True,True
5691,True,True,True,False,False,True,True,True
5692,True,True,False,False,False,False,False,False
5693,True,True,False,False,False,True,True,True
5694,True,True,True,True,False,True,True,True
5695,False,False,False,False,False,True,True,True
5696,True,True,True,True,True,True,True,True
5697,True,True,False,False,False,False,False,False
5698,True,True,True,True,False,False,True,True
5699,False,False,False,False,False,True,False,False
5700,True,True,True,True,True,True,True,True
5701,True,True,False,False,False,False,False,False
5702,True,True,True,False,False,False,False,True
5703,False,False,False,False,False,False,True,True
5704,True,True,True,False,False,False,False,True
5705,False,False,False,False,False,False,True,True
5706,True,False,False,False,False,False,False,False
5707,True,False,False,False,False,True,True,True
5708,True,True,True,True,False,True,True,True
5709,True,False,False,False,False,False,False,True
5710,True,True,True,False,False,False,False,False
5711,True,True,True,True,False,False,True,True
5712,True,True,True,True,False,True,True,True
5713,True,True,True,True,True,True,True,True
5714,True,False,False,False,False,False,False,True
5715,True,True,True,True,True,True,True,True
5716,True,True,True,True,False,False,False,False
5717,True,True,True,False,False,False,False,False
5718,True,False,False,False,False,True,True,True
5719,True,True,True,True,False,True,True,True
5720,True,True,True,True,True,True,True,True
5721,False,False,False,False,False,False,False,True
5722,False,False,False,False,False,False,True,True
5723,True,True,True,True,False,False,False,True
5724,True,True,True,True,True,True,True,True
5725,False,False,False,False,False,False,False,False
5726,True,False,False,False,False,False,False,True
5727,True,True,False,False,False,False,False,False
5728,True,True,False,False,False,False,False,True
5729,True,True,True,False,False,False,False,True
5730,True,True,True,False,False,False,False,False
5731,True,False,False,False,False,True,True,True
5732,False,False,False,False,False,False,False,False
5733,True,False,False,False,False,False,False,False
5734,True,False,False,False,False,False,True,True
5735,False,False,False,False,False,False,False,True
5736,True,True,True,True,True,True,True,True
5737,False,False,False,False,False,False,False,False
5738,True,True,False,False,False,False,False,False
5739,True,True,True,False,False,False,False,True
5740,False,False,False,False,False,False,False,False
5741,True,True,False,False,False,False,False,True
5742,True,True,False,False,False,False,False,True
5743,True,True,True,False,False,True,True,True
5744,True,True,True,True,False,False,False,True
5745,True,True,True,True,False,False,False,True
5746,True,False,False,False,False,False,False,False
5747,True,True,True,True,True,True,True,True
5748,True,True,True,True,False,False,True,True
5749,False,False,False,False,False,False,False,True
5750,True,True,False,False,False,True,False,False
5751,True,True,True,False,False,True,True,True
5752,True,False,False,False,False,True,True,True
5753,False,False,False,False,False,False,False,True
5754,True,True,True,False,False,False,True,True
5755,True,True,False,False,False,True,True,True
5756,True,False,False,False,False,False,False,True
5757,False,False,False,False,False,True,False,True
5758,True,True,True,False,False,True,True,True
5759,True,True,True,False,False,True,True,True
5760,False,False,False,False,False,True,True,True
5761,True,True,True,True,True,True,True,True
5762,True,True,True,False,False,True,True,True
5763,True,True,True,False,False,False,False,False
5764,True,True,True,False,False,True,True,True
5765,True,True,True,True,True,True,True,True
5766,False,False,False,False,False,False,False,False
5767,True,True,True,True,True,True,True,True
5768,True,True,False,False,False,True,True,True
5769,True,False,False,False,False,True,True,True
5770,True,True,True,True,False,False,False,True
5771,True,False,False,False,False,False,False,False
5772,True,False,False,False,False,False,True,True
5773,True,False,False,False,False,False,False,True
5774,True,False,False,False,False,True,True,True
5775,False,False,False,False,False,True,True,True
5776,True,False,False,False,False,True,True,True
5777,True,True,True,False,False,False,False,False
5778,True,False,False,False,False,False,False,False
5779,True,False,False,False,False,False,False,False
5780,False,False,False,False,False,False,True,True
5781,False,False,False,False,False,True,True,True
5782,True,True,True,False,False,True,True,True
5783,True,True,False,False,False,False,False,True
5784,True,True,True,False,False,False,True,True
5785,True,True,False,False,False,False,False,False
5786,False,False,False,False,False,False,False,True
5787,True,True,True,True,False,False,False,False
5788,True,False,False,False,False,False,False,False
5789,True,True,True,False,False,False,False,True
5790,True,True,True,True,True,True,True,True
5791,False,False,False,False,False,True,True,True
5792,True,True,True,True,True,True,True,True
5793,True,True,False,False,False,False,False,False
5794,True,True,True,True,False,False,False,True
5795,True,True,True,True,True,True,True,True
5796,False,False,False,False,False,True,True,True
5797,True,True,True,True,True,True,True,True
5798,True,True,True,False,False,False,False,True
5799,True,True,False,False,False,False,False,False
5800,True,False,False,False,False,False,True,True
5801,False,False,False,False,False,True,True,True
5802,True,False,False,False,False,False,False,True
5803,True,True,True,True,False,False,False,False
5804,True,True,False,False,False,False,False,True
5805,True,False,False,False,False,False,False,False
5806,True,True,True,True,False,False,False,True
5807,True,True,True,True,True,True,True,True
5808,True,True,True,True,True,True,True,True
5809,True,True,True,True,False,False,False,True
5810,True,False,False,False,False,False,False,False
5811,False,False,False,False,False,True,True,True
5812,True,True,True,True,True,True,True,True
5813,False,False,False,False,False,False,False,False
5814,True,True,True,True,False,False,True,True
5815,True,True,False,False,False,True,True,True
5816,False,False,False,False,False,True,True,True
5817,True,False,False,False,False,False,False,False
5818,True,True,False,False,False,True,True,True
5819,True,True,True,True,True,True,True,True
5820,True,True,True,False,False,False,True,True
5821,True,True,True,True,True,True,True,True
5822,True,True,True,True,False,False,False,False
5823,True,True,True,True,False,False,False,True
5824,True,True,True,True,False,False,True,True
5825,True,True,True,True,True,True,True,True
5826,True,False,False,False,False,False,True,True
5827,True,True,True,False,False,False,False,False
5828,True,True,True,False,False,True,True,True
5829,True,True,True,True,False,False,True,True
5830,True,False,False,False,False,True,True,True
5831,True,False,False,False,False,True,True,True
5832,True,True,False,False,False,False,True,True
5833,True,True,False,False,False,False,False,False
5834,False,False,False,False,False,False,False,False
5835,False,False,False,False,False,False,False,True
5836,False,False,False,False,False,False,False,True
5837,True,False,False,False,False,False,False,False
5838,True,True,False,False,False,True,True,True
5839,True,False,False,False,False,False,False,True
5840,True,True,True,True,False,True,True,True
5841,False,False,False,False,False,False,False,False
5842,True,True,False,False,False,True,True,True
5843,True,False,False,False,False,False,False,False
5844,True,True,False,False,False,True,True,True
5845,False,False,False,False,False,False,False,True
5846,True,True,False,False,False,False,False,False
5847,True,True,True,False,False,False,True,True
5848,True,True,True,False,False,False,True,True
5849,True,False,False,False,False,False,False,False
5850,True,False,False,False,False,False,False,True
5851,True,True,True,False,False,False,False,True
5852,True,False,False,False,False,False,False,False
5853,True,False,False,False,False,True,True,True
5854,True,False,False,False,False,True,True,True
5855,False,False,False,False,False,True,True,True
5856,True,False,False,False,False,False,False,True
5857,False,False,False,False,False,False,False,False
5858,True,True,True,True,False,False,False,True
5859,True,True,False,False,False,False,False,True
5860,False,False,False,False,False,False,False,True
5861,True,True,False,False,False,True,True,True
5862,True,True,True,False,False,False,False,False
5863,True,True,True,True,True,True,True,True
5864,True,True,True,True,False,False,True,True
5865,False,False,False,False,False,True,True,True
5866,False,False,False,False,False,True,False,True
5867,True,False,False,False,False,True,True,True
5868,True,True,True,True,False,False,False,True
5869,True,False,False,False,False,False,False,True
5870,False,False,False,False,False,False,False,True
5871,True,True,True,True,True,True,True,True
5872,True,False,False,False,False,False,False,False
5873,True,True,True,True,False,True,True,True
5874,True,True,True,True,False,False,True,True
5875,True,True,True,True,True,True,True,True
5876,True,True,True,True,True,True,True,True
5877,True,False,False,False,False,True,True,True
5878,False,False,False,False,False,True,True,True
5879,True,False,False,False,False,True,True,True
5880,False,False,False,False,False,True,True,True
5881,True,True,False,False,False,False,True,True
5882,True,True,True,False,False,True,True,True
5883,True,True,True,False,False,False,False,False
5884,True,True,True,True,True,True,True,True
5885,True,True,False,False,False,False,False,False
5886,True,True,True,True,False,True,True,True
5887,True,True,True,False,False,True,True,True
5888,True,False,False,False,False,False,False,True
5889,True,True,True,True,False,False,False,True
5890,True,True,True,False,False,False,False,False
5891,True,True,False,False,False,True,True,True
5892,True,True,False,False,False,False,False,False
5893,False,False,False,False,False,False,False,True
5894,True,False,False,False,False,False,True,True
5895,True,False,False,False,False,False,True,True
5896,True,True,False,False,False,True,True,True
5897,True,True,True,False,False,False,False,False
5898,False,True,False,False,False,True,False,False
5899,True,False,False,False,False,True,True,True
5900,False,False,False,False,False,True,True,True
5901,True,True,True,True,True,True,True,True
5902,True,True,False,False,False,False,False,False
5903,True,True,True,False,False,False,True,True
5904,True,True,True,False,False,True,True,True
5905,True,True,True,False,False,True,True,True
5906,False,False,False,False,False,True,True,True
5907,True,True,True,True,False,False,False,False
5908,False,False,False,False,False,True,True,True
5909,True,True,True,False,False,False,False,True
5910,True,True,False,False,False,True,True,True
5911,False,False,False,False,False,True,True,True
5912,False,False,False,False,False,False,False,False
5913,True,True,True,True,False,False,False,False
5914,True,True,True,False,False,False,False,True
5915,False,False,False,False,False,True,True,True
5916,True,True,True,False,False,True,True,True
5917,True,True,True,True,False,False,False,False
5918,False,False,False,False,False,True,True,True
5919,True,True,True,False,False,False,False,False
5920,True,False,False,False,False,False,False,False
5921,False,False,False,False,False,True,True,True
5922,True,False,False,False,False,True,True,True
5923,False,False,False,False,False,False,False,True
5924,False,False,False,False,False,False,True,True
5925,True,True,False,False,False,False,False,False
5926,True,True,False,False,False,False,False,False
5927,True,False,False,False,False,True,True,True
5928,True,False,False,False,False,False,True,True
5929,True,True,True,True,False,False,False,True
5930,False,False,False,False,False,False,False,True
5931,False,False,False,False,False,False,True,True
5932,True,False,False,False,False,False,False,False
5933,False,False,False,False,False,True,True,True
5934,True,True,True,False,False,True,True,True
5935,False,False,False,False,False,False,True,True
5936,True,True,True,False,False,False,True,True
5937,True,True,False,False,False,True,False,False
5938,True,True,True,False,False,False,False,True
5939,True,True,True,False,False,True,True,True
5940,True,True,True,True,True,True,True,True
5941,False,False,False,False,False,True,False,False
5942,True,True,True,True,True,True,True,True
5943,True,True,True,True,True,True,True,True
5944,True,True,True,True,False,True,True,True
5945,True,True,True,True,False,False,False,True
5946,False,False,False,False,False,True,True,True
5947,False,False,False,False,False,False,False,True
5948,True,True,False,False,False,False,False,True
5949,True,False,False,False,False,False,False,False
5950,True,True,False,False,False,True,True,True
5951,False,False,False,False,False,False,False,True
5952,True,True,True,False,False,False,False,False
5953,False,False,False,False,False,True,True,True
5954,True,False,False,False,False,True,True,True
5955,True,False,False,False,False,False,False,False
5956,True,True,True,True,False,False,True,True
5957,True,True,False,False,False,False,False,True
5958,True,True,True,False,False,False,False,False
5959,False,False,False,False,False,True,True,True
5960,False,False,False,False,False,True,True,True
5961,False,False,False,False,False,True,True,True
5962,True,True,True,True,True,True,True,True
5963,False,False,False,False,False,True,True,True
5964,True,True,True,True,False,True,True,True
5965,True,True,True,True,False,True,True,True
5966,False,False,False,False,False,False,False,True
5967,False,False,False,False,False,False,False,True
5968,True,False,False,False,False,False,False,True
5969,False,False,False,False,False,True,False,False
5970,True,True,True,True,True,True,True,True
5971,False,False,False,False,False,True,True,True
5972,True,True,False,False,False,False,False,False
5973,True,True,False,False,False,False,False,True
5974,False,False,False,False,False,True,True,True
5975,True,True,True,False,False,False,False,True
5976,True,False,False,False,False,True,True,True
5977,True,False,False,False,False,True,True,True
5978,True,False,False,False,False,False,False,True
5979,True,True,True,True,False,False,False,False
5980,True,False,False,False,False,True,True,True
5981,False,False,False,False,False,True,True,True
5982,False,False,False,False,False,False,True,True
5983,True,True,False,False,False,False,False,False
5984,False,False,False,False,False,True,True,True
5985,False,False,False,False,False,False,False,False
5986,True,True,True,False,False,False,False,False
5987,True,True,True,True,True,True,True,True
5988,False,False,False,False,False,False,True,True
5989,True,True,False,False,False,True,True,True
5990,False,False,False,False,False,False,False,False
5991,False,False,False,False,False,True,True,True
5992,False,False,False,False,False,True,True,True
5993,True,False,False,False,False,True,True,True
5994,True,False,False,False,False,True,True,True
5995,True,True,True,True,False,False,True,True
5996,True,True,True,False,False,True,True,True
5997,True,True,True,True,False,False,False,False
5998,True,True,False,False,False,False,False,False
5999,True,True,True,False,False,True,True,True
6000,False,False,False,False,False,False,False,False
6001,True,False,False,False,False,True,True,True
6002,True,True,True,True,True,True,True,True
6003,False,False,False,False,False,True,False,True
6004,True,True,True,True,True,True,True,True
6005,False,False,False,False,False,True,True,True
6006,True,True,False,False,False,False,True,True
6007,True,False,False,False,False,False,False,False
6008,False,False,False,False,False,True,False,True
6009,True,False,False,False,False,False,False,True
6010,True,True,False,False,False,False,False,True
6011,False,False,False,False,False,False,False,False
6012,False,False,False,False,False,True,True,True
6013,True,False,False,False,False,True,True,True
6014,True,True,True,False,False,False,False,True
6015,False,False,False,False,False,True,False,False
6016,False,False,False,False,False,True,True,True
6017,True,False,False,False,False,False,False,True
6018,False,False,False,False,False,False,False,True
6019,True,False,False,False,False,True,True,True
6020,True,True,False,False,False,False,False,True
6021,False,False,False,False,False,False,False,True
6022,False,False,False,False,False,False,True,True
6023,False,False,False,False,False,False,True,True
6024,False,False,False,False,False,False,True,True
6025,True,True,True,False,False,False,False,True
6026,True,False,False,False,False,True,False,True
6027,False,False,False,False,False,False,False,False
6028,True,False,False,False,False,True,True,True
6029,False,False,False,False,False,False,False,False
6030,False,False,False,False,False,False,False,True
6031,False,False,False,False,False,True,True,True
6032,True,True,False,False,False,False,False,False
6033,True,True,True,False,False,True,True,True
6034,True,True,False,False,False,False,False,True
6035,True,False,False,False,False,False,False,True
6036,True,False,False,False,False,False,True,True
6037,True,True,True,True,False,False,False,False
6038,True,True,True,True,False,False,True,True
6039,False,False,False,False,False,False,False,True
6040,True,False,False,False,False,False,False,True
6041,True,True,True,True,True,True,True,True
6042,True,False,False,False,False,False,False,True
6043,True,True,True,True,False,False,False,True
6044,True,True,False,False,False,True,True,True
6045,False,False,False,False,False,True,True,True
6046,True,False,False,False,False,False,False,False
6047,False,False,False,False,False,True,True,True
6048,True,True,False,False,False,False,False,False
6049,False,False,False,False,False,False,False,True
6050,False,False,False,False,False,True,True,True
6051,True,False,False,False,False,True,True,True
6052,False,False,False,False,False,False,True,True
6053,True,True,False,False,False,True,True,True
6054,True,True,False,False,False,True,True,True
6055,False,False,False,False,False,False,True,True
6056,True,True,False,False,False,False,False,False
6057,True,True,True,True,True,True,True,True
6058,True,True,True,True,False,True,True,True
6059,False,False,False,False,False,False,False,False
6060,True,True,True,True,False,False,True,True
6061,False,False,False,False,False,False,True,True
6062,True,True,True,True,False,True,True,True
6063,True,True,False,False,False,True,True,True
6064,True,False,False,False,False,True,True,True
6065,True,True,True,False,False,False,False,False
6066,False,False,False,False,False,True,True,True
6067,False,False,False,False,False,True,True,True
6068,True,True,True,False,False,True,True,True
6069,True,True,False,False,False,False,False,False
6070,True,True,True,True,True,True,True,True
6071,True,True,True,False,False,False,False,True
6072,True,False,False,False,False,True,True,True
6073,True,True,True,True,True,True,True,True
6074,False,False,False,False,False,True,False,False
6075,True,True,False,False,False,True,True,True
6076,False,False,False,False,False,True,True,True
6077,False,False,False,False,False,True,True,True
6078,False,False,False,False,False,False,False,False
6079,True,True,False,False,False,False,False,False
6080,True,True,True,False,False,True,True,True
6081,True,True,False,False,False,True,True,True
6082,True,True,True,True,False,True,True,True
6083,True,True,True,True,False,False,True,True
6084,True,True,True,True,False,True,True,True
6085,True,False,False,False,False,False,False,False
6086,True,True,True,False,False,True,True,True
6087,False,False,False,False,False,True,True,True
6088,True,True,True,False,False,False,True,True
6089,False,False,False,False,False,True,True,True
6090,True,True,True,True,False,False,True,True
6091,True,True,False,False,False,False,False,False
6092,True,True,True,True,False,False,False,False
6093,True,True,True,False,False,False,True,True
6094,True,False,False,False,False,False,True,True
6095,True,False,False,False,False,False,True,True
6096,True,True,True,False,False,False,False,False
6097,False,False,False,False,False,True,True,True
6098,False,False,False,False,False,True,True,True
6099,True,True,False,False,False,False,True,True
6100,True,True,True,True,True,True,True,True
6101,True,True,True,False,False,False,False,False
6102,True,True,True,False,False,False,True,False
6103,True,True,True,True,True,True,True,True
6104,True,True,True,False,False,True,True,True
6105,True,True,True,False,False,True,True,True
6106,True,False,False,False,False,True,True,True
6107,True,True,True,False,False,True,True,True
6108,True,True,True,True,False,False,False,True
6109,False,False,False,False,False,False,True,True
6110,False,False,False,False,False,True,False,False
6111,True,False,False,False,False,True,True,True
6112,True,True,True,True,False,False,True,True
6113,True,True,True,True,False,False,False,False
6114,True,True,True,True,True,True,True,True
6115,False,False,False,False,False,False,False,True
6116,True,False,False,False,False,True,True,True
6117,True,False,False,False,False,True,True,True
6118,True,True,True,False,False,False,False,True
6119,True,True,False,False,False,False,False,False
6120,True,True,False,False,False,False,False,True
6121,True,True,True,True,False,True,True,True
6122,False,False,False,False,False,False,False,True
6123,False,False,False,False,False,True,True,True
6124,True,True,True,False,False,False,False,False
6125,True,True,False,False,False,False,True,True
6126,True,True,True,True,False,False,False,True
6127,True,False,False,False,False,False,True,True
6128,True,True,True,False,False,True,True,True
6129,True,False,False,False,False,False,True,True
6130,True,True,True,False,False,False,True,True
6131,True,True,True,True,True,True,True,True
6132,False,False,False,False,False,True,True,True
6133,True,True,False,False,False,False,False,False
6134,True,True,True,True,False,False,True,True
6135,False,False,False,False,False,False,False,False
6136,True,True,True,False,False,True,True,True
6137,True,True,True,True,False,False,False,True
6138,False,False,False,False,False,False,False,False
6139,True,True,False,False,False,False,False,False
6140,False,False,False,False,False,True,True,True
6141,True,True,True,True,True,True,True,True
6142,True,False,False,False,False,True,True,True
6143,False,False,False,False,False,False,True,True
6144,True,True,False,False,False,False,True,True
6145,True,True,True,True,False,True,True,True
6146,False,False,False,False,False,False,False,True
6147,True,True,True,False,False,False,False,False
6148,True,True,True,False,False,True,True,True
6149,True,True,True,False,False,False,False,False
6150,True,False,False,False,False,False,False,False
6151,True,True,True,True,True,True,True,True
6152,True,True,False,False,False,False,True,True
6153,True,True,False,False,False,False,False,True
6154,True,True,False,False,False,False,False,True
6155,True,True,False,False,False,True,True,True
6156,True,False,False,False,False,False,False,False
6157,True,True,False,False,False,False,False,False
6158,True,True,False,False,False,True,True,True
6159,True,True,True,True,True,True,True,True
6160,True,False,False,False,False,False,False,False
6161,False,False,False,False,False,False,False,True
6162,False,False,False,False,False,True,True,True
6163,True,False,False,False,False,True,True,True
6164,True,True,True,False,False,True,True,True
6165,True,True,False,False,False,False,False,False
6166,True,True,False,False,False,False,False,False
6167,True,True,False,False,False,True,True,True
6168,False,False,False,False,False,True,True,True
6169,False,False,False,False,False,False,False,True
6170,True,True,False,False,False,False,False,False
6171,False,False,False,False,False,False,False,True
6172,True,False,False,False,False,False,False,False
6173,True,False,False,False,False,True,True,True
6174,True,True,True,False,False,False,True,True
6175,True,True,True,True,True,True,True,True
6176,True,True,True,True,True,True,True,True
6177,True,True,True,True,True,True,True,True
6178,True,False,False,False,False,False,False,True
6179,True,True,True,True,False,False,False,False
6180,True,True,False,False,False,True,True,True
6181,False,False,False,False,False,True,True,True
6182,True,True,True,True,True,True,True,True
6183,True,False,False,False,False,False,False,False
6184,True,True,True,True,False,True,True,True
6185,False,False,False,False,False,False,False,False
6186,True,True,True,False,False,True,True,True
6187,True,True,True,True,True,True,True,True
6188,True,False,False,False,False,False,False,True
6189,False,False,False,False,False,False,False,True
6190,True,True,False,False,False,False,False,True
6191,True,False,False,False,False,False,True,True
6192,True,True,True,True,False,False,False,True
6193,True,True,True,False,False,False,False,True
6194,True,True,True,False,False,False,False,False
6195,True,True,False,False,False,True,True,True
6196,False,False,False,False,False,False,False,False
6197,True,False,False,False,False,False,True,True
6198,False,False,False,False,False,False,False,True
6199,False,False,False,False,False,False,False,False
6200,True,True,True,True,False,False,True,True
6201,True,False,False,False,False,True,True,True
6202,True,False,False,False,False,False,False,False
6203,True,True,False,False,False,False,False,True
6204,True,True,False,False,False,False,False,False
6205,False,False,False,False,False,False,False,False
6206,False,False,False,False,False,False,False,False
6207,True,True,True,True,False,False,True,True
6208,True,True,False,False,False,False,False,True
6209,True,True,True,True,True,True,True,True
6210,False,False,False,False,False,True,True,True
6211,True,True,True,True,False,False,True,True
6212,True,False,False,False,False,False,True,True
6213,True,False,False,False,False,True,True,True
6214,True,False,False,False,False,False,False,True
6215,True,False,False,False,False,False,True,True
6216,True,False,False,False,False,True,False,False
6217,True,False,False,False,False,False,False,False
6218,True,True,True,False,False,True,True,True
6219,True,True,False,False,False,False,False,False
6220,False,False,False,False,False,True,False,False
6221,True,True,True,False,False,False,False,False
6222,True,True,True,True,False,True,True,True
6223,True,True,False,False,False,False,False,False
6224,True,True,True,True,True,True,True,True
6225,True,True,True,True,True,True,True,True
6226,True,True,True,False,False,False,True,True
6227,True,True,True,True,False,False,False,False
6228,False,False,False,False,False,True,True,True
6229,True,False,False,False,False,True,True,True
6230,True,True,False,False,False,False,False,False
6231,True,True,True,True,True,True,True,True
6232,True,True,True,True,True,True,True,True
6233,False,False,False,False,False,True,True,True
6234,True,True,True,True,False,False,True,True
6235,True,False,False,False,False,True,True,True
6236,True,True,True,True,True,True,True,True
6237,True,True,False,False,False,True,True,True
6238,False,False,False,False,False,False,False,True
6239,True,True,True,True,False,False,True,False
6240,True,False,False,False,False,True,True,True
6241,False,False,False,False,False,True,True,True
6242,False,False,False,False,False,True,True,True
6243,True,True,True,False,False,True,True,True
6244,True,True,True,True,True,True,True,True
6245,False,False,False,False,False,True,True,True
6246,True,True,True,True,True,True,True,True
6247,True,True,True,True,True,True,True,True
6248,True,True,True,False,False,False,False,True
6249,True,True,False,False,False,False,False,False
6250,True,False,False,False,False,True,True,True
6251,True,False,False,False,False,False,True,True
6252,True,False,False,False,False,False,False,False
6253,True,False,False,False,False,False,False,False
6254,True,False,False,False,False,False,False,True
6255,False,False,False,False,False,True,True,True
6256,True,True,False,False,False,False,False,False
6257,True,True,True,False,False,False,False,True
6258,True,True,True,False,False,True,True,True
6259,True,False,False,False,False,True,True,True
6260,True,True,False,False,False,False,False,False
6261,True,True,True,True,True,True,True,True
6262,True,False,False,False,False,False,True,True
6263,True,False,False,False,False,True,False,False
6264,True,False,False,False,False,True,True,True
6265,True,True,True,True,False,False,False,False
6266,True,True,True,False,False,True,True,True
6267,True,True,False,False,False,True,True,True
6268,True,True,True,True,True,True,True,True
6269,True,True,True,False,False,False,False,True
6270,True,True,False,False,False,False,False,False
6271,True,True,True,True,False,False,True,True
6272,False,False,False,False,False,True,True,True
6273,True,True,False,False,False,True,True,True
6274,True,True,True,True,True,True,True,True
6275,True,True,True,False,False,True,True,True
6276,True,True,True,False,False,False,False,True
6277,True,True,True,True,False,True,True,True
6278,True,True,True,True,False,True,True,True
6279,True,True,True,True,True,True,True,True
6280,True,True,False,False,False,False,False,False
6281,True,True,True,False,False,False,True,True
6282,True,True,True,True,True,True,True,True
6283,True,False,False,False,False,True,True,True
6284,True,True,False,False,False,False,False,True
6285,True,True,True,True,False,False,False,True
6286,True,True,False,False,False,False,True,True
6287,True,True,True,True,False,False,False,True
6288,True,False,False,False,False,False,False,False
6289,False,False,False,False,False,False,False,False
6290,True,True,True,True,False,False,False,False
6291,False,False,False,False,False,False,False,True
6292,True,False,False,False,False,True,True,True
6293,True,True,False,False,False,True,True,True
6294,True,True,True,True,False,True,True,True
6295,True,True,False,False,False,False,False,False
6296,True,False,False,False,False,False,True,True
6297,True,True,True,False,False,False,False,True
6298,True,True,True,False,False,True,True,True
6299,True,True,True,True,False,False,False,False
6300,False,False,False,False,False,False,False,False
6301,True,True,False,False,False,True,True,True
6302,True,True,True,True,True,True,True,True
6303,True,True,False,False,False,False,False,True
6304,True,True,True,True,True,True,True,True
6305,True,True,False,False,False,False,False,True
6306,True,True,True,True,True,True,True,True
6307,True,True,True,True,True,True,True,True
6308,False,False,False,False,False,False,False,False
6309,True,True,True,True,False,False,False,True
6310,True,True,True,False,False,True,True,True
6311,True,True,True,False,False,False,False,True
6312,True,True,True,True,False,False,False,False
6313,True,False,False,False,False,False,True,True
6314,True,True,True,True,True,True,True,True
6315,True,False,False,False,False,False,False,True
6316,True,False,False,False,False,True,True,True
6317,True,True,False,False,False,False,False,True
6318,True,True,True,True,False,False,False,True
6319,True,False,False,False,False,True,True,True
6320,True,True,True,True,False,False,False,True
6321,True,True,True,True,False,False,True,True
6322,True,True,True,True,True,True,True,True
6323,True,True,True,False,False,False,False,True
6324,True,False,False,False,False,False,False,True
6325,True,True,False,False,False,False,False,False
6326,True,True,False,False,False,True,True,True
6327,True,False,False,False,False,False,False,False
6328,False,False,False,False,False,False,False,True
6329,True,True,True,True,False,False,False,False
6330,False,False,False,False,False,False,False,False
6331,True,True,True,True,False,False,False,False
6332,True,True,True,False,False,True,True,True
6333,True,True,True,False,False,True,True,True
6334,False,False,False,False,False,True,True,True
6335,True,True,False,False,False,False,False,True
6336,True,True,True,False,False,True,True,True
6337,True,True,True,False,False,True,True,True
6338,True,True,True,False,False,True,True,True
6339,False,False,False,False,False,False,False,False
6340,True,True,True,True,False,False,False,True
6341,True,False,False,False,False,False,True,True
6342,False,False,False,False,False,False,False,False
6343,True,True,True,True,False,False,True,True
6344,True,True,False,False,False,True,True,True
6345,True,True,False,False,False,False,False,False
6346,True,False,False,False,False,False,False,True
6347,True,False,False,False,False,False,True,True
6348,True,True,True,True,False,False,True,True
6349,False,False,False,False,False,True,True,True
6350,True,True,False,False,False,False,False,True
6351,True,True,True,True,True,True,True,True
6352,True,False,False,False,False,False,True,True
6353,True,True,True,False,False,False,False,False
6354,True,True,True,True,False,True,True,True
6355,False,False,False,False,False,True,True,True
6356,False,False,False,False,False,True,True,True
6357,True,False,False,False,False,False,False,False
6358,True,True,True,True,False,False,True,True
6359,True,True,True,True,False,True,False,False
6360,False,False,False,False,False,False,False,False
6361,True,True,True,True,False,False,True,True
6362,False,False,False,False,False,False,False,True
6363,False,False,False,False,False,True,True,True
6364,False,False,False,False,False,False,False,False
6365,True,True,True,True,True,True,True,True
6366,True,True,True,True,True,True,True,True
6367,True,True,True,True,True,True,True,True
6368,True,True,True,True,False,False,False,False
6369,False,False,False,False,False,True,True,True
6370,True,True,True,True,False,False,False,True
6371,True,True,True,True,True,True,True,True
6372,False,False,False,False,False,True,True,True
6373,True,False,False,False,False,False,True,True
6374,False,False,False,False,False,True,True,True
6375,True,True,False,False,False,False,False,False
6376,True,True,True,False,False,False,False,False
6377,True,True,False,False,False,False,False,True
6378,True,True,False,False,False,False,False,True
6379,True,False,False,False,False,False,True,True
6380,True,True,True,False,False,False,False,False
6381,True,True,True,True,True,True,True,True
6382,True,False,False,False,False,False,False,False
6383,True,True,True,True,True,True,True,True
6384,True,True,True,False,False,False,False,False
6385,True,False,False,False,False,True,True,True
6386,False,False,False,False,False,True,True,True
6387,True,True,True,False,False,False,False,True
6388,True,True,True,True,False,False,True,True
6389,True,False,False,False,False,True,True,True
6390,True,False,False,False,False,False,False,True
6391,True,True,True,True,False,False,False,False
6392,True,True,True,False,False,False,True,True
6393,True,True,True,False,False,False,True,True
6394,True,False,False,False,False,False,False,False
6395,False,False,False,False,False,True,False,True
6396,True,True,True,False,False,False,True,True
6397,True,True,True,True,True,True,True,True
6398,True,True,True,False,False,False,False,False
6399,False,False,False,False,False,False,False,False
6400,True,True,True,False,False,True,True,True
6401,True,False,False,False,False,False,False,False
6402,False,False,False,False,False,True,True,True
6403,True,False,False,False,False,True,True,True
6404,True,True,False,False,False,False,True,True
6405,True,False,False,False,False,True,True,True
6406,True,True,True,True,False,False,False,True
6407,True,True,True,True,False,True,True,True
6408,True,True,True,False,False,False,False,False
6409,True,True,True,True,False,False,False,True
6410,True,True,True,False,False,False,False,False
6411,True,False,False,False,False,True,True,True
6412,True,True,True,True,True,True,True,True
6413,True,False,False,False,False,True,True,True
6414,True,False,False,False,False,False,False,False
6415,True,True,True,True,False,False,False,False
6416,True,False,False,False,False,False,False,True
6417,True,True,False,False,False,False,False,True
6418,True,False,False,False,False,False,False,True
6419,True,True,False,False,False,False,False,True
6420,False,False,False,False,False,False,True,True
6421,False,False,False,False,False,False,False,True
6422,True,True,True,True,True,True,True,True
6423,True,True,False,False,False,False,False,True
6424,True,False,False,False,False,False,False,False
6425,True,True,False,False,False,False,False,True
6426,True,True,False,False,False,True,True,True
6427,True,True,True,True,False,False,False,False
6428,True,True,True,True,True,True,True,True
6429,True,True,False,False,False,False,False,True
6430,True,True,True,True,True,True,True,True
6431,True,False,False,False,False,False,False,True
6432,True,False,False,False,False,True,True,True
6433,True,True,True,True,False,True,True,True
6434,True,False,False,False,False,False,False,False
6435,True,True,False,False,False,False,False,False
6436,True,True,True,True,True,True,True,True
6437,True,True,False,False,False,True,False,False
6438,True,True,True,True,True,True,True,True
6439,True,False,False,False,False,True,True,True
6440,True,True,False,False,False,True,True,True
6441,True,True,False,False,False,False,True,True
6442,True,True,False,False,False,True,True,True
6443,True,True,True,False,False,True,True,True
6444,True,False,False,False,False,True,True,True
6445,True,True,False,False,False,False,True,True
6446,True,False,False,False,False,False,True,True
6447,True,True,True,True,True,True,True,True
6448,True,True,False,False,False,True,True,True
6449,False,False,False,False,False,False,False,True
6450,True,False,False,False,False,False,False,True
6451,True,False,False,False,False,False,False,False
6452,False,False,False,False,False,False,True,True
6453,True,True,True,True,False,True,True,True
6454,True,True,True,True,True,True,True,True
6455,False,False,False,False,False,False,False,False
6456,True,True,False,False,False,False,False,False
6457,True,True,True,True,False,True,True,True
6458,True,True,False,False,False,False,False,True
6459,True,False,False,False,False,False,True,True
6460,True,False,False,False,False,True,True,True
6461,True,True,True,True,True,True,True,True
6462,True,False,False,False,False,False,False,False
6463,False,False,False,False,False,False,False,False
6464,False,False,False,False,False,True,True,True
6465,True,True,False,False,False,False,False,True
6466,True,True,True,True,False,False,False,True
6467,True,True,True,False,False,False,False,True
6468,True,True,True,False,False,False,False,False
6469,False,False,False,False,False,False,False,False
6470,True,True,True,True,True,True,True,True
6471,True,False,False,False,False,True,True,True
6472,True,True,False,False,False,False,False,False
6473,True,True,True,False,False,True,True,True
6474,True,True,True,True,True,True,True,True
6475,False,False,False,False,False,True,True,True
6476,False,False,False,False,False,True,True,True
6477,True,True,True,True,False,False,True,True
6478,True,True,True,True,False,False,False,False
6479,True,True,True,True,False,False,False,True
6480,True,False,False,False,False,True,True,True
6481,True,True,False,False,False,False,False,True
6482,True,False,False,False,False,False,False,False
6483,False,False,False,False,False,False,False,True
6484,True,True,True,True,False,False,True,True
6485,False,False,False,False,False,True,True,True
6486,True,True,True,True,True,True,True,True
6487,True,False,False,False,False,False,True,True
6488,True,True,True,True,False,False,False,False
6489,True,True,True,True,True,True,True,True
6490,True,True,False,False,False,True,True,True
6491,True,False,False,False,False,True,False,False
6492,True,False,False,False,False,False,False,False
6493,True,True,False,False,False,False,False,True
6494,True,True,True,False,False,False,True,True
6495,False,False,False,False,False,False,False,False
6496,True,True,False,False,False,False,False,False
6497,True,True,True,False,False,False,False,True
6498,True,False,False,False,False,True,True,True
6499,True,True,True,False,False,False,False,True
6500,True,False,False,False,False,True,True,True
6501,True,True,True,False,False,True,True,True
6502,False,False,False,False,False,True,True,True
6503,True,True,False,False,False,False,True,True
6504,True,True,True,True,False,False,False,True
6505,False,False,False,False,False,True,False,True
6506,True,True,False,False,False,True,True,True
6507,False,False,False,False,False,True,False,True
6508,True,False,False,False,False,True,True,True
6509,True,True,True,True,True,True,True,True
6510,False,False,False,False,False,True,True,True
6511,True,False,False,False,False,False,True,True
6512,True,True,True,False,False,False,False,False
6513,True,True,True,True,False,False,True,True
6514,True,True,False,False,False,True,True,True
6515,True,False,False,False,False,True,True,True
6516,False,False,False,False,False,True,False,True
6517,False,False,False,False,False,False,False,False
6518,False,False,False,False,False,False,False,False
6519,True,True,True,False,False,False,False,True
6520,True,False,False,False,False,True,True,True
6521,False,False,False,False,False,False,False,False
6522,False,False,False,False,False,True,True,True
6523,True,True,True,True,False,False,False,True
6524,True,False,False,False,False,False,True,True
6525,False,False,False,False,False,False,True,True
6526,False,False,False,False,False,True,False,True
6527,True,False,False,False,False,False,False,True
6528,False,False,False,False,False,False,True,True
6529,True,True,False,False,False,True,True,True
6530,True,True,False,False,False,True,True,True
6531,False,False,False,False,False,True,True,True
6532,False,False,False,False,False,True,True,True
6533,False,False,False,False,False,True,True,True
6534,True,True,True,True,True,True,True,True
6535,False,False,False,False,False,False,True,True
6536,True,True,True,False,False,False,True,True
6537,True,True,False,False,False,False,False,False
6538,True,True,True,True,False,False,False,True
6539,True,True,True,True,True,True,True,True
6540,True,False,False,False,False,True,True,True
6541,True,True,True,True,False,False,True,True
6542,True,True,True,True,False,False,False,False
6543,True,True,True,True,True,True,True,True
6544,True,True,True,False,False,False,False,True
6545,False,False,False,False,False,False,False,True
6546,True,True,False,False,False,True,True,True
6547,True,True,True,True,False,False,False,False
6548,True,True,False,False,False,False,True,True
6549,True,False,False,False,False,False,False,False
6550,False,False,False,False,False,False,False,False
6551,True,False,False,False,False,False,False,False
6552,False,False,False,False,False,False,False,True
6553,True,True,False,False,False,False,False,False
6554,False,False,False,False,False,True,True,True
6555,False,False,False,False,False,True,False,True
6556,False,False,False,False,False,True,True,True
6557,False,False,False,False,False,True,True,True
6558,True,True,True,True,True,True,True,True
6559,True,True,True,False,False,False,True,True
6560,True,True,True,True,True,True,True,True
6561,True,False,False,False,False,False,False,False
6562,True,True,True,True,False,False,False,False
6563,True,True,True,True,True,True,True,True
6564,True,True,False,False,False,False,False,False
6565,True,False,False,False,False,False,False,False
6566,True,False,False,False,False,False,False,False
6567,True,True,False,False,False,False,False,False
6568,True,True,False,False,False,False,False,True
6569,True,True,True,False,False,True,True,True
6570,True,True,True,True,True,True,True,True
6571,True,True,True,True,True,True,True,True
6572,True,True,True,False,False,False,False,True
6573,False,False,False,False,False,True,True,True
6574,True,True,True,False,False,True,True,True
6575,True,True,True,False,False,False,False,True
6576,True,True,False,False,False,True,True,True
6577,True,True,False,False,False,False,False,False
6578,True,True,False,False,False,False,False,True
6579,False,False,False,False,False,True,True,True
6580,False,False,False,False,False,True,False,False
6581,True,True,True,False,False,False,False,False
6582,False,False,False,False,False,True,True,True
6583,True,False,False,False,False,False,True,True
6584,True,True,False,False,False,True,True,True
6585,False,False,False,False,False,False,True,True
6586,True,True,True,True,True,True,True,True
6587,True,True,True,True,False,False,False,True
6588,True,True,True,True,True,True,True,True
6589,True,True,True,False,False,True,True,True
6590,True,True,False,False,False,False,False,True
6591,True,True,True,True,False,False,False,False
6592,True,False,False,False,False,True,True,True
6593,True,True,False,False,False,True,True,True
6594,False,False,False,False,False,True,True,True
6595,False,False,False,False,False,True,True,True
6596,True,False,False,False,False,True,True,True
6597,False,False,False,False,False,False,False,True
6598,True,True,True,True,False,False,True,True
6599,True,True,True,True,False,False,False,True
6600,True,False,False,False,False,False,False,True
6601,True,True,True,True,True,True,True,True
6602,False,False,False,False,False,True,True,True
6603,True,True,True,True,True,True,True,True
6604,False,False,False,False,False,False,False,False
6605,True,True,True,True,False,True,True,True
6606,True,True,False,False,False,False,False,False
6607,True,True,True,True,False,False,True,True
6608,False,False,False,False,False,False,False,False
6609,True,True,False,False,False,False,False,False
6610,False,False,False,False,False,True,True,True
6611,True,True,True,False,False,False,True,True
6612,False,False,False,False,False,False,False,True
6613,False,False,False,False,False,True,False,False
6614,False,False,False,False,False,False,False,True
6615,True,True,False,False,False,False,True,True
6616,True,False,False,False,False,True,False,False
6617,False,False,False,False,False,True,True,True
6618,False,False,False,False,False,False,False,False
6619,True,True,True,True,False,False,False,True
6620,True,True,False,False,False,False,False,False
6621,True,True,True,True,False,False,False,True
6622,True,True,True,False,False,False,False,False
6623,True,True,False,False,False,False,False,False
6624,False,False,False,False,False,False,False,True
6625,True,False,False,False,False,True,True,True
6626,True,True,True,False,False,False,True,True
6627,True,True,True,False,False,False,False,True
6628,True,True,True,True,True,True,True,True
6629,True,True,False,False,False,True,True,True
6630,True,False,False,False,False,False,False,True
6631,True,True,False,False,False,False,False,True
6632,True,True,False,False,False,False,False,True
6633,True,True,True,True,True,True,True,True
6634,True,True,True,True,False,True,True,True
6635,True,True,True,True,False,False,False,True
6636,True,False,False,False,False,False,True,True
6637,True,True,True,True,True,True,True,True
6638,True,True,True,True,True,True,True,True
6639,True,True,False,False,False,True,True,True
6640,True,True,True,True,False,False,False,True
6641,True,True,True,True,True,True,True,True
6642,True,True,True,False,False,True,True,True
6643,True,True,True,True,False,False,True,True
6644,True,True,False,False,False,False,False,False
6645,True,True,False,False,False,False,False,False
6646,True,True,True,True,False,False,False,False
6647,False,False,False,False,False,True,True,True
6648,True,True,True,False,False,False,False,True
6649,True,False,False,False,False,False,False,True
6650,True,True,True,False,False,False,False,True
6651,True,False,False,False,False,False,False,True
6652,True,True,True,True,False,False,False,True
6653,True,True,False,False,False,False,True,True
6654,True,True,True,True,False,False,True,True
6655,True,False,False,False,False,True,True,True
6656,True,True,False,False,False,True,True,True
6657,True,False,False,False,False,False,False,False
6658,True,True,True,False,False,False,True,True
6659,True,True,True,False,False,False,False,False
6660,True,True,True,True,False,False,False,False
6661,True,True,False,False,False,True,True,True
6662,True,True,True,True,False,False,True,True
6663,True,True,True,False,False,False,True,True
6664,True,False,False,False,False,False,False,False
6665,False,False,False,False,False,True,True,True
6666,True,True,False,False,False,False,False,False
6667,True,False,False,False,False,True,True,True
6668,False,False,False,False,False,True,True,True
6669,True,True,True,False,False,False,False,True
6670,True,True,True,True,False,False,True,True
6671,True,True,False,False,False,False,False,True
6672,False,False,False,False,False,False,False,True
6673,True,True,False,False,False,False,False,False
6674,True,True,True,True,False,False,True,True
6675,True,True,False,False,False,True,True,True
6676,True,False,False,False,False,True,True,True
6677,True,False,False,False,False,True,True,True
6678,True,True,True,True,True,True,True,True
6679,True,False,False,False,False,False,False,False
6680,True,True,True,False,False,True,False,False
6681,True,True,True,True,True,True,True,True
6682,True,True,True,True,True,True,True,True
6683,True,True,True,False,False,False,True,True
6684,False,False,False,False,False,False,False,False
6685,True,True,True,True,False,False,False,True
6686,True,False,False,False,False,False,False,False
6687,True,False,False,False,False,False,False,False
6688,False,False,False,False,False,False,True,True
6689,True,True,True,False,False,False,False,False
6690,False,False,False,False,False,False,False,True
6691,True,True,False,False,False,False,False,True
6692,True,True,True,True,False,False,True,True
6693,True,False,False,False,False,False,False,False
6694,False,False,False,False,False,True,True,True
6695,True,True,True,False,False,False,False,False
6696,True,True,False,False,False,False,True,True
6697,False,False,False,False,False,True,True,True
6698,False,False,False,False,False,True,False,False
6699,True,True,False,False,False,False,True,True
6700,False,False,False,False,False,False,False,True
6701,True,True,False,False,False,True,True,True
6702,True,True,False,False,False,False,True,True
6703,True,True,False,False,False,True,True,True
6704,False,False,False,False,False,False,False,True
6705,True,False,False,False,False,False,False,True
6706,True,True,True,False,False,False,False,True
6707,False,False,False,False,False,False,False,False
6708,False,False,False,False,False,True,True,True
6709,True,False,False,False,False,False,False,True
6710,False,False,False,False,False,False,False,True
6711,True,True,True,True,False,False,True,True
6712,True,False,False,False,False,False,False,False
6713,True,True,True,True,True,True,True,True
6714,True,True,True,False,False,False,False,False
6715,True,True,True,False,False,True,True,True
6716,True,True,False,False,False,False,False,False
6717,True,True,True,False,False,False,False,True
6718,False,False,False,False,False,False,False,False
6719,True,False,False,False,False,False,False,True
6720,False,False,False,False,False,False,False,True
6721,False,False,False,False,False,False,False,False
6722,True,True,True,True,False,False,True,True
6723,True,False,False,False,False,True,True,True
6724,False,False,False,False,False,False,False,False
6725,True,True,True,False,False,True,True,True
6726,True,False,False,False,False,False,False,False
6727,True,True,False,False,False,False,False,True
6728,True,False,False,False,False,False,False,False
6729,False,False,False,False,False,True,False,True
6730,True,False,False,False,False,False,False,False
6731,True,False,False,False,False,False,False,True
6732,False,False,False,False,False,True,True,True
6733,True,True,True,True,False,False,False,True
6734,True,False,False,False,False,False,False,True
6735,True,True,False,False,False,True,False,True
6736,True,False,False,False,False,False,True,True
6737,False,False,False,False,False,True,True,True
6738,False,False,False,False,False,True,True,True
6739,True,True,True,False,False,True,True,True
6740,False,False,False,False,False,False,False,True
6741,True,True,False,False,False,True,True,True
6742,True,True,True,False,False,False,False,False
6743,True,True,False,False,False,False,False,False
6744,True,True,True,False,False,False,False,False
6745,False,False,False,False,False,False,False,True
6746,True,False,False,False,False,True,True,True
6747,True,True,True,True,False,False,False,True
6748,True,True,True,True,False,True,True,True
6749,True,False,False,False,False,True,True,True
6750,True,True,True,False,False,False,False,False
6751,False,False,False,False,False,True,True,True
6752,True,True,True,True,True,True,True,True
6753,True,True,True,True,False,True,True,True
6754,True,True,True,False,False,False,True,True
6755,True,False,False,False,False,True,False,True
6756,False,False,False,False,False,False,False,False
6757,True,True,True,False,False,False,False,True
6758,True,False,False,False,False,True,True,True
6759,False,False,False,False,False,False,False,False
6760,True,False,False,False,False,True,True,True
6761,True,True,True,True,True,True,True,True
6762,True,True,False,False,False,False,False,True
6763,True,False,False,False,False,True,True,True
6764,True,True,True,True,True,True,True,True
6765,True,True,True,True,True,True,True,True
6766,True,True,False,False,False,False,False,True
6767,True,False,False,False,False,False,True,True
6768,True,True,True,True,False,False,True,True
6769,True,True,True,True,True,True,True,True
6770,True,False,False,False,False,True,True,True
6771,True,True,True,True,True,True,True,True
6772,False,False,False,False,False,False,True,True
6773,True,True,True,False,False,False,False,False
6774,True,True,True,True,False,True,True,True
6775,False,False,False,False,False,True,True,True
6776,True,False,False,False,False,True,True,True
6777,True,False,False,False,False,True,True,True
6778,True,True,True,True,False,False,False,False
6779,True,True,False,False,False,False,False,True
6780,True,True,True,True,False,False,False,False
6781,True,True,True,False,False,True,True,True
6782,True,True,False,False,False,True,True,True
6783,True,True,True,False,False,False,False,False
6784,True,True,False,False,False,True,True,True
6785,True,False,False,False,False,True,True,True
6786,True,False,False,False,False,True,True,True
6787,False,False,False,False,False,True,True,True
6788,True,True,True,True,True,True,True,True
6789,True,True,True,True,False,False,False,False
6790,True,False,False,False,False,True,True,True
6791,True,True,True,True,False,False,True,True
6792,True,True,True,False,False,False,False,False
6793,False,False,False,False,False,True,True,True
6794,True,True,True,False,False,False,False,False
6795,False,False,False,False,False,True,True,True
6796,True,True,True,True,False,False,False,False
6797,True,True,False,False,False,True,True,True
6798,False,False,False,False,False,False,False,False
6799,True,True,False,False,False,True,True,True
6800,False,False,False,False,False,False,False,False
6801,True,True,True,True,False,False,True,True
6802,False,False,False,False,False,True,True,True
6803,False,False,False,False,False,True,False,True
6804,False,False,False,False,False,True,True,True
6805,False,False,False,False,False,False,False,True
6806,True,True,False,False,False,True,True,True
6807,True,True,True,True,False,False,False,True
6808,True,True,False,False,False,False,False,False
6809,True,False,False,False,False,False,True,True
6810,True,True,True,True,True,True,True,True
6811,True,True,False,False,False,False,False,True
6812,False,False,False,False,False,False,False,False
6813,True,True,False,False,False,False,False,True
6814,True,False,False,False,False,False,False,True
6815,True,True,True,False,False,False,False,True
6816,True,True,True,False,False,False,False,True
6817,True,True,True,True,True,True,True,True
6818,False,False,False,False,False,False,False,False
6819,True,True,True,False,False,False,True,True
6820,True,True,True,False,False,True,True,True
6821,True,False,False,False,False,False,False,False
6822,False,False,False,False,False,False,False,False
6823,False,False,False,False,False,True,True,True
6824,False,False,False,False,False,False,False,False
6825,True,True,True,True,True,True,True,True
6826,True,False,False,False,False,True,True,True
6827,True,False,False,False,False,False,True,True
6828,True,True,True,True,False,True,True,True
6829,False,False,False,False,False,True,True,True
6830,True,True,False,False,False,False,False,False
6831,True,False,False,False,False,True,True,True
6832,True,True,False,False,False,False,False,False
6833,True,True,True,True,False,False,False,False
6834,True,True,True,True,True,True,True,True
6835,True,True,True,True,False,True,True,True
6836,True,True,True,False,False,False,True,True
6837,True,True,True,False,False,False,True,True
6838,False,False,False,False,False,False,False,True
6839,False,False,False,False,False,True,True,True
6840,True,True,True,True,True,True,True,True
6841,False,False,False,False,False,True,True,True
6842,True,True,True,False,False,False,False,True
6843,True,False,False,False,False,False,False,True
6844,True,True,True,True,True,True,True,True
6845,True,True,True,True,False,False,False,False
6846,True,False,False,False,False,True,True,True
6847,True,False,False,False,False,True,True,True
6848,True,True,True,True,True,True,True,True
6849,True,False,False,False,False,False,False,True
6850,True,True,True,True,False,False,True,True
6851,True,True,False,False,False,False,False,False
6852,False,False,False,False,False,False,False,True
6853,True,True,True,True,False,True,True,True
6854,True,False,False,False,False,False,False,False
6855,False,False,False,False,False,False,False,False
6856,True,True,True,False,False,True,True,True
6857,True,True,True,False,False,True,True,True
6858,True,True,True,True,True,True,True,True
6859,True,True,True,True,True,True,True,True
6860,True,True,True,True,True,True,True,True
6861,False,False,False,False,False,False,False,True
6862,True,False,False,False,False,True,True,True
6863,False,False,False,False,False,False,False,False
6864,False,False,False,False,False,True,True,True
6865,True,True,True,True,False,False,True,True
6866,True,True,True,False,False,False,False,False
6867,False,False,False,False,False,True,True,True
6868,True,False,False,False,False,False,True,True
6869,True,False,False,False,False,False,False,True
6870,True,True,True,True,False,False,True,True
6871,True,True,True,True,False,True,True,True
6872,True,True,True,False,False,False,False,True
6873,False,False,False,False,False,False,False,True
6874,True,True,True,False,False,False,True,True
6875,True,True,False,False,False,False,False,True
6876,True,True,True,False,False,False,False,False
6877,True,True,True,True,True,True,True,True
6878,False,False,False,False,False,True,True,True
6879,True,True,True,True,False,False,False,True
6880,True,True,True,True,False,False,True,True
6881,True,True,True,False,False,True,True,True
6882,True,True,True,True,False,False,False,True
6883,True,True,True,True,False,False,False,False
6884,True,False,False,False,False,True,True,True
6885,True,True,False,False,False,True,True,True
6886,True,True,False,False,False,True,True,True
6887,True,True,False,False,False,False,False,False
6888,True,False,False,False,False,False,False,True
6889,False,False,False,False,False,False,False,False
6890,False,False,False,False,False,True,True,True
6891,True,True,True,True,True,True,True,True
6892,True,True,True,False,False,False,False,True
6893,True,True,False,False,False,False,False,True
6894,True,True,True,True,False,True,True,True
6895,True,True,False,False,False,False,False,False
6896,True,True,True,True,True,True,True,True
6897,True,True,True,True,True,True,True,True
6898,True,True,False,False,False,True,True,True
6899,False,False,False,False,False,True,False,True
6900,True,False,False,False,False,False,False,False
6901,True,True,True,False,False,True,True,True
6902,True,True,True,False,False,False,False,False
6903,True,False,False,False,False,False,False,True
6904,True,True,False,False,False,False,False,True
6905,True,True,True,True,False,False,False,False
6906,True,True,True,True,False,False,True,True
6907,True,True,True,True,False,False,False,False
6908,True,True,True,True,True,True,True,True
6909,False,False,False,False,False,True,True,True
6910,False,False,False,False,False,False,False,False
6911,True,True,True,True,False,False,False,False
6912,True,True,True,True,False,True,True,True
6913,True,True,True,False,False,True,True,True
6914,True,True,False,False,False,True,True,True
6915,True,True,True,True,True,True,True,True
6916,True,True,True,True,True,True,True,True
6917,True,False,False,False,False,False,False,False
6918,False,False,False,False,False,True,False,False
6919,True,True,True,True,False,False,False,True
6920,False,False,False,False,False,False,False,False
6921,True,False,False,False,False,True,True,True
6922,False,False,False,False,False,False,True,True
6923,True,True,True,False,False,False,False,True
6924,True,True,True,True,False,False,False,False
6925,False,False,False,False,False,True,True,True
6926,True,True,False,False,False,True,True,True
6927,True,False,False,False,False,True,False,True
6928,True,True,False,False,False,False,False,True
6929,False,False,False,False,False,False,False,True
6930,False,False,False,False,False,False,True,True
6931,True,True,False,False,False,False,False,False
6932,True,True,False,False,False,False,False,False
6933,False,False,False,False,False,True,True,True
6934,True,True,True,False,False,True,True,True
6935,False,False,False,False,False,True,True,True
6936,True,True,True,True,False,False,True,True
6937,True,True,False,False,False,False,False,False
6938,True,False,False,False,False,False,False,True
6939,True,True,True,True,False,False,True,True
6940,False,False,False,False,False,False,True,True
6941,True,True,True,True,True,True,True,True
6942,False,False,False,False,False,False,False,False
6943,True,True,False,False,False,False,False,False
6944,True,True,True,True,True,True,True,True
6945,True,False,False,False,False,True,True,True
6946,True,True,False,False,False,True,True,True
6947,True,True,True,True,False,False,False,True
6948,True,True,False,False,False,False,True,True
6949,False,False,False,False,False,False,False,False
6950,True,True,True,True,False,False,True,True
6951,True,True,False,False,False,True,True,True
6952,False,False,False,False,False,True,True,True
6953,True,True,False,False,False,False,False,False
6954,True,True,True,True,True,True,True,True
6955,True,True,False,False,False,False,False,False
6956,True,True,True,False,False,False,False,False
6957,True,True,True,True,False,False,False,True
6958,True,False,False,False,False,True,True,True
6959,True,True,True,True,False,False,True,True
6960,True,True,True,True,False,False,False,True
6961,True,False,False,False,False,True,True,True
6962,True,True,True,True,True,True,True,True
6963,True,True,False,False,False,False,True,True
6964,True,True,True,False,False,False,False,False
6965,True,False,False,False,False,False,False,False
6966,False,False,False,False,False,False,False,False
6967,True,True,True,False,False,True,True,True
6968,True,True,True,False,False,False,False,True
6969,True,False,False,False,False,False,False,False
6970,True,True,True,True,False,False,False,False
6971,True,True,True,False,False,True,True,True
6972,True,True,False,False,False,True,True,True
6973,False,False,False,False,False,True,True,True
6974,True,False,False,False,False,False,False,False
6975,False,False,False,False,False,False,False,False
6976,False,False,False,False,False,True,False,True
6977,False,False,False,False,False,False,True,True
6978,True,True,True,True,False,False,False,False
6979,True,True,True,False,False,False,True,True
6980,True,True,False,False,False,True,True,True
6981,True,False,False,False,False,False,False,True
6982,True,True,True,True,False,False,True,True
6983,True,True,False,False,False,True,True,True
6984,False,False,False,False,False,True,True,True
6985,True,True,True,False,False,False,False,False
6986,False,False,False,False,False,False,False,True
6987,False,False,False,False,False,False,False,True
6988,True,True,True,False,False,True,True,True
6989,True,False,False,False,False,False,False,True
6990,True,True,False,False,False,False,True,True
6991,True,False,False,False,False,False,False,False
6992,True,True,True,True,False,False,False,False
6993,True,True,True,True,False,True,True,True
6994,False,False,False,False,False,True,True,True
6995,True,True,True,True,True,True,True,True
6996,False,False,False,False,False,True,True,True
6997,True,False,False,False,False,True,True,True
6998,True,True,True,False,False,False,False,False
6999,True,True,True,True,True,True,True,True
7000,True,True,True,True,False,False,True,True
7001,True,False,False,False,False,True,True,True
7002,True,True,False,False,False,True,True,True
7003,True,True,False,False,False,True,True,True
7004,True,True,True,True,True,True,True,True
7005,True,False,False,False,False,True,True,True
7006,True,True,True,False,False,False,False,False
7007,True,False,False,False,False,True,True,True
7008,True,True,False,False,False,False,False,False
7009,False,False,False,False,False,True,True,True
7010,True,True,True,True,False,False,False,True
7011,True,False,False,False,False,True,True,True
7012,False,False,False,False,False,True,True,True
7013,True,True,True,True,False,True,True,True
7014,True,True,False,False,False,False,True,True
7015,True,True,True,True,False,False,False,False
7016,True,False,False,False,False,False,True,True
7017,False,False,False,False,False,False,False,True
7018,True,True,False,False,False,False,True,True
7019,False,False,False,False,False,True,False,False
7020,False,False,False,False,False,False,False,True
7021,True,True,True,False,False,True,True,True
7022,True,True,False,False,False,False,False,False
7023,False,False,False,False,False,False,True,True
7024,False,False,False,False,False,False,False,True
7025,False,False,False,False,False,False,False,False
7026,True,True,True,False,False,True,True,True
7027,False,False,False,False,False,False,False,False
7028,True,True,True,True,False,False,False,False
7029,True,False,False,False,False,False,True,True
7030,True,False,False,False,False,False,False,False
7031,False,False,False,False,False,True,True,True
7032,True,True,False,False,False,False,False,True
7033,True,True,False,False,False,False,False,False
7034,False,False,False,False,False,False,False,True
7035,True,True,True,True,True,True,True,True
7036,False,False,False,False,False,True,True,True
7037,False,False,False,False,False,True,True,True
7038,True,True,True,True,True,True,True,True
7039,True,True,False,False,False,False,False,False
7040,False,False,False,False,False,False,False,False
7041,True,True,True,False,False,False,False,False
7042,False,False,False,False,False,False,False,False
7043,True,True,False,False,False,False,False,True
7044,True,True,False,False,False,False,False,True
7045,True,False,False,False,False,False,False,False
7046,True,True,True,True,False,True,True,True
7047,False,False,False,False,False,True,True,True
7048,False,False,False,False,False,False,True,True
7049,False,False,False,False,False,True,True,True
7050,True,False,False,False,False,False,False,False
7051,True,True,False,False,False,True,True,True
7052,False,False,False,False,False,True,True,True
7053,True,True,True,False,False,True,True,True
7054,True,False,False,False,False,False,False,True
7055,True,True,True,True,True,True,True,True
7056,True,True,True,True,False,False,True,True
7057,True,True,False,False,False,True,True,True
7058,True,True,True,False,False,True,True,True
7059,True,True,True,True,False,False,False,True
7060,True,True,True,True,True,True,True,True
7061,False,False,False,False,False,True,True,True
7062,True,True,True,True,False,False,True,True
7063,False,False,False,False,False,False,True,True
7064,True,False,False,False,False,True,True,True
7065,False,False,False,False,False,False,False,True
7066,False,False,False,False,False,True,True,True
7067,True,True,False,False,False,True,True,True
7068,True,False,False,False,False,False,True,True
7069,True,False,False,False,False,True,True,True
7070,False,False,False,False,False,False,False,True
7071,True,True,True,False,False,True,True,True
7072,True,True,False,False,False,True,True,True
7073,False,False,False,False,False,False,True,True
7074,False,False,False,False,False,False,False,True
7075,True,False,False,False,False,False,False,False
7076,True,True,True,True,False,True,True,True
7077,True,False,False,False,False,False,False,False
7078,True,True,True,True,False,True,True,True
7079,True,True,False,False,False,False,True,True
7080,True,True,False,False,False,False,False,True
7081,True,False,False,False,False,True,True,True
7082,True,True,False,False,False,True,True,True
7083,True,True,True,False,False,True,True,True
7084,True,True,True,True,False,False,True,True
7085,True,True,False,False,False,True,True,True
7086,True,False,False,False,False,False,False,False
7087,True,True,False,False,False,False,True,True
7088,True,False,False,False,False,True,True,True
7089,False,False,False,False,False,False,False,True
7090,True,True,True,False,False,False,False,True
7091,True,True,True,True,False,False,True,True
7092,False,False,False,False,False,True,True,True
7093,True,True,True,False,False,True,True,True
7094,False,False,False,False,False,False,False,False
7095,True,True,False,False,False,False,False,False
7096,True,True,True,False,False,False,False,True
7097,True,True,True,False,False,False,False,True
7098,True,False,False,False,False,True,True,True
7099,True,False,False,False,False,True,True,True
7100,False,False,False,False,False,True,False,False
7101,True,True,True,False,False,False,False,True
7102,True,True,False,False,False,False,False,True
7103,True,True,True,True,False,False,False,False
7104,True,True,True,True,False,False,False,True
7105,True,True,True,False,False,False,False,True
7106,False,False,False,False,False,False,False,True
7107,True,True,False,False,False,True,True,True
7108,False,False,False,False,False,False,False,False
7109,True,True,True,False,False,False,False,False
7110,True,True,False,False,False,False,False,False
7111,False,False,False,False,False,True,True,True
7112,True,True,False,False,False,True,True,True
7113,True,False,False,False,False,True,True,True
7114,True,True,False,False,False,False,False,False
7115,True,False,False,False,False,False,False,True
7116,True,True,True,True,True,True,True,True
7117,True,True,True,False,False,True,True,True
7118,True,True,True,False,False,False,False,False
7119,True,True,True,True,False,False,False,False
7120,False,False,False,False,False,False,False,True
7121,False,True,False,False,False,True,True,True
7122,True,False,False,False,False,True,True,True
7123,True,True,True,False,False,True,True,True
7124,False,False,False,False,False,True,True,True
7125,False,False,False,False,False,True,True,True
7126,True,False,False,False,False,False,False,False
7127,False,False,False,False,False,True,True,True
7128,True,True,False,False,False,False,False,False
7129,True,False,False,False,False,True,True,True
7130,True,False,False,False,False,False,True,True
7131,True,False,False,False,False,True,True,True
7132,False,False,False,False,False,True,True,True
7133,True,True,True,True,False,False,True,True
7134,False,False,False,False,False,True,False,False
7135,True,True,False,False,False,False,False,False
7136,True,True,True,True,False,False,False,False
7137,True,True,True,False,False,True,True,True
7138,True,True,True,False,False,True,False,True
7139,True,False,False,False,False,False,False,False
7140,False,False,False,False,False,False,False,True
7141,True,True,False,False,False,False,False,False
7142,True,True,False,False,False,True,True,True
7143,False,False,False,False,False,False,False,True
7144,False,False,False,False,False,False,True,True
7145,False,False,False,False,False,True,True,True
7146,True,False,False,False,False,True,True,True
7147,True,True,True,True,True,True,True,True
7148,True,True,True,False,False,True,True,True
7149,True,True,False,False,False,False,False,True
7150,False,False,False,False,False,False,False,False
7151,True,True,True,False,False,True,True,True
7152,False,False,False,False,False,False,False,False
7153,True,False,False,False,False,True,True,True
7154,True,True,False,False,False,False,True,True
7155,True,True,False,False,False,False,False,False
7156,True,True,False,False,False,False,False,False
7157,True,True,True,False,False,False,True,True
7158,True,True,True,False,False,True,True,True
7159,True,True,False,False,False,True,True,True
7160,True,True,True,True,True,True,True,True
7161,True,True,False,False,False,False,False,False
7162,True,True,True,True,True,True,True,True
7163,False,False,False,False,False,True,False,True
7164,True,False,False,False,False,False,False,False
7165,True,True,False,False,False,False,False,False
7166,True,True,True,False,False,False,False,False
7167,False,False,False,False,False,False,False,False
7168,True,False,False,False,False,False,False,False
7169,False,False,False,False,False,True,True,True
7170,True,True,False,False,False,False,False,False
7171,True,True,True,True,False,False,False,False
7172,True,True,True,False,False,False,False,False
7173,True,True,True,False,False,True,True,True
7174,False,False,False,False,False,False,False,False
7175,True,True,True,True,False,False,False,True
7176,True,False,False,False,False,True,True,True
7177,True,True,False,False,False,False,False,True
7178,True,True,True,True,False,True,True,True
7179,True,True,True,False,False,True,True,True
7180,True,True,False,False,False,False,False,True
7181,True,False,False,False,False,False,False,False
7182,True,True,False,False,False,True,True,True
7183,True,True,False,False,False,True,True,True
7184,True,True,True,True,True,True,True,True
7185,False,False,False,False,False,False,False,True
7186,True,True,True,False,False,True,True,True
7187,False,False,False,False,False,False,False,False
7188,False,False,False,False,False,True,True,True
7189,True,True,True,True,True,True,True,True
7190,True,True,False,False,False,False,False,False
7191,True,False,False,False,False,False,False,False
7192,True,False,False,False,False,False,True,True
7193,True,True,True,True,True,True,True,True
7194,True,True,False,False,False,True,True,True
7195,False,False,False,False,False,False,False,False
7196,True,True,True,True,True,True,True,True
7197,False,False,True,False,False,True,True,True
7198,True,False,False,False,False,False,False,True
7199,True,False,False,False,False,False,False,True
7200,True,False,False,False,False,False,True,True
7201,True,False,False,False,False,False,False,False
7202,True,True,True,False,False,False,False,False
7203,True,True,True,False,False,True,True,True
7204,True,True,False,False,False,False,False,True
7205,True,True,True,True,False,False,False,False
7206,True,True,False,False,False,True,True,True
7207,True,True,True,False,False,False,False,False
7208,True,True,True,True,False,True,False,False
7209,True,True,True,True,False,False,True,True
7210,False,False,False,False,False,False,False,False
7211,False,False,False,False,False,False,False,True
7212,True,True,True,True,True,True,True,True
7213,True,False,False,False,False,False,False,True
7214,False,False,False,False,False,True,True,True
7215,True,True,False,False,False,False,False,False
7216,True,True,False,False,False,True,True,True
7217,False,False,False,False,False,True,True,True
7218,True,False,False,False,False,False,False,True
7219,True,True,False,False,False,False,False,True
7220,True,True,True,False,False,False,False,True
7221,True,False,False,False,False,False,False,False
7222,True,True,True,True,False,False,False,False
7223,True,False,False,False,False,False,True,True
7224,True,True,False,False,False,False,False,True
7225,True,True,True,True,True,True,True,True
7226,True,False,False,False,False,False,False,False
7227,True,True,False,False,False,True,True,True
7228,True,True,True,True,False,False,True,True
7229,True,True,False,False,False,True,True,True
7230,True,False,False,False,False,True,False,True
7231,True,True,True,True,True,True,True,True
7232,False,False,False,False,False,False,False,False
7233,True,True,True,True,False,False,False,False
7234,True,True,False,False,False,False,False,True
7235,True,True,False,False,False,False,False,False
7236,True,True,True,True,True,True,True,True
7237,True,True,True,False,False,False,False,True
7238,True,True,False,False,False,False,False,False
7239,True,True,False,False,False,False,True,True
7240,True,True,True,True,True,True,True,True
7241,False,False,False,False,False,False,False,True
7242,True,True,True,True,False,False,False,True
7243,True,False,False,False,False,False,False,True
7244,True,True,True,False,False,False,False,False
7245,True,True,False,False,False,False,False,True
7246,True,False,False,False,False,False,False,True
7247,True,True,True,True,False,False,True,True
7248,True,True,True,True,False,False,False,False
7249,True,False,False,False,False,True,True,True
7250,True,True,True,True,False,False,True,True
7251,False,False,False,False,False,False,False,False
7252,True,True,True,True,False,False,False,False
7253,True,True,False,False,False,False,False,False
7254,True,True,True,True,True,True,True,True
7255,True,True,True,False,False,False,False,False
7256,False,False,False,False,False,False,False,True
7257,True,True,True,True,False,False,False,False
7258,True,True,False,False,False,True,True,True
7259,False,False,False,False,False,False,False,False
7260,True,False,False,False,False,False,True,True
7261,True,False,False,False,False,True,False,True
7262,True,True,True,True,True,True,True,True
7263,True,False,False,False,False,False,False,False
7264,False,False,False,False,False,True,True,True
7265,True,True,False,False,False,False,False,False
7266,True,True,True,True,True,True,True,True
7267,False,False,False,False,False,False,False,False
7268,False,False,False,False,False,True,False,False
7269,True,True,True,True,False,False,False,True
7270,True,True,True,True,False,False,True,True
7271,True,True,True,True,False,False,False,False
7272,True,True,False,False,False,False,False,False
7273,True,True,False,False,False,False,False,False
7274,True,True,True,False,False,False,False,True
7275,False,False,False,False,False,True,True,True
7276,False,False,False,False,False,False,False,False
7277,False,False,False,False,False,True,True,True
7278,False,False,False,False,False,True,True,True
7279,True,True,True,True,True,True,True,True
7280,True,False,False,False,False,True,True,True
7281,True,True,False,False,False,False,True,True
7282,False,False,False,False,False,True,True,True
7283,False,False,False,False,False,False,False,False
7284,False,False,False,False,False,True,False,False
7285,True,True,True,True,False,False,False,True
7286,True,True,False,False,False,False,False,False
7287,True,True,False,False,False,False,False,True
7288,True,True,False,False,False,False,False,True
7289,True,True,True,True,True,True,True,True
7290,True,True,False,False,False,True,True,True
7291,True,True,True,False,False,False,False,False
7292,False,False,False,False,False,True,False,False
7293,True,True,True,True,False,False,False,False
7294,True,True,False,False,False,False,False,False
7295,True,True,True,True,False,False,False,True
7296,True,True,True,False,False,True,True,True
7297,False,False,False,False,False,True,True,True
7298,True,True,False,False,False,False,True,True
7299,True,True,False,False,False,True,True,True
7300,True,True,False,False,False,False,False,True
7301,True,True,False,False,False,False,False,False
7302,True,True,False,False,False,True,True,True
7303,True,True,False,False,False,True,True,True
7304,False,False,False,False,False,True,True,True
7305,True,True,True,True,True,True,True,True
7306,True,True,False,False,False,False,True,True
7307,True,True,True,True,False,False,True,True
7308,True,True,False,False,False,False,False,False
7309,True,True,False,False,False,False,False,False
7310,True,True,True,False,False,False,False,True
7311,True,False,False,False,False,False,False,False
7312,True,True,False,False,False,False,False,False
7313,True,True,False,False,False,False,True,True
7314,True,True,True,True,True,True,True,True
7315,True,True,False,False,False,True,True,True
7316,True,True,False,False,False,False,False,False
7317,True,True,True,True,False,True,True,True
7318,False,False,False,False,False,True,True,True
7319,False,False,False,False,False,False,False,True
7320,True,True,False,False,False,False,True,True
7321,True,True,True,True,False,False,True,True
7322,True,True,True,True,True,True,True,True
7323,True,True,False,False,False,False,False,True
7324,True,True,True,False,False,False,True,True
7325,True,True,False,False,False,True,False,False
7326,True,False,False,False,False,False,False,False
7327,True,True,True,True,False,False,False,True
7328,True,False,False,False,False,False,False,False
7329,False,False,False,False,False,False,False,False
7330,True,True,True,True,True,True,True,True
7331,True,True,True,True,False,False,False,True
7332,False,False,False,False,False,False,True,True
7333,True,False,False,False,False,False,False,True
7334,True,True,True,False,False,False,False,False
7335,True,True,True,False,False,False,True,True
7336,True,True,False,False,False,True,True,True
7337,True,False,False,False,False,False,True,True
7338,True,True,True,False,False,False,False,False
7339,True,False,False,False,False,True,False,False
7340,False,False,False,False,False,True,True,True
7341,True,True,True,True,True,True,True,True
7342,False,False,False,False,False,False,True,True
7343,True,True,True,False,False,False,False,True
7344,True,True,True,True,True,True,True,True
7345,True,True,True,True,False,False,False,False
7346,True,True,True,False,False,False,False,True
7347,True,False,False,False,False,True,True,True
7348,True,True,True,False,False,True,True,True
7349,True,True,True,False,False,False,True,True
7350,False,False,False,False,False,False,False,True
7351,True,False,False,False,False,False,False,False
7352,False,False,False,False,False,False,False,True
7353,True,True,True,True,False,False,False,False
7354,False,False,False,False,False,False,True,True
7355,True,True,True,False,False,True,True,True
7356,True,False,False,False,False,True,True,True
7357,True,True,False,False,False,False,False,True
7358,True,True,False,False,False,False,False,True
7359,True,True,False,False,False,True,True,True
7360,True,True,True,True,False,False,False,False
7361,True,True,False,False,False,True,True,True
7362,True,True,True,True,True,True,True,True
7363,True,True,True,True,False,False,False,False
7364,True,True,True,True,False,False,True,True
7365,True,True,True,True,False,False,False,True
7366,True,True,True,True,False,False,True,True
7367,False,False,False,False,False,False,False,False
7368,True,True,True,True,False,False,False,False
7369,False,False,False,False,False,False,True,True
7370,True,False,False,False,False,False,False,True
7371,True,True,True,True,True,True,True,True
7372,False,False,False,False,False,False,False,False
7373,True,False,False,False,False,False,False,False
7374,True,True,True,True,False,False,True,True
7375,False,False,False,False,False,True,True,True
7376,False,False,False,False,False,False,False,False
7377,True,True,True,True,True,True,True,True
7378,True,True,False,False,False,False,False,False
7379,False,False,False,False,False,True,False,True
7380,True,True,True,True,False,False,False,False
7381,True,True,False,False,False,False,False,True
7382,True,False,False,False,False,True,True,True
7383,False,False,False,False,False,True,True,True
7384,True,False,False,False,False,False,False,False
7385,True,True,True,False,False,False,False,True
7386,True,True,True,True,False,False,False,True
7387,True,True,True,True,True,True,True,True
7388,True,True,True,False,False,False,True,True
7389,True,False,False,False,False,False,False,False
7390,True,True,True,True,False,False,False,False
7391,True,True,False,False,False,False,False,True
7392,True,True,False,False,False,False,False,True
7393,True,False,False,False,False,True,True,True
7394,True,False,False,False,False,False,False,True
7395,False,False,False,False,False,True,True,True
7396,True,True,True,False,False,False,False,False
7397,True,True,True,False,False,False,False,False
7398,False,False,False,False,False,True,True,True
7399,True,True,True,True,False,True,True,True
7400,True,True,True,True,False,False,False,False
7401,True,True,True,True,True,True,True,True
7402,False,False,False,False,False,True,True,True
7403,True,True,True,True,False,False,False,False
7404,True,True,True,False,False,False,False,False
7405,True,False,False,False,False,False,True,True
7406,False,False,False,False,False,False,False,True
7407,True,True,False,False,False,True,True,True
7408,True,False,False,False,False,True,True,True
7409,True,True,False,False,False,False,False,False
7410,True,True,True,False,False,False,True,True
7411,True,True,True,False,False,False,False,False
7412,True,False,False,False,False,False,False,True
7413,True,False,False,False,False,True,True,True
7414,False,False,False,False,False,False,False,False
7415,True,True,False,False,False,True,True,True
7416,False,False,False,False,False,False,False,False
7417,False,False,False,False,False,True,True,True
7418,True,False,False,False,False,True,True,True
7419,True,True,False,False,False,True,True,True
7420,True,True,True,False,False,False,False,False
7421,True,True,True,True,True,True,True,True
7422,False,False,False,False,False,False,False,False
7423,True,False,False,False,False,False,False,False
7424,True,True,True,True,False,True,True,True
7425,False,False,False,False,False,False,True,True
7426,True,True,True,True,False,True,True,True
7427,False,False,False,False,False,False,False,True
7428,True,True,True,False,False,False,False,True
7429,True,True,True,True,False,True,True,True
7430,False,False,False,False,False,False,False,True
7431,True,True,True,False,False,False,True,True
7432,True,True,True,True,True,True,True,True
7433,True,True,True,True,False,True,True,True
7434,False,False,False,False,False,True,True,True
7435,True,False,False,False,False,False,False,False
7436,True,True,True,False,False,True,True,True
7437,True,True,True,True,False,False,False,True
7438,True,True,True,True,False,True,True,True
7439,True,True,True,True,True,True,True,True
7440,True,True,True,True,False,False,False,False
7441,True,True,False,False,False,False,False,True
7442,False,False,False,False,False,False,True,True
7443,True,True,True,False,False,True,True,True
7444,True,True,False,False,False,False,False,False
7445,True,True,True,True,False,True,True,True
7446,True,True,True,True,False,True,True,True
7447,True,True,True,False,False,True,True,True
7448,True,True,True,False,False,False,False,True
7449,True,True,True,True,True,True,True,True
7450,False,False,False,False,False,True,True,True
7451,True,True,True,False,False,False,False,False
7452,False,False,False,False,False,False,False,False
7453,True,True,True,True,True,True,True,True
7454,True,False,False,False,False,True,True,True
7455,False,False,False,False,False,False,False,False
7456,True,True,True,False,False,False,False,False
7457,True,False,False,False,False,True,True,True
7458,False,False,False,False,False,True,True,True
7459,False,False,False,False,False,True,False,True
7460,True,False,False,False,False,True,True,True
7461,True,True,True,True,True,True,True,True
7462,True,False,False,False,False,True,True,True
7463,True,True,True,False,False,False,False,False
7464,True,False,False,False,False,True,True,True
7465,True,True,False,False,False,False,True,True
7466,True,True,True,False,False,False,False,False
7467,True,False,False,False,False,False,True,True
7468,True,True,False,False,False,True,True,True
7469,True,True,True,False,False,False,True,True
7470,False,False,False,False,False,False,False,False
7471,True,True,False,False,False,False,False,True
7472,False,False,False,False,False,True,True,True
7473,True,True,True,True,True,True,True,True
7474,True,True,False,False,False,False,False,False
7475,True,False,False,False,False,True,True,True
7476,True,True,True,False,False,False,False,True
7477,False,False,False,False,False,False,True,True
7478,True,True,True,False,False,False,False,False
7479,False,False,False,False,False,False,False,False
7480,False,False,False,False,False,False,False,False
7481,True,True,True,True,True,True,True,True
7482,True,False,False,False,False,True,True,True
7483,True,True,True,True,True,True,True,True
7484,True,False,False,False,False,False,False,False
7485,True,True,True,True,False,False,False,True
7486,True,True,True,True,False,True,True,True
7487,True,True,True,True,False,False,False,True
7488,True,False,False,False,False,True,False,True
7489,True,True,False,False,False,False,False,True
7490,True,True,True,True,True,True,True,True
7491,True,True,True,True,False,True,True,True
7492,True,True,False,False,False,True,True,True
7493,True,False,False,False,False,False,False,True
7494,True,True,True,True,True,True,True,True
7495,False,False,False,False,False,False,False,True
7496,False,False,False,False,False,True,True,True
7497,True,True,True,True,False,False,False,True
7498,True,True,True,False,False,False,False,True
7499,False,False,False,False,False,False,False,False
7500,True,False,False,False,False,True,True,True
7501,True,True,True,True,False,True,True,True
7502,True,False,False,False,False,True,False,True
7503,True,True,True,True,True,True,True,True
7504,True,True,True,False,False,True,True,True
7505,True,True,True,True,True,True,True,True
7506,True,True,True,True,False,True,True,True
7507,True,True,True,False,False,True,True,True
7508,True,True,False,False,False,False,False,True
7509,False,False,False,False,False,False,False,True
7510,True,True,True,True,True,True,True,True
7511,False,False,False,False,False,True,True,True
7512,True,False,False,False,False,True,True,True
7513,False,False,False,False,False,True,True,True
7514,True,False,False,False,False,False,False,False
7515,True,False,False,False,False,True,False,True
7516,True,True,True,False,False,False,False,True
7517,True,True,True,True,False,False,True,True
7518,False,False,False,False,False,False,False,True
7519,True,True,False,False,False,True,True,True
7520,False,False,False,False,False,True,True,True
7521,False,False,False,False,False,True,True,True
7522,True,True,True,False,False,False,False,True
7523,False,False,False,False,False,True,True,True
7524,False,True,False,False,False,False,False,False
7525,True,True,True,True,False,False,True,True
7526,True,False,False,False,False,True,True,True
7527,False,False,False,False,False,True,False,False
7528,False,False,False,False,False,False,False,False
7529,True,False,False,False,False,False,True,True
7530,True,True,True,True,True,True,True,True
7531,True,True,True,True,False,False,False,True
7532,False,False,False,False,False,False,False,False
7533,True,True,True,True,False,False,False,True
7534,True,False,False,False,False,False,False,True
7535,True,True,True,True,False,False,False,True
7536,False,False,False,False,False,True,True,True
7537,True,True,True,True,False,False,False,False
7538,False,False,False,False,False,False,False,True
7539,True,False,False,False,False,True,False,False
7540,True,False,False,False,False,False,True,True
7541,True,True,True,True,True,True,True,True
7542,False,False,False,False,False,True,True,True
7543,True,True,True,False,False,False,False,True
7544,False,False,False,False,False,False,False,True
7545,True,True,True,True,False,True,True,True
7546,True,True,False,False,False,False,False,False
7547,True,True,True,True,False,True,True,True
7548,True,True,True,False,False,False,False,False
7549,False,False,False,False,False,False,True,True
7550,False,False,False,False,False,False,False,True
7551,True,False,False,False,False,True,True,True
7552,False,False,False,False,False,True,True,True
7553,False,False,False,False,False,False,False,True
7554,True,True,True,False,False,True,True,True
7555,True,True,False,False,False,False,False,False
7556,True,False,False,False,False,True,True,True
7557,True,True,True,True,False,False,True,True
7558,False,False,False,False,False,False,False,True
7559,True,True,True,True,False,False,False,True
7560,True,True,False,False,False,False,True,True
7561,True,True,False,False,False,False,False,False
7562,True,True,True,False,False,False,False,False
7563,True,True,True,True,True,True,True,True
7564,True,True,True,True,False,False,False,True
7565,True,True,True,False,False,False,False,False
7566,False,False,False,False,False,True,True,True
7567,True,True,False,False,False,False,False,True
7568,True,True,True,False,False,True,True,True
7569,True,True,True,False,False,False,False,False
7570,True,True,True,True,True,True,True,True
7571,True,True,False,False,False,False,False,False
7572,False,False,False,False,False,True,True,True
7573,True,False,False,False,False,False,True,True
7574,False,False,False,False,False,False,False,True
7575,True,False,False,False,False,False,False,True
7576,False,False,False,False,False,True,False,True
7577,True,False,False,False,False,True,True,True
7578,True,True,False,False,False,True,True,True
7579,False,False,False,False,False,True,True,True
7580,True,False,False,False,False,False,False,False
7581,True,True,True,True,False,False,False,True
7582,False,False,False,False,False,False,True,True
7583,True,False,False,False,False,True,True,True
7584,True,True,True,False,False,True,True,True
7585,True,False,False,False,False,False,False,False
7586,True,True,True,True,False,False,False,False
7587,False,False,False,False,False,True,True,True
7588,True,True,True,False,False,True,True,True
7589,True,True,False,False,False,False,False,False
7590,True,True,False,False,False,True,True,True
7591,True,True,False,False,False,True,True,True
7592,True,False,False,False,False,True,True,True
7593,True,True,True,False,False,False,True,True
7594,True,True,True,True,True,True,True,True
7595,True,True,True,False,False,False,False,True
7596,True,True,True,False,False,True,True,True
7597,True,False,False,False,False,True,True,True
7598,True,True,True,True,False,True,True,True
7599,True,False,False,False,False,False,False,False
7600,True,False,False,False,False,False,True,True
7601,True,False,False,False,False,False,False,False
7602,True,True,True,True,True,True,True,True
7603,True,True,True,False,False,False,True,True
7604,True,False,False,False,False,True,True,True
7605,True,False,False,False,False,True,True,True
7606,True,True,True,False,False,True,True,True
7607,True,True,False,False,False,False,False,True
7608,True,False,False,False,False,False,False,False
7609,True,False,False,False,False,False,False,True
7610,True,False,False,False,False,False,False,False
7611,True,False,False,False,False,False,False,True
7612,True,True,True,False,False,False,False,True
7613,True,True,False,False,False,False,False,False
7614,False,False,False,False,False,False,False,False
7615,True,True,True,False,False,False,False,True
7616,True,True,True,True,True,True,True,True
7617,True,True,True,False,False,True,True,True
7618,True,True,True,False,False,True,True,True
7619,True,True,False,False,False,True,True,True
7620,True,True,False,False,False,False,False,False
7621,True,True,True,False,False,False,True,True
7622,True,False,False,False,False,False,True,True
7623,False,False,False,False,False,True,True,True
7624,False,False,False,False,False,True,True,True
7625,True,True,False,False,False,False,False,False
7626,True,True,True,True,True,True,True,True
7627,True,True,True,False,False,True,True,True
7628,True,False,False,False,False,False,True,True
7629,False,False,False,False,False,False,False,False
7630,False,False,False,False,False,True,True,True
7631,False,False,False,False,False,False,False,True
7632,True,True,True,False,False,True,False,True
7633,True,True,False,False,False,False,True,True
7634,True,True,True,False,False,True,True,True
7635,True,False,False,False,False,False,False,False
7636,True,True,False,False,False,False,True,True
7637,True,False,False,False,False,False,True,True
7638,False,False,False,False,False,False,False,False
7639,True,True,False,False,False,False,False,True
7640,True,False,False,False,False,True,True,True
7641,True,True,True,True,False,False,True,True
7642,True,False,False,False,False,False,True,True
7643,True,True,True,True,False,False,False,False
7644,True,True,True,False,False,False,False,True
7645,True,False,False,False,False,False,True,True
7646,True,True,True,False,False,False,False,True
7647,True,True,True,True,True,True,True,True
7648,True,False,False,False,False,True,True,True
7649,True,True,True,False,False,False,False,False
7650,True,True,False,False,False,False,False,True
7651,True,True,False,False,False,False,False,True
7652,False,False,False,False,False,False,False,True
7653,False,False,False,False,False,True,False,False
7654,False,False,False,False,False,False,False,False
7655,True,False,False,False,False,False,False,True
7656,True,True,False,False,False,True,True,True
7657,False,False,False,False,False,True,True,True
7658,True,False,False,False,False,False,True,True
7659,True,True,False,False,False,False,False,False
7660,False,False,False,False,False,True,True,True
7661,True,True,True,False,False,True,True,True
7662,True,True,True,True,False,False,False,False
7663,True,True,True,True,False,True,True,True
7664,False,False,False,False,False,True,False,True
7665,True,True,False,False,False,False,False,False
7666,True,True,True,True,False,False,True,True
7667,True,True,True,True,False,False,True,True
7668,True,False,False,False,False,False,False,True
7669,True,False,False,False,False,False,False,False
7670,True,False,False,False,False,True,True,True
7671,True,False,False,False,False,False,False,False
7672,False,False,False,False,False,True,True,True
7673,True,False,False,False,False,False,False,True
7674,True,True,True,False,False,False,False,False
7675,True,True,True,True,True,True,True,True
7676,False,False,False,False,False,False,False,True
7677,True,True,True,True,False,True,True,True
7678,True,True,True,False,False,False,False,False
7679,True,True,True,True,False,True,True,True
7680,True,True,False,False,False,False,True,True
7681,False,False,False,False,False,True,False,False
7682,True,True,True,False,False,True,True,True
7683,False,False,False,False,False,False,False,True
7684,False,False,False,False,False,False,False,False
7685,True,False,False,False,False,True,True,True
7686,True,True,True,True,False,False,False,True
7687,True,True,True,False,False,True,True,True
7688,True,True,False,False,False,False,False,False
7689,True,True,True,True,True,True,True,True
7690,True,True,True,True,True,True,True,True
7691,True,True,False,False,False,False,False,False
7692,True,True,True,False,False,False,True,True
7693,False,False,False,False,False,True,True,True
7694,True,True,True,False,False,False,False,False
7695,True,True,False,False,False,True,True,True
7696,True,True,True,True,True,True,True,True
7697,True,True,True,True,False,False,False,False
7698,True,True,True,False,False,False,False,False
7699,True,False,False,False,False,True,True,True
7700,False,False,False,False,False,False,False,True
7701,False,False,False,False,False,True,True,True
7702,False,False,False,False,False,False,False,True
7703,True,False,False,False,False,True,True,True
7704,True,True,True,False,False,True,True,True
7705,True,True,True,True,True,True,True,True
7706,False,False,False,False,False,False,False,True
7707,True,True,False,False,False,False,True,True
7708,False,False,False,False,False,False,False,True
7709,True,False,False,False,False,True,True,True
7710,True,True,True,False,False,False,True,True
7711,True,True,True,True,False,False,False,False
7712,True,True,True,False,False,False,False,False
7713,True,True,False,False,False,False,False,True
7714,True,True,False,False,False,False,False,True
7715,False,False,False,False,False,False,False,False
7716,True,True,False,False,False,False,True,True
7717,True,True,True,True,False,False,False,True
7718,True,True,True,False,False,False,False,False
7719,False,False,False,False,False,False,False,True
7720,False,False,False,False,False,True,True,True
7721,True,False,False,False,False,False,True,True
7722,True,True,False,False,False,False,False,False
7723,True,True,True,True,True,True,True,True
7724,False,False,False,False,False,True,True,True
7725,True,True,True,True,True,True,True,True
7726,False,False,False,False,False,False,True,True
7727,True,True,True,False,False,True,True,True
7728,True,False,False,False,False,True,True,True
7729,True,True,False,False,False,False,False,True
7730,True,True,True,True,False,False,False,False
7731,True,True,True,True,False,False,True,True
7732,True,True,False,False,False,False,False,True
7733,True,True,True,False,False,True,True,True
7734,False,False,False,False,False,False,False,False
7735,True,False,False,False,False,True,False,False
7736,False,False,False,False,False,False,False,True
7737,False,False,False,False,False,True,True,True
7738,True,False,False,False,False,True,True,True
7739,True,True,True,True,True,True,True,True
7740,True,False,False,False,False,True,True,True
7741,True,True,True,True,True,True,True,True
7742,True,True,True,True,False,False,False,False
7743,True,True,True,True,False,True,True,True
7744,True,True,False,False,False,False,True,True
7745,True,True,False,False,False,False,False,True
7746,True,False,True,False,False,True,True,True
7747,True,True,False,False,False,False,False,True
7748,True,False,False,False,False,False,False,False
7749,True,True,True,False,False,False,True,True
7750,True,True,True,True,True,True,True,True
7751,True,True,True,True,False,False,False,False
7752,True,True,True,True,True,True,True,True
7753,False,False,False,False,False,True,True,True
7754,True,True,False,False,False,True,True,True
7755,False,False,False,False,False,True,True,True
7756,True,False,False,False,False,True,True,True
7757,False,False,False,False,False,False,False,False
7758,False,False,False,False,False,False,False,False
7759,True,False,False,False,False,True,True,True
7760,True,True,True,True,False,True,True,True
7761,True,True,True,True,False,False,False,True
7762,True,True,True,True,True,True,True,True
7763,True,True,True,True,False,False,False,False
7764,True,False,False,False,False,False,False,False
7765,True,True,False,False,False,False,False,False
7766,False,False,False,False,False,True,False,False
7767,True,True,False,False,False,True,True,True
7768,True,True,False,False,False,False,False,False
7769,True,False,False,False,False,True,True,True
7770,True,True,True,True,True,True,True,True
7771,True,True,True,False,False,False,True,True
7772,False,False,False,False,False,False,True,True
7773,True,True,True,True,False,False,False,False
7774,True,False,False,False,False,False,True,True
7775,True,True,True,True,False,False,True,True
7776,True,True,True,True,False,False,False,True
7777,False,False,False,False,False,False,True,True
7778,True,True,True,False,False,False,False,False
7779,False,False,False,False,False,False,False,False
7780,False,False,False,False,False,False,False,False
7781,True,True,False,False,False,True,False,False
7782,False,False,False,False,False,True,True,True
7783,True,False,False,False,False,False,False,True
7784,True,True,True,True,True,True,True,True
7785,True,True,False,False,False,False,False,True
7786,False,False,False,False,False,False,False,False
7787,True,True,True,True,True,True,True,True
7788,True,True,True,True,False,True,True,True
7789,True,True,True,True,False,False,False,False
7790,True,True,False,False,False,True,True,True
7791,False,False,False,False,False,True,True,True
7792,True,True,True,True,False,False,False,True
7793,False,False,False,False,False,False,True,True
7794,True,False,False,False,False,False,False,False
7795,True,False,False,False,False,True,True,True
7796,True,False,False,False,False,True,True,True
7797,True,True,False,False,False,False,False,True
7798,False,False,False,False,False,False,False,True
7799,True,True,False,False,False,True,True,True
7800,False,False,False,False,False,False,False,True
7801,True,True,True,True,False,True,True,True
7802,True,True,True,False,False,False,True,True
7803,True,False,False,False,False,False,False,True
7804,True,True,True,False,False,True,True,True
7805,True,True,True,True,False,False,True,True
7806,True,True,False,False,False,True,True,True
7807,False,False,False,False,False,False,False,False
7808,False,False,False,False,False,False,False,True
7809,True,False,False,False,False,False,False,True
7810,True,True,True,True,False,False,False,False
7811,True,True,False,False,False,False,False,True
7812,True,True,True,False,False,False,False,True
7813,True,True,True,True,False,False,False,False
7814,True,True,True,True,False,False,False,True
7815,True,True,True,True,True,True,True,True
7816,True,True,True,True,True,True,True,True
7817,True,False,False,False,False,False,False,True
7818,False,False,False,False,False,True,True,True
7819,True,True,True,True,True,True,True,True
7820,False,False,False,False,False,True,True,True
7821,True,True,True,True,False,False,True,True
7822,True,False,False,False,False,True,True,True
7823,True,False,False,False,False,True,True,True
7824,True,True,False,False,False,True,True,True
7825,True,False,False,False,False,True,True,True
7826,False,False,False,False,False,False,False,True
7827,True,False,False,False,False,False,True,True
7828,True,False,False,False,False,True,True,True
7829,False,False,False,False,False,False,False,True
7830,False,False,False,False,False,True,True,True
7831,True,True,True,True,False,False,True,True
7832,True,True,False,False,False,True,True,True
7833,True,True,True,True,True,True,True,True
7834,True,True,True,True,True,True,True,True
7835,True,True,True,True,False,True,True,True
7836,True,True,True,True,False,False,False,False
7837,True,True,True,True,True,True,True,True
7838,False,False,False,False,False,False,False,False
7839,False,False,False,False,False,False,False,False
7840,True,True,True,True,True,True,True,True
7841,True,False,False,False,False,False,False,True
7842,False,False,False,False,False,False,False,True
7843,True,True,False,False,False,False,False,True
7844,True,True,False,False,False,False,False,False
7845,False,False,False,False,False,True,True,True
7846,False,False,False,False,False,True,True,True
7847,True,True,True,True,True,True,True,True
7848,True,True,True,True,False,False,False,False
7849,True,True,False,False,False,True,True,True
7850,False,False,False,False,False,False,False,False
7851,True,True,False,False,False,False,False,False
7852,True,True,False,False,False,False,True,True
7853,True,True,False,False,False,True,True,True
7854,True,True,True,False,False,True,True,True
7855,True,True,True,True,False,False,False,True
7856,True,True,False,False,False,True,True,True
7857,True,True,False,False,False,False,False,False
7858,True,True,False,False,False,False,True,True
7859,True,True,True,False,False,False,True,True
7860,True,True,True,False,False,False,False,False
7861,True,False,False,False,False,False,False,True
7862,False,False,False,False,False,True,False,False
7863,False,False,False,False,False,True,True,True
7864,True,True,True,False,False,False,True,True
7865,False,False,False,False,False,False,False,False
7866,True,True,False,False,False,True,True,True
7867,True,True,True,False,False,False,False,False
7868,True,True,False,False,False,False,False,True
7869,True,True,True,False,False,False,True,True
7870,True,True,True,True,False,False,False,True
7871,False,False,False,False,False,False,False,False
7872,True,True,False,False,False,True,True,True
7873,True,True,False,False,False,False,False,False
7874,True,True,False,False,False,False,False,True
7875,False,False,False,False,False,False,False,True
7876,True,False,False,False,False,False,False,True
7877,True,True,False,False,False,False,False,False
7878,True,True,True,True,False,False,False,False
7879,True,True,True,False,False,False,False,True
7880,True,True,False,False,False,False,False,False
7881,True,True,True,False,False,False,False,False
7882,True,False,False,False,False,False,True,True
7883,True,True,True,True,False,False,True,True
7884,True,True,True,True,False,True,True,True
7885,True,True,True,False,False,False,False,False
7886,True,True,False,False,False,False,True,True
7887,True,False,False,False,False,True,True,True
7888,True,True,False,False,False,False,False,False
7889,True,True,True,True,True,True,True,True
7890,True,False,False,False,False,True,True,True
7891,True,False,False,False,False,False,False,False
7892,True,True,True,False,False,False,False,False
7893,True,True,True,False,False,False,False,False
7894,False,False,False,False,False,False,False,True
7895,True,True,True,False,False,False,False,True
7896,True,False,False,False,False,False,True,True
7897,True,True,True,True,False,True,True,True
7898,True,True,True,True,False,False,False,True
7899,True,True,True,True,False,False,True,True
7900,True,False,False,False,False,False,False,False
7901,True,True,True,True,True,True,True,True
7902,True,False,False,False,False,False,False,True
7903,True,True,False,False,False,True,True,True
7904,True,True,True,True,True,True,True,True
7905,True,True,True,False,False,True,True,True
7906,False,False,False,False,False,True,False,True
7907,False,False,False,False,False,False,False,True
7908,False,False,False,False,False,False,False,False
7909,True,True,True,False,False,True,True,True
7910,False,False,False,False,False,False,False,True
7911,True,True,True,False,False,False,False,True
7912,False,False,False,False,False,True,True,True
7913,True,True,True,False,False,False,True,True
7914,False,False,False,False,False,False,False,False
7915,True,False,False,False,False,True,True,True
7916,True,True,False,False,False,False,False,True
7917,True,False,False,False,False,True,True,True
7918,True,True,True,True,False,False,False,False
7919,True,True,False,False,False,True,True,True
7920,True,True,False,False,False,False,True,True
7921,True,False,False,False,False,False,False,False
7922,False,False,False,False,False,True,True,True
7923,True,True,True,False,False,False,False,False
7924,True,True,True,False,False,True,True,True
7925,True,True,False,False,False,False,False,False
7926,True,True,False,False,False,False,True,True
7927,True,False,False,False,False,False,False,False
7928,True,True,True,False,False,False,False,False
7929,True,False,False,False,False,False,False,False
7930,True,True,True,True,False,False,False,False
7931,True,True,True,True,True,True,True,True
7932,True,False,False,False,False,True,True,True
7933,True,False,False,False,False,False,False,True
7934,False,False,False,False,False,False,False,False
7935,True,True,True,True,False,True,True,True
7936,True,True,False,False,False,True,True,True
7937,False,False,False,False,False,False,False,True
7938,True,True,True,False,False,False,True,True
7939,True,True,False,False,False,False,False,False
7940,True,True,False,False,False,False,False,False
7941,False,False,False,False,False,True,True,True
7942,True,False,False,False,False,False,False,True
7943,True,True,True,False,False,False,True,True
7944,True,True,False,False,False,False,False,True
7945,True,True,True,True,False,False,True,True
7946,False,False,False,False,False,True,True,True
7947,True,True,True,True,False,True,True,True
7948,True,True,True,False,False,True,True,True
7949,True,False,False,False,False,True,True,True
7950,True,False,False,False,False,False,False,True
7951,True,True,True,True,False,False,False,True
7952,True,False,False,False,False,False,False,True
7953,True,False,False,False,False,False,False,True
7954,True,True,False,False,False,False,False,True
7955,True,False,False,False,False,False,False,True
7956,True,True,True,True,False,False,False,False
7957,True,True,True,True,True,True,True,True
7958,True,False,False,False,False,True,True,True
7959,True,True,True,False,False,False,False,True
7960,True,False,False,False,False,False,True,True
7961,True,True,True,False,False,False,False,False
7962,True,True,True,True,False,False,False,False
7963,True,True,False,False,False,False,False,False
7964,True,True,False,False,False,False,False,False
7965,False,False,False,False,False,True,True,True
7966,True,True,False,False,False,True,True,True
7967,True,True,True,False,False,False,False,False
7968,True,True,True,False,False,False,False,False
7969,True,False,False,False,False,True,False,False
7970,True,True,True,False,False,False,False,False
7971,False,False,False,False,False,True,True,True
7972,False,False,False,False,False,True,True,True
7973,True,False,False,False,False,True,True,True
7974,True,True,True,True,False,False,False,True
7975,False,False,False,False,False,True,False,True
7976,True,False,False,False,False,True,True,True
7977,True,False,False,False,False,False,False,False
7978,True,True,True,False,False,False,True,True
7979,True,True,False,False,False,True,True,True
7980,False,False,False,False,False,True,True,True
7981,True,False,False,False,False,False,False,True
7982,True,True,True,True,False,False,False,False
7983,True,False,False,False,False,False,False,False
7984,True,True,False,False,False,False,False,False
7985,True,True,True,True,True,True,True,True
7986,False,False,False,False,False,True,True,True
7987,False,False,False,False,False,True,True,True
7988,True,True,True,True,False,True,True,True
7989,True,True,False,False,False,False,False,True
7990,True,True,False,False,False,False,False,True
7991,True,True,True,False,False,False,False,True
7992,True,True,True,True,False,True,True,True
7993,True,True,True,False,False,False,False,False
7994,True,True,False,False,False,True,True,True
7995,False,False,False,False,False,True,True,True
7996,True,True,True,False,False,False,False,True
7997,True,True,True,True,False,False,False,False
7998,True,False,False,False,False,False,True,True
7999,True,True,True,True,False,False,False,False
8000,False,False,False,False,False,False,False,True
8001,True,True,True,False,False,False,False,False
8002,False,False,False,False,False,False,False,True
8003,True,False,False,False,False,False,False,False
8004,True,True,True,False,False,False,True,True
8005,True,True,True,False,False,True,True,True
8006,True,True,True,False,False,False,False,True
8007,True,True,True,False,False,False,False,False
8008,True,False,False,False,False,True,True,True
8009,True,True,True,True,True,True,True,True
8010,True,True,True,True,False,True,True,True
8011,True,True,False,False,False,False,True,True
8012,False,False,False,False,False,False,False,False
8013,True,True,False,False,False,False,False,True
8014,True,True,True,False,False,True,True,True
8015,False,False,False,False,False,True,False,False
8016,False,False,False,False,False,True,True,True
8017,True,True,True,True,True,True,True,True
8018,True,True,True,True,True,True,True,True
8019,True,True,False,False,False,False,False,False
8020,False,False,False,False,False,True,True,True
8021,False,False,False,False,False,False,False,False
8022,True,False,False,False,False,False,False,False
8023,False,False,False,False,False,True,True,True
8024,True,False,False,False,False,False,False,False
8025,True,True,True,False,False,False,False,True
8026,False,False,False,False,False,True,True,True
8027,True,False,False,False,False,True,True,True
8028,False,False,False,False,False,False,False,False
8029,True,True,False,False,False,False,True,True
8030,True,True,False,False,False,False,False,False
8031,True,False,False,False,False,False,True,True
8032,True,False,False,False,False,False,False,False
8033,False,False,False,False,False,True,True,True
8034,True,True,True,False,False,False,False,False
8035,True,True,False,False,False,True,True,True
8036,True,True,True,True,False,False,False,False
8037,True,True,True,True,True,True,True,True
8038,True,True,False,False,False,True,True,True
8039,True,True,True,False,False,False,False,True
8040,True,True,True,True,True,True,True,True
8041,True,True,False,False,False,True,True,True
8042,True,False,False,False,False,False,False,True
8043,True,True,False,False,False,True,True,True
8044,True,True,True,False,False,True,True,True
8045,True,True,False,False,False,True,False,False
8046,False,False,False,False,False,False,False,True
8047,True,True,True,True,False,False,False,True
8048,True,True,True,True,False,False,False,False
8049,True,False,False,False,False,False,False,True
8050,True,True,False,False,False,False,True,True
8051,True,True,True,True,True,True,True,True
8052,True,True,True,True,True,True,True,True
8053,False,False,False,False,False,False,False,True
8054,True,False,False,False,False,False,False,True
8055,True,True,False,False,False,False,False,False
8056,True,True,True,False,False,False,False,True
8057,True,False,False,False,False,True,True,True
8058,False,False,False,False,False,True,False,True
8059,False,False,False,False,False,True,True,True
8060,True,True,True,False,False,True,True,True
8061,True,True,True,False,False,True,True,True
8062,True,True,False,False,False,False,False,False
8063,True,False,False,False,False,True,True,True
8064,True,True,False,False,False,False,True,True
8065,True,True,False,False,False,False,True,True
8066,False,False,False,False,False,False,False,False
8067,False,False,False,False,False,True,True,True
8068,False,False,False,False,False,True,False,False
8069,True,False,False,False,False,True,True,True
8070,False,False,False,False,False,False,False,True
8071,True,True,True,True,True,True,True,True
8072,True,True,True,False,False,True,True,True
8073,False,False,False,False,False,True,True,True
8074,True,False,False,False,False,False,False,True
8075,True,True,True,True,True,True,True,True
8076,False,False,False,False,False,False,False,False
8077,True,True,False,False,False,False,False,False
8078,True,False,False,False,False,False,True,True
8079,True,True,False,False,False,False,False,False
8080,True,True,False,False,False,False,False,False
8081,True,True,True,False,False,False,False,True
8082,False,False,False,False,False,True,True,True
8083,False,False,False,False,False,True,True,True
8084,True,True,True,False,False,False,False,True
8085,True,True,True,False,False,False,False,True
8086,True,True,False,False,False,False,True,False
8087,False,False,False,False,False,True,True,True
8088,True,True,True,True,False,False,True,True
8089,True,False,False,False,False,False,False,False
8090,True,True,True,False,False,True,True,True
8091,True,True,True,False,False,True,True,True
8092,True,True,True,True,True,True,True,True
8093,True,True,True,True,True,True,True,True
8094,True,True,True,False,False,False,False,True
8095,True,True,True,True,False,False,False,False
8096,True,True,True,False,False,False,False,True
8097,True,True,True,True,False,False,False,False
8098,False,False,False,False,False,True,True,True
8099,True,False,False,False,False,False,False,True
8100,False,False,False,False,False,True,True,True
8101,False,False,False,False,False,True,False,False
8102,False,False,False,False,False,False,False,True
8103,False,False,False,False,False,True,True,True
8104,True,True,True,True,True,True,True,True
8105,True,True,True,True,True,True,True,True
8106,True,True,True,True,True,True,True,True
8107,True,False,False,False,False,True,True,True
8108,False,False,False,False,False,False,False,True
8109,True,True,True,True,False,False,False,False
8110,True,True,True,True,True,True,True,True
8111,True,True,False,False,False,False,False,True
8112,True,False,False,False,False,True,True,True
8113,True,True,False,False,False,False,True,True
8114,False,False,False,False,False,True,True,True
8115,True,True,True,False,False,False,False,False
8116,True,True,True,True,True,True,True,True
8117,True,True,True,True,False,False,False,True
8118,True,True,False,False,False,False,False,False
8119,True,False,False,False,False,True,True,True
8120,True,True,False,False,False,False,True,True
8121,True,True,True,False,False,True,True,True
8122,True,True,True,False,False,False,False,True
8123,True,False,False,False,False,False,False,True
8124,False,False,False,False,False,False,True,True
8125,True,True,False,False,False,False,False,False
8126,True,True,False,False,False,False,False,True
8127,True,True,True,True,False,False,True,True
8128,True,True,True,True,False,False,False,True
8129,True,True,True,True,False,False,False,False
8130,True,True,True,False,False,False,False,False
8131,True,True,True,False,False,True,True,True
8132,False,False,False,False,False,True,True,True
8133,True,True,False,False,False,True,True,True
8134,True,True,True,False,False,False,False,True
8135,True,True,False,False,False,False,False,True
8136,False,False,False,False,False,False,False,True
8137,False,False,False,False,False,True,True,True
8138,False,False,False,False,False,True,True,True
8139,True,True,True,False,False,False,False,False
8140,False,False,False,False,False,False,False,False
8141,True,True,True,True,True,True,True,True
8142,True,True,False,False,False,True,True,True
8143,True,True,False,False,False,False,False,False
8144,True,False,False,False,False,False,False,True
8145,False,False,False,False,False,False,False,False
8146,False,False,False,False,False,True,True,True
8147,True,True,True,True,True,True,True,True
8148,True,True,True,False,False,False,False,False
8149,True,True,True,True,False,False,True,True
8150,False,False,False,False,False,False,False,False
8151,True,False,False,False,False,False,False,True
8152,False,False,False,False,False,True,True,True
8153,True,False,False,False,False,False,False,True
8154,True,True,False,False,False,False,False,False
8155,False,False,False,False,False,True,True,True
8156,True,False,False,False,False,True,True,True
8157,True,True,True,True,True,True,True,True
8158,True,True,True,False,False,False,False,True
8159,True,False,False,False,False,True,True,True
8160,False,False,False,False,False,False,False,False
8161,True,True,True,True,False,True,True,True
8162,True,True,True,True,False,False,False,False
8163,False,False,False,False,False,False,True,True
8164,False,False,False,False,False,True,False,False
8165,True,False,False,False,False,False,False,True
8166,False,False,False,False,False,False,False,False
8167,True,True,False,False,False,False,True,True
8168,True,True,True,True,False,False,False,False
8169,True,True,True,False,False,False,False,False
8170,False,False,False,False,False,False,False,False
8171,True,True,True,True,False,False,False,False
8172,True,False,False,False,False,False,True,True
8173,True,True,True,True,True,True,True,True
8174,False,False,False,False,False,False,False,False
8175,True,False,False,False,False,False,True,True
8176,True,True,True,False,False,False,False,False
8177,True,True,False,False,False,False,False,False
8178,True,False,False,False,False,False,False,True
8179,False,False,False,False,False,False,False,False
8180,True,True,True,False,False,True,True,True
8181,True,True,False,False,False,False,False,True
8182,False,False,False,False,False,False,False,True
8183,True,True,False,False,False,False,False,False
8184,True,True,True,True,True,True,True,True
8185,False,False,False,False,False,True,True,True
8186,True,False,False,False,False,False,True,True
8187,False,False,False,False,False,False,False,True
8188,True,True,False,False,False,True,True,True
8189,True,True,True,False,False,False,False,False
8190,False,False,False,False,False,False,True,True
8191,True,False,False,False,False,False,False,False
8192,True,True,True,False,False,True,True,True
8193,True,True,True,True,False,False,True,True
8194,True,False,False,False,False,False,False,True
8195,True,True,True,False,False,True,True,True
8196,True,True,True,False,False,False,False,True
8197,True,False,False,False,False,False,True,True
8198,True,True,False,False,False,False,True,True
8199,True,True,True,False,False,False,False,False
8200,True,True,True,False,False,False,False,True
8201,True,True,False,False,False,False,False,True
8202,True,True,True,True,False,True,True,True
8203,False,False,False,False,False,False,False,True
8204,False,False,False,False,False,True,True,True
8205,False,False,False,False,False,True,True,True
8206,True,True,True,False,False,False,False,True
8207,True,True,False,False,False,True,True,True
8208,True,True,True,True,False,False,False,True
8209,True,True,False,False,False,True,True,True
8210,True,False,False,False,False,True,True,True
8211,True,True,True,True,False,True,True,True
8212,True,True,True,True,False,False,False,True
8213,True,False,False,False,False,True,True,True
8214,True,False,False,False,False,False,True,True
8215,True,True,True,False,False,False,False,False
8216,False,False,False,False,False,False,False,True
8217,True,True,True,True,False,False,True,True
8218,True,True,True,True,True,True,True,True
8219,False,False,False,False,False,False,False,True
8220,True,True,False,False,False,False,False,False
8221,False,False,False,False,False,False,False,False
8222,True,True,True,False,False,False,False,False
8223,False,False,False,False,False,False,False,False
8224,True,True,True,True,False,False,True,True
8225,True,True,True,True,False,False,False,True
8226,True,False,False,False,False,False,False,False
8227,True,True,True,True,False,False,True,True
8228,False,False,False,False,False,True,True,True
8229,True,True,True,False,False,False,False,False
8230,True,True,True,True,True,True,True,True
8231,False,False,False,False,False,False,False,True
8232,True,True,True,True,True,True,True,True
8233,True,False,False,False,False,True,True,True
8234,True,True,True,True,False,True,True,True
8235,True,True,True,True,False,False,False,True
8236,True,False,False,False,False,True,True,True
8237,True,True,True,False,False,True,True,True
8238,True,False,False,False,False,False,True,True
8239,False,False,False,False,False,True,True,True
8240,False,False,False,False,False,True,True,True
8241,True,True,True,True,False,False,False,True
8242,False,False,False,False,False,True,True,True
8243,True,True,False,False,False,False,False,True
8244,True,True,True,False,False,False,False,False
8245,True,True,True,True,False,False,False,True
8246,False,False,False,False,False,True,True,True
8247,True,True,True,True,False,False,False,True
8248,True,True,False,False,False,False,False,True
8249,True,True,True,True,False,False,False,True
8250,True,True,True,False,False,False,False,False
8251,True,True,False,False,False,False,False,True
8252,True,True,False,False,False,False,False,False
8253,True,False,False,False,False,False,True,True
8254,True,True,True,True,False,True,True,True
8255,False,False,False,False,False,True,True,True
8256,True,False,False,False,False,False,False,False
8257,False,False,False,False,False,True,True,True
8258,True,True,True,True,False,False,False,False
8259,False,False,False,False,False,True,True,True
8260,True,True,True,True,True,True,True,True
8261,True,False,False,False,False,True,True,True
8262,True,True,True,True,False,True,True,True
8263,True,True,True,False,False,False,False,True
8264,True,False,False,False,False,False,False,False
8265,False,False,False,False,False,True,True,True
8266,True,False,False,False,False,True,True,True
8267,False,False,False,False,False,False,False,False
8268,True,True,True,False,False,False,False,False
8269,True,True,False,False,False,True,True,True
8270,True,True,False,False,False,False,True,True
8271,True,False,False,False,False,False,False,True
8272,True,True,False,False,False,False,False,True
8273,True,True,True,True,False,True,True,True
8274,False,False,False,False,False,True,True,True
8275,True,True,False,False,False,False,True,True
8276,False,False,False,False,False,True,True,True
8277,False,False,False,False,False,False,False,True
8278,True,True,True,True,True,True,True,True
8279,True,True,False,False,False,False,False,False
8280,True,True,False,False,False,False,False,False
8281,True,False,False,False,False,False,True,True
8282,False,False,False,False,False,True,True,True
8283,True,True,True,True,True,True,True,True
8284,True,False,False,False,False,False,False,True
8285,True,True,True,True,True,True,True,True
8286,True,True,True,False,False,True,False,False
8287,True,True,True,True,False,False,False,True
8288,True,True,True,True,True,True,True,True
8289,True,True,True,True,True,True,True,True
8290,True,True,True,True,False,True,True,True
8291,True,False,False,False,False,True,True,True
8292,True,True,True,True,True,True,True,True
8293,True,False,False,False,False,True,True,True
8294,False,False,False,False,False,False,True,True
8295,True,True,True,True,True,True,True,True
8296,False,False,False,False,False,True,True,True
8297,True,True,True,True,True,True,True,True
8298,True,False,False,False,False,False,False,True
8299,False,False,False,False,False,True,True,True
8300,True,True,False,False,False,False,False,False
8301,False,False,False,False,False,True,True,True
8302,True,True,True,True,False,True,True,True
8303,True,False,False,False,False,False,False,False
8304,True,False,False,False,False,False,False,False
8305,False,False,False,False,False,False,False,True
8306,True,True,True,False,False,False,True,True
8307,False,False,False,False,False,True,True,True
8308,False,False,False,False,False,True,True,True
8309,False,False,False,False,False,True,True,True
8310,True,False,False,False,False,False,False,False
8311,True,False,False,False,False,True,True,True
8312,False,False,False,False,False,False,True,True
8313,True,True,False,False,False,False,True,True
8314,True,True,True,True,False,False,False,False
8315,True,False,False,False,False,False,True,True
8316,True,True,True,False,False,False,False,True
8317,True,True,False,False,False,True,True,True
8318,False,False,False,False,False,True,True,True
8319,False,False,False,False,False,False,False,True
8320,True,True,False,False,False,False,False,True
8321,True,True,True,True,True,True,True,True
8322,True,True,True,False,False,False,False,False
8323,True,True,False,False,False,False,True,True
8324,True,True,True,False,False,False,False,False
8325,True,True,True,False,False,False,False,False
8326,True,True,True,True,False,False,False,True
8327,False,False,False,False,False,True,True,True
8328,True,False,False,False,False,True,True,True
8329,False,False,False,False,False,True,True,True
8330,True,True,True,True,False,False,True,True
8331,False,False,False,False,False,False,False,False
8332,True,True,True,True,False,False,False,False
8333,True,False,False,False,False,False,False,True
8334,False,False,False,False,False,True,True,True
8335,True,True,True,True,False,False,True,True
8336,True,True,True,True,True,True,True,True
8337,False,False,False,False,False,False,False,True
8338,True,True,True,True,False,False,True,True
8339,False,False,False,False,False,False,True,True
8340,True,True,True,True,False,True,True,True
8341,True,False,False,False,False,False,False,True
8342,True,True,True,True,False,True,True,True
8343,True,True,True,False,False,False,False,False
8344,True,False,False,False,False,True,True,True
8345,True,True,True,True,False,False,False,False
8346,True,True,False,False,False,True,True,True
8347,True,True,True,False,False,False,False,False
8348,True,True,True,True,True,True,True,True
8349,True,True,True,True,True,True,True,True
8350,True,False,False,False,False,True,True,True
8351,True,True,True,True,False,True,True,True
8352,False,False,False,False,False,True,True,True
8353,True,True,True,True,False,False,False,False
8354,False,False,False,False,False,False,False,False
8355,True,False,False,False,False,True,True,True
8356,True,True,True,False,False,False,False,True
8357,True,True,False,False,False,False,False,True
8358,True,True,True,True,False,False,False,True
8359,False,False,False,False,False,False,True,True
8360,False,False,False,False,False,True,True,True
8361,True,True,False,False,False,False,False,False
8362,True,False,False,False,False,True,True,True
8363,True,True,True,True,False,True,True,True
8364,True,True,True,True,False,False,False,True
8365,True,True,False,False,False,False,False,False
8366,True,True,False,False,False,False,False,True
8367,True,True,False,False,False,False,True,True
8368,False,False,False,False,False,False,False,True
8369,True,True,False,False,False,False,False,True
8370,True,True,True,False,False,False,False,False
8371,True,True,True,True,True,True,True,True
8372,True,True,True,True,False,False,True,True
8373,True,True,True,True,True,True,True,True
8374,True,True,True,False,False,True,True,True
8375,True,True,False,False,False,False,False,True
8376,False,False,False,False,False,True,False,True
8377,True,True,True,False,False,False,False,False
8378,False,False,False,False,False,True,True,True
8379,True,True,True,True,True,True,True,True
8380,True,True,True,True,False,True,True,True
8381,True,True,True,False,False,False,False,True
8382,True,True,True,False,False,False,False,True
8383,True,True,True,True,False,False,True,True
8384,True,True,True,True,True,True,True,True
8385,True,True,True,True,False,False,True,True
8386,True,True,True,True,True,True,True,True
8387,True,True,False,False,False,True,True,True
8388,True,True,False,False,False,False,False,False
8389,True,True,True,True,True,True,True,True
8390,True,True,False,False,False,False,False,True
8391,True,True,True,False,False,False,False,True
8392,True,True,False,False,False,True,True,True
8393,False,False,False,False,False,True,True,True
8394,True,True,True,False,False,False,False,True
8395,False,False,False,False,False,True,True,True
8396,True,True,True,True,False,False,False,True
8397,True,True,False,False,False,False,False,False
8398,False,False,False,False,False,False,False,True
8399,True,False,False,False,False,False,True,True
8400,False,False,False,False,False,True,True,True
8401,True,False,False,False,False,True,True,True
8402,True,True,True,False,False,False,False,False
8403,True,True,False,False,False,False,False,True
8404,False,False,False,False,False,True,True,True
8405,True,True,True,True,True,True,True,True
8406,False,False,False,False,False,False,False,True
8407,True,True,False,False,False,False,False,True
8408,True,False,False,False,False,True,True,True
8409,True,True,True,True,True,True,True,True
8410,True,True,True,True,False,True,True,True
8411,True,False,False,False,False,False,False,False
8412,True,False,False,False,False,True,True,True
8413,True,True,True,True,True,True,True,True
8414,True,True,True,False,False,False,True,True
8415,False,False,False,False,False,True,True,True
8416,True,True,False,False,False,False,True,True
8417,True,True,True,False,False,True,True,True
8418,True,True,False,False,False,True,True,True
8419,True,False,False,False,False,False,False,True
8420,True,True,True,False,False,False,False,True
8421,False,False,False,False,False,False,False,False
8422,True,True,True,True,False,False,False,False
8423,False,False,False,False,False,True,True,True
8424,True,False,False,False,False,True,True,True
8425,True,True,True,True,False,False,False,True
8426,False,False,False,False,False,False,False,True
8427,True,True,True,True,True,True,True,True
8428,True,True,True,False,False,True,True,True
8429,True,True,True,False,False,False,False,True
8430,True,True,True,True,False,False,True,True
8431,True,True,False,False,False,True,True,True
8432,True,False,False,False,False,True,True,True
8433,True,True,True,True,True,True,True,True
8434,True,True,True,True,False,False,True,True
8435,True,True,True,True,False,True,True,True
8436,True,True,False,False,False,False,False,False
8437,False,False,False,False,False,True,True,True
8438,True,False,False,False,False,False,False,False
8439,True,True,False,False,False,False,False,False
8440,True,True,False,False,False,False,False,False
8441,True,False,False,False,False,True,True,True
8442,True,True,False,False,False,True,True,True
8443,False,False,False,False,False,True,True,True
8444,False,False,False,False,False,True,True,True
8445,True,False,False,False,False,False,False,False
8446,True,True,True,True,False,False,False,False
8447,True,False,False,False,False,False,False,False
8448,True,True,True,True,True,True,True,True
8449,True,True,False,False,False,True,True,True
8450,True,True,True,False,False,False,True,True
8451,True,True,False,False,False,True,True,True
8452,False,False,False,False,False,True,False,True
8453,True,False,False,False,False,True,True,True
8454,True,False,False,False,False,True,False,False
8455,True,True,True,True,True,True,True,True
8456,True,False,False,False,False,True,True,True
8457,True,True,True,False,False,True,True,True
8458,True,True,False,False,False,True,True,True
8459,True,False,False,False,False,False,True,True
8460,True,True,False,False,False,True,True,True
8461,True,True,False,False,False,True,True,True
8462,True,True,True,True,False,True,True,True
8463,True,True,True,False,False,True,True,True
8464,True,True,True,False,False,False,True,True
8465,True,False,False,False,False,False,False,False
8466,True,True,True,True,True,True,True,True
8467,True,True,True,True,True,True,True,True
8468,True,False,False,False,False,False,False,False
8469,True,True,True,True,True,True,True,True
8470,True,True,True,True,False,False,True,True
8471,False,False,False,False,False,False,True,True
8472,True,True,True,False,False,True,True,True
8473,False,False,False,False,False,True,True,True
8474,True,True,True,True,False,False,False,False
8475,True,True,True,True,False,False,False,True
8476,True,True,True,True,True,True,True,True
8477,True,True,False,False,False,True,True,True
8478,True,True,False,False,False,False,True,True
8479,True,False,False,False,False,True,True,True
8480,True,True,False,False,False,False,False,True
8481,True,True,True,False,False,False,False,True
8482,True,True,False,False,False,True,True,True
8483,True,False,False,False,False,False,False,False
8484,True,True,False,False,False,False,False,False
8485,True,True,True,True,True,True,True,True
8486,True,True,True,False,False,False,False,False
8487,False,False,False,False,False,False,True,True
8488,True,True,False,False,False,False,False,False
8489,True,True,True,False,False,True,True,True
8490,True,True,True,True,False,True,True,True
8491,False,False,False,False,False,True,True,True
8492,True,True,True,True,True,True,True,True
8493,True,True,False,False,False,False,False,False
8494,True,True,False,False,False,True,True,True
8495,False,False,False,False,False,False,False,True
8496,False,False,False,False,False,True,True,True
8497,True,True,True,False,False,False,False,False
8498,True,False,False,False,False,False,False,False
8499,True,False,False,False,False,True,True,True
8500,True,False,False,False,False,True,False,True
8501,True,True,True,False,False,False,False,True
8502,True,True,True,True,True,True,True,True
8503,False,False,False,False,False,True,True,True
8504,False,False,False,False,False,True,True,True
8505,False,False,False,False,False,True,True,True
8506,True,False,False,False,False,False,False,False
8507,False,False,False,False,False,False,False,False
8508,True,True,True,True,True,True,True,True
8509,True,True,False,False,False,False,True,True
8510,True,False,False,False,False,True,False,True
8511,True,True,True,True,False,False,True,True
8512,True,False,False,False,False,True,True,True
8513,False,False,False,False,False,False,False,False
8514,True,True,True,True,True,True,True,True
8515,True,True,True,False,False,True,False,True
8516,True,True,True,False,False,True,True,True
8517,False,False,False,False,False,False,False,True
8518,True,False,False,False,False,True,True,True
8519,False,False,False,False,False,True,True,True
8520,True,True,False,False,False,True,True,True
8521,True,False,False,False,False,True,True,True
8522,True,True,True,False,False,False,False,True
8523,True,True,False,False,False,False,False,True
8524,True,True,True,False,False,False,True,True
8525,True,True,False,False,False,True,True,True
8526,True,False,False,False,False,True,True,True
8527,True,False,False,False,False,True,True,True
8528,True,True,False,False,False,True,True,True
8529,False,False,False,False,False,False,False,False
8530,True,True,True,False,False,False,False,False
8531,True,True,False,False,False,False,True,True
8532,False,False,False,False,False,True,True,True
8533,True,False,False,False,False,True,True,True
8534,True,True,True,True,True,True,True,True
8535,True,True,True,False,False,False,False,False
8536,False,False,False,False,False,True,False,True
8537,True,True,True,True,False,False,False,False
8538,True,False,False,False,False,False,False,False
8539,False,False,False,False,False,True,True,True
8540,False,False,False,False,False,False,True,True
8541,True,True,True,False,False,False,False,False
8542,True,True,False,False,False,False,False,False
8543,True,True,True,True,False,False,True,True
8544,True,True,True,False,False,True,True,True
8545,True,True,True,True,False,False,False,True
8546,True,True,False,False,False,False,False,False
8547,True,False,False,False,False,True,True,True
8548,True,True,False,False,False,True,True,True
8549,True,True,False,False,False,False,False,False
8550,True,False,False,False,False,True,True,True
8551,True,True,True,True,False,False,True,True
8552,True,False,False,False,False,False,False,True
8553,True,False,False,False,False,False,False,False
8554,True,True,True,False,False,False,False,True
8555,False,False,False,False,False,False,False,True
8556,True,True,True,False,False,False,False,True
8557,True,True,True,True,False,True,True,True
8558,True,True,True,True,False,False,True,True
8559,True,False,False,False,False,True,True,True
8560,True,False,False,False,False,True,True,True
8561,False,False,False,False,False,False,False,True
8562,True,False,False,False,False,True,True,True
8563,True,True,False,False,False,False,False,False
8564,True,True,True,True,False,False,False,True
8565,True,True,True,True,False,True,True,True
8566,False,False,False,False,False,False,True,True
8567,False,False,False,False,False,True,True,True
8568,False,False,False,False,False,False,True,True
8569,True,True,False,False,False,False,False,False
8570,True,False,False,False,False,False,True,True
8571,True,True,True,True,True,True,True,True
8572,True,True,True,True,False,False,False,True
8573,True,False,False,False,False,False,True,True
8574,True,True,True,True,True,True,True,True
8575,True,True,True,True,False,False,False,True
8576,True,True,False,False,False,True,True,True
8577,True,True,True,True,True,True,True,True
8578,True,False,False,False,False,False,False,False
8579,True,True,True,False,False,True,True,True
8580,True,False,False,False,False,True,True,True
8581,True,False,False,False,False,False,False,True
8582,True,False,False,False,False,False,True,True
8583,True,True,True,True,True,True,True,True
8584,True,True,False,False,False,True,True,True
8585,True,True,False,False,False,True,True,True
8586,False,False,False,False,False,True,True,True
8587,True,True,False,False,False,True,True,True
8588,True,True,False,False,False,False,False,False
8589,True,False,False,False,False,True,True,True
8590,True,True,True,True,True,True,True,True
8591,False,False,False,False,False,True,True,True
8592,True,True,True,False,False,False,False,True
8593,True,True,False,False,False,True,True,True
8594,True,False,False,False,False,True,True,True
8595,True,True,True,True,True,True,True,True
8596,True,False,False,False,False,False,False,True
8597,True,True,False,False,False,False,False,False
8598,False,False,False,False,False,False,True,True
8599,True,False,False,False,False,True,True,True
8600,True,False,False,False,False,False,False,True
8601,True,True,True,False,False,False,False,False
8602,True,True,False,False,False,False,False,True
8603,True,True,False,False,False,True,True,True
8604,True,True,False,False,False,False,False,True
8605,True,True,True,True,False,False,False,False
8606,False,False,False,False,False,False,True,True
8607,False,False,False,False,False,True,True,True
8608,True,True,True,True,False,False,False,True
8609,True,False,False,False,False,False,False,True
8610,True,True,False,False,False,True,True,True
8611,True,True,True,False,False,False,False,True
8612,True,True,True,True,False,False,False,False
8613,True,True,False,False,False,False,True,True
8614,True,False,False,False,False,True,True,True
8615,True,False,False,False,False,True,True,True
8616,True,True,True,True,False,False,False,True
8617,True,True,True,True,False,False,False,True
8618,False,False,False,False,False,True,True,True
8619,True,False,False,False,False,False,False,False
8620,False,False,False,False,False,False,False,False
8621,False,False,False,False,False,False,False,True
8622,False,False,False,False,False,False,True,True
8623,False,False,False,False,False,True,True,True
8624,True,False,False,False,False,False,False,True
8625,True,True,True,True,True,True,True,True
8626,True,True,True,False,False,False,False,True
8627,True,True,True,True,False,True,False,False
8628,True,True,True,True,True,True,True,True
8629,True,True,True,True,False,False,False,True
8630,False,False,False,False,False,True,False,True
8631,False,False,False,False,False,False,False,False
8632,True,True,False,False,False,True,True,True
8633,True,True,False,False,False,True,True,True
8634,True,True,True,False,False,False,True,True
8635,True,True,True,False,False,False,True,True
8636,True,False,False,False,False,False,False,True
8637,True,True,False,False,False,False,True,True
8638,True,True,False,False,False,False,True,True
8639,False,False,False,False,False,False,True,True
8640,True,True,True,True,True,True,True,True
8641,True,False,False,False,False,False,True,True
8642,False,False,False,False,False,True,False,False
8643,True,False,False,False,False,False,False,False
8644,True,True,True,True,False,False,False,True
8645,True,True,False,False,False,False,False,False
8646,True,True,False,False,False,False,False,False
8647,False,False,False,False,False,False,False,False
8648,False,False,False,False,False,True,True,True
8649,True,True,False,False,False,False,False,True
8650,True,True,True,False,False,False,False,True
8651,True,True,True,True,False,True,True,True
8652,True,True,True,True,True,True,True,True
8653,True,True,False,False,False,True,True,True
8654,True,False,False,False,False,False,False,True
8655,False,False,False,False,False,False,False,True
8656,True,True,True,False,False,False,False,False
8657,True,True,True,True,False,True,True,True
8658,True,True,False,False,False,False,True,True
8659,True,False,False,False,False,False,False,False
8660,True,True,True,False,False,False,False,False
8661,True,False,False,False,False,False,False,False
8662,True,True,True,False,False,True,True,True
8663,True,True,False,False,False,True,True,True
8664,False,False,False,False,False,False,False,False
8665,True,True,True,False,False,False,False,True
8666,True,True,True,False,False,False,False,True
8667,False,False,False,False,False,False,False,False
8668,True,False,False,False,False,False,False,False
8669,True,True,True,True,False,False,True,True
8670,True,False,False,False,False,True,True,True
8671,False,False,False,False,False,True,True,True
8672,True,True,True,False,False,False,False,True
8673,True,False,False,False,False,True,True,True
8674,True,True,False,False,False,False,False,True
8675,False,False,False,False,False,False,True,True
8676,False,False,False,False,False,True,True,True
8677,True,False,False,False,False,False,False,True
8678,False,False,False,False,False,False,False,True
8679,True,True,True,True,False,True,True,True
8680,True,True,True,False,False,False,False,False
8681,True,True,False,False,False,False,False,False
8682,True,True,True,False,False,False,False,False
8683,True,True,False,False,False,True,True,True
8684,True,False,False,False,False,True,True,True
8685,True,True,False,False,False,False,False,False
8686,True,True,True,True,True,True,True,True
8687,True,True,False,False,False,False,False,False
8688,True,True,True,True,True,True,True,True
8689,True,True,True,False,False,False,True,True
8690,True,False,False,False,False,False,False,False
8691,True,True,False,False,False,False,True,True
8692,True,True,True,False,False,True,True,True
8693,True,False,False,False,False,True,True,True
8694,False,False,False,False,False,False,True,True
8695,True,True,True,True,False,False,False,True
8696,False,False,False,False,False,True,True,True
8697,False,False,False,False,False,False,False,False
8698,True,True,True,True,False,False,False,True
8699,False,False,False,False,False,False,False,True
8700,True,True,True,True,False,False,False,False
8701,True,True,True,False,False,False,False,True
8702,True,True,True,True,False,False,False,True
8703,True,True,True,False,False,False,False,True
8704,False,False,False,False,False,False,False,True
8705,False,False,False,False,False,False,True,True
8706,True,True,True,True,True,True,True,True
8707,True,True,True,True,False,False,False,False
8708,True,False,False,False,False,False,True,True
8709,True,True,True,True,False,True,True,True
8710,True,True,False,False,False,True,True,True
8711,False,False,False,False,False,False,False,False
8712,True,True,True,False,False,True,True,True
8713,False,False,False,False,False,False,False,True
8714,True,True,True,False,False,True,True,True
8715,True,True,True,True,False,False,False,True
8716,True,True,True,True,False,False,True,True
8717,False,False,False,False,False,False,False,True
8718,False,False,False,False,False,False,True,True
8719,True,True,True,True,True,True,True,True
8720,True,True,False,False,False,True,True,True
8721,True,True,True,False,False,True,True,True
8722,True,True,True,False,False,False,False,True
8723,True,True,False,False,False,False,False,False
8724,True,True,False,False,False,False,False,True
8725,True,False,False,False,False,True,True,True
8726,True,False,False,False,False,False,False,True
8727,False,False,False,False,False,True,True,True
8728,True,True,False,False,False,False,False,True
8729,True,True,False,False,False,False,False,True
8730,True,True,True,False,False,False,True,True
8731,True,True,True,True,False,True,True,True
8732,True,True,True,True,True,True,True,True
8733,True,False,False,False,False,False,False,False
8734,True,True,True,True,False,False,False,True
8735,True,True,True,False,False,False,True,True
8736,True,True,True,False,False,False,False,True
8737,True,True,False,False,False,False,False,True
8738,True,False,False,False,False,False,False,True
8739,True,True,True,False,False,False,False,False
8740,True,False,False,False,False,True,True,True
8741,True,True,False,False,False,False,True,True
8742,True,True,False,False,False,False,False,True
8743,True,True,True,True,True,True,True,True
8744,True,False,False,False,False,False,False,True
8745,False,False,False,False,False,True,True,True
8746,True,False,False,False,False,False,False,True
8747,False,False,False,False,False,True,True,True
8748,True,True,True,False,False,False,True,True
8749,False,False,False,False,False,False,False,True
8750,True,False,False,False,False,False,False,False
8751,False,False,False,False,False,True,True,True
8752,False,False,False,False,False,True,False,True
8753,True,False,False,False,False,True,True,True
8754,True,True,True,True,True,True,True,True
8755,True,False,False,False,False,True,True,True
8756,True,True,True,False,False,True,True,True
8757,True,False,False,False,False,True,True,True
8758,True,True,True,True,False,False,False,False
8759,True,False,False,False,False,True,True,True
8760,True,True,True,True,True,True,True,True
8761,False,False,False,False,False,False,False,True
8762,True,True,True,False,False,False,True,True
8763,True,True,True,True,True,True,True,True
8764,True,True,False,False,False,True,True,True
8765,True,False,False,False,False,True,False,False
8766,True,True,True,True,False,True,True,True
8767,True,False,False,False,False,False,False,False
8768,False,False,False,False,False,True,True,True
8769,True,False,False,False,False,True,False,False
8770,False,False,False,False,False,True,True,True
8771,True,False,False,False,False,True,True,True
8772,False,False,False,False,False,True,False,False
8773,True,True,True,False,False,False,False,False
8774,False,False,False,False,False,True,True,True
8775,True,False,False,False,False,False,False,False
8776,True,True,True,True,False,False,True,True
8777,True,True,True,False,False,True,True,True
8778,True,True,True,True,True,True,True,True
8779,True,True,False,False,False,False,True,True
8780,True,True,True,False,False,True,True,True
8781,False,False,False,False,False,False,False,True
8782,True,False,False,False,False,False,False,False
8783,True,True,True,True,False,False,False,False
8784,True,True,True,True,False,True,True,True
8785,True,False,False,False,False,False,False,False
8786,False,False,False,False,False,False,False,True
8787,True,True,True,True,False,True,True,True
8788,True,False,False,False,False,False,False,False
8789,True,False,False,False,False,False,False,True
8790,True,True,True,False,False,False,True,True
8791,True,False,False,False,False,False,False,True
8792,True,True,False,False,False,False,True,True
8793,True,False,False,False,False,False,False,True
8794,False,False,False,False,False,True,True,True
8795,False,False,False,False,False,False,True,True
8796,True,True,True,True,True,True,True,True
8797,True,False,False,False,False,False,False,True
8798,True,True,True,False,False,False,False,False
8799,True,True,False,False,False,False,False,False
8800,False,False,False,False,False,False,False,False
8801,True,True,True,True,True,True,True,True
8802,True,True,False,False,False,False,False,False
8803,True,True,False,False,False,False,False,True
8804,True,True,True,True,False,True,True,True
8805,True,True,True,True,False,False,False,False
8806,True,True,True,False,False,False,True,True
8807,False,False,False,False,False,False,True,True
8808,True,False,False,False,False,True,True,True
8809,True,True,True,False,False,False,False,True
8810,True,False,False,False,False,True,False,False
8811,False,False,False,False,False,False,False,False
8812,True,True,True,False,False,False,True,True
8813,False,False,False,False,False,True,True,True
8814,False,False,False,False,False,False,False,True
8815,True,True,False,False,False,True,True,True
8816,True,False,False,False,False,False,False,False
8817,False,False,False,False,False,True,False,False
8818,True,True,True,True,True,True,True,True
8819,False,False,False,False,False,False,False,True
8820,True,True,True,True,False,False,False,False
8821,True,True,True,True,True,True,True,True
8822,True,True,True,True,False,False,False,True
8823,True,True,True,True,False,False,False,False
8824,True,True,False,False,False,True,True,True
8825,True,False,False,False,False,False,False,False
8826,True,False,False,False,False,False,False,False
8827,False,False,False,False,False,False,False,False
8828,False,False,False,False,False,True,True,True
8829,True,True,False,False,False,True,True,True
8830,True,True,True,False,False,False,True,True
8831,True,True,False,False,False,False,False,False
8832,True,True,True,True,False,False,True,True
8833,False,False,False,False,False,False,False,False
8834,True,False,False,False,False,True,True,True
8835,True,True,True,True,False,True,True,True
8836,True,False,False,False,False,True,True,True
8837,True,False,False,False,False,False,True,True
8838,True,True,False,False,False,True,True,True
8839,False,False,False,False,False,True,False,False
8840,True,True,True,True,False,True,False,False
8841,True,True,False,False,False,False,False,True
8842,True,True,True,False,False,False,True,True
8843,True,True,True,False,False,False,True,True
8844,True,True,False,False,False,False,False,False
8845,True,False,False,False,False,False,False,True
8846,True,True,True,True,False,False,True,True
8847,False,False,False,False,False,True,True,True
8848,False,False,False,False,False,True,True,True
8849,True,True,True,True,True,True,True,True
8850,True,True,True,True,False,True,True,True
8851,False,False,False,False,False,False,True,True
8852,False,False,False,False,False,True,True,True
8853,True,True,True,False,False,True,True,True
8854,False,False,False,False,False,True,True,True
8855,False,False,False,False,False,False,False,False
8856,True,True,True,False,False,True,True,True
8857,True,True,False,False,False,False,False,False
8858,False,False,False,False,False,False,False,True
8859,True,True,False,False,False,False,False,True
8860,True,True,False,False,False,True,True,True
8861,True,True,False,False,False,False,False,True
8862,False,False,False,False,False,False,True,True
8863,True,False,False,False,False,True,True,True
8864,False,False,False,False,False,False,True,True
8865,True,True,False,False,False,True,True,True
8866,False,False,False,False,False,True,True,True
8867,True,True,True,True,True,True,True,True
8868,False,False,False,False,False,False,False,False
8869,True,True,True,True,True,True,True,True
8870,True,True,False,False,False,True,True,True
8871,True,True,True,True,True,True,True,True
8872,True,True,True,False,False,False,False,False
8873,True,True,True,True,False,False,False,True
8874,True,False,False,False,False,False,False,True
8875,True,True,True,True,False,True,True,True
8876,True,True,True,False,False,False,True,True
8877,False,False,False,False,False,False,False,True
8878,True,False,False,False,False,False,False,False
8879,True,False,False,False,False,True,True,True
8880,True,True,False,False,False,False,False,False
8881,False,False,False,False,False,True,True,True
8882,True,True,True,False,False,True,True,True
8883,True,False,False,False,False,False,False,True
8884,False,False,False,False,False,True,True,True
8885,True,True,True,False,False,False,True,True
8886,True,True,True,False,False,False,True,True
8887,True,True,False,False,False,False,False,False
8888,True,True,True,False,False,False,False,False
8889,False,False,False,False,False,False,False,False
8890,True,False,False,False,False,False,False,True
8891,False,False,False,False,False,True,True,True
8892,True,True,False,False,False,False,False,False
8893,True,True,False,False,False,True,True,True
8894,True,True,False,False,False,True,True,True
8895,True,True,True,False,False,True,True,True
8896,True,True,True,True,False,False,False,True
8897,True,False,False,False,False,False,False,False
8898,False,False,False,False,False,False,True,True
8899,True,False,False,False,False,False,False,False
8900,False,False,False,False,False,False,False,True
8901,False,False,False,False,False,False,False,True
8902,True,True,True,True,False,True,True,True
8903,False,False,False,False,False,True,True,True
8904,False,False,False,False,False,False,False,False
8905,True,False,False,False,False,True,True,True
8906,False,False,False,False,False,False,True,True
8907,True,False,False,False,False,True,True,True
8908,False,False,False,False,False,False,False,True
8909,True,False,False,False,False,False,False,True
8910,True,True,True,False,False,False,False,True
8911,False,False,False,False,False,False,False,True
8912,True,True,True,True,False,False,False,True
8913,False,False,False,False,False,False,False,False
8914,True,True,True,True,False,False,True,True
8915,False,False,False,False,False,True,True,True
8916,False,False,False,False,False,False,False,False
8917,True,True,False,False,False,True,True,True
8918,True,True,True,True,False,False,True,True
8919,False,False,False,False,False,False,False,False
8920,True,True,True,False,False,True,True,True
8921,True,True,True,True,True,True,True,True
8922,True,True,True,False,False,False,False,False
8923,True,False,False,False,False,False,False,False
8924,False,False,False,True,False,True,True,True
8925,True,True,True,True,True,True,True,True
8926,False,False,False,False,False,True,True,True
8927,True,True,True,False,False,False,False,True
8928,True,True,True,True,True,True,True,True
8929,True,True,True,False,False,False,False,False
8930,True,True,False,False,False,True,True,True
8931,True,True,True,True,False,False,False,True
8932,True,False,False,False,False,False,False,True
8933,True,True,False,False,False,True,True,True
8934,True,False,False,False,False,False,False,True
8935,True,True,True,True,False,True,False,True
8936,True,True,True,True,True,True,True,True
8937,True,False,False,False,False,False,False,False
8938,True,True,True,True,True,True,True,True
8939,True,False,False,False,False,False,True,True
8940,True,True,True,True,True,True,True,True
8941,True,False,False,False,False,False,False,True
8942,True,True,False,False,False,True,True,True
8943,False,False,False,False,False,True,True,True
8944,False,False,False,False,False,True,True,True
8945,True,False,False,False,False,False,True,True
8946,True,True,False,False,False,False,False,False
8947,False,False,False,False,False,False,False,False
8948,True,True,True,False,False,True,True,True
8949,False,False,False,False,False,False,True,True
8950,True,True,False,False,False,False,False,False
8951,True,True,True,True,False,False,False,False
8952,True,True,True,False,False,False,False,False
8953,True,True,True,True,False,False,False,False
8954,True,True,True,False,False,False,True,True
8955,True,True,True,True,False,False,False,True
8956,True,True,False,False,False,False,True,True
8957,True,True,True,True,False,False,False,False
8958,True,True,False,False,False,True,True,True
8959,True,True,False,False,False,True,True,True
8960,True,False,False,False,False,False,False,False
8961,False,False,False,False,False,True,True,True
8962,False,False,False,False,False,True,True,True
8963,False,False,False,False,False,True,True,True
8964,False,False,False,False,False,False,False,False
8965,True,True,True,True,False,False,False,False
8966,True,True,True,False,False,True,True,True
8967,False,False,False,False,False,True,True,True
8968,True,False,False,False,False,False,False,False
8969,False,False,False,False,False,True,True,True
8970,False,False,False,False,False,True,True,True
8971,False,False,False,False,False,False,False,False
8972,True,True,False,False,False,False,False,False
8973,True,True,True,True,True,True,True,True
8974,True,False,False,False,False,False,False,True
8975,True,True,False,False,False,True,True,True
8976,True,True,False,False,False,False,False,False
8977,True,True,True,True,False,False,False,True
8978,True,True,True,False,False,True,True,True
8979,False,False,False,False,False,False,True,True
8980,True,True,False,False,False,False,False,False
8981,False,False,False,False,False,True,True,True
8982,True,True,True,False,False,True,True,True
8983,False,False,False,False,False,False,False,False
8984,True,True,True,True,False,False,False,True
8985,False,False,False,False,False,True,False,True
8986,True,True,True,True,True,True,True,True
8987,False,False,False,False,False,False,False,False
8988,True,True,True,True,False,False,False,False
8989,True,True,True,True,True,True,True,True
8990,False,False,False,False,False,False,False,True
8991,True,True,False,False,False,False,True,True
8992,True,True,False,False,False,False,False,True
8993,False,False,False,False,False,False,False,False
8994,True,False,False,False,False,False,False,True
8995,True,True,True,True,False,False,True,True
8996,True,True,True,False,False,True,True,True
8997,True,True,False,False,False,False,False,True
8998,True,True,True,False,False,False,False,False
8999,True,True,True,True,False,False,False,False
9000,True,True,False,False,False,True,True,True
9001,True,True,False,False,False,False,False,False
9002,False,False,False,False,False,True,True,True
9003,True,True,True,False,False,True,True,True
9004,True,True,True,True,True,True,True,True
9005,True,True,True,False,False,True,True,True
9006,True,False,False,False,False,False,False,True
9007,True,True,True,False,False,False,True,True
9008,True,True,True,True,True,True,True,True
9009,False,False,False,False,False,False,False,False
9010,True,True,True,False,False,True,True,True
9011,True,True,False,False,False,False,False,False
9012,True,True,True,True,False,False,False,True
9013,True,False,False,False,False,True,True,True
9014,True,True,True,False,False,False,False,False
9015,True,False,False,False,False,False,False,False
9016,True,True,True,True,False,True,True,True
9017,True,False,False,False,False,True,True,True
9018,True,False,False,False,False,False,False,True
9019,True,False,False,False,False,False,False,True
9020,True,True,False,False,False,False,False,False
9021,True,True,False,False,False,False,False,False
9022,False,False,False,False,False,False,False,True
9023,True,True,True,True,True,True,True,True
9024,True,False,False,False,False,False,True,True
9025,False,False,False,False,False,False,False,True
9026,True,True,True,False,False,False,False,False
9027,True,True,True,True,True,True,True,True
9028,True,False,False,False,False,True,True,True
9029,True,True,False,False,False,False,False,False
9030,True,False,False,False,False,False,True,True
9031,True,True,False,False,False,False,False,True
9032,True,True,True,True,False,False,True,True
9033,True,True,True,True,False,True,True,True
9034,True,False,False,False,False,True,True,True
9035,False,False,False,False,False,True,True,True
9036,False,False,False,False,False,True,True,True
9037,False,False,False,False,False,False,False,True
9038,True,False,False,False,False,True,True,True
9039,True,False,False,False,False,False,False,False
9040,True,True,True,True,False,False,False,True
9041,True,True,True,True,True,True,True,True
9042,False,False,False,False,False,True,True,True
9043,True,True,True,False,False,False,False,False
9044,True,True,True,True,False,True,True,True
9045,False,False,False,False,False,False,False,True
9046,True,True,False,False,False,False,False,True
9047,True,True,False,False,False,True,True,True
9048,True,True,True,True,True,True,True,True
9049,True,True,True,True,True,True,True,True
9050,True,True,False,False,False,True,True,True
9051,False,False,False,False,False,True,True,True
9052,True,False,False,False,False,False,True,True
9053,True,False,False,False,False,True,True,True
9054,True,True,True,False,False,True,True,True
9055,True,True,False,False,False,False,True,True
9056,True,False,False,False,False,False,False,True
9057,False,False,False,False,False,True,False,True
9058,True,False,False,False,False,True,True,True
9059,True,False,False,False,False,False,True,True
9060,False,False,False,False,False,True,True,True
9061,False,False,False,False,False,True,True,True
9062,True,True,True,False,False,False,False,False
9063,True,True,False,False,False,False,False,False
9064,True,False,False,False,False,True,True,True
9065,False,False,False,False,False,False,True,True
9066,True,True,True,True,False,False,True,True
9067,True,True,True,True,True,True,True,True
9068,True,True,True,True,True,True,True,True
9069,False,False,False,False,False,True,True,True
9070,True,True,True,True,True,True,True,True
9071,True,True,True,False,False,False,False,False
9072,False,False,False,False,False,True,True,True
9073,True,True,True,True,True,True,True,True
9074,True,True,True,False,False,False,False,False
9075,True,True,True,True,True,True,True,True
9076,True,True,True,False,False,True,True,True
9077,True,False,False,False,False,True,True,True
9078,True,True,False,False,False,False,False,False
9079,False,False,False,False,False,True,True,True
9080,False,False,False,False,False,False,False,False
9081,True,True,True,True,False,False,False,False
9082,True,True,True,True,False,True,True,True
9083,False,False,False,False,False,True,True,True
9084,True,False,False,False,False,True,True,True
9085,True,True,True,True,True,True,True,True
9086,True,True,False,False,False,False,False,True
9087,True,False,False,False,False,False,False,False
9088,True,True,True,True,False,True,True,True
9089,True,True,True,False,False,False,True,True
9090,True,False,False,False,False,False,False,False
9091,False,False,False,False,False,True,True,True
9092,True,False,False,False,False,False,False,False
9093,False,False,False,False,False,True,True,True
9094,True,True,True,True,False,False,False,False
9095,True,True,False,False,False,False,False,False
9096,True,False,False,False,False,True,True,True
9097,True,True,False,False,False,False,False,False
9098,False,False,False,False,False,False,False,True
9099,False,False,False,False,False,False,False,False
9100,True,True,True,True,True,True,True,True
9101,False,False,False,False,False,False,False,False
9102,True,False,False,False,False,True,True,True
9103,False,False,False,False,False,True,True,True
9104,False,False,False,False,False,False,False,False
9105,True,True,False,False,False,False,True,True
9106,True,False,False,False,False,True,True,True
9107,False,False,False,False,False,False,False,True
9108,True,True,True,True,True,True,True,True
9109,False,False,False,False,False,False,False,True
9110,True,False,False,False,False,False,False,True
9111,True,True,True,True,False,False,False,False
9112,True,True,False,False,False,False,False,False
9113,False,False,False,False,False,True,True,True
9114,True,True,True,True,True,True,True,True
9115,True,True,True,False,False,False,False,False
9116,True,True,False,False,False,False,False,True
9117,True,False,False,False,False,False,True,True
9118,False,False,False,False,False,False,False,False
9119,True,True,True,False,False,True,True,True
9120,True,True,True,False,False,False,False,False
9121,True,True,False,False,False,False,False,False
9122,True,True,True,False,False,False,False,True
9123,True,True,False,False,False,True,True,True
9124,True,True,False,False,False,False,False,False
9125,False,False,False,False,False,False,True,True
9126,True,True,True,True,False,False,False,False
9127,True,True,True,False,False,False,False,True
9128,True,True,False,False,False,False,False,False
9129,True,True,True,True,True,True,True,True
9130,False,False,False,False,False,False,False,True
9131,True,True,True,True,True,True,True,True
9132,True,True,False,False,False,True,True,True
9133,True,False,False,False,False,False,False,True
9134,True,True,True,True,False,False,True,True
9135,False,False,False,False,False,False,False,False
9136,False,False,False,False,False,False,False,True
9137,True,True,True,True,True,True,True,True
9138,True,True,False,False,False,False,False,True
9139,False,False,False,False,False,True,True,True
9140,True,False,False,False,False,False,False,True
9141,False,False,False,False,False,False,True,True
9142,True,False,False,False,False,True,True,True
9143,False,False,False,False,False,False,False,False
9144,True,False,False,False,False,False,False,True
9145,True,False,False,False,False,False,False,True
9146,True,False,False,False,False,False,False,True
9147,False,False,False,False,False,False,False,False
9148,True,True,True,True,True,True,True,True
9149,True,True,True,True,False,False,True,True
9150,True,False,False,False,False,False,False,True
9151,True,False,False,False,False,False,False,True
9152,True,False,False,False,False,True,True,True
9153,True,True,False,False,False,True,True,True
9154,True,True,True,False,False,False,True,True
9155,True,True,True,False,False,False,False,True
9156,True,True,True,True,False,False,True,True
9157,False,False,False,False,False,False,False,True
9158,True,True,True,False,False,False,False,True
9159,True,False,False,False,False,False,False,False
9160,True,False,False,False,False,True,True,True
9161,True,False,False,False,False,False,False,False
9162,False,False,False,False,False,False,False,True
9163,False,False,False,False,False,False,False,True
9164,True,True,True,True,True,True,True,True
9165,True,True,True,True,False,False,False,False
9166,True,True,True,False,False,True,False,True
9167,True,True,True,True,True,True,True,True
9168,True,True,True,True,True,True,True,True
9169,True,False,False,False,False,True,True,True
9170,True,True,True,True,True,True,True,True
9171,True,True,True,True,False,False,True,True
9172,True,True,False,False,False,True,True,True
9173,True,True,False,False,False,False,False,True
9174,True,True,True,True,True,True,True,True
9175,True,False,False,False,False,True,False,False
9176,True,True,False,False,False,True,True,True
9177,True,True,True,True,False,False,False,True
9178,False,False,False,False,False,True,True,True
9179,False,False,False,False,False,False,False,True
9180,True,False,False,False,False,True,True,True
9181,True,False,False,False,False,False,False,True
9182,True,True,True,True,False,False,False,False
9183,True,True,True,True,True,True,True,True
9184,True,True,True,False,False,True,True,True
9185,False,False,False,False,False,False,False,False
9186,True,True,True,True,True,True,True,True
9187,True,True,True,True,False,True,True,True
9188,True,True,True,False,False,True,True,True
9189,False,False,False,False,False,False,True,True
9190,False,False,False,False,False,False,False,False
9191,True,True,True,True,True,True,True,True
9192,True,False,False,False,False,True,True,True
9193,True,True,True,True,False,False,False,True
9194,True,False,False,False,False,False,False,False
9195,True,True,True,False,False,False,True,True
9196,True,True,True,True,True,True,True,True
9197,False,False,False,False,False,True,True,True
9198,True,False,False,False,False,False,False,False
9199,False,False,False,False,False,True,True,True
9200,True,True,True,False,False,False,False,True
9201,True,True,True,False,False,False,False,True
9202,False,False,False,False,False,True,True,True
9203,True,True,True,True,True,True,True,True
9204,False,False,False,False,False,False,False,True
9205,False,False,False,False,False,False,False,True
9206,True,False,False,False,False,True,True,True
9207,True,True,True,False,False,False,False,False
9208,True,True,True,False,False,False,False,True
9209,True,True,False,False,False,True,True,True
9210,False,False,False,False,False,False,False,False
9211,True,True,True,True,False,True,True,True
9212,False,False,False,False,False,False,False,False
9213,True,True,True,True,True,True,True,True
9214,True,True,False,False,False,True,True,True
9215,True,True,False,False,False,False,False,False
9216,False,False,False,False,False,True,True,True
9217,True,False,False,False,False,False,False,True
9218,True,True,True,False,False,True,True,True
9219,True,True,True,True,True,True,True,True
9220,False,False,False,False,False,True,True,True
9221,True,True,True,True,False,False,False,True
9222,True,False,False,False,False,False,True,True
9223,False,False,False,False,False,False,False,False
9224,False,False,False,False,False,False,True,True
9225,False,False,False,False,False,True,False,True
9226,True,True,False,False,False,True,True,True
9227,True,True,True,True,True,True,True,True
9228,True,False,False,False,False,False,False,False
9229,True,False,False,False,False,True,True,True
9230,False,False,False,False,False,True,True,True
9231,True,True,True,False,False,False,True,True
9232,False,False,False,False,False,True,True,True
9233,True,False,False,False,False,False,False,False
9234,False,False,False,False,False,False,False,False
9235,True,True,True,True,False,False,False,False
9236,False,False,False,False,False,True,True,True
9237,True,True,False,False,False,False,False,False
9238,True,False,False,False,False,False,False,False
9239,True,True,True,True,False,False,False,False
9240,True,True,False,False,False,False,False,True
9241,True,True,True,False,False,False,False,True
9242,True,False,False,False,False,False,False,True
9243,True,True,True,True,False,True,True,True
9244,True,False,False,False,False,True,True,True
9245,False,False,False,False,False,True,True,True
9246,True,True,True,True,True,True,True,True
9247,True,False,False,False,False,True,True,True
9248,False,False,False,False,False,True,True,True
9249,True,True,True,True,False,False,False,True
9250,False,False,False,False,False,False,True,True
9251,True,True,True,True,True,True,True,True
9252,True,True,True,False,False,False,False,True
9253,True,False,False,False,False,False,False,False
9254,True,True,True,False,False,False,False,False
9255,True,True,True,True,True,True,True,True
9256,False,False,False,False,False,True,True,True
9257,True,True,False,False,False,True,False,False
9258,True,False,False,False,False,True,True,True
9259,False,False,False,False,False,False,False,False
9260,True,True,True,True,False,False,True,True
9261,True,False,False,False,False,True,True,True
9262,True,True,True,True,True,True,True,True
9263,True,True,True,True,False,False,False,True
9264,True,True,True,True,True,True,True,True
9265,True,False,False,False,False,False,False,False
9266,True,True,False,False,False,True,True,True
9267,False,False,False,False,False,True,True,True
9268,True,True,True,False,False,True,True,True
9269,False,False,False,False,False,False,False,True
9270,True,False,False,False,False,True,True,True
9271,True,False,False,False,False,False,False,True
9272,True,True,True,False,False,False,False,True
9273,True,True,True,False,False,False,True,True
9274,True,True,True,False,False,False,False,True
9275,True,False,False,False,False,True,True,True
9276,True,True,True,True,False,False,True,True
9277,True,True,True,True,False,False,False,False
9278,True,False,False,False,False,False,False,False
9279,True,True,False,False,False,False,False,True
9280,True,True,True,True,False,False,True,True
9281,True,True,True,True,False,True,True,True
9282,True,False,False,False,False,True,False,True
9283,True,True,True,False,False,False,True,True
9284,False,False,False,False,False,False,False,False
9285,True,True,True,True,True,True,True,True
9286,True,True,True,False,False,True,True,True
9287,True,True,True,True,False,False,False,True
9288,True,False,False,False,False,False,False,True
9289,True,False,False,False,False,False,True,True
9290,False,False,False,False,False,True,True,True
9291,True,False,False,False,False,True,True,True
9292,True,True,True,False,False,False,False,False
9293,True,True,False,False,False,True,True,True
9294,True,True,True,False,False,False,False,True
9295,True,False,False,False,False,True,True,True
9296,True,True,False,False,False,False,True,True
9297,True,True,True,True,True,True,True,True
9298,True,False,False,False,False,True,True,True
9299,False,False,False,False,False,False,False,True
9300,False,False,False,False,False,True,False,True
9301,True,True,True,True,False,False,False,True
9302,True,True,True,True,True,True,True,True
9303,True,True,False,False,False,True,True,True
9304,True,True,True,False,False,False,False,True
9305,True,True,False,False,False,False,False,False
9306,True,True,True,True,False,True,True,True
9307,True,False,False,False,False,True,True,True
9308,True,True,True,True,True,True,True,True
9309,False,False,False,False,False,False,False,False
9310,True,True,True,True,False,False,True,True
9311,True,True,True,False,False,True,True,True
9312,True,True,False,False,False,True,True,True
9313,True,True,True,True,False,False,False,False
9314,True,True,True,True,False,False,True,True
9315,True,True,True,True,True,True,True,True
9316,True,True,True,False,False,True,True,True
9317,False,False,False,False,False,True,True,True
9318,False,False,False,False,False,True,True,True
9319,False,False,False,False,False,False,False,False
9320,True,False,False,False,False,False,True,True
9321,True,False,False,False,False,True,True,True
9322,True,True,True,False,False,False,False,False
9323,True,False,False,False,False,True,True,True
9324,True,True,True,True,False,False,False,False
9325,True,True,False,False,False,True,True,True
9326,True,True,False,False,False,False,False,False
9327,True,False,False,False,False,False,True,True
9328,True,True,False,False,False,False,False,True
9329,True,True,True,False,False,False,False,False
9330,True,False,False,False,False,False,True,True
9331,True,True,True,True,False,True,True,True
9332,True,True,False,False,False,True,True,True
9333,True,False,False,False,False,False,False,True
9334,True,True,True,True,False,True,True,True
9335,False,False,False,False,False,False,False,False
9336,True,True,False,False,False,True,True,True
9337,True,False,False,False,False,True,False,True
9338,False,False,False,False,False,True,True,True
9339,True,False,False,False,False,False,False,False
9340,True,True,True,True,True,True,True,True
9341,True,False,False,False,False,True,True,True
9342,False,False,False,False,False,False,False,True
9343,True,True,True,False,False,True,True,True
9344,False,False,False,False,False,False,False,False
9345,False,False,False,False,False,False,True,True
9346,True,True,True,False,False,True,True,True
9347,True,True,True,False,False,False,False,True
9348,False,False,False,False,False,False,False,False
9349,True,True,True,False,False,False,False,True
9350,True,True,True,True,False,False,False,True
9351,True,True,True,True,True,True,True,True
9352,True,True,True,True,True,True,True,True
9353,False,False,False,False,False,True,True,True
9354,True,True,True,True,False,False,True,True
9355,True,True,True,True,False,False,False,True
9356,True,True,False,False,False,False,False,False
9357,True,True,True,False,False,True,False,False
9358,False,False,False,False,False,True,True,True
9359,True,True,False,False,False,True,True,True
9360,True,False,False,False,False,False,False,False
9361,True,False,False,False,False,True,True,True
9362,False,False,False,False,False,True,True,True
9363,True,True,True,True,False,True,True,True
9364,True,True,False,False,False,False,False,False
9365,False,False,False,False,False,True,True,True
9366,True,True,False,False,False,True,True,True
9367,True,True,True,True,True,True,True,True
9368,False,False,False,False,False,True,False,True
9369,True,True,False,False,False,False,False,False
9370,True,True,True,False,False,False,False,False
9371,True,True,True,True,False,False,True,True
9372,True,True,True,False,False,True,True,True
9373,True,True,True,False,False,False,False,True
9374,True,True,False,False,False,True,True,True
9375,False,False,False,False,False,False,True,True
9376,True,True,True,False,False,True,True,True
9377,False,False,False,False,False,False,False,True
9378,True,True,True,True,False,False,True,True
9379,True,True,True,False,False,False,False,True
9380,True,True,False,False,False,True,True,True
9381,True,True,True,False,False,False,False,True
9382,False,False,False,False,False,False,True,True
9383,False,False,False,False,False,True,True,True
9384,True,False,False,False,False,False,True,True
9385,False,False,False,False,False,False,False,True
9386,True,False,False,False,False,False,False,True
9387,True,True,True,True,False,False,False,True
9388,True,False,False,False,False,False,True,True
9389,True,True,True,True,False,False,False,True
9390,False,False,False,False,False,False,False,False
9391,True,False,False,False,False,True,True,True
9392,True,True,True,True,True,True,True,True
9393,False,False,False,False,False,False,False,False
9394,True,False,False,False,False,True,True,True
9395,True,True,True,False,False,True,True,True
9396,True,True,False,False,False,True,True,True
9397,False,False,False,False,False,False,False,True
9398,True,False,False,False,False,False,False,True
9399,True,False,False,False,False,False,False,False
9400,True,True,True,True,False,False,False,True
9401,True,False,False,False,False,True,True,True
9402,True,True,False,False,False,False,False,False
9403,True,True,False,False,False,False,False,False
9404,True,True,False,False,False,True,True,True
9405,False,False,False,False,False,False,False,True
9406,True,True,True,False,False,True,True,True
9407,False,False,False,False,False,False,True,True
9408,True,True,True,True,True,True,True,True
9409,False,False,False,False,False,False,True,True
9410,True,True,True,False,False,True,True,True
9411,True,True,True,True,False,False,False,True
9412,True,False,False,False,False,False,False,False
9413,True,False,False,False,False,False,True,True
9414,False,False,False,False,False,False,False,False
9415,True,True,True,True,False,False,True,True
9416,True,True,True,False,False,True,True,True
9417,True,True,False,False,False,False,True,True
9418,True,True,False,False,False,True,True,True
9419,False,False,False,False,False,True,True,True
9420,True,True,False,False,False,False,False,False
9421,True,True,True,True,False,False,True,True
9422,True,True,True,False,False,True,True,True
9423,True,True,True,False,False,True,True,True
9424,True,True,True,True,False,False,True,True
9425,True,True,True,False,False,False,False,False
9426,True,True,True,True,True,True,True,True
9427,True,True,True,False,False,True,True,True
9428,True,True,True,True,True,True,True,True
9429,True,True,True,True,False,False,True,True
9430,False,False,False,False,False,False,False,False
9431,False,False,False,False,False,True,True,True
9432,False,False,False,False,False,False,False,True
9433,True,True,True,True,True,True,True,True
9434,True,False,False,False,False,False,False,True
9435,False,False,False,False,False,True,True,True
9436,True,True,True,True,False,True,True,True
9437,False,False,False,False,False,False,False,True
9438,True,True,True,False,False,False,False,True
9439,True,False,False,False,False,False,False,True
9440,True,False,False,False,False,True,True,True
9441,True,True,False,False,False,False,False,False
9442,True,True,True,True,True,True,True,True
9443,True,True,True,True,True,True,True,True
9444,True,True,True,True,False,True,True,True
9445,True,False,False,False,False,False,False,True
9446,True,True,True,True,False,False,False,True
9447,True,True,True,False,False,False,False,False
9448,True,False,False,False,False,True,True,True
9449,True,True,True,True,False,False,False,True
9450,True,False,False,False,False,True,True,True
9451,True,False,False,False,False,True,True,True
9452,True,False,False,False,False,False,True,True
9453,True,False,False,False,False,False,True,True
9454,False,False,False,False,False,True,True,True
9455,False,False,False,False,False,True,True,True
9456,True,True,True,True,True,True,True,True
9457,True,False,False,False,False,True,True,True
9458,False,False,False,False,False,False,True,True
9459,True,True,False,False,False,False,False,True
9460,True,True,False,False,False,False,False,False
9461,False,False,False,False,False,True,True,True
9462,False,False,False,False,False,True,True,True
9463,False,False,False,False,False,False,True,True
9464,False,False,False,False,False,True,True,True
9465,True,True,True,True,False,False,False,True
9466,True,True,True,True,False,False,False,False
9467,True,True,True,True,True,True,True,True
9468,True,False,False,False,False,False,True,True
9469,False,False,False,False,False,True,True,True
9470,True,True,False,False,False,True,True,True
9471,True,True,True,True,True,True,True,True
9472,False,False,False,False,False,True,True,True
9473,False,False,False,False,False,False,True,True
9474,False,False,False,False,False,False,False,True
9475,True,True,True,False,False,True,True,True
9476,True,True,True,True,False,False,False,False
9477,True,True,False,False,False,True,True,True
9478,True,True,True,False,False,True,False,False
9479,True,False,False,False,False,False,False,True
9480,False,False,False,False,False,True,True,True
9481,True,True,False,False,False,True,True,True
9482,True,True,True,True,False,False,True,True
9483,True,True,True,False,False,True,True,True
9484,True,False,False,False,False,True,True,True
9485,True,True,False,False,False,False,True,True
9486,True,True,True,True,False,False,False,True
9487,True,False,False,False,False,True,False,True
9488,True,True,True,True,True,True,True,True
9489,True,False,False,False,False,True,True,True
9490,True,True,False,False,False,False,False,False
9491,True,True,True,True,True,True,True,True
9492,True,True,True,True,True,True,True,True
9493,True,True,True,False,False,False,False,False
9494,True,True,True,False,False,True,True,True
9495,True,False,False,False,False,False,False,False
9496,True,True,False,False,False,False,True,True
9497,True,True,True,False,False,True,True,True
9498,False,False,False,False,False,False,False,True
9499,True,True,True,True,False,False,False,True
9500,False,False,False,False,False,False,False,False
9501,False,False,False,False,False,False,False,True
9502,True,True,True,False,False,False,True,True
9503,True,True,False,False,False,False,False,False
9504,True,True,False,False,False,False,False,False
9505,False,False,False,False,False,True,True,True
9506,False,False,False,False,False,True,True,True
9507,True,False,False,False,False,True,True,True
9508,False,False,False,False,False,False,False,False
9509,True,True,True,True,False,True,True,True
9510,True,False,False,False,False,True,False,False
9511,True,False,False,False,False,False,False,False
9512,False,False,False,False,False,True,True,True
9513,False,False,False,False,False,False,False,True
9514,False,False,False,False,False,True,False,False
9515,True,True,True,True,True,True,True,True
9516,True,True,False,False,False,False,True,True
9517,True,True,True,False,False,False,True,True
9518,True,True,False,False,False,False,False,False
9519,True,False,False,False,False,True,False,False
9520,False,False,False,False,False,True,False,False
9521,True,False,False,False,False,False,False,True
9522,True,True,True,False,False,False,False,False
9523,False,False,False,False,False,False,False,False
9524,True,True,True,True,True,True,True,True
9525,True,True,True,False,False,False,False,True
9526,True,True,False,False,False,False,False,False
9527,True,False,False,False,False,True,True,True
9528,True,True,True,False,False,False,False,True
9529,False,False,False,False,False,True,True,True
9530,True,True,True,True,True,True,True,True
9531,True,True,True,True,False,False,True,True
9532,True,False,False,False,False,False,False,True
9533,True,False,False,False,False,True,True,True
9534,False,False,False,False,False,False,False,False
9535,False,False,False,False,False,False,False,False
9536,True,True,False,False,False,False,False,True
9537,True,False,False,False,False,False,False,False
9538,True,True,False,False,False,False,True,True
9539,False,False,False,False,False,False,False,True
9540,False,False,False,False,False,False,True,True
9541,False,False,False,False,False,False,False,False
9542,True,False,False,False,False,False,False,True
9543,True,True,True,False,False,True,True,True
9544,True,True,False,False,False,True,True,True
9545,True,False,False,False,False,False,False,False
9546,True,True,True,True,False,True,False,True
9547,True,True,True,False,False,False,True,True
9548,False,False,False,False,False,False,False,True
9549,True,True,True,True,False,True,True,True
9550,True,False,False,False,False,True,True,True
9551,True,True,True,True,False,False,False,False
9552,True,True,False,False,False,False,False,True
9553,True,True,True,False,False,False,True,True
9554,True,True,False,False,False,False,True,True
9555,True,True,True,False,False,True,True,True
9556,True,True,True,True,False,False,False,True
9557,True,True,True,True,True,True,True,True
9558,True,True,True,True,True,True,True,True
9559,True,False,False,False,False,True,True,True
9560,False,False,False,False,False,False,False,False
9561,False,False,False,False,False,True,True,True
9562,True,True,True,True,False,False,False,True
9563,False,False,False,False,False,False,False,True
9564,True,True,True,True,False,False,False,True
9565,True,False,False,False,False,True,True,True
9566,True,False,False,False,False,False,False,True
9567,True,True,False,False,False,False,False,True
9568,True,True,True,True,False,True,True,True
9569,True,True,True,False,False,False,False,True
9570,False,False,False,False,False,True,True,True
9571,True,True,False,False,False,False,True,True
9572,True,True,False,False,False,False,False,True
9573,True,True,True,True,False,False,True,True
9574,False,False,False,False,False,True,True,True
9575,True,False,False,False,False,False,False,True
9576,True,True,False,False,False,False,False,False
9577,True,False,False,False,False,False,False,True
9578,True,True,True,True,False,False,False,False
9579,True,True,False,False,False,False,False,False
9580,True,True,True,True,False,False,True,True
9581,True,True,True,False,False,True,True,True
9582,True,False,False,False,False,True,True,True
9583,True,True,True,True,False,False,True,True
9584,True,True,False,False,False,False,True,True
9585,True,False,False,False,False,False,False,True
9586,False,False,False,False,False,False,True,True
9587,False,False,False,False,False,False,False,False
9588,True,True,False,False,False,True,True,True
9589,True,True,True,False,False,False,False,True
9590,False,False,False,False,False,True,True,True
9591,False,False,False,False,False,True,False,False
9592,False,False,False,False,False,False,False,False
9593,True,False,False,False,False,True,True,True
9594,True,False,False,False,False,False,False,False
9595,True,True,False,False,False,False,False,False
9596,False,False,False,False,False,True,True,True
9597,False,False,False,False,False,True,True,True
9598,True,True,True,False,False,False,False,True
9599,False,False,False,False,False,True,False,True
9600,False,False,False,False,False,False,True,True
9601,True,False,False,False,False,False,True,True
9602,False,False,False,False,False,False,True,True
9603,True,True,True,False,False,False,False,False
9604,False,False,False,False,False,True,True,True
9605,False,False,False,False,False,False,False,True
9606,True,False,False,False,False,False,False,False
9607,False,False,False,False,False,False,False,False
9608,False,False,False,False,False,True,True,True
9609,True,True,True,True,True,True,True,True
9610,False,False,False,False,False,True,True,True
9611,True,True,False,False,False,True,True,True
9612,True,True,False,False,False,True,True,True
9613,True,True,False,False,False,False,False,True
9614,True,True,False,False,False,False,False,False
9615,False,False,False,False,False,False,False,False
9616,True,False,False,False,False,True,True,True
9617,False,False,False,False,False,False,True,True
9618,True,False,False,False,False,False,True,True
9619,True,False,False,False,False,False,False,True
9620,False,False,False,False,False,False,False,True
9621,False,False,False,False,False,False,False,True
9622,False,False,False,False,False,False,False,True
9623,False,False,False,False,False,True,True,True
9624,False,False,False,False,False,False,False,False
9625,True,True,True,True,False,False,True,True
9626,True,False,False,False,False,False,False,False
9627,False,False,False,False,False,True,True,True
9628,False,False,False,False,False,False,False,True
9629,False,False,False,False,False,True,True,True
9630,True,False,False,False,False,False,False,False
9631,True,True,False,False,False,True,True,True
9632,True,True,True,False,False,True,True,True
9633,True,True,True,True,False,False,False,False
9634,True,True,True,False,False,True,True,True
9635,True,False,False,False,False,False,False,False
9636,True,True,True,True,True,True,True,True
9637,True,True,True,True,False,False,False,True
9638,True,True,False,False,False,False,False,True
9639,False,False,False,False,False,False,False,True
9640,True,True,False,False,False,True,False,False
9641,False,False,False,False,False,True,True,True
9642,True,False,False,False,False,False,False,False
9643,True,True,True,True,True,True,True,True
9644,True,True,False,False,False,True,True,True
9645,True,True,True,True,True,True,True,True
9646,False,False,False,False,False,True,True,True
9647,True,True,True,True,True,True,True,True
9648,True,True,False,False,False,True,True,True
9649,True,True,True,True,False,True,True,True
9650,True,False,False,False,False,True,True,True
9651,True,False,False,False,False,True,True,True
9652,True,True,True,True,False,True,True,True
9653,True,False,False,False,False,True,True,True
9654,False,False,False,False,False,False,False,True
9655,False,False,False,False,False,True,True,True
9656,True,True,True,False,False,False,False,True
9657,True,True,True,True,False,False,True,True
9658,False,False,False,False,False,False,False,False
9659,True,True,True,False,False,False,False,False
9660,True,True,False,False,False,False,False,True
9661,True,True,True,True,True,True,True,True
9662,True,True,False,False,False,True,True,True
9663,True,True,True,False,False,False,False,True
9664,True,False,False,False,False,False,True,True
9665,False,False,False,False,False,False,False,False
9666,True,False,False,False,False,False,False,False
9667,True,True,False,False,False,True,True,True
9668,True,False,False,False,False,False,False,False
9669,True,True,False,False,False,True,True,True
9670,True,True,True,False,False,True,True,True
9671,True,False,False,False,False,False,False,False
9672,False,False,False,False,False,False,False,False
9673,True,True,True,False,False,False,False,False
9674,True,True,True,True,True,True,True,True
9675,False,False,False,False,False,False,False,False
9676,True,True,True,False,False,False,False,True
9677,True,True,False,False,False,True,True,True
9678,True,False,False,False,False,False,False,False
9679,True,False,False,False,False,False,False,False
9680,True,False,False,False,False,True,True,True
9681,True,True,False,False,False,True,True,True
9682,True,False,False,False,False,True,False,False
9683,True,True,False,False,False,False,False,False
9684,False,False,False,False,False,True,False,False
9685,False,False,False,False,False,True,True,True
9686,True,True,False,False,False,True,True,True
9687,False,False,False,False,False,False,False,True
9688,True,True,True,True,False,True,True,True
9689,True,True,True,True,False,False,False,True
9690,True,True,True,False,False,True,True,True
9691,True,True,False,False,False,False,True,True
9692,True,True,False,False,False,False,False,True
9693,False,False,False,False,False,True,True,True
9694,True,True,True,False,False,False,True,True
9695,True,True,False,False,False,True,True,True
9696,True,True,False,False,False,False,False,True
9697,True,True,False,False,False,False,False,False
9698,True,False,False,False,False,False,False,False
9699,False,False,False,False,False,False,False,True
9700,True,True,True,True,True,True,True,True
9701,True,False,False,False,False,True,True,True
9702,False,False,False,False,False,True,True,True
9703,True,True,False,False,False,False,False,True
9704,True,True,True,False,False,True,True,True
9705,False,False,False,False,False,True,True,True
9706,False,False,False,False,False,True,True,True
9707,False,False,False,False,False,False,False,False
9708,True,True,True,True,False,False,False,True
9709,True,False,False,False,False,True,True,True
9710,True,True,False,False,False,True,True,True
9711,False,False,False,False,False,True,True,True
9712,True,True,False,False,False,False,False,False
9713,True,False,False,False,False,False,False,True
9714,False,False,False,False,False,True,True,True
9715,True,False,False,False,False,True,True,True
9716,True,False,False,False,False,False,False,True
9717,False,False,False,False,False,False,True,True
9718,True,True,True,False,False,False,False,False
9719,True,True,True,False,False,False,False,False
9720,False,False,False,False,False,True,True,True
9721,False,False,False,False,False,True,True,True
9722,False,False,False,False,False,True,True,True
9723,False,False,False,False,False,True,False,True
9724,True,True,True,True,True,True,True,True
9725,True,True,True,True,True,True,True,True
9726,False,False,False,False,False,True,True,True
9727,True,True,False,False,False,False,False,True
9728,True,True,True,True,False,False,True,True
9729,True,True,True,True,False,False,False,True
9730,True,False,False,False,False,True,True,True
9731,False,False,False,False,False,True,False,True
9732,True,True,True,False,False,False,False,False
9733,False,False,False,False,False,True,False,True
9734,True,False,False,False,False,False,False,True
9735,False,False,False,False,False,True,True,True
9736,False,False,False,False,False,True,True,True
9737,False,False,False,False,False,False,False,True
9738,True,True,True,True,False,False,True,True
9739,False,False,False,False,False,True,True,True
9740,False,False,False,False,False,True,True,True
9741,True,False,False,False,False,False,False,True
9742,True,False,False,False,False,False,False,False
9743,True,True,True,False,False,False,False,True
9744,True,True,False,False,False,False,False,True
9745,False,False,False,False,False,False,False,False
9746,True,True,True,True,False,False,False,True
9747,True,True,False,False,False,True,True,True
9748,True,False,False,False,False,True,True,True
9749,True,True,False,False,False,True,True,True
9750,True,True,True,True,False,True,True,True
9751,True,True,True,True,False,True,True,True
9752,True,True,False,False,False,True,True,True
9753,False,False,False,False,False,False,False,False
9754,True,True,True,False,False,False,False,False
9755,True,False,False,False,False,False,True,True
9756,True,False,False,False,False,True,True,True
9757,True,True,True,False,False,False,False,False
9758,True,False,False,False,False,True,True,True
9759,True,True,True,True,True,True,True,True
9760,True,True,False,False,False,False,False,False
9761,True,False,False,False,False,True,True,True
9762,True,True,True,False,False,True,True,True
9763,False,False,False,False,False,False,True,True
9764,False,False,False,False,False,False,True,True
9765,True,True,True,True,True,True,True,True
9766,True,True,False,False,False,True,True,True
9767,True,True,False,False,False,False,False,True
9768,True,True,False,False,False,False,False,True
9769,True,False,False,False,False,False,False,False
9770,True,False,False,False,False,True,True,True
9771,True,True,True,True,True,True,True,True
9772,False,False,False,False,False,False,False,True
9773,True,True,False,False,False,False,False,False
9774,True,False,False,False,False,False,False,False
9775,False,False,False,False,False,False,False,False
9776,True,True,False,False,False,False,True,True
9777,False,False,False,False,False,False,True,True
9778,True,False,False,False,False,True,True,True
9779,True,True,False,False,False,True,True,True
9780,True,True,True,True,True,True,True,True
9781,True,False,False,False,False,False,True,True
9782,True,True,True,False,False,False,False,True
9783,True,False,False,False,False,False,False,True
9784,True,True,True,True,False,False,True,True
9785,True,True,True,True,False,False,False,True
9786,True,True,True,True,False,False,False,True
9787,True,True,False,False,False,False,False,False
9788,True,True,True,True,False,False,True,True
9789,True,False,False,False,False,False,False,True
9790,False,False,False,False,False,True,True,True
9791,True,False,False,False,False,True,True,True
9792,True,True,True,True,False,False,False,True
9793,True,False,False,False,False,False,True,True
9794,True,True,True,True,False,True,True,True
9795,True,True,False,False,False,False,False,True
9796,True,False,False,False,False,True,True,True
9797,True,True,True,False,False,True,True,True
9798,True,False,False,False,False,True,True,True
9799,True,True,False,False,False,False,False,True
9800,True,True,True,False,False,False,True,True
9801,True,True,False,False,False,False,False,True
9802,True,True,True,False,False,False,False,True
9803,False,False,False,False,False,True,True,True
9804,True,True,True,True,True,True,True,True
9805,True,True,False,False,False,True,True,True
9806,True,True,True,False,False,True,True,True
9807,True,True,True,True,True,True,True,True
9808,True,True,False,False,False,True,True,True
9809,True,False,False,False,False,False,False,False
9810,True,False,False,False,False,True,True,True
9811,True,True,True,True,False,False,False,False
9812,True,True,True,True,True,True,True,True
9813,False,False,False,False,False,False,False,False
9814,True,False,False,False,False,True,True,True
9815,True,True,True,True,False,False,False,False
9816,True,True,True,True,False,True,True,True
9817,True,True,True,True,True,True,True,True
9818,True,True,True,False,False,False,False,True
9819,True,True,True,True,False,True,True,True
9820,False,False,False,False,False,False,False,False
9821,True,True,False,False,False,False,True,True
9822,True,False,False,False,False,False,False,True
9823,True,True,True,True,False,False,False,True
9824,True,True,False,False,False,False,False,False
9825,True,True,True,True,False,True,True,True
9826,False,False,False,False,False,False,False,False
9827,True,True,False,False,False,True,True,True
9828,True,True,True,True,False,False,False,True
9829,True,True,True,True,True,True,True,True
9830,True,True,True,True,True,True,True,True
9831,True,True,True,False,False,False,True,True
9832,True,True,True,True,False,False,True,True
9833,True,True,True,False,False,True,True,True
9834,True,True,True,False,False,False,False,True
9835,True,False,False,False,False,False,False,False
9836,True,False,False,False,False,False,False,False
9837,True,True,True,True,False,False,False,False
9838,True,True,True,False,False,False,False,False
9839,True,False,False,False,False,True,True,True
9840,True,True,False,False,False,False,False,True
9841,True,False,False,False,False,True,True,True
9842,True,True,False,False,False,False,False,True
9843,True,True,False,False,False,False,True,True
9844,True,True,False,False,False,True,True,True
9845,True,False,False,False,False,True,True,True
9846,False,False,False,False,False,True,True,True
9847,False,False,False,False,False,True,False,False
9848,True,False,False,False,False,True,True,True
9849,False,False,False,False,False,False,False,True
9850,True,True,False,False,False,False,True,True
9851,True,True,True,True,False,True,True,True
9852,True,True,False,False,False,False,False,False
9853,True,False,False,False,False,False,True,True
9854,True,True,True,False,False,True,True,True
9855,True,True,True,False,False,False,False,True
9856,True,True,True,False,False,False,True,True
9857,True,False,False,False,False,True,True,True
9858,False,False,False,False,False,False,True,True
9859,True,False,False,False,False,True,True,True
9860,True,True,False,False,False,True,True,True
9861,True,True,False,False,False,False,False,False
9862,True,True,True,True,True,True,True,True
9863,False,False,False,False,False,True,False,False
9864,True,False,False,False,False,False,True,True
9865,True,True,False,False,False,False,False,True
9866,False,False,False,False,False,False,True,True
9867,True,True,True,False,False,False,False,True
9868,False,False,False,False,False,True,True,True
9869,True,True,False,False,False,False,False,False
9870,True,True,True,True,True,True,True,True
9871,True,True,False,False,False,True,True,True
9872,True,False,False,False,False,True,True,True
9873,True,True,True,True,False,False,True,True
9874,False,False,False,False,False,True,True,True
9875,True,True,True,False,False,False,True,True
9876,True,False,False,False,False,False,False,True
9877,False,False,False,False,False,False,True,True
9878,True,True,True,True,False,False,False,True
9879,False,False,False,False,False,True,True,True
9880,False,False,False,False,False,True,True,True
9881,True,True,True,True,True,True,True,True
9882,True,True,False,False,False,False,False,False
9883,True,True,True,False,False,False,False,False
9884,True,True,True,False,False,False,False,False
9885,False,False,False,False,False,False,False,False
9886,True,True,True,False,False,False,False,True
9887,False,False,False,False,False,False,False,True
9888,True,False,False,False,False,True,True,True
9889,True,True,True,True,True,True,True,True
9890,True,True,False,False,False,True,True,True
9891,False,False,False,False,False,False,False,True
9892,True,True,True,False,False,True,True,True
9893,True,True,True,True,False,False,True,True
9894,False,False,False,False,False,False,False,True
9895,False,False,False,False,False,False,False,False
9896,False,False,False,False,False,True,False,False
9897,True,True,False,False,False,True,True,True
9898,False,False,False,False,False,True,False,True
9899,True,False,False,False,False,True,True,True
9900,False,False,False,False,False,False,True,True
9901,False,False,False,False,False,True,True,True
9902,True,False,False,False,False,True,True,True
9903,True,True,True,True,False,False,False,False
9904,False,False,False,False,False,False,True,True
9905,True,True,False,False,False,False,True,True
9906,True,False,False,False,False,True,True,True
9907,True,True,True,True,False,False,True,True
9908,True,True,True,True,False,False,False,True
9909,True,True,True,True,True,True,True,True
9910,True,False,False,False,False,False,False,False
9911,True,True,True,False,False,True,True,True
9912,True,False,False,False,False,True,False,False
9913,True,True,True,False,False,False,False,True
9914,False,False,False,False,False,False,False,False
9915,True,True,True,False,False,False,False,False
9916,True,True,False,False,False,False,False,False
9917,True,True,False,False,False,False,False,False
9918,True,True,True,False,False,False,False,True
9919,True,True,False,False,False,False,False,True
9920,True,True,True,False,False,False,True,True
9921,False,False,False,False,False,False,False,False
9922,False,False,False,False,False,True,True,True
9923,False,False,False,False,False,True,False,True
9924,True,True,True,True,False,False,False,False
9925,False,False,False,False,False,False,False,False
9926,True,True,False,False,False,False,False,False
9927,False,False,False,False,False,False,False,True
9928,True,False,False,False,False,False,False,True
9929,True,False,False,False,False,True,True,True
9930,True,True,True,True,True,True,True,True
9931,True,True,True,True,False,True,True,True
9932,True,True,False,False,False,False,False,True
9933,False,False,False,False,False,True,False,True
9934,True,True,True,False,False,True,True,True
9935,True,True,True,True,False,True,True,True
9936,False,False,False,False,False,True,True,True
9937,True,True,True,True,False,False,True,True
9938,True,True,False,False,False,True,True,True
9939,True,True,True,True,True,True,True,True
9940,False,False,False,False,False,False,False,True
9941,True,True,True,True,True,True,True,True
9942,True,True,True,False,False,True,True,True
9943,True,False,False,False,False,False,False,True
9944,True,False,False,False,False,True,False,False
9945,False,False,False,False,False,True,True,True
9946,True,True,False,False,False,True,True,True
9947,True,True,True,False,False,True,True,True
9948,False,False,False,False,False,True,True,True
9949,False,False,False,False,False,False,True,True
9950,True,True,True,True,True,True,True,True
9951,True,True,False,False,False,True,True,True
9952,True,True,False,False,False,False,False,False
9953,False,False,False,False,False,True,True,True
9954,False,False,False,False,False,False,True,True
9955,True,False,False,False,False,False,True,True
9956,True,True,True,True,False,True,True,True
9957,True,True,True,False,False,True,True,True
9958,True,True,False,False,False,True,True,True
9959,True,True,True,True,False,False,True,True
9960,True,True,True,True,True,True,True,True
9961,True,False,False,False,False,False,False,True
9962,False,False,False,False,False,True,True,True
9963,True,False,False,False,False,False,False,True
9964,True,True,True,False,False,False,False,False
9965,True,False,False,False,False,False,False,True
9966,False,False,False,False,False,False,False,False
9967,True,True,True,True,True,True,True,True
9968,True,True,True,False,False,False,False,False
9969,True,False,False,False,False,True,True,True
9970,True,True,False,False,False,False,False,True
9971,True,True,False,False,False,False,True,True
9972,True,False,True,False,False,True,True,True
9973,False,False,False,False,False,False,True,True
9974,True,True,False,False,False,True,True,True
9975,False,False,False,False,False,False,False,True
9976,False,True,False,False,False,True,True,True
9977,True,True,True,True,False,False,True,True
9978,False,False,False,False,False,False,False,True
9979,True,True,True,True,False,False,False,False
9980,True,True,False,False,False,False,True,True
9981,True,True,False,False,False,False,False,True
9982,True,False,False,False,False,True,True,True
9983,True,False,False,False,False,False,False,False
9984,True,False,False,False,False,True,True,True
9985,False,False,False,False,False,True,False,False
9986,True,True,True,True,False,False,False,True
9987,True,True,False,False,False,False,False,False
9988,False,False,False,False,False,False,False,True
9989,True,True,True,True,False,False,False,False
9990,False,False,False,False,False,True,True,True
9991,True,True,False,False,False,False,False,False
9992,True,True,True,True,False,False,True,True
9993,True,True,True,True,True,True,True,True
9994,True,True,False,False,False,False,True,True
9995,True,True,True,True,False,False,False,True
9996,True,True,True,True,False,False,False,False
9997,False,False,False,False,False,True,False,True
9998,False,False,False,False,False,True,False,True
9999,True,True,False,False,False,False,False,True
