,0,1,2,3,4,5,6,7
0,True,True,True,True,True,True,True,True
1,True,True,True,False,False,False,False,True
2,True,True,True,True,True,True,True,True
3,True,True,True,True,True,True,True,True
4,True,False,False,False,False,False,False,False
5,True,False,False,False,False,True,True,True
6,True,False,False,False,False,False,True,True
7,True,True,True,False,False,True,True,True
8,True,True,True,True,False,False,False,True
9,True,False,False,False,False,True,True,True
10,True,True,True,True,False,False,True,True
11,True,True,True,True,True,True,True,True
12,True,True,True,True,False,True,True,True
13,True,True,True,True,True,True,True,True
14,True,True,True,True,True,True,True,True
15,False,False,False,False,False,False,False,False
16,True,True,True,True,False,False,True,True
17,True,True,False,False,False,True,True,True
18,True,True,True,True,True,True,True,True
19,True,True,True,False,False,False,False,False
20,True,False,False,False,False,True,True,True
21,True,False,False,False,False,False,False,False
22,True,True,True,True,False,False,False,True
23,True,True,True,True,False,False,True,True
24,True,True,True,True,False,False,False,False
25,True,True,True,True,False,True,True,True
26,True,True,False,False,False,False,False,False
27,True,True,True,True,False,False,True,True
28,False,False,False,False,False,True,True,True
29,True,True,True,True,True,True,True,True
30,False,False,False,False,False,True,True,True
31,True,True,True,True,True,True,True,True
32,True,True,True,True,False,False,False,False
33,True,False,False,False,False,False,False,False
34,True,True,True,True,True,True,True,True
35,True,True,True,True,False,False,False,True
36,True,True,True,True,True,True,True,True
37,True,True,False,False,False,False,False,True
38,True,True,False,False,False,False,False,True
39,True,False,False,False,False,False,True,True
40,True,True,False,False,False,True,True,True
41,True,True,True,True,True,True,True,True
42,True,False,False,False,False,True,True,True
43,False,False,False,False,False,False,False,False
44,True,True,True,True,True,True,True,True
45,True,True,True,False,False,False,False,False
46,True,True,True,True,False,True,True,True
47,True,True,True,False,False,True,True,True
48,True,True,True,True,True,True,True,True
49,True,True,True,False,False,True,True,True
50,True,True,True,True,True,True,True,True
51,True,True,False,False,False,False,False,False
52,True,True,True,True,False,True,True,True
53,True,True,False,False,False,True,True,True
54,True,False,False,False,False,True,True,True
55,True,True,True,True,False,True,True,True
56,True,False,False,False,False,False,True,True
57,True,True,True,True,False,False,True,True
58,True,False,False,False,False,True,True,True
59,True,True,True,True,True,True,True,True
60,True,False,False,False,False,True,True,True
61,True,True,True,False,False,True,True,True
62,True,False,False,False,False,False,False,True
63,True,True,False,False,False,True,True,True
64,True,True,True,True,True,True,True,True
65,True,True,True,False,False,False,False,False
66,True,True,True,False,False,False,True,True
67,True,True,False,False,False,False,False,False
68,True,True,True,False,False,False,False,False
69,False,False,False,False,False,False,False,True
70,False,False,False,False,False,True,False,True
71,True,True,True,False,False,False,True,True
72,True,True,True,True,True,True,True,True
73,True,True,True,True,False,False,True,True
74,True,True,True,True,True,True,True,True
75,True,True,True,True,False,False,True,True
76,False,False,False,False,False,True,True,True
77,True,True,False,False,False,False,True,True
78,True,True,True,True,False,False,False,False
79,False,False,False,False,False,True,True,True
80,True,False,False,False,False,False,False,True
81,True,True,False,False,False,False,False,False
82,True,True,False,False,False,True,True,True
83,True,False,False,False,False,True,True,True
84,True,False,False,False,False,True,True,True
85,True,True,True,True,False,False,False,False
86,True,True,True,True,False,False,False,False
87,True,True,True,True,False,False,False,False
88,True,True,True,True,True,True,True,True
89,True,False,False,False,False,False,True,True
90,True,True,True,False,False,False,True,True
91,True,True,False,False,False,False,False,True
92,True,True,True,True,False,False,False,False
93,True,False,False,False,False,True,True,True
94,True,True,True,False,False,False,False,True
95,False,False,False,False,False,False,True,True
96,True,True,True,True,False,True,True,True
97,True,False,False,False,False,True,True,True
98,False,False,False,False,False,False,True,True
99,True,False,False,False,False,True,True,True
100,True,True,True,False,False,False,False,False
101,True,True,True,True,False,True,True,True
102,False,False,False,False,False,False,True,True
103,True,False,False,False,False,False,True,True
104,True,True,True,True,True,True,True,True
105,True,True,True,False,False,False,False,False
106,True,True,False,False,False,False,False,True
107,True,False,False,False,False,True,True,True
108,True,True,True,True,True,True,True,True
109,True,False,False,False,False,False,False,False
110,True,False,False,False,False,True,True,True
111,True,True,True,False,False,False,False,True
112,True,True,True,True,False,False,False,True
113,True,False,False,False,False,False,False,False
114,True,True,True,True,True,True,True,True
115,True,True,False,False,False,False,False,True
116,True,True,True,True,False,False,True,True
117,False,False,False,False,False,False,False,False
118,True,True,True,True,False,False,True,True
119,True,True,True,True,False,False,True,True
120,True,True,False,False,False,False,True,True
121,False,False,False,False,False,True,True,True
122,False,False,False,False,False,False,False,True
123,True,True,True,True,False,False,False,False
124,True,True,False,False,False,True,True,True
125,True,True,False,False,False,True,True,True
126,True,True,True,True,True,True,True,True
127,True,True,True,True,False,True,True,True
128,True,True,True,True,True,True,True,True
129,False,False,False,False,False,True,False,False
130,False,False,False,False,False,True,True,True
131,True,False,False,False,False,True,True,True
132,True,True,False,False,False,False,False,True
133,False,False,False,False,False,False,False,False
134,True,True,False,False,False,True,False,False
135,True,True,False,False,False,False,True,True
136,True,False,False,False,False,False,True,True
137,True,True,False,False,False,False,False,False
138,True,True,False,False,False,False,False,False
139,True,True,False,False,False,False,False,True
140,True,True,True,True,True,True,True,True
141,False,False,False,False,False,True,True,True
142,True,True,True,True,True,True,True,True
143,True,True,False,False,False,True,True,True
144,False,False,False,False,False,True,False,False
145,True,False,False,False,False,False,False,False
146,True,True,True,False,False,True,True,True
147,False,False,False,False,False,True,True,True
148,True,True,True,False,False,False,False,True
149,False,False,False,False,False,False,False,False
150,True,True,True,True,False,True,True,True
151,True,True,True,False,False,False,False,False
152,True,True,True,False,False,True,True,True
153,True,False,False,False,False,True,True,True
154,True,True,True,True,True,True,True,True
155,True,False,False,False,False,True,True,True
156,False,False,False,False,False,True,True,True
157,False,False,False,False,False,False,False,True
158,True,True,True,False,False,False,False,False
159,True,False,False,False,False,False,True,True
160,False,False,False,False,False,False,False,True
161,True,True,True,True,True,True,True,True
162,True,True,True,True,True,True,True,True
163,True,True,True,True,True,True,True,True
164,True,True,True,True,False,False,False,False
165,False,False,False,False,False,False,True,True
166,True,True,False,False,False,True,True,True
167,True,True,True,True,False,True,True,True
168,True,True,True,True,False,True,True,True
169,True,False,False,False,False,True,True,True
170,True,True,True,False,False,False,False,False
171,True,True,True,True,False,False,True,True
172,True,True,True,True,True,True,True,True
173,True,True,True,True,False,False,False,True
174,True,True,True,True,False,True,True,True
175,True,False,False,False,False,True,True,True
176,True,True,False,False,False,True,True,True
177,True,False,False,False,False,False,False,False
178,True,True,True,True,True,True,True,True
179,True,True,False,False,False,False,True,True
180,True,True,True,True,True,True,True,True
181,False,False,False,False,False,True,True,True
182,True,True,True,True,True,True,True,True
183,True,True,True,True,True,True,True,True
184,True,True,False,True,False,True,True,True
185,True,True,True,True,False,False,False,True
186,True,True,False,False,False,False,False,False
187,True,True,False,False,False,False,True,True
188,True,True,True,False,False,False,False,True
189,True,True,True,True,False,True,True,True
190,True,True,False,False,False,True,True,True
191,True,False,False,False,False,True,True,True
192,False,False,False,False,False,False,False,False
193,True,True,False,False,False,False,False,False
194,True,True,True,True,True,True,True,True
195,True,True,False,False,False,True,True,True
196,False,False,False,False,False,True,False,False
197,True,True,True,True,False,False,False,False
198,True,True,True,False,False,False,False,False
199,True,True,True,True,False,True,True,True
200,True,True,True,True,True,True,True,True
201,False,False,False,False,False,True,True,True
202,True,True,True,True,False,False,True,True
203,False,False,False,False,False,True,True,True
204,True,True,True,True,False,False,True,True
205,False,False,False,False,False,True,True,True
206,True,True,True,False,False,True,True,True
207,True,True,False,False,False,False,True,True
208,False,False,False,False,False,True,True,True
209,True,True,True,True,True,True,True,True
210,True,True,True,False,False,False,True,True
211,True,True,True,True,True,True,True,True
212,False,False,False,False,False,False,False,False
213,True,False,False,False,False,False,True,True
214,False,False,False,False,False,True,True,True
215,True,True,True,True,False,False,True,True
216,True,True,True,True,True,True,True,True
217,True,False,False,False,False,True,True,True
218,True,True,True,False,False,False,False,False
219,True,True,True,False,False,False,False,False
220,True,False,False,False,False,False,False,False
221,False,False,False,False,False,False,False,False
222,True,True,True,True,False,False,True,True
223,True,True,True,True,True,True,True,True
224,True,True,True,True,False,False,False,True
225,False,False,False,False,False,True,True,True
226,False,False,False,False,False,True,True,True
227,True,True,True,True,False,False,False,True
228,True,True,True,True,False,True,True,True
229,True,True,True,True,True,True,True,True
230,False,False,False,False,False,True,True,True
231,True,True,True,True,True,True,True,True
232,False,False,False,False,False,True,True,True
233,True,True,False,False,False,False,False,False
234,False,False,False,False,False,False,False,False
235,True,True,False,False,False,False,True,True
236,True,True,True,False,False,False,False,False
237,False,False,False,False,False,False,True,True
238,True,True,True,True,False,False,False,True
239,True,True,False,False,False,False,False,False
240,True,False,False,False,False,True,True,True
241,True,True,False,False,False,True,True,True
242,True,False,False,False,False,False,False,True
243,False,False,False,False,False,True,True,True
244,True,True,False,False,False,True,True,True
245,True,True,False,False,False,False,True,True
246,True,True,False,False,False,False,False,False
247,True,False,False,False,False,False,False,False
248,True,True,False,False,False,False,False,True
249,True,True,True,True,False,False,False,True
250,True,False,False,False,False,False,False,False
251,False,False,False,False,False,False,False,True
252,True,True,True,False,False,False,False,False
253,True,True,True,True,True,True,True,True
254,True,True,False,False,False,True,True,True
255,True,True,False,False,False,True,True,True
256,False,False,False,False,False,True,True,True
257,True,True,True,True,False,False,True,True
258,True,True,True,True,True,True,True,True
259,True,False,False,False,False,False,False,False
260,False,False,False,False,False,True,True,True
261,True,True,False,False,False,True,True,True
262,True,True,True,True,True,True,True,True
263,True,False,False,False,False,True,True,True
264,True,True,True,True,False,False,False,False
265,True,True,True,True,False,False,False,False
266,True,True,True,False,False,False,False,False
267,False,False,False,False,False,False,False,True
268,True,True,False,False,False,False,False,False
269,True,True,True,True,False,False,True,True
270,True,True,True,True,False,False,False,False
271,True,False,False,False,False,True,True,True
272,False,False,False,False,False,True,True,True
273,True,True,False,False,False,True,True,True
274,True,True,True,False,False,False,False,True
275,True,True,True,True,True,True,True,True
276,True,True,True,True,False,False,False,True
277,False,False,False,False,False,True,True,True
278,True,True,True,True,False,True,True,True
279,True,True,False,False,False,False,False,False
280,True,False,False,False,False,False,False,False
281,False,False,False,False,False,False,False,True
282,True,True,False,False,False,True,True,True
283,True,True,True,True,False,True,True,True
284,True,True,True,True,False,False,True,True
285,True,True,False,False,False,True,True,True
286,True,True,True,False,False,False,False,True
287,True,True,True,True,True,True,True,True
288,False,False,False,False,False,False,False,False
289,True,True,True,True,True,True,True,True
290,False,False,False,False,False,True,True,True
291,True,True,False,False,False,True,True,True
292,True,True,True,False,False,False,False,False
293,False,False,False,False,False,True,True,True
294,True,True,True,True,False,True,True,True
295,True,True,True,False,False,False,False,False
296,True,True,True,True,False,False,True,True
297,False,False,False,False,False,True,True,True
298,True,True,False,False,False,True,True,True
299,True,False,False,False,False,False,False,True
300,True,False,False,False,False,False,False,True
301,False,False,False,False,False,False,False,False
302,False,False,False,False,False,False,False,False
303,True,True,True,True,False,False,False,True
304,True,True,True,True,False,False,False,False
305,True,True,False,False,False,False,False,False
306,True,True,True,False,False,False,False,True
307,True,True,True,True,True,True,True,True
308,True,True,True,True,False,True,True,True
309,False,False,False,False,False,True,True,True
310,False,False,False,False,False,True,True,True
311,True,False,False,False,False,False,False,False
312,True,True,True,False,False,False,False,False
313,True,True,True,False,False,False,False,True
314,True,False,False,False,False,False,True,True
315,True,True,True,True,False,False,False,False
316,True,False,False,False,False,False,False,False
317,True,True,True,True,True,True,True,True
318,True,False,False,False,False,False,False,True
319,True,True,True,False,False,False,False,False
320,True,True,True,True,False,False,True,True
321,True,True,False,False,False,False,False,True
322,True,True,False,False,False,False,False,True
323,False,False,False,False,False,False,False,False
324,True,True,True,True,False,False,False,False
325,True,True,True,False,False,True,True,True
326,True,True,False,False,False,False,False,True
327,True,True,True,True,True,True,True,True
328,True,True,True,True,False,False,True,True
329,False,False,False,False,False,True,False,True
330,True,True,True,True,False,True,True,True
331,True,True,True,True,False,False,True,True
332,True,True,True,True,True,True,True,True
333,True,True,True,True,False,False,True,True
334,True,True,True,False,False,False,False,False
335,True,False,False,False,False,True,True,True
336,True,True,True,True,False,False,False,True
337,True,True,False,False,False,False,False,False
338,True,False,False,False,False,True,True,True
339,True,False,False,False,False,False,False,False
340,True,True,True,True,True,True,True,True
341,True,False,False,False,False,False,False,False
342,True,True,True,False,False,False,True,True
343,True,True,True,False,False,True,True,True
344,True,True,False,False,False,False,False,False
345,True,True,True,True,True,True,True,True
346,True,True,True,True,True,True,True,True
347,False,False,False,False,False,True,True,True
348,True,False,False,False,False,False,True,True
349,False,False,False,False,False,False,True,True
350,True,True,True,True,True,True,True,True
351,True,False,False,False,False,True,True,True
352,True,True,True,True,True,True,True,True
353,True,True,False,False,False,True,True,True
354,True,False,False,False,False,True,True,True
355,True,True,False,False,False,False,False,False
356,False,False,False,False,False,True,True,True
357,True,False,False,False,False,True,True,True
358,False,False,False,False,False,False,False,True
359,True,True,False,False,False,True,True,True
360,False,False,False,False,False,False,False,True
361,True,False,False,False,False,True,True,True
362,True,True,True,False,False,True,True,True
363,True,True,True,True,True,True,True,True
364,True,True,True,True,False,True,True,True
365,True,True,True,False,False,False,False,False
366,True,True,True,True,True,True,True,True
367,True,True,True,False,False,False,False,True
368,True,False,False,False,False,True,True,True
369,False,False,False,False,False,False,False,True
370,True,True,True,True,True,True,True,True
371,True,True,False,False,False,True,True,True
372,True,True,True,False,False,False,False,False
373,True,True,True,False,False,True,True,True
374,True,True,True,False,False,True,True,True
375,True,True,False,False,False,False,True,True
376,True,True,True,True,True,True,True,True
377,True,False,False,False,False,False,True,True
378,True,True,True,False,False,True,True,True
379,True,True,True,True,True,True,True,True
380,True,True,True,True,True,True,True,True
381,True,False,False,False,False,False,False,False
382,True,True,True,False,False,False,False,False
383,True,True,True,False,False,True,True,True
384,True,True,True,False,False,False,False,False
385,False,False,False,False,False,True,True,True
386,False,False,False,False,False,False,False,True
387,True,False,False,False,False,True,True,True
388,True,True,False,False,False,False,True,True
389,True,True,False,False,False,False,True,True
390,True,True,True,False,False,True,True,True
391,True,True,False,False,False,True,True,True
392,False,False,False,False,False,True,True,True
393,False,False,False,False,False,False,False,False
394,True,True,True,True,False,True,True,True
395,True,True,True,False,False,False,False,True
396,True,True,True,True,True,True,True,True
397,True,True,True,True,False,False,False,True
398,True,True,True,True,False,False,True,True
399,True,True,False,False,False,False,False,False
400,True,True,True,True,False,False,False,False
401,True,False,False,False,False,True,True,True
402,True,False,False,False,False,True,True,True
403,True,True,True,True,True,True,True,True
404,True,True,True,True,False,False,True,True
405,False,False,False,False,False,True,True,True
406,True,True,True,False,False,False,False,False
407,True,False,False,False,False,True,True,True
408,True,True,False,False,False,False,True,True
409,True,True,True,True,False,True,True,True
410,True,True,True,True,False,True,True,True
411,True,True,True,False,False,True,True,True
412,True,True,True,False,False,False,False,True
413,True,True,True,True,True,True,True,True
414,True,True,True,False,False,False,True,True
415,True,True,True,True,False,False,False,False
416,True,True,True,False,False,True,True,True
417,True,True,True,False,False,True,True,True
418,True,True,True,True,True,True,True,True
419,False,False,False,False,False,False,False,False
420,True,True,True,True,True,True,True,True
421,True,False,False,False,False,False,True,True
422,True,True,True,True,False,False,True,True
423,True,True,True,True,True,True,True,True
424,True,True,True,True,True,True,True,True
425,True,True,True,True,True,True,True,True
426,True,True,True,True,False,False,False,False
427,True,True,True,True,True,True,True,True
428,True,True,True,False,False,True,True,True
429,False,False,False,False,False,True,False,False
430,True,True,True,True,True,True,True,True
431,True,True,False,False,False,False,False,False
432,True,True,True,False,False,False,False,True
433,True,True,True,True,True,True,True,True
434,True,True,True,True,True,True,True,True
435,True,True,True,False,False,True,True,True
436,False,False,False,False,False,False,False,True
437,False,False,False,False,False,True,True,True
438,True,True,True,True,True,True,True,True
439,True,True,True,False,False,False,False,True
440,True,True,True,False,False,True,True,True
441,True,True,True,True,False,True,True,True
442,True,True,False,False,False,False,False,False
443,True,True,True,False,False,False,False,False
444,True,True,False,False,False,False,False,False
445,False,False,False,False,False,True,True,True
446,True,False,False,False,False,False,False,True
447,True,False,False,False,False,True,True,True
448,True,True,True,True,False,True,True,True
449,True,True,True,False,False,False,True,True
450,False,False,False,False,False,False,False,False
451,True,True,False,False,False,False,False,True
452,True,False,False,False,False,False,False,False
453,True,False,False,False,False,True,True,True
454,True,True,True,True,True,True,True,True
455,True,True,True,False,False,False,False,False
456,False,False,False,False,False,True,False,False
457,True,True,True,True,False,False,False,False
458,True,False,False,False,False,False,False,True
459,True,True,False,False,False,False,False,True
460,True,True,True,True,True,True,True,True
461,True,True,True,False,False,True,True,True
462,True,True,True,True,True,True,True,True
463,True,True,True,True,True,True,True,True
464,True,True,True,True,True,True,True,True
465,True,True,True,True,False,True,True,True
466,True,True,True,True,True,True,True,True
467,True,True,True,False,False,True,True,True
468,True,True,True,False,False,True,True,True
469,True,True,True,True,False,True,True,True
470,True,True,True,True,False,False,False,False
471,True,True,True,True,False,True,True,True
472,True,True,True,False,False,False,False,True
473,True,True,False,False,False,True,True,True
474,True,True,True,False,False,False,False,False
475,True,True,True,True,False,False,False,True
476,True,False,False,False,False,False,False,False
477,True,True,True,True,False,False,False,False
478,True,True,True,True,True,True,True,True
479,True,True,True,False,False,False,False,False
480,True,False,False,False,False,False,True,True
481,True,True,True,False,False,False,False,False
482,True,True,False,False,False,False,False,False
483,True,True,False,False,False,False,False,False
484,True,True,True,True,False,True,True,True
485,True,True,True,False,False,True,True,True
486,True,True,True,False,False,False,False,True
487,True,True,False,False,False,False,False,False
488,True,True,True,True,False,True,True,True
489,True,True,True,False,False,True,True,True
490,True,True,True,False,False,False,False,False
491,True,True,True,False,False,True,True,True
492,False,False,False,False,False,True,True,True
493,True,True,False,False,False,True,True,True
494,True,False,False,False,False,True,True,True
495,True,True,False,False,False,False,False,False
496,True,True,True,True,True,True,True,True
497,True,False,False,False,False,False,False,True
498,True,True,True,True,True,True,True,True
499,True,True,False,False,False,False,False,True
500,True,False,False,False,False,True,True,True
501,True,True,True,True,False,False,False,True
502,True,True,True,True,False,True,True,True
503,True,True,True,True,False,False,False,False
504,True,False,False,False,False,True,True,True
505,True,False,False,False,False,False,False,False
506,True,True,True,True,True,True,True,True
507,False,False,False,False,False,False,True,True
508,True,True,True,True,True,True,True,True
509,True,True,True,True,False,True,True,True
510,True,True,True,True,False,False,False,True
511,True,True,True,False,False,True,True,True
512,False,False,False,False,False,True,True,True
513,True,True,True,True,True,True,True,True
514,True,True,True,True,False,False,False,False
515,False,False,False,False,False,True,True,True
516,False,False,False,False,False,True,True,True
517,True,True,True,True,True,True,True,True
518,True,True,True,False,False,False,False,False
519,False,False,False,False,False,True,True,True
520,True,True,True,False,False,True,True,True
521,True,True,True,True,False,False,True,True
522,True,False,False,False,False,False,False,False
523,True,True,True,False,False,True,True,True
524,True,True,True,True,True,True,True,True
525,True,False,False,False,False,True,True,True
526,True,False,False,False,False,False,False,False
527,True,True,True,True,True,True,True,True
528,False,False,False,False,False,True,True,True
529,True,True,False,False,False,False,False,False
530,True,False,False,False,False,False,False,True
531,True,False,False,False,False,True,True,True
532,True,True,False,False,False,False,False,True
533,True,True,True,True,False,False,False,True
534,True,True,False,False,False,False,False,False
535,False,False,False,False,False,False,False,True
536,True,True,True,False,False,False,False,False
537,True,True,True,True,False,True,True,True
538,True,True,False,False,False,False,False,True
539,False,False,False,False,False,True,True,True
540,False,False,False,False,False,True,True,True
541,True,True,True,True,False,False,True,True
542,True,True,True,True,False,True,True,True
543,True,True,True,True,False,False,False,False
544,True,False,False,False,False,False,True,True
545,True,True,True,True,False,False,False,True
546,True,True,True,True,True,True,True,True
547,True,True,True,True,True,True,True,True
548,True,True,False,False,False,False,False,True
549,False,False,False,False,False,True,True,True
550,False,False,False,False,False,True,True,True
551,True,False,False,False,False,True,True,True
552,True,True,True,True,False,True,True,True
553,True,True,True,True,True,True,True,True
554,True,False,False,False,False,False,False,True
555,True,True,True,True,True,True,True,True
556,True,True,True,True,True,True,True,True
557,True,False,False,False,False,True,True,True
558,True,True,True,True,True,True,True,True
559,True,False,False,False,False,True,True,True
560,True,True,False,False,False,False,False,False
561,False,False,False,False,False,False,False,True
562,True,True,True,True,True,True,True,True
563,True,True,True,False,False,False,False,False
564,True,True,True,True,False,False,False,False
565,True,True,False,False,False,False,False,False
566,True,False,False,False,False,False,False,True
567,False,False,False,False,False,True,True,True
568,True,True,False,False,False,True,True,True
569,True,True,True,True,False,True,True,True
570,True,True,False,False,False,False,True,True
571,False,False,False,False,False,True,True,True
572,True,True,True,True,False,False,False,True
573,True,True,False,False,False,True,True,True
574,True,False,False,False,False,True,True,True
575,True,True,True,True,False,False,False,False
576,True,False,False,False,False,False,True,True
577,True,False,False,False,False,True,False,False
578,False,False,False,False,False,True,True,True
579,True,False,False,False,False,False,False,False
580,False,False,False,False,False,True,True,True
581,False,False,False,False,False,True,True,True
582,True,True,True,False,False,True,True,True
583,True,True,False,False,False,False,False,False
584,False,False,False,False,False,False,False,True
585,True,True,False,False,False,True,True,True
586,True,True,True,True,False,False,False,False
587,True,True,True,True,True,True,True,True
588,True,True,True,False,False,False,False,True
589,True,False,False,False,False,False,True,True
590,True,True,False,False,False,True,True,True
591,True,True,False,False,False,False,False,True
592,True,True,True,False,False,False,True,True
593,False,False,False,False,False,False,False,False
594,True,True,True,True,False,False,False,False
595,True,True,True,True,False,False,True,True
596,True,True,True,True,True,True,True,True
597,True,True,False,False,False,False,False,True
598,False,False,False,False,False,True,True,True
599,True,False,False,False,False,True,True,True
600,False,False,False,False,False,True,True,True
601,True,True,True,True,False,False,True,True
602,True,True,True,True,False,True,True,True
603,True,True,True,True,False,True,True,True
604,False,False,False,False,False,True,True,True
605,True,False,False,False,False,False,True,True
606,False,False,False,False,False,False,False,True
607,True,True,True,True,True,True,True,True
608,True,False,False,False,False,False,False,False
609,True,True,True,True,True,True,True,True
610,False,False,False,False,False,True,True,True
611,True,True,True,False,False,True,True,True
612,False,False,False,False,False,False,False,False
613,True,True,False,False,False,True,True,True
614,True,True,False,False,False,True,True,True
615,False,False,False,False,False,True,True,True
616,False,False,False,False,False,False,False,True
617,True,True,True,False,False,False,True,True
618,True,False,False,False,False,True,True,True
619,False,False,False,False,False,False,True,True
620,True,True,True,True,True,True,True,True
621,False,False,False,False,False,False,False,False
622,True,True,False,False,False,False,False,False
623,True,False,False,False,False,False,True,True
624,True,True,True,True,True,True,True,True
625,False,False,False,False,False,True,True,True
626,True,True,False,False,False,False,False,False
627,True,True,True,False,False,False,False,False
628,True,True,True,True,False,False,True,True
629,True,True,True,True,False,False,True,True
630,True,True,True,True,True,True,True,True
631,True,True,False,False,False,False,False,False
632,True,True,False,False,False,True,True,True
633,False,False,False,False,False,False,False,False
634,True,True,False,False,False,True,True,True
635,True,True,False,False,False,True,True,True
636,True,True,True,True,True,True,True,True
637,True,True,True,False,False,False,True,True
638,True,True,True,True,False,False,True,True
639,True,True,True,True,False,False,False,False
640,False,False,False,False,False,True,True,True
641,True,True,True,True,False,False,True,True
642,True,False,False,False,False,True,True,True
643,False,False,False,False,False,False,False,False
644,False,False,False,False,False,True,True,True
645,True,False,False,False,False,False,False,False
646,True,True,False,False,False,False,False,False
647,False,False,False,False,False,True,True,True
648,True,True,True,True,True,True,True,True
649,True,True,True,False,False,True,True,True
650,True,True,False,False,False,True,True,True
651,True,False,False,False,False,False,True,True
652,True,True,True,False,False,True,True,True
653,True,True,True,True,True,True,True,True
654,True,True,True,True,False,False,False,False
655,True,True,True,False,False,False,False,True
656,False,False,False,False,False,False,True,True
657,True,True,False,False,False,False,False,False
658,False,False,False,False,False,True,True,True
659,False,False,False,False,False,True,True,True
660,False,False,False,False,False,True,True,True
661,True,False,False,False,False,True,True,True
662,True,True,False,False,False,True,True,True
663,True,True,True,True,False,False,True,True
664,True,True,True,True,True,True,True,True
665,True,False,False,False,False,False,True,True
666,True,False,False,False,False,False,False,False
667,True,True,True,False,False,False,False,True
668,True,True,False,False,False,False,False,False
669,True,True,True,True,True,True,True,True
670,False,False,False,False,False,False,True,True
671,True,True,True,False,False,True,True,True
672,False,False,False,False,False,False,True,True
673,True,True,True,True,True,True,True,True
674,True,True,True,True,True,True,True,True
675,True,True,True,False,False,False,True,True
676,False,False,False,False,False,True,True,True
677,True,True,False,False,False,True,True,True
678,False,False,False,False,False,False,False,True
679,True,True,True,True,True,True,True,True
680,True,False,False,False,False,False,False,True
681,False,False,False,False,False,True,True,True
682,False,False,False,False,False,False,False,True
683,False,False,False,False,False,True,True,True
684,True,True,True,False,False,False,True,True
685,True,True,True,False,False,False,False,False
686,True,True,True,False,False,True,True,True
687,True,True,False,False,False,True,True,True
688,False,False,False,False,False,False,False,False
689,False,False,False,False,False,True,True,True
690,True,True,True,True,False,False,False,True
691,True,True,False,False,False,False,False,False
692,True,True,True,False,False,False,False,False
693,True,False,False,False,False,True,True,True
694,True,True,False,False,False,False,False,False
695,True,True,True,False,False,True,True,True
696,True,True,True,False,False,False,False,True
697,True,True,False,False,False,False,False,True
698,False,False,False,False,False,False,False,False
699,True,True,True,True,False,False,False,False
700,True,False,False,False,False,True,False,True
701,False,False,False,False,False,False,False,False
702,True,True,True,True,False,True,True,True
703,True,True,True,True,False,False,True,True
704,True,True,False,False,False,False,False,False
705,True,True,True,True,True,True,True,True
706,False,False,False,False,False,True,True,True
707,True,True,False,False,False,True,True,True
708,False,False,False,False,False,True,True,True
709,True,True,True,True,True,True,True,True
710,False,False,False,False,False,False,False,False
711,True,True,True,True,False,False,True,True
712,True,True,False,False,False,True,True,True
713,True,False,False,False,False,False,False,False
714,True,True,True,False,False,True,True,True
715,True,True,False,False,False,True,True,True
716,True,True,False,False,False,False,False,True
717,True,True,True,True,False,True,True,True
718,True,True,False,False,False,True,True,True
719,True,True,False,False,False,True,True,True
720,True,True,True,False,False,False,True,True
721,False,False,False,False,False,False,False,False
722,True,True,True,False,False,False,False,True
723,True,False,False,False,False,True,True,True
724,True,True,True,False,False,False,False,False
725,False,False,False,False,False,False,False,True
726,True,True,True,True,False,False,False,True
727,False,False,False,False,False,True,True,True
728,True,True,True,True,False,False,True,True
729,True,True,True,False,False,False,False,True
730,False,False,False,False,False,False,True,True
731,False,False,False,False,False,False,False,True
732,False,False,False,False,False,True,True,True
733,True,True,True,True,False,False,True,True
734,True,False,False,False,False,True,False,False
735,False,False,False,False,False,False,False,True
736,True,True,True,True,True,True,True,True
737,True,True,False,False,False,True,True,True
738,True,True,True,True,False,True,True,True
739,False,False,False,False,False,True,True,True
740,True,True,True,True,False,True,True,True
741,True,True,True,True,False,False,False,True
742,True,True,True,True,True,True,True,True
743,True,True,True,True,False,True,True,True
744,True,True,True,True,False,False,False,True
745,True,True,True,True,False,True,True,True
746,False,False,False,False,False,True,True,True
747,True,True,True,False,False,False,False,False
748,True,False,False,False,False,True,True,True
749,True,True,True,True,True,True,True,True
750,False,False,False,False,False,False,True,True
751,True,True,True,True,False,False,False,True
752,True,True,True,True,True,True,True,True
753,True,True,True,False,False,True,True,True
754,True,True,False,False,False,True,True,True
755,False,False,False,False,False,False,False,False
756,False,False,False,False,False,True,True,True
757,True,True,True,True,False,False,True,True
758,True,True,True,False,False,False,False,False
759,True,True,False,False,False,True,True,True
760,True,True,False,False,False,False,False,False
761,False,False,False,False,False,True,True,True
762,True,False,False,False,False,False,False,True
763,True,True,False,False,False,False,False,False
764,True,True,True,True,True,True,True,True
765,True,True,True,True,True,True,True,True
766,True,False,False,False,False,True,True,True
767,True,True,True,True,False,True,True,True
768,True,True,False,False,False,False,False,False
769,True,True,True,True,False,False,False,False
770,True,True,True,False,False,False,False,False
771,True,False,False,False,False,True,True,True
772,True,True,True,False,False,False,False,False
773,True,True,True,False,False,False,True,True
774,True,True,False,False,False,False,False,True
775,True,True,True,False,False,False,True,True
776,True,True,True,True,True,True,True,True
777,True,True,True,True,True,True,True,True
778,True,True,False,False,False,False,True,True
779,True,True,False,False,False,False,True,True
780,True,True,False,False,False,False,True,True
781,True,True,False,False,False,False,False,False
782,True,True,False,False,False,True,True,True
783,True,True,True,False,False,False,False,False
784,False,False,False,False,False,True,True,True
785,True,True,True,False,False,False,False,True
786,True,True,True,False,False,False,True,True
787,False,False,False,False,False,True,True,True
788,True,True,True,True,False,False,False,False
789,True,True,True,True,True,True,True,True
790,True,True,True,True,False,True,True,True
791,True,True,False,False,False,False,False,True
792,True,True,False,False,False,False,False,False
793,True,True,True,True,False,False,False,False
794,True,True,True,False,False,False,False,True
795,True,True,True,False,False,False,False,False
796,True,True,False,False,False,False,False,True
797,False,False,False,False,False,True,False,True
798,False,False,False,False,False,False,True,True
799,True,True,True,True,True,True,True,True
800,True,True,True,True,False,True,True,True
801,True,False,False,False,False,False,True,True
802,True,False,False,False,False,False,False,False
803,True,True,True,True,False,False,False,True
804,True,True,True,True,False,True,True,True
805,True,False,False,False,False,True,True,True
806,True,True,False,False,False,False,True,True
807,True,False,False,False,False,False,False,True
808,False,False,False,False,False,True,True,True
809,True,False,False,False,False,True,True,True
810,True,True,True,False,False,False,False,True
811,True,False,False,False,False,True,True,True
812,True,True,False,False,False,False,False,False
813,False,False,False,False,False,False,False,False
814,True,True,True,True,True,True,True,True
815,False,False,False,False,False,True,True,True
816,True,True,True,True,False,True,True,True
817,True,False,False,False,False,False,False,True
818,False,False,False,False,False,False,False,True
819,False,False,False,False,False,True,False,False
820,True,False,False,False,False,True,True,True
821,True,True,False,False,False,True,True,True
822,True,True,True,True,False,True,True,True
823,False,False,False,False,False,False,False,False
824,True,True,True,False,False,False,False,False
825,True,True,False,False,False,True,True,True
826,True,False,False,False,False,True,True,True
827,True,True,False,False,False,False,False,False
828,True,True,True,True,False,False,True,True
829,True,True,True,True,True,True,True,True
830,True,True,False,False,False,False,True,True
831,True,True,True,False,False,False,False,False
832,False,False,False,False,False,True,True,True
833,False,False,False,False,False,True,True,True
834,True,True,True,False,False,False,False,False
835,False,False,False,False,False,True,True,True
836,True,True,True,False,False,True,True,True
837,False,False,False,False,False,True,True,True
838,False,False,False,False,False,True,True,True
839,True,True,True,False,False,True,True,True
840,True,False,False,False,False,False,False,True
841,True,True,True,False,False,False,False,False
842,True,True,True,True,True,True,True,True
843,True,False,False,False,False,False,True,True
844,True,True,True,True,False,False,False,False
845,True,True,True,True,True,True,True,True
846,False,False,False,False,False,False,False,False
847,True,True,True,True,True,True,True,True
848,False,False,False,False,False,False,False,False
849,True,True,True,True,False,False,True,True
850,True,True,True,False,False,False,False,True
851,True,True,True,True,False,True,True,True
852,False,False,False,False,False,False,False,False
853,True,True,True,True,True,True,True,True
854,True,False,False,False,False,False,False,False
855,False,False,False,False,False,True,True,True
856,True,True,True,True,False,False,False,False
857,True,True,True,True,False,False,True,True
858,True,True,False,False,False,True,True,True
859,True,True,False,False,False,True,True,True
860,True,True,True,True,False,False,True,True
861,True,False,False,False,False,True,True,True
862,True,True,False,False,False,False,False,True
863,True,True,False,False,False,False,False,True
864,True,True,True,True,True,True,True,True
865,True,True,True,False,False,False,False,True
866,True,False,False,False,False,False,False,True
867,True,True,True,True,True,True,True,True
868,True,True,True,True,True,True,True,True
869,True,True,True,True,True,True,True,True
870,True,True,True,True,False,False,False,True
871,True,False,False,False,False,False,False,False
872,True,True,False,False,False,True,True,True
873,True,True,True,True,False,False,False,True
874,True,True,False,False,False,True,False,False
875,True,True,True,False,False,False,False,False
876,True,True,True,True,True,True,True,True
877,False,False,False,False,False,True,True,True
878,True,True,False,False,False,True,True,True
879,False,False,False,False,False,False,False,True
880,True,False,False,False,False,True,False,True
881,True,True,True,True,True,True,True,True
882,True,True,True,True,False,False,False,False
883,True,True,True,True,False,True,True,True
884,False,False,False,False,False,False,False,True
885,False,False,False,False,False,False,True,True
886,False,False,False,False,False,True,True,True
887,True,True,False,False,False,False,False,False
888,True,True,True,False,False,False,True,True
889,False,False,False,False,False,True,True,True
890,True,False,False,False,False,False,False,True
891,True,True,False,False,False,True,True,True
892,True,False,False,False,False,True,True,True
893,True,True,True,True,True,True,True,True
894,False,False,False,False,False,True,False,False
895,True,True,False,False,False,False,False,False
896,True,True,True,False,False,False,False,True
897,True,False,False,False,False,False,True,True
898,False,False,False,False,False,False,True,True
899,True,False,False,False,False,True,True,True
900,True,True,True,True,False,False,False,True
901,True,True,False,False,False,False,True,True
902,False,False,False,False,False,True,True,True
903,True,True,True,False,False,True,True,True
904,False,False,False,False,False,True,True,True
905,False,False,False,False,False,False,False,False
906,True,False,False,False,False,True,True,True
907,True,True,True,True,False,False,False,False
908,True,True,True,True,False,False,False,False
909,True,True,True,True,False,False,False,False
910,True,True,True,True,True,True,True,True
911,True,True,True,True,True,True,True,True
912,True,False,False,False,False,True,True,True
913,True,True,True,False,False,False,False,False
914,True,True,False,False,False,False,False,False
915,True,True,True,False,False,False,False,True
916,True,True,True,False,False,False,False,True
917,True,False,False,False,False,True,True,True
918,False,False,False,False,False,True,True,True
919,True,True,True,True,True,True,True,True
920,True,True,True,True,True,True,True,True
921,True,True,True,False,False,False,False,False
922,True,True,True,True,True,True,True,True
923,True,True,False,False,False,False,False,False
924,True,True,True,True,False,True,True,True
925,True,False,False,False,False,True,True,True
926,True,False,False,False,False,True,True,True
927,True,True,True,False,False,False,True,True
928,True,True,True,True,True,True,True,True
929,True,True,False,False,False,True,True,True
930,False,False,False,False,False,True,True,True
931,True,True,True,True,True,True,True,True
932,True,True,True,True,False,False,False,False
933,True,True,True,True,True,True,True,True
934,False,False,False,False,False,False,False,True
935,True,True,True,False,False,True,True,True
936,True,True,True,True,True,True,True,True
937,True,True,True,True,False,False,False,True
938,True,True,False,False,False,True,True,True
939,True,True,True,True,True,True,True,True
940,True,True,False,False,False,False,False,True
941,True,True,True,False,False,True,True,True
942,True,True,True,True,True,True,True,True
943,True,True,False,False,False,False,False,True
944,False,False,False,False,False,True,True,True
945,False,False,False,False,False,False,False,False
946,True,True,True,False,False,True,True,True
947,False,False,False,False,False,False,False,False
948,True,True,False,False,False,True,True,True
949,True,True,True,True,False,False,False,True
950,True,True,True,True,False,False,True,True
951,True,True,False,False,False,True,True,True
952,True,True,True,True,False,False,True,True
953,False,False,False,False,False,True,True,True
954,True,False,False,False,False,True,True,True
955,True,False,False,False,False,False,False,False
956,True,True,True,True,True,True,True,True
957,True,True,True,False,False,True,True,True
958,True,True,True,True,False,False,True,True
959,True,False,False,False,False,False,False,True
960,True,True,True,False,False,False,False,False
961,True,True,True,False,False,True,True,True
962,True,False,False,False,False,True,True,True
963,True,False,False,False,False,True,True,True
964,True,True,True,True,False,True,True,True
965,True,False,False,False,False,True,True,True
966,True,True,False,False,False,False,False,True
967,True,True,False,False,False,False,False,False
968,True,True,True,False,False,False,False,False
969,True,True,True,False,False,True,True,True
970,True,True,True,True,True,True,True,True
971,True,True,True,True,True,True,True,True
972,True,True,True,True,True,True,True,True
973,True,False,False,False,False,True,True,True
974,True,True,True,True,False,False,False,True
975,True,True,True,False,False,True,True,True
976,True,True,True,True,False,False,False,False
977,True,True,True,True,True,True,True,True
978,True,True,True,True,True,True,True,True
979,False,False,False,False,False,True,True,True
980,True,True,False,False,False,True,False,False
981,True,False,False,False,False,False,True,True
982,True,True,True,False,False,True,True,True
983,True,False,False,False,False,True,True,True
984,True,True,True,True,False,False,True,True
985,True,True,False,False,False,True,True,True
986,True,True,True,False,False,True,True,True
987,True,True,True,False,False,False,False,True
988,True,True,False,False,False,True,True,True
989,True,True,True,False,False,False,False,False
990,True,True,True,True,False,True,True,True
991,True,True,True,True,True,True,True,True
992,True,True,True,True,True,True,True,True
993,True,True,False,False,False,False,False,False
994,True,True,True,True,True,True,True,True
995,False,False,False,False,False,False,False,True
996,False,False,False,False,False,False,False,False
997,True,True,True,True,True,True,True,True
998,False,False,False,False,False,False,False,True
999,True,True,True,False,False,False,False,True
1000,True,True,True,False,False,False,True,True
1001,True,True,True,True,True,True,True,True
1002,True,False,False,False,False,True,True,True
1003,True,False,False,False,False,False,False,False
1004,False,False,False,False,False,False,False,True
1005,True,True,True,False,False,False,False,True
1006,True,True,True,False,False,True,True,True
1007,False,False,False,False,False,True,True,True
1008,True,False,False,False,False,False,False,True
1009,True,True,True,True,False,False,False,False
1010,True,True,False,False,False,True,True,True
1011,False,False,False,False,False,False,False,False
1012,True,False,False,False,False,False,False,False
1013,True,True,True,False,False,False,False,False
1014,True,True,False,False,False,False,False,False
1015,True,True,False,False,False,True,True,True
1016,True,True,True,True,True,True,True,True
1017,True,True,True,False,False,False,False,False
1018,True,True,True,False,False,False,False,False
1019,True,True,True,True,True,True,True,True
1020,True,True,True,True,False,False,True,True
1021,True,True,False,False,False,False,False,False
1022,False,False,False,False,False,False,False,True
1023,True,True,True,True,False,False,False,True
1024,True,True,True,False,False,False,False,False
1025,False,False,False,False,False,True,True,True
1026,True,True,True,True,True,True,True,True
1027,True,True,True,True,True,True,True,True
1028,True,True,False,False,False,True,True,True
1029,True,True,True,True,False,True,True,True
1030,True,True,True,True,False,False,False,False
1031,True,True,True,False,False,True,True,True
1032,False,False,False,False,False,False,False,True
1033,True,False,False,False,False,True,True,True
1034,True,True,True,True,True,True,True,True
1035,True,True,True,False,False,False,False,True
1036,True,True,False,False,False,False,False,True
1037,False,False,False,False,False,True,True,True
1038,False,False,False,False,False,True,True,True
1039,True,True,True,False,False,True,True,True
1040,True,True,True,True,False,False,False,False
1041,True,True,False,False,False,False,True,True
1042,True,True,False,False,False,False,False,True
1043,True,True,True,False,False,False,False,True
1044,True,True,False,False,False,False,False,True
1045,False,False,False,False,False,False,False,False
1046,True,True,True,True,False,False,True,True
1047,True,True,True,False,False,False,False,True
1048,False,False,False,False,False,False,True,True
1049,False,False,False,False,False,True,True,True
1050,True,True,False,False,False,True,True,True
1051,True,True,True,True,True,True,True,True
1052,True,True,True,False,False,False,False,True
1053,True,True,True,True,False,False,False,True
1054,True,True,True,False,False,False,False,True
1055,True,False,False,False,False,True,True,True
1056,True,True,True,False,False,False,False,True
1057,False,False,False,False,False,True,True,True
1058,True,True,True,True,False,True,True,True
1059,True,False,False,False,False,False,False,True
1060,True,True,True,True,True,True,True,True
1061,True,True,True,True,True,True,True,True
1062,True,True,False,False,False,False,False,False
1063,True,True,True,True,True,True,True,True
1064,True,True,True,True,True,True,True,True
1065,True,True,False,False,False,True,True,True
1066,True,True,True,True,True,True,True,True
1067,False,False,False,False,False,False,False,False
1068,True,True,True,True,False,False,False,True
1069,True,True,True,False,False,True,True,True
1070,True,True,True,False,False,False,True,True
1071,False,False,False,False,False,False,False,True
1072,False,False,False,False,False,True,True,True
1073,True,True,True,True,True,True,True,True
1074,False,False,False,False,False,True,True,True
1075,True,True,True,True,False,False,False,True
1076,False,False,False,False,False,False,False,False
1077,True,True,True,False,False,True,True,True
1078,True,True,True,True,False,False,False,True
1079,True,False,False,False,False,True,True,True
1080,True,True,False,False,False,True,True,True
1081,True,True,False,False,False,False,False,True
1082,True,False,False,False,False,True,True,True
1083,True,True,True,True,True,True,True,True
1084,True,True,True,True,False,False,False,True
1085,True,False,False,False,False,True,True,True
1086,True,False,False,False,False,False,False,False
1087,True,True,False,False,False,True,True,True
1088,True,True,True,True,False,True,True,True
1089,True,True,True,True,False,True,True,True
1090,True,True,True,True,False,False,False,False
1091,True,True,True,True,True,True,True,True
1092,True,True,False,False,False,False,False,False
1093,True,True,True,True,False,False,False,True
1094,True,True,True,True,False,False,True,True
1095,True,True,True,False,False,True,True,True
1096,True,True,True,True,True,True,True,True
1097,True,True,True,False,False,True,True,True
1098,False,False,False,False,False,True,False,True
1099,True,True,True,True,False,False,True,True
1100,True,True,True,True,True,True,True,True
1101,True,True,True,True,True,True,True,True
1102,False,False,False,False,False,False,False,False
1103,False,False,False,False,False,True,True,True
1104,True,False,False,False,False,False,False,True
1105,True,True,True,True,False,True,True,True
1106,False,False,False,False,False,True,True,True
1107,True,True,True,True,False,False,False,True
1108,True,True,True,True,True,True,True,True
1109,True,True,True,True,False,False,False,True
1110,True,True,True,True,True,True,True,True
1111,True,True,True,True,True,True,True,True
1112,False,False,False,False,False,False,False,True
1113,True,False,False,False,False,False,False,False
1114,False,False,False,False,False,False,False,True
1115,True,True,True,False,False,False,False,True
1116,False,False,False,False,False,True,True,True
1117,True,False,False,False,False,False,False,False
1118,True,True,True,True,True,True,True,True
1119,True,True,True,True,False,False,True,True
1120,True,True,True,True,False,False,False,False
1121,True,False,False,False,False,False,False,True
1122,True,True,False,False,False,True,True,True
1123,True,False,False,False,False,False,False,False
1124,False,False,False,False,False,False,False,False
1125,True,True,True,True,False,False,True,True
1126,True,True,True,True,True,True,True,True
1127,True,True,True,True,False,False,False,False
1128,False,False,False,False,False,False,True,True
1129,True,False,False,False,False,False,False,False
1130,False,False,False,False,False,False,False,True
1131,True,True,True,True,False,False,True,True
1132,True,True,True,False,False,False,False,True
1133,False,False,False,False,False,False,False,True
1134,True,True,False,False,False,True,True,True
1135,True,True,True,True,False,True,True,True
1136,False,False,False,False,False,False,False,False
1137,False,False,False,False,False,False,False,True
1138,True,True,False,False,False,False,True,True
1139,True,True,True,True,False,False,False,True
1140,True,False,False,False,False,True,True,True
1141,True,True,True,False,False,False,False,False
1142,True,True,True,True,True,True,True,True
1143,True,True,True,True,False,False,True,True
1144,True,True,True,False,False,False,False,False
1145,True,False,False,False,False,True,True,True
1146,True,True,True,True,False,False,True,True
1147,True,True,True,True,True,True,True,True
1148,True,True,False,False,False,False,True,True
1149,True,True,True,True,True,True,True,True
1150,True,True,True,False,False,True,True,True
1151,False,False,False,False,False,False,False,True
1152,True,True,False,False,False,False,False,True
1153,True,True,False,False,False,False,True,True
1154,True,False,False,False,False,False,False,False
1155,True,True,True,False,False,True,True,True
1156,True,True,False,False,False,True,True,True
1157,True,True,False,False,False,False,False,True
1158,True,True,True,True,True,True,True,True
1159,True,True,True,True,False,False,False,False
1160,True,False,False,False,False,False,False,True
1161,False,False,False,False,False,False,False,False
1162,True,False,False,False,False,False,False,False
1163,False,False,False,False,False,True,False,True
1164,True,True,True,False,False,False,False,False
1165,True,True,True,True,False,False,False,False
1166,True,True,True,True,False,False,False,False
1167,False,False,False,False,False,False,False,True
1168,False,False,False,False,False,False,False,True
1169,True,True,True,True,True,True,True,True
1170,False,False,False,False,False,False,True,True
1171,True,False,False,False,False,True,True,True
1172,True,True,True,False,False,False,True,True
1173,True,True,True,False,False,True,True,True
1174,True,True,False,False,False,True,True,True
1175,True,True,False,False,False,True,False,True
1176,True,True,False,False,False,True,True,True
1177,True,True,True,True,False,False,False,True
1178,True,False,False,False,False,False,False,False
1179,True,True,False,False,False,False,False,False
1180,False,False,False,False,False,True,True,True
1181,True,True,True,True,True,True,True,True
1182,True,True,True,True,False,False,True,True
1183,False,False,False,False,False,True,True,True
1184,False,False,False,False,False,True,True,True
1185,True,True,False,False,False,False,False,True
1186,True,True,False,False,False,True,True,True
1187,True,True,True,True,True,True,True,True
1188,True,False,False,False,False,False,False,False
1189,True,True,True,True,False,False,True,True
1190,True,True,True,True,True,True,True,True
1191,True,True,True,True,False,False,False,False
1192,True,True,True,True,True,True,True,True
1193,True,True,False,False,False,False,False,False
1194,True,True,True,False,False,False,True,True
1195,False,False,False,False,False,False,True,True
1196,False,False,False,False,False,True,True,True
1197,True,True,True,False,False,True,True,True
1198,True,True,True,True,True,True,True,True
1199,True,False,False,False,False,True,True,True
1200,False,False,False,False,False,True,True,True
1201,False,False,False,False,False,False,False,False
1202,True,True,True,True,True,True,True,True
1203,True,True,True,True,False,False,True,True
1204,False,False,False,False,False,False,False,False
1205,True,True,True,False,False,False,False,False
1206,True,True,True,True,False,False,False,False
1207,False,False,False,False,False,False,False,False
1208,True,True,True,False,False,False,False,True
1209,True,True,True,True,False,False,False,False
1210,True,True,True,True,True,True,True,True
1211,True,True,True,True,True,True,True,True
1212,True,False,False,False,False,False,False,False
1213,True,True,True,True,True,True,True,True
1214,False,False,False,False,False,True,True,True
1215,False,False,False,False,False,True,True,True
1216,False,False,False,False,False,False,False,False
1217,True,True,True,True,False,False,True,True
1218,True,True,False,False,False,False,False,False
1219,True,False,False,False,False,True,True,True
1220,True,True,True,False,False,False,False,False
1221,True,True,True,True,True,True,True,True
1222,True,True,False,False,False,False,False,True
1223,True,True,True,True,True,True,True,True
1224,True,True,True,True,True,True,True,True
1225,True,False,False,False,False,True,True,True
1226,True,True,False,False,False,False,False,False
1227,True,True,True,True,True,True,True,True
1228,True,True,True,True,True,True,True,True
1229,True,False,False,False,False,False,False,True
1230,False,False,False,False,False,True,False,False
1231,True,True,True,True,True,True,True,True
1232,True,True,True,False,False,False,False,True
1233,True,True,True,False,False,True,True,True
1234,False,False,False,False,False,True,True,True
1235,True,True,False,False,False,False,False,True
1236,False,False,False,False,False,False,False,False
1237,False,False,False,False,False,True,False,True
1238,False,False,False,False,False,True,True,True
1239,True,True,False,False,False,False,False,True
1240,True,True,True,True,True,True,True,True
1241,True,True,False,False,False,True,True,True
1242,True,True,True,False,False,True,True,True
1243,False,False,False,False,False,False,False,True
1244,True,True,True,True,False,False,False,True
1245,True,True,True,False,False,False,False,True
1246,False,False,False,False,False,True,False,True
1247,True,True,True,True,True,True,True,True
1248,True,True,True,False,False,True,True,True
1249,True,True,True,True,False,False,False,True
1250,True,False,False,False,False,False,True,True
1251,True,True,True,False,False,False,True,True
1252,True,True,False,False,False,False,False,False
1253,True,True,True,True,True,True,True,True
1254,True,True,True,True,False,True,True,True
1255,True,True,False,False,False,True,True,True
1256,True,True,True,False,False,False,False,False
1257,False,False,False,False,False,True,True,True
1258,True,False,False,False,False,False,False,False
1259,True,True,False,False,False,False,False,False
1260,True,True,True,True,False,False,False,False
1261,True,True,True,False,False,True,True,True
1262,False,False,False,False,False,False,False,True
1263,False,False,False,False,False,False,False,False
1264,True,True,True,True,True,True,True,True
1265,True,True,True,False,False,False,True,True
1266,True,True,True,True,True,True,True,True
1267,True,True,True,True,True,True,True,True
1268,False,False,False,False,False,True,True,True
1269,True,True,True,False,False,True,True,True
1270,True,True,False,False,False,False,False,True
1271,True,True,True,True,False,True,True,True
1272,True,False,False,False,False,True,True,True
1273,True,True,True,True,True,True,True,True
1274,True,False,False,False,False,True,True,True
1275,False,False,False,False,False,True,True,True
1276,True,True,True,True,False,True,True,True
1277,True,True,False,False,False,True,True,True
1278,True,False,False,False,False,True,True,True
1279,True,True,False,False,False,False,False,True
1280,True,True,True,False,False,True,True,True
1281,True,True,True,True,False,False,False,True
1282,True,False,False,False,False,False,True,True
1283,True,False,False,False,False,True,True,True
1284,False,False,False,False,False,True,True,True
1285,False,False,False,False,False,True,True,True
1286,True,True,True,True,True,True,True,True
1287,True,True,True,False,False,False,False,False
1288,True,True,True,True,True,True,True,True
1289,True,True,False,False,False,False,False,False
1290,False,False,False,False,False,False,False,True
1291,True,False,False,False,False,False,False,True
1292,False,False,False,False,False,True,True,True
1293,True,True,True,True,True,True,True,True
1294,True,True,True,True,False,False,True,True
1295,True,True,True,True,False,True,True,True
1296,True,True,False,False,False,True,True,True
1297,True,True,True,True,True,True,True,True
1298,False,False,False,False,False,False,True,True
1299,True,False,False,False,False,False,False,True
1300,True,True,True,True,True,True,True,True
1301,False,False,False,False,False,True,True,True
1302,True,False,False,False,False,True,True,True
1303,True,True,True,False,False,False,True,True
1304,True,True,True,True,True,True,True,True
1305,True,True,True,False,False,False,False,False
1306,True,True,False,False,False,False,True,True
1307,False,False,False,False,False,True,True,True
1308,True,True,False,False,False,False,False,False
1309,True,True,True,True,False,True,True,True
1310,False,False,False,False,False,False,True,True
1311,True,True,False,False,False,True,True,True
1312,True,False,False,False,False,True,True,True
1313,True,False,False,False,False,False,False,True
1314,True,True,True,True,True,True,True,True
1315,True,True,False,False,False,True,True,True
1316,False,False,False,False,False,False,False,True
1317,True,True,False,False,False,False,True,True
1318,True,True,True,True,False,False,False,True
1319,True,False,False,False,False,True,True,True
1320,True,True,True,True,True,True,True,True
1321,False,False,False,False,False,False,True,True
1322,True,True,True,False,False,False,False,True
1323,False,False,False,False,False,True,True,True
1324,True,True,True,True,True,True,True,True
1325,True,True,False,False,False,True,True,True
1326,False,False,False,False,False,False,False,True
1327,True,True,False,False,False,True,True,True
1328,True,False,False,False,False,True,True,True
1329,True,True,True,False,False,True,True,True
1330,True,True,False,False,False,True,True,True
1331,True,True,True,True,False,False,False,True
1332,True,True,False,False,False,True,True,True
1333,True,True,True,True,False,False,False,False
1334,False,False,False,False,False,False,False,False
1335,True,False,False,False,False,True,True,True
1336,True,True,True,True,False,False,False,False
1337,True,True,False,False,False,False,True,True
1338,True,True,False,False,False,False,False,True
1339,True,True,True,True,False,True,True,True
1340,True,False,False,False,False,True,True,True
1341,False,False,False,False,False,False,True,True
1342,True,False,False,False,False,True,True,True
1343,False,False,False,False,False,True,True,True
1344,True,False,False,False,False,True,True,True
1345,True,False,False,False,False,False,False,True
1346,True,False,False,False,False,False,False,False
1347,False,False,False,False,False,True,True,True
1348,True,True,True,True,False,False,False,True
1349,True,True,True,False,False,False,False,True
1350,True,True,True,False,False,True,True,True
1351,True,True,False,False,False,True,True,True
1352,False,False,False,False,False,True,False,True
1353,False,False,False,False,False,False,False,False
1354,True,True,True,True,False,False,True,True
1355,True,True,False,False,False,False,False,True
1356,True,False,False,False,False,False,False,False
1357,True,True,True,True,False,True,True,True
1358,True,True,True,True,False,False,False,False
1359,False,False,False,False,False,True,False,False
1360,True,True,False,False,False,False,False,False
1361,False,False,False,False,False,False,False,False
1362,True,True,True,False,False,False,False,False
1363,True,True,False,False,False,True,True,True
1364,True,True,True,True,True,True,True,True
1365,True,True,True,True,False,False,True,True
1366,True,True,True,True,False,True,True,True
1367,True,True,True,True,True,True,True,True
1368,True,True,True,False,False,False,False,True
1369,True,True,True,True,False,False,False,True
1370,False,False,False,False,False,True,True,True
1371,True,True,False,False,False,False,False,False
1372,True,True,True,True,False,False,False,True
1373,True,True,True,True,True,True,True,True
1374,True,False,False,False,False,True,True,True
1375,True,True,True,False,False,False,True,True
1376,True,True,False,False,False,True,True,True
1377,True,True,True,True,True,True,True,True
1378,False,False,False,False,False,True,True,True
1379,False,False,False,False,False,False,False,False
1380,True,False,False,False,False,True,True,True
1381,False,False,False,False,False,False,False,True
1382,True,True,True,True,True,True,True,True
1383,True,True,True,True,True,True,True,True
1384,True,True,True,True,False,False,False,True
1385,False,False,False,False,False,False,False,False
1386,True,True,True,False,False,False,False,True
1387,True,True,True,True,False,False,False,True
1388,True,True,False,False,False,True,True,True
1389,True,True,True,True,True,True,True,True
1390,True,False,True,False,False,True,True,True
1391,True,True,True,False,False,True,True,True
1392,True,True,True,False,False,False,True,True
1393,True,True,True,True,False,False,True,True
1394,True,True,True,True,True,True,True,True
1395,True,True,False,False,False,True,True,True
1396,True,True,True,True,True,True,True,True
1397,True,False,False,False,False,True,True,True
1398,True,True,True,True,False,False,True,True
1399,True,True,True,True,False,False,False,True
1400,False,False,False,False,False,False,False,True
1401,True,False,False,False,False,False,False,True
1402,True,True,True,True,False,False,True,True
1403,True,False,False,False,False,True,True,True
1404,True,True,False,False,False,True,True,True
1405,True,True,True,True,True,True,True,True
1406,True,True,False,False,False,False,False,True
1407,True,False,False,False,False,True,True,True
1408,True,True,False,False,False,True,True,True
1409,False,False,False,False,False,True,True,True
1410,True,True,True,False,False,False,False,False
1411,False,False,False,False,False,False,False,False
1412,True,True,True,True,False,True,True,True
1413,True,True,True,True,True,True,True,True
1414,False,False,False,False,False,False,False,True
1415,True,True,True,True,True,True,True,True
1416,False,False,False,False,False,False,False,True
1417,True,True,True,False,False,True,True,True
1418,True,True,True,True,True,True,True,True
1419,True,True,True,False,False,True,True,True
1420,False,False,False,False,False,True,True,True
1421,True,True,True,True,False,False,False,True
1422,True,True,False,False,False,False,False,True
1423,True,False,False,False,False,True,True,True
1424,True,True,True,False,False,True,True,True
1425,True,False,False,False,False,True,True,True
1426,False,False,False,False,False,False,False,True
1427,True,True,True,True,False,False,False,True
1428,True,True,True,True,False,False,False,False
1429,True,True,True,True,False,True,True,True
1430,True,True,True,False,False,False,False,False
1431,True,False,False,False,False,True,True,True
1432,False,False,False,False,False,False,False,True
1433,True,False,False,False,False,True,True,True
1434,True,True,True,True,False,False,True,True
1435,True,True,True,True,False,False,False,False
1436,True,False,False,False,False,True,True,True
1437,True,True,True,False,False,False,False,False
1438,True,True,True,True,True,True,True,True
1439,True,True,True,True,False,False,True,True
1440,False,False,False,False,False,False,True,True
1441,False,False,False,False,False,False,False,True
1442,False,False,False,False,False,True,True,True
1443,True,True,True,True,True,True,True,True
1444,True,True,False,False,False,False,False,False
1445,False,False,False,False,False,False,True,True
1446,True,True,True,True,False,False,True,True
1447,False,False,False,False,False,True,True,True
1448,True,False,False,False,False,True,True,True
1449,True,False,False,False,False,False,True,True
1450,True,True,True,True,False,False,False,False
1451,False,False,False,False,False,True,True,True
1452,True,False,False,False,False,True,False,True
1453,True,True,True,True,True,True,True,True
1454,False,False,False,False,False,True,True,True
1455,True,False,False,False,False,True,True,True
1456,True,True,True,False,False,False,True,True
1457,True,True,True,True,False,False,True,True
1458,True,False,False,False,False,True,True,True
1459,True,True,True,True,False,True,True,True
1460,True,False,False,False,False,True,True,True
1461,True,True,True,False,False,False,False,False
1462,True,True,True,True,False,False,False,False
1463,True,True,False,False,False,True,True,True
1464,True,True,True,True,False,True,True,True
1465,True,True,True,False,False,True,True,True
1466,True,False,False,False,False,False,False,False
1467,True,False,False,False,False,False,False,True
1468,False,False,False,False,False,True,True,True
1469,True,True,True,False,False,False,False,True
1470,True,True,False,False,False,False,False,False
1471,False,False,False,False,False,True,True,True
1472,True,True,True,False,False,False,False,True
1473,True,True,True,True,True,True,True,True
1474,True,True,False,False,False,True,False,False
1475,True,True,True,True,False,False,True,True
1476,True,True,False,False,False,False,False,False
1477,True,True,True,False,False,True,True,True
1478,True,True,True,True,False,False,False,False
1479,True,True,False,False,False,False,True,True
1480,True,True,True,True,False,False,False,True
1481,True,False,False,False,False,True,True,True
1482,False,False,False,False,False,True,True,True
1483,True,True,False,False,False,False,False,True
1484,True,True,False,False,False,True,True,True
1485,True,True,True,True,False,False,False,False
1486,True,True,True,True,False,False,False,True
1487,True,True,True,True,True,True,True,True
1488,True,True,True,True,False,False,True,True
1489,True,False,False,False,False,True,True,True
1490,True,True,True,False,False,False,False,True
1491,True,True,True,True,True,True,True,True
1492,False,False,False,False,False,True,True,True
1493,True,True,False,False,False,True,True,True
1494,True,True,True,True,True,True,True,True
1495,True,True,True,True,True,True,True,True
1496,False,False,False,False,False,False,False,True
1497,True,False,False,False,False,True,True,True
1498,True,False,False,False,False,False,False,False
1499,True,True,True,False,False,True,True,True
1500,True,False,False,False,False,True,True,True
1501,True,True,False,False,False,False,False,False
1502,True,True,True,False,False,False,False,False
1503,True,True,True,True,False,False,False,True
1504,True,True,False,False,False,True,True,True
1505,True,True,True,True,False,True,True,True
1506,True,True,True,False,False,False,True,True
1507,True,True,True,True,True,True,True,True
1508,True,True,True,True,False,True,True,True
1509,True,True,False,False,False,True,True,True
1510,True,True,True,True,True,True,True,True
1511,True,True,True,True,False,False,False,False
1512,True,True,True,False,False,True,True,True
1513,True,True,False,False,False,True,True,True
1514,True,True,True,False,False,True,True,True
1515,True,True,True,True,False,True,True,True
1516,False,False,False,False,False,True,True,True
1517,True,True,True,True,False,False,False,True
1518,True,False,False,False,False,False,False,False
1519,True,True,True,True,True,True,True,True
1520,True,False,False,False,False,True,True,True
1521,True,False,False,False,False,False,True,True
1522,True,True,False,False,False,True,True,True
1523,True,True,True,True,True,True,True,True
1524,True,True,True,True,False,True,True,True
1525,True,True,False,False,False,True,True,True
1526,False,False,False,False,False,False,False,True
1527,True,True,False,False,False,False,True,True
1528,False,False,False,False,False,True,True,True
1529,True,True,True,True,True,True,True,True
1530,True,True,True,True,True,True,True,True
1531,True,True,True,True,True,True,True,True
1532,True,True,True,True,True,True,True,True
1533,True,True,False,False,False,False,False,False
1534,False,False,False,False,False,True,True,True
1535,True,True,True,True,True,True,True,True
1536,True,True,True,True,False,True,True,True
1537,False,False,False,False,False,False,False,True
1538,True,True,False,False,False,True,True,True
1539,True,True,True,True,False,True,True,True
1540,True,True,False,False,False,False,False,False
1541,True,True,True,True,True,True,True,True
1542,True,False,False,False,False,True,True,True
1543,True,True,False,False,False,False,False,True
1544,True,True,True,True,False,False,False,False
1545,True,True,False,False,False,True,True,True
1546,True,False,False,False,False,False,False,True
1547,True,True,True,False,False,False,True,True
1548,True,False,False,False,False,False,True,True
1549,True,True,False,False,False,True,True,True
1550,True,True,True,True,False,False,False,False
1551,True,True,True,True,False,False,False,True
1552,True,True,True,False,False,False,False,True
1553,True,True,True,False,False,False,False,False
1554,True,True,True,True,True,True,True,True
1555,False,False,False,False,False,True,True,True
1556,True,True,False,False,False,True,True,True
1557,True,True,False,False,False,True,True,True
1558,True,False,False,False,False,False,False,False
1559,True,True,True,True,False,False,True,True
1560,False,False,False,False,False,False,True,True
1561,False,False,False,False,False,True,False,True
1562,True,True,True,True,False,False,False,False
1563,True,True,True,False,False,True,True,True
1564,True,False,False,False,False,False,False,False
1565,False,False,False,False,False,True,True,True
1566,True,True,True,True,False,False,False,False
1567,True,True,True,True,False,False,True,False
1568,True,False,False,False,False,False,False,False
1569,True,True,True,False,False,False,False,False
1570,True,True,True,True,False,True,True,True
1571,True,True,False,False,False,True,True,True
1572,True,True,True,True,True,True,True,True
1573,True,True,False,False,False,False,False,False
1574,True,True,True,True,False,True,True,True
1575,True,False,False,False,False,False,True,True
1576,True,True,True,True,True,True,True,True
1577,True,True,True,True,True,True,True,True
1578,True,True,True,True,False,True,True,True
1579,True,True,True,False,False,False,False,False
1580,False,False,False,False,False,False,False,False
1581,True,True,False,False,False,False,True,True
1582,True,False,False,False,False,False,True,True
1583,True,True,True,False,False,False,False,True
1584,True,True,True,True,False,False,False,True
1585,True,False,False,False,False,False,False,True
1586,True,True,True,False,False,False,False,False
1587,True,True,True,True,False,False,False,True
1588,True,True,True,True,False,False,False,False
1589,False,False,False,False,False,False,False,True
1590,True,True,True,True,True,True,True,True
1591,True,True,True,False,False,False,True,True
1592,True,True,True,True,False,False,False,True
1593,True,True,True,True,False,False,False,True
1594,False,False,False,False,False,False,False,False
1595,True,False,False,False,False,True,True,True
1596,True,False,False,False,False,False,False,True
1597,False,False,False,False,False,True,True,True
1598,False,False,False,False,False,True,True,True
1599,True,True,True,True,True,True,True,True
1600,True,True,False,False,False,False,False,False
1601,True,False,False,False,False,False,False,False
1602,True,True,True,True,False,True,True,True
1603,True,True,True,False,False,False,False,False
1604,True,False,False,False,False,False,True,True
1605,True,True,True,False,False,False,False,False
1606,True,True,True,True,True,True,True,True
1607,True,True,True,True,True,True,True,True
1608,True,True,False,False,False,False,False,False
1609,True,True,True,False,False,False,False,True
1610,True,True,True,False,False,True,True,True
1611,True,True,True,False,False,False,False,True
1612,True,True,True,True,True,True,True,True
1613,False,False,False,False,False,False,False,True
1614,True,True,True,True,True,True,True,True
1615,True,False,False,False,False,True,True,True
1616,True,False,False,False,False,True,True,True
1617,True,True,True,True,True,True,True,True
1618,True,True,True,True,True,True,True,True
1619,True,True,True,False,False,False,True,True
1620,True,False,False,False,False,True,False,True
1621,True,True,False,False,False,False,False,False
1622,True,True,True,True,False,False,True,True
1623,True,True,False,False,False,False,True,True
1624,True,True,True,True,True,True,True,True
1625,True,True,True,False,False,True,True,True
1626,True,True,True,True,True,True,True,True
1627,True,True,True,True,True,True,True,True
1628,True,True,True,True,False,False,True,True
1629,True,True,False,False,False,False,False,False
1630,True,True,True,True,True,True,True,True
1631,True,False,False,False,False,False,True,True
1632,True,True,False,False,False,False,False,True
1633,True,True,True,True,True,True,True,True
1634,True,True,True,False,False,True,True,True
1635,True,False,False,False,False,False,False,True
1636,True,True,True,True,True,True,True,True
1637,True,True,False,False,False,True,True,True
1638,True,True,False,False,False,True,True,True
1639,True,True,True,True,True,True,True,True
1640,True,True,False,False,False,False,False,False
1641,True,True,True,True,True,True,True,True
1642,True,False,False,False,False,True,True,True
1643,True,True,True,True,False,False,True,True
1644,True,True,True,True,True,True,True,True
1645,False,False,False,False,False,True,True,True
1646,True,False,False,False,False,True,True,True
1647,False,False,False,False,False,True,True,True
1648,True,True,True,True,False,True,True,True
1649,True,True,True,True,False,True,True,True
1650,False,False,False,False,False,True,True,True
1651,True,True,True,False,False,True,True,True
1652,True,True,False,False,False,False,True,True
1653,True,True,True,False,False,True,True,True
1654,True,True,True,True,True,True,True,True
1655,True,True,True,True,True,True,True,True
1656,False,False,False,False,False,True,True,True
1657,True,True,True,False,False,False,False,False
1658,True,True,True,False,False,True,True,True
1659,True,False,False,False,False,True,True,True
1660,True,False,False,False,False,True,True,True
1661,True,True,True,False,False,False,False,True
1662,True,True,True,True,True,True,True,True
1663,True,True,True,False,False,False,False,False
1664,True,False,False,False,False,True,False,True
1665,True,True,True,True,True,True,True,True
1666,False,False,False,False,False,True,True,True
1667,False,False,False,False,False,False,False,True
1668,True,True,True,True,True,True,True,True
1669,True,True,True,True,False,False,True,True
1670,True,True,True,False,False,False,False,False
1671,True,True,True,True,False,False,True,True
1672,True,True,True,True,False,False,True,True
1673,False,False,False,False,False,True,True,True
1674,False,False,False,False,False,True,True,True
1675,True,False,False,False,False,False,False,True
1676,True,False,False,False,False,False,True,True
1677,True,True,True,True,False,False,True,True
1678,True,True,True,True,True,True,True,True
1679,True,True,True,False,False,False,False,False
1680,True,True,False,False,False,False,True,True
1681,True,False,False,False,False,True,True,True
1682,True,True,False,False,False,False,False,True
1683,False,False,False,False,False,False,False,False
1684,True,True,True,False,False,True,True,True
1685,True,True,True,True,True,True,True,True
1686,False,False,False,False,False,True,False,True
1687,True,True,False,False,False,False,False,True
1688,True,False,False,False,False,False,False,False
1689,True,True,False,False,False,True,True,True
1690,True,True,True,True,False,False,False,True
1691,True,True,True,True,True,True,True,True
1692,True,True,True,False,False,False,False,False
1693,True,True,False,False,False,False,True,True
1694,True,True,True,True,True,True,True,True
1695,True,True,True,False,False,False,False,False
1696,True,False,False,False,False,True,True,True
1697,True,False,False,False,False,True,True,True
1698,True,True,False,False,False,False,False,False
1699,True,True,True,True,True,True,True,True
1700,True,True,True,True,False,False,False,False
1701,True,False,False,False,False,False,False,False
1702,True,True,True,True,True,True,True,True
1703,False,False,False,False,False,False,True,True
1704,True,True,True,True,False,True,True,True
1705,True,True,True,True,True,True,True,True
1706,False,False,False,False,False,True,True,True
1707,True,True,True,False,False,False,False,False
1708,True,True,True,False,False,False,False,True
1709,False,False,False,False,False,True,True,True
1710,True,True,False,False,False,True,True,True
1711,True,True,True,True,False,False,False,False
1712,True,False,False,False,False,True,True,True
1713,False,False,False,False,False,False,False,False
1714,True,True,True,True,False,False,False,True
1715,True,True,True,True,True,True,True,True
1716,True,True,True,False,False,False,False,False
1717,True,True,True,True,False,False,False,True
1718,True,True,True,True,True,True,True,True
1719,True,True,True,True,False,False,False,False
1720,False,False,False,False,False,True,True,True
1721,True,True,True,True,True,True,True,True
1722,True,True,True,True,False,True,True,True
1723,True,True,False,False,False,False,False,True
1724,True,True,True,True,False,True,True,True
1725,True,True,True,True,False,False,False,False
1726,True,True,False,False,False,False,False,True
1727,True,True,True,False,False,False,False,False
1728,True,True,True,False,False,True,True,True
1729,True,True,True,False,False,True,True,True
1730,False,False,False,False,False,False,False,True
1731,True,True,False,False,False,True,True,True
1732,True,True,True,True,False,True,True,True
1733,True,True,True,True,True,True,True,True
1734,True,True,False,False,False,False,False,True
1735,True,True,True,True,True,True,True,True
1736,True,True,True,True,True,True,True,True
1737,True,True,True,True,True,True,True,True
1738,True,False,False,False,False,True,True,True
1739,True,True,True,False,False,False,True,True
1740,False,False,False,False,False,True,False,False
1741,True,True,True,True,True,True,True,True
1742,True,True,False,False,False,False,False,True
1743,True,True,True,True,True,True,True,True
1744,True,False,False,False,False,True,True,True
1745,True,False,False,False,False,True,True,True
1746,True,True,False,False,False,False,False,False
1747,True,True,False,False,False,True,True,True
1748,False,False,False,False,False,True,True,True
1749,True,True,False,False,False,False,False,True
1750,True,True,True,False,False,False,False,True
1751,True,True,True,True,True,True,True,True
1752,True,True,True,True,False,False,False,False
1753,False,False,False,False,False,True,True,True
1754,False,False,False,False,False,False,False,True
1755,True,False,False,False,False,True,True,True
1756,True,False,False,False,False,True,True,True
1757,False,False,False,False,False,False,False,False
1758,True,True,False,False,False,True,True,True
1759,True,True,True,True,True,True,True,True
1760,True,True,True,True,False,False,False,False
1761,True,True,False,False,False,True,True,True
1762,False,False,False,False,False,True,True,True
1763,True,True,True,True,True,True,True,True
1764,True,True,True,True,True,True,True,True
1765,True,True,False,False,False,True,True,True
1766,True,True,True,True,False,False,True,True
1767,True,False,False,False,False,False,False,True
1768,True,True,True,False,False,True,True,True
1769,True,True,False,False,False,False,True,True
1770,True,True,True,True,False,True,True,True
1771,True,True,True,False,False,False,False,False
1772,True,False,False,False,False,True,True,True
1773,True,True,True,False,False,False,True,True
1774,True,False,False,False,False,True,True,True
1775,True,True,True,True,True,True,True,True
1776,True,True,False,False,False,False,True,True
1777,True,False,False,False,False,False,True,True
1778,False,False,False,False,False,True,True,True
1779,False,False,False,False,False,False,False,True
1780,True,True,True,True,False,False,False,True
1781,True,False,False,False,False,True,True,True
1782,True,True,True,True,False,True,True,True
1783,False,False,False,False,False,False,False,True
1784,True,False,False,False,False,True,True,True
1785,True,True,True,True,False,True,True,True
1786,True,False,False,False,False,False,False,False
1787,True,True,True,True,False,True,True,True
1788,False,False,False,False,False,False,False,False
1789,False,False,False,False,False,True,True,True
1790,True,True,True,True,True,True,True,True
1791,True,True,False,False,False,True,True,True
1792,True,True,True,True,False,True,True,True
1793,False,False,False,False,False,True,True,True
1794,False,False,False,False,False,False,False,False
1795,True,True,False,False,False,False,False,False
1796,True,True,False,False,False,False,False,True
1797,True,False,False,False,False,False,False,True
1798,False,False,False,False,False,False,False,False
1799,True,True,False,False,False,True,True,True
1800,True,True,False,False,False,False,False,False
1801,True,True,True,False,False,True,True,True
1802,True,True,True,True,False,False,True,True
1803,True,False,False,False,False,True,True,True
1804,True,True,True,False,False,True,True,True
1805,True,True,False,False,False,False,False,False
1806,False,False,False,False,False,True,True,True
1807,True,True,True,True,False,False,True,True
1808,True,False,False,False,False,False,True,True
1809,True,True,True,True,True,True,True,True
1810,True,True,True,False,False,False,False,False
1811,True,True,True,False,False,False,False,False
1812,True,True,True,True,True,True,True,True
1813,True,True,True,True,True,True,True,True
1814,True,True,True,False,False,True,True,True
1815,True,False,False,False,False,True,True,True
1816,True,True,True,False,False,False,False,False
1817,True,True,True,True,True,True,True,True
1818,True,False,False,False,False,False,False,True
1819,False,False,False,False,False,False,False,False
1820,True,False,False,False,False,True,True,True
1821,True,True,True,True,False,False,False,False
1822,True,False,False,False,False,True,True,True
1823,False,False,False,False,False,True,True,True
1824,True,False,False,False,False,True,True,True
1825,True,True,True,True,False,False,True,True
1826,True,True,True,True,False,False,False,False
1827,True,True,True,False,False,False,False,True
1828,False,False,False,False,False,True,True,True
1829,True,True,True,True,True,True,True,True
1830,True,True,False,False,False,False,False,True
1831,True,True,False,False,False,False,False,True
1832,True,False,False,False,False,True,True,True
1833,True,True,False,False,False,True,True,True
1834,True,True,True,True,False,False,True,True
1835,True,True,True,True,False,True,True,True
1836,False,False,False,False,False,True,True,True
1837,True,True,True,True,False,False,True,True
1838,True,True,True,True,False,False,True,True
1839,False,False,False,False,False,True,True,True
1840,True,True,False,False,False,False,True,True
1841,True,True,False,False,False,False,False,True
1842,True,True,False,False,False,False,False,False
1843,True,True,True,True,True,True,True,True
1844,True,True,False,False,False,True,True,True
1845,True,False,False,False,False,False,False,True
1846,True,True,True,True,False,False,False,False
1847,True,True,False,False,False,False,False,False
1848,True,True,True,False,False,True,True,True
1849,False,False,False,False,False,True,True,True
1850,True,True,True,False,False,False,True,True
1851,True,True,False,False,False,True,True,True
1852,False,False,False,False,False,True,True,True
1853,True,True,True,False,False,True,True,True
1854,True,True,True,True,True,True,True,True
1855,True,True,True,False,False,False,True,True
1856,True,True,True,True,False,False,False,True
1857,True,True,False,False,False,False,False,False
1858,True,False,False,False,False,False,True,True
1859,True,False,False,False,False,False,False,False
1860,True,True,False,False,False,False,True,True
1861,True,False,False,False,False,False,False,True
1862,True,False,False,False,False,False,False,False
1863,True,False,False,False,False,True,True,True
1864,True,False,False,False,False,True,False,False
1865,True,True,False,False,False,False,True,True
1866,False,False,False,False,False,True,True,True
1867,False,False,False,False,False,True,True,True
1868,False,False,False,False,False,True,True,True
1869,True,True,True,True,True,True,True,True
1870,True,True,False,False,False,False,False,True
1871,False,False,False,False,False,True,True,True
1872,True,True,True,True,True,True,True,True
1873,True,True,True,True,True,True,True,True
1874,True,True,False,False,False,False,True,True
1875,True,True,True,True,False,True,True,True
1876,True,True,True,False,False,False,False,False
1877,True,True,True,False,False,False,True,True
1878,True,False,False,False,False,True,True,True
1879,True,True,False,False,False,False,False,False
1880,True,True,True,True,False,False,False,False
1881,True,False,False,False,False,False,True,True
1882,True,False,False,False,False,False,True,True
1883,True,True,True,True,False,False,False,False
1884,True,True,True,True,True,True,True,True
1885,False,False,False,False,False,True,True,True
1886,False,False,False,False,False,False,False,True
1887,True,True,True,True,True,True,True,True
1888,True,False,False,False,False,True,True,True
1889,False,False,False,False,False,True,True,True
1890,True,False,False,False,False,False,True,True
1891,True,True,True,True,False,False,True,True
1892,False,False,False,False,False,True,True,True
1893,True,True,False,False,False,False,False,False
1894,True,True,True,True,True,True,True,True
1895,False,False,False,False,False,False,True,True
1896,True,True,True,False,False,True,True,True
1897,True,True,True,False,False,True,True,True
1898,True,False,False,False,False,False,False,False
1899,True,True,True,True,True,True,True,True
1900,True,True,True,True,False,False,True,True
1901,True,True,True,True,False,False,False,True
1902,True,True,True,True,True,True,True,True
1903,True,True,True,True,True,True,True,True
1904,True,True,False,False,False,False,False,True
1905,True,False,False,False,False,False,False,False
1906,True,False,False,False,False,False,False,True
1907,False,False,False,False,False,True,True,True
1908,True,False,False,False,False,False,False,True
1909,True,True,True,False,False,True,True,True
1910,True,False,False,False,False,True,True,True
1911,True,True,True,False,False,True,True,True
1912,True,True,False,False,False,False,False,False
1913,False,False,False,False,False,False,False,False
1914,False,False,False,False,False,False,True,True
1915,False,False,False,False,False,True,True,True
1916,False,False,False,False,False,True,True,True
1917,True,True,True,True,False,False,False,False
1918,True,True,True,True,True,True,True,True
1919,True,True,False,False,False,True,True,True
1920,False,False,False,False,False,False,False,False
1921,True,True,True,True,True,True,True,True
1922,True,True,True,True,False,True,True,True
1923,False,False,False,False,False,True,True,True
1924,True,True,True,False,False,False,False,True
1925,True,False,False,False,False,True,True,True
1926,True,True,True,False,False,False,False,True
1927,True,True,True,True,False,True,True,True
1928,True,True,False,False,False,False,False,False
1929,True,True,True,False,False,False,False,True
1930,True,True,False,False,False,False,False,True
1931,True,True,True,True,True,True,True,True
1932,True,False,False,False,False,True,True,True
1933,True,False,False,False,False,True,True,True
1934,False,False,False,False,False,True,True,True
1935,False,False,False,False,False,False,False,True
1936,True,True,True,True,False,False,True,True
1937,False,False,False,False,False,False,True,True
1938,False,False,False,False,False,True,True,True
1939,True,True,True,True,False,True,True,True
1940,False,False,False,False,False,True,False,True
1941,True,True,True,True,True,True,True,True
1942,True,False,False,False,False,False,False,True
1943,True,True,False,False,False,False,True,True
1944,True,True,True,True,True,True,True,True
1945,True,True,True,True,False,False,False,False
1946,True,True,True,True,False,False,False,False
1947,True,True,True,True,False,False,False,False
1948,True,True,False,False,False,True,True,True
1949,True,True,True,True,True,True,True,True
1950,True,False,False,False,False,True,True,True
1951,True,True,False,False,False,False,False,False
1952,False,False,False,False,False,True,True,True
1953,True,True,True,True,True,True,True,True
1954,True,True,True,True,True,True,True,True
1955,True,True,False,False,False,True,True,True
1956,True,False,False,False,False,True,True,True
1957,True,True,True,True,True,True,True,True
1958,True,True,True,False,False,False,True,True
1959,False,False,False,False,False,False,False,False
1960,True,True,True,True,True,True,True,True
1961,True,True,False,False,False,False,True,True
1962,False,False,False,False,False,True,True,True
1963,True,True,True,True,False,False,True,True
1964,True,True,True,True,False,False,True,True
1965,True,True,True,False,False,False,False,True
1966,True,True,False,False,False,False,False,False
1967,True,False,False,False,False,True,True,True
1968,False,False,False,False,False,True,True,True
1969,True,True,True,True,True,True,True,True
1970,False,False,False,False,False,True,True,True
1971,True,True,True,True,True,True,True,True
1972,False,False,False,False,False,True,True,True
1973,True,False,False,False,False,True,True,True
1974,True,True,False,False,False,True,True,True
1975,True,True,False,False,False,False,False,True
1976,False,False,False,False,False,True,True,True
1977,False,False,False,False,False,True,True,True
1978,True,False,False,False,False,False,False,False
1979,False,False,False,False,False,True,True,True
1980,True,True,True,True,True,True,True,True
1981,True,False,False,False,False,False,False,True
1982,True,False,False,False,False,True,True,True
1983,True,True,True,False,False,False,True,True
1984,True,True,False,False,False,False,True,True
1985,False,False,False,False,False,False,True,True
1986,True,True,False,False,False,False,False,True
1987,True,True,False,False,False,False,False,False
1988,True,True,True,True,True,True,True,True
1989,True,True,False,False,False,True,True,True
1990,True,True,True,True,False,True,True,True
1991,True,True,True,True,False,True,True,True
1992,True,True,False,False,False,False,False,False
1993,False,False,False,False,False,True,True,True
1994,True,True,True,True,False,False,True,True
1995,False,False,False,False,False,True,True,True
1996,True,False,False,False,False,False,True,True
1997,True,True,True,True,False,False,False,True
1998,False,False,False,False,False,False,False,False
1999,True,True,True,True,False,True,True,True
2000,True,False,False,False,False,True,True,True
2001,False,False,False,False,False,True,True,True
2002,True,True,True,True,True,True,True,True
2003,False,False,False,False,False,False,False,True
2004,True,True,True,True,True,True,True,True
2005,False,False,False,False,False,False,False,True
2006,False,False,False,False,False,True,True,True
2007,True,True,True,True,False,False,True,True
2008,True,False,False,False,False,True,True,True
2009,True,True,False,False,False,False,False,True
2010,False,False,False,False,False,True,True,True
2011,False,False,False,False,False,True,True,True
2012,True,True,True,True,False,False,False,False
2013,True,True,True,True,False,False,True,True
2014,True,True,True,True,False,False,False,False
2015,True,True,True,True,False,False,True,True
2016,False,False,False,False,False,False,False,False
2017,True,True,False,False,False,False,False,True
2018,True,True,True,False,False,False,False,True
2019,True,True,True,False,False,False,False,True
2020,True,True,True,False,False,False,True,True
2021,True,True,True,True,True,True,True,True
2022,True,True,False,False,False,False,False,False
2023,True,False,False,False,False,True,True,True
2024,False,False,False,False,False,True,True,True
2025,True,False,False,False,False,True,True,True
2026,True,True,False,False,False,True,True,True
2027,False,False,False,False,False,False,False,False
2028,False,False,False,False,False,False,False,False
2029,True,True,False,False,False,True,True,True
2030,True,True,True,True,True,True,True,True
2031,True,True,True,False,False,False,False,False
2032,False,False,False,False,False,True,True,True
2033,False,False,False,False,False,True,True,True
2034,True,True,False,False,False,False,False,False
2035,True,False,False,False,False,True,True,True
2036,True,True,True,True,True,True,True,True
2037,True,True,True,False,False,False,False,True
2038,True,True,False,False,False,False,False,True
2039,True,True,True,True,True,True,True,True
2040,False,False,False,False,False,True,True,True
2041,True,True,False,False,False,False,True,True
2042,True,True,True,True,True,True,True,True
2043,True,True,True,False,False,True,True,True
2044,False,False,False,False,False,False,False,True
2045,True,True,True,True,False,False,False,False
2046,False,False,False,False,False,True,True,True
2047,True,True,True,True,False,True,True,True
2048,True,True,False,False,False,True,True,True
2049,True,False,False,False,False,False,False,True
2050,False,False,False,False,False,True,True,True
2051,True,True,True,True,True,True,True,True
2052,True,False,False,False,False,True,True,True
2053,False,False,False,False,False,False,False,False
2054,True,True,False,False,False,True,True,True
2055,True,True,True,True,False,True,True,True
2056,True,True,True,False,False,True,True,True
2057,True,True,True,True,False,False,False,True
2058,True,True,True,True,True,True,True,True
2059,True,True,True,True,True,True,True,True
2060,False,False,False,False,False,False,False,True
2061,True,True,True,True,True,True,True,True
2062,True,True,True,False,False,True,True,True
2063,True,False,False,False,False,True,False,True
2064,True,True,False,False,False,True,True,True
2065,False,False,False,False,False,False,False,True
2066,True,True,False,False,False,False,False,False
2067,True,True,True,False,False,False,False,True
2068,False,False,False,False,False,True,True,True
2069,True,False,False,False,False,True,True,True
2070,True,True,True,False,False,False,False,False
2071,True,True,True,False,False,False,False,True
2072,True,False,False,False,False,False,True,True
2073,True,True,True,True,False,False,False,True
2074,True,True,False,False,False,False,False,False
2075,True,True,True,True,True,True,True,True
2076,True,False,False,False,False,True,True,True
2077,True,True,False,False,False,True,True,True
2078,True,True,True,False,False,False,False,False
2079,True,True,True,True,True,True,True,True
2080,True,True,True,False,False,True,True,True
2081,True,True,True,True,True,True,True,True
2082,True,True,True,True,True,True,True,True
2083,False,False,False,False,False,True,True,True
2084,True,True,True,True,False,False,True,True
2085,True,True,True,True,False,False,False,True
2086,True,True,True,False,False,False,False,True
2087,True,True,True,True,False,False,False,True
2088,True,True,False,False,False,False,False,False
2089,True,True,True,True,False,False,False,True
2090,True,True,True,True,True,True,True,True
2091,False,False,False,False,False,False,True,True
2092,True,True,False,False,False,False,False,False
2093,True,True,False,False,False,False,False,False
2094,True,False,False,False,False,True,True,True
2095,True,False,False,False,False,False,True,True
2096,True,True,True,True,False,True,True,True
2097,True,True,False,False,False,False,False,True
2098,True,True,False,False,False,False,False,False
2099,True,False,False,False,False,True,True,True
2100,True,True,True,True,False,False,False,False
2101,True,False,False,False,False,True,True,True
2102,True,True,True,False,False,False,False,True
2103,True,False,False,False,False,False,False,True
2104,True,False,False,False,False,True,True,True
2105,True,True,True,True,False,False,False,True
2106,True,False,False,False,False,True,False,True
2107,True,True,False,False,False,True,True,True
2108,True,True,True,True,True,True,True,True
2109,True,False,False,False,False,False,False,True
2110,False,False,False,False,False,True,True,True
2111,False,False,False,False,False,True,True,True
2112,True,True,True,True,False,False,False,False
2113,True,True,True,True,False,False,False,True
2114,False,False,False,False,False,True,True,True
2115,False,False,False,False,False,False,False,False
2116,True,True,True,True,True,True,True,True
2117,False,False,False,False,False,True,True,True
2118,True,True,True,True,False,False,True,True
2119,True,True,False,False,False,True,True,True
2120,False,False,False,True,False,True,True,True
2121,True,True,True,True,True,True,True,True
2122,True,True,True,True,False,False,False,True
2123,True,True,True,False,False,False,False,False
2124,True,True,False,False,False,False,True,True
2125,True,True,True,True,False,False,False,True
2126,True,True,True,False,False,True,True,True
2127,True,False,False,False,False,True,False,False
2128,True,True,True,True,True,True,True,True
2129,True,True,True,False,False,False,False,False
2130,True,False,False,False,False,False,True,True
2131,True,False,False,False,False,False,False,True
2132,False,False,False,False,False,True,True,True
2133,False,False,False,False,False,True,True,True
2134,True,True,True,True,False,False,False,False
2135,True,False,False,False,False,False,False,False
2136,True,True,True,True,True,True,True,True
2137,True,True,False,False,False,False,False,False
2138,True,True,True,False,False,False,False,False
2139,True,True,False,False,False,False,False,False
2140,True,True,True,False,False,False,False,True
2141,True,True,True,True,True,True,True,True
2142,True,True,True,True,False,True,True,True
2143,True,True,True,True,False,False,False,False
2144,True,True,True,True,True,True,True,True
2145,False,True,False,False,False,False,False,True
2146,True,True,True,False,False,False,True,True
2147,True,True,True,False,False,True,True,True
2148,True,True,True,False,False,True,True,True
2149,True,True,True,True,False,False,True,True
2150,True,True,False,False,False,False,False,True
2151,True,True,True,True,False,False,True,True
2152,True,True,True,True,False,True,True,True
2153,False,False,False,False,False,False,False,True
2154,True,True,True,True,True,True,True,True
2155,True,True,True,True,False,False,False,True
2156,False,False,False,False,False,False,False,True
2157,True,True,True,True,True,True,True,True
2158,False,False,False,False,False,False,False,True
2159,True,True,False,False,False,False,False,True
2160,True,True,True,True,False,True,True,True
2161,True,True,True,True,True,True,True,True
2162,True,True,True,False,False,False,True,True
2163,True,True,True,False,False,True,True,True
2164,True,False,False,False,False,False,False,False
2165,True,False,False,False,False,True,True,True
2166,False,False,False,False,False,True,True,True
2167,True,True,True,True,True,True,True,True
2168,True,True,True,True,True,True,True,True
2169,True,False,False,False,False,False,False,True
2170,True,True,True,True,True,True,True,True
2171,True,True,True,False,False,False,False,True
2172,True,True,True,True,True,True,True,True
2173,True,False,False,False,False,False,False,False
2174,True,True,True,False,False,True,True,True
2175,True,True,True,True,True,True,True,True
2176,True,True,True,False,False,True,True,True
2177,True,True,True,False,False,False,True,True
2178,True,True,False,False,False,True,True,True
2179,True,True,False,False,False,False,False,False
2180,True,True,True,False,False,False,False,False
2181,False,False,False,False,False,False,False,False
2182,False,False,False,False,False,True,True,True
2183,False,False,False,False,False,False,False,False
2184,True,False,False,False,False,False,False,False
2185,True,False,False,False,False,False,True,True
2186,True,True,True,False,False,True,True,True
2187,True,True,False,False,False,False,False,False
2188,False,False,False,False,False,True,True,True
2189,True,False,False,False,False,False,False,True
2190,True,True,True,True,False,False,True,True
2191,True,True,False,False,False,False,False,False
2192,True,True,True,True,True,True,True,True
2193,False,False,False,False,False,False,False,True
2194,True,True,False,False,False,True,True,True
2195,False,False,False,False,False,False,False,False
2196,True,False,False,False,False,False,False,True
2197,True,False,False,False,False,False,False,True
2198,True,True,True,True,True,True,True,True
2199,True,True,True,True,False,False,False,False
2200,True,False,False,False,False,True,True,True
2201,True,True,True,True,False,True,True,True
2202,True,True,False,False,False,True,True,True
2203,False,False,False,False,False,False,False,False
2204,True,True,True,True,False,False,False,True
2205,True,True,True,True,True,True,True,True
2206,True,False,False,False,False,False,False,True
2207,True,True,False,False,False,False,False,False
2208,False,False,False,False,False,True,True,True
2209,True,False,False,False,False,False,False,False
2210,True,True,True,True,True,True,True,True
2211,True,True,True,True,True,True,True,True
2212,True,True,False,False,False,True,True,True
2213,True,True,True,True,False,True,True,True
2214,True,True,False,False,False,False,True,True
2215,True,True,False,False,False,True,True,True
2216,True,False,False,False,False,False,False,False
2217,True,True,True,False,False,True,True,True
2218,True,True,False,False,False,False,False,False
2219,True,True,True,True,False,True,True,True
2220,True,True,True,False,False,False,True,True
2221,False,False,False,False,False,True,False,True
2222,True,True,True,True,False,False,True,True
2223,False,False,False,False,False,False,False,True
2224,True,True,True,False,False,False,False,True
2225,True,True,False,False,False,False,True,True
2226,False,False,False,False,False,True,True,True
2227,True,True,True,True,False,True,True,True
2228,True,False,False,False,False,True,True,True
2229,False,False,False,False,False,True,True,True
2230,False,False,False,False,False,True,True,True
2231,True,True,True,True,True,True,True,True
2232,True,False,False,False,False,True,True,True
2233,True,False,False,False,False,True,True,True
2234,True,False,False,False,False,True,True,True
2235,False,False,False,False,False,True,True,True
2236,True,False,False,False,False,True,True,True
2237,True,True,True,True,True,True,True,True
2238,True,True,False,False,False,True,True,True
2239,True,True,True,True,False,False,True,True
2240,True,True,True,False,False,False,False,True
2241,True,True,True,True,True,True,True,True
2242,True,True,False,False,False,False,True,True
2243,True,True,True,True,False,False,False,True
2244,True,True,True,True,True,True,True,True
2245,True,True,False,False,False,True,False,True
2246,True,False,False,False,False,True,True,True
2247,True,False,False,False,False,True,True,True
2248,True,True,True,True,True,True,True,True
2249,True,True,True,True,False,True,True,True
2250,True,True,True,True,True,True,True,True
2251,False,False,False,False,False,False,False,True
2252,True,True,True,False,False,False,True,True
2253,True,True,True,True,False,True,True,True
2254,False,False,False,False,False,True,True,True
2255,False,False,False,False,False,True,True,True
2256,True,True,True,True,False,False,True,True
2257,True,True,True,False,False,False,False,False
2258,True,True,True,True,False,True,True,True
2259,True,True,True,True,False,False,False,True
2260,False,False,False,False,False,False,True,True
2261,True,True,True,True,False,False,False,False
2262,True,True,False,False,False,False,False,True
2263,True,True,True,False,False,False,False,True
2264,True,False,False,False,False,True,True,True
2265,True,False,False,False,False,True,True,True
2266,False,False,False,False,False,False,False,True
2267,False,False,False,False,False,False,False,True
2268,True,True,False,False,False,False,False,True
2269,True,True,True,True,True,True,True,True
2270,True,True,True,True,True,True,True,True
2271,True,True,True,True,True,True,True,True
2272,True,True,True,False,False,True,True,True
2273,True,False,False,False,False,True,True,True
2274,True,True,True,True,True,True,True,True
2275,True,False,False,False,False,True,True,True
2276,True,True,True,False,False,False,False,True
2277,True,True,False,False,False,False,False,False
2278,True,True,True,True,True,True,True,True
2279,True,True,True,True,False,False,True,True
2280,True,True,True,True,True,True,True,True
2281,True,True,True,True,True,True,True,True
2282,True,True,True,False,False,True,True,True
2283,True,True,False,False,False,True,True,True
2284,True,True,True,False,False,False,True,True
2285,True,True,True,True,True,True,True,True
2286,True,True,True,True,False,False,False,True
2287,True,True,True,True,False,False,False,True
2288,False,False,False,False,False,True,True,True
2289,False,False,False,False,False,True,False,False
2290,True,True,False,False,False,False,False,False
2291,True,False,False,False,False,True,True,True
2292,True,False,False,False,False,False,False,True
2293,True,False,False,False,False,False,False,False
2294,True,True,True,True,False,False,False,True
2295,True,True,True,False,False,True,True,True
2296,True,True,True,True,False,False,False,False
2297,True,True,False,False,False,True,True,True
2298,True,True,False,False,False,True,True,True
2299,False,False,False,False,False,True,True,True
2300,False,False,False,False,False,True,True,True
2301,True,True,False,False,False,False,True,True
2302,True,True,False,False,False,False,False,True
2303,True,True,False,False,False,True,True,True
2304,True,True,False,False,False,False,False,True
2305,False,False,False,False,False,True,True,True
2306,True,True,True,True,True,True,True,True
2307,False,False,False,False,False,False,False,True
2308,True,True,True,False,False,True,True,True
2309,False,False,False,False,False,False,False,False
2310,True,False,False,False,False,True,True,True
2311,False,False,False,False,False,True,True,True
2312,True,True,True,False,False,True,True,True
2313,True,True,True,True,False,True,True,True
2314,True,True,True,True,True,True,True,True
2315,False,False,False,False,False,True,True,True
2316,True,True,True,True,True,True,True,True
2317,True,True,True,False,False,False,True,True
2318,True,True,True,False,False,False,True,True
2319,True,True,True,False,False,True,True,True
2320,True,True,True,True,True,True,True,True
2321,True,True,True,True,False,True,False,False
2322,True,True,True,True,True,True,True,True
2323,True,True,True,True,False,False,True,True
2324,False,False,False,False,False,False,False,True
2325,True,False,False,False,False,True,True,True
2326,False,False,False,False,False,False,False,True
2327,True,True,True,False,False,False,True,True
2328,False,False,False,False,False,False,False,False
2329,True,True,True,False,False,False,False,False
2330,True,True,True,True,True,True,True,True
2331,True,True,True,False,False,True,True,True
2332,False,False,False,False,False,True,True,True
2333,True,True,True,True,False,False,False,False
2334,True,True,True,True,False,True,True,True
2335,True,True,True,True,True,True,True,True
2336,True,True,False,False,False,False,True,True
2337,True,False,False,False,False,False,False,True
2338,False,False,False,False,False,True,False,True
2339,True,True,True,True,False,True,True,True
2340,False,False,False,False,False,True,True,True
2341,True,True,True,False,False,False,False,False
2342,True,False,False,False,False,True,True,True
2343,True,False,False,False,False,True,True,True
2344,False,True,False,False,False,False,False,False
2345,True,False,False,False,False,False,True,True
2346,False,False,False,False,False,True,False,True
2347,True,True,False,False,False,False,False,True
2348,True,True,True,True,False,False,False,True
2349,True,True,True,False,False,False,False,False
2350,True,True,True,False,False,True,True,True
2351,True,True,True,False,False,False,False,True
2352,True,True,False,False,False,False,True,True
2353,False,False,False,False,False,False,False,True
2354,False,False,False,False,False,False,False,False
2355,True,True,True,False,False,True,True,True
2356,True,True,True,True,True,True,True,True
2357,True,True,True,False,False,False,False,True
2358,True,True,True,True,True,True,True,True
2359,True,True,False,False,False,False,False,True
2360,True,False,False,False,False,True,True,True
2361,True,True,True,True,True,True,True,True
2362,True,True,True,True,False,False,False,False
2363,True,True,False,False,False,False,True,True
2364,True,True,True,False,False,True,True,True
2365,False,False,False,False,False,False,True,True
2366,True,True,False,False,False,False,True,True
2367,True,False,False,False,False,True,True,True
2368,True,True,False,False,False,False,False,False
2369,True,True,True,True,True,True,True,True
2370,False,False,False,False,False,True,True,True
2371,True,True,False,False,False,False,True,True
2372,True,True,True,True,True,True,True,True
2373,True,True,True,True,True,True,True,True
2374,True,True,False,False,False,False,False,True
2375,True,True,True,False,False,True,True,True
2376,True,False,False,False,False,True,True,True
2377,True,True,True,True,False,False,False,False
2378,False,False,False,False,False,True,True,True
2379,False,False,False,False,False,False,False,True
2380,True,True,True,True,True,True,True,True
2381,False,False,False,False,False,False,True,True
2382,True,True,True,True,False,False,True,True
2383,True,True,True,True,False,False,False,True
2384,True,False,False,False,False,False,True,True
2385,True,True,True,True,True,True,True,True
2386,True,False,False,False,False,True,True,True
2387,True,True,True,False,False,False,True,True
2388,True,False,False,False,False,True,True,True
2389,False,False,False,False,False,False,False,False
2390,False,False,False,False,False,True,True,True
2391,True,True,True,True,False,False,True,True
2392,False,False,False,False,False,False,False,True
2393,False,False,False,False,False,True,False,False
2394,False,False,False,False,False,False,False,True
2395,True,True,True,True,True,True,True,True
2396,True,True,False,False,False,False,True,True
2397,True,True,True,True,True,True,True,True
2398,True,True,True,False,False,True,True,True
2399,True,True,True,True,False,False,False,False
2400,True,True,False,False,False,True,True,True
2401,True,True,True,True,True,True,True,True
2402,True,True,True,False,False,False,False,False
2403,True,True,True,True,True,True,True,True
2404,True,False,False,False,False,False,False,False
2405,True,True,True,False,False,False,False,False
2406,True,True,True,True,True,True,True,True
2407,True,True,True,True,False,True,True,True
2408,False,False,False,False,False,False,False,True
2409,False,False,False,False,False,False,False,True
2410,True,True,True,True,True,True,True,True
2411,True,False,False,False,False,True,True,True
2412,True,False,False,False,False,False,False,True
2413,True,True,False,False,False,False,True,True
2414,True,False,False,False,False,True,True,True
2415,True,True,True,True,False,False,True,True
2416,True,True,True,True,False,True,True,True
2417,True,True,True,True,True,True,True,True
2418,False,False,False,False,False,False,False,False
2419,True,False,False,False,False,False,False,False
2420,True,True,True,True,False,False,True,True
2421,True,False,False,False,False,False,False,True
2422,True,True,True,True,False,False,True,True
2423,False,False,False,False,False,False,True,True
2424,True,True,False,False,False,False,False,False
2425,True,True,True,False,False,True,True,True
2426,True,True,False,False,False,False,True,True
2427,False,False,False,False,False,True,True,True
2428,False,False,False,False,False,True,True,True
2429,True,False,False,False,False,False,False,True
2430,True,True,True,False,False,False,False,True
2431,False,True,False,False,False,False,False,False
2432,False,False,False,False,False,False,False,True
2433,True,True,False,False,False,False,False,False
2434,False,False,False,False,False,False,False,False
2435,True,True,False,False,False,True,True,True
2436,True,False,False,False,False,True,True,True
2437,True,False,False,False,False,False,False,True
2438,True,True,True,True,False,False,True,True
2439,True,False,False,False,False,True,True,True
2440,True,False,False,False,False,True,True,True
2441,True,False,False,False,False,False,False,False
2442,True,True,False,False,False,True,True,True
2443,True,False,False,False,False,True,True,True
2444,True,True,True,True,False,False,False,False
2445,True,True,False,False,False,False,True,False
2446,True,True,True,True,True,True,True,True
2447,False,False,False,False,False,True,True,True
2448,True,False,False,False,False,True,True,True
2449,False,False,False,False,False,True,True,True
2450,True,True,True,True,False,False,False,True
2451,False,False,False,False,False,False,True,True
2452,True,True,True,False,False,False,False,False
2453,True,True,True,True,True,True,True,True
2454,False,False,False,False,False,True,True,True
2455,True,True,False,False,False,True,True,True
2456,True,True,True,False,False,False,False,False
2457,False,False,False,False,False,True,True,True
2458,True,False,False,False,False,False,False,False
2459,False,False,False,False,False,True,True,True
2460,True,False,False,False,False,True,True,True
2461,False,False,False,False,False,True,True,True
2462,False,False,False,False,False,False,False,True
2463,False,False,False,False,False,False,True,True
2464,True,True,True,False,False,False,False,True
2465,True,True,True,False,False,False,False,True
2466,True,True,True,False,False,True,True,True
2467,True,False,False,False,False,True,True,True
2468,True,True,True,True,True,True,True,True
2469,True,False,False,False,False,False,False,False
2470,True,True,True,False,False,False,False,True
2471,False,False,False,False,False,False,False,False
2472,True,True,True,True,True,True,True,True
2473,True,True,False,False,False,False,False,False
2474,True,True,True,True,True,True,True,True
2475,True,True,False,False,False,False,False,False
2476,True,True,True,True,True,True,True,True
2477,True,True,True,True,True,True,True,True
2478,True,True,True,True,True,True,True,True
2479,True,False,False,False,False,True,True,True
2480,True,False,False,False,False,False,False,False
2481,False,False,False,False,False,False,False,True
2482,True,True,False,False,False,False,False,False
2483,True,True,False,False,False,True,True,True
2484,True,True,False,False,False,True,True,True
2485,True,True,True,True,True,True,True,True
2486,False,False,False,False,False,False,False,False
2487,True,True,True,False,False,False,False,False
2488,True,False,False,False,False,True,True,True
2489,False,False,False,False,False,True,True,True
2490,True,True,True,True,False,True,True,True
2491,True,False,False,False,False,True,True,True
2492,False,False,False,False,False,True,True,True
2493,True,False,False,False,False,True,True,True
2494,True,True,True,True,True,True,True,True
2495,True,True,True,True,False,False,False,True
2496,True,True,True,True,True,True,True,True
2497,False,False,False,False,False,True,True,True
2498,True,False,False,False,False,True,True,True
2499,True,True,True,True,False,True,True,True
2500,True,False,False,False,False,True,True,True
2501,True,True,True,True,True,True,True,True
2502,True,True,True,True,False,True,True,True
2503,True,True,True,False,False,True,True,True
2504,False,False,False,False,False,False,False,False
2505,True,True,False,False,False,True,True,True
2506,True,True,False,False,False,False,False,False
2507,True,False,False,False,False,True,True,True
2508,True,True,True,True,True,True,True,True
2509,True,True,True,False,False,True,True,True
2510,True,False,False,False,False,True,True,True
2511,True,True,False,False,False,False,False,False
2512,True,True,True,True,True,True,True,True
2513,True,True,True,True,False,True,True,True
2514,True,False,False,False,False,False,False,False
2515,True,True,False,False,False,False,False,False
2516,True,True,False,False,False,True,True,True
2517,True,True,True,True,True,True,True,True
2518,True,True,True,False,False,False,False,True
2519,False,False,False,False,False,True,True,True
2520,False,False,False,False,False,True,True,True
2521,False,False,False,False,False,False,False,False
2522,True,True,True,False,False,False,False,True
2523,True,False,False,False,False,True,True,True
2524,True,False,False,False,False,False,False,False
2525,True,True,False,False,False,True,True,True
2526,True,True,True,False,False,True,True,True
2527,False,False,False,False,False,False,False,False
2528,True,True,True,False,False,True,True,True
2529,False,False,False,False,False,True,True,True
2530,False,False,False,False,False,True,True,True
2531,True,True,True,True,False,False,True,True
2532,False,False,False,False,False,False,False,True
2533,True,True,True,True,True,True,True,True
2534,True,True,True,True,True,True,True,True
2535,True,False,False,False,False,False,False,False
2536,True,True,True,True,False,False,False,False
2537,False,False,False,False,False,True,True,True
2538,True,True,True,True,False,False,False,True
2539,True,True,False,False,False,True,True,True
2540,True,True,True,True,False,False,True,True
2541,True,True,False,False,False,False,True,True
2542,True,True,True,False,False,True,True,True
2543,True,True,True,False,False,False,False,False
2544,True,True,True,True,False,False,False,True
2545,True,True,True,False,False,False,True,True
2546,True,True,True,False,False,False,True,True
2547,True,True,False,False,False,False,False,False
2548,True,True,False,False,False,True,True,True
2549,True,True,False,False,False,False,False,False
2550,True,True,True,True,True,True,True,True
2551,False,False,False,False,False,True,True,True
2552,True,True,True,False,False,False,False,False
2553,False,False,False,False,False,True,True,True
2554,True,True,True,True,True,True,True,True
2555,True,True,False,False,False,False,False,True
2556,True,True,False,False,False,True,True,True
2557,True,True,True,True,False,False,False,True
2558,True,False,False,False,False,True,True,True
2559,False,False,False,False,False,False,True,True
2560,True,True,True,False,False,False,True,True
2561,False,False,False,False,False,True,True,True
2562,True,True,True,False,False,False,False,True
2563,True,True,True,True,True,True,True,True
2564,True,True,False,False,False,False,False,False
2565,True,True,True,True,False,False,False,True
2566,True,True,True,True,False,False,True,True
2567,True,True,False,False,False,False,True,True
2568,True,False,False,False,False,True,True,True
2569,True,True,True,True,True,True,True,True
2570,False,False,False,False,False,True,True,True
2571,True,True,False,False,False,True,True,True
2572,True,True,True,False,False,False,False,False
2573,True,True,True,True,True,True,True,True
2574,True,True,True,False,False,False,False,False
2575,True,True,True,False,False,True,True,True
2576,True,False,False,False,False,True,True,True
2577,True,True,False,False,False,True,False,False
2578,True,True,True,True,False,False,False,False
2579,True,True,True,True,False,False,False,False
2580,True,True,True,True,True,True,True,True
2581,True,False,False,False,False,False,False,True
2582,False,False,False,False,False,True,True,True
2583,True,True,True,False,False,False,True,True
2584,True,True,True,True,True,True,True,True
2585,True,True,True,True,True,True,True,True
2586,False,False,False,False,False,False,True,True
2587,True,True,True,True,True,True,True,True
2588,True,True,False,False,False,False,False,False
2589,True,False,False,False,False,False,True,True
2590,True,False,False,False,False,False,False,True
2591,False,False,False,False,False,True,True,True
2592,True,True,True,True,True,True,True,True
2593,False,False,False,False,False,False,False,True
2594,True,True,True,True,False,False,False,True
2595,True,False,False,False,False,False,False,False
2596,True,True,False,False,False,True,True,True
2597,True,False,False,False,False,False,False,False
2598,True,True,False,False,False,False,False,False
2599,True,True,True,True,False,False,False,False
2600,True,False,False,False,False,True,True,True
2601,True,False,False,False,False,True,True,True
2602,False,False,False,False,False,False,False,True
2603,True,True,True,True,False,False,False,False
2604,True,True,True,False,False,False,False,True
2605,True,True,True,True,False,False,True,True
2606,True,True,True,True,False,True,True,True
2607,True,True,True,True,False,False,False,True
2608,True,True,True,True,False,False,False,True
2609,True,True,True,True,True,True,True,True
2610,True,True,False,False,False,False,False,False
2611,True,True,True,False,False,True,True,True
2612,False,False,False,False,False,False,True,True
2613,True,True,True,False,False,False,False,True
2614,True,False,False,False,False,True,True,True
2615,True,True,True,True,False,False,False,False
2616,False,False,False,False,False,False,True,True
2617,True,True,True,True,True,True,True,True
2618,True,False,False,False,False,True,True,True
2619,True,False,False,False,False,False,False,False
2620,True,True,True,False,False,True,True,True
2621,True,True,False,False,False,False,False,False
2622,True,True,False,False,False,False,False,True
2623,True,True,False,False,False,False,False,False
2624,False,False,False,False,False,True,True,True
2625,True,True,False,False,False,True,True,True
2626,True,True,True,True,False,False,False,False
2627,True,True,True,True,True,True,True,True
2628,True,False,False,False,False,False,False,False
2629,False,False,False,False,False,False,True,True
2630,True,True,True,True,False,False,True,True
2631,True,True,False,False,False,False,False,False
2632,True,True,False,False,False,False,False,False
2633,True,True,True,True,False,True,True,True
2634,True,True,True,True,False,False,False,False
2635,True,True,True,True,False,False,False,True
2636,True,True,False,False,False,True,True,True
2637,True,False,False,False,False,False,False,True
2638,True,False,False,False,False,True,True,True
2639,True,True,True,True,True,True,True,True
2640,True,True,True,False,False,True,True,True
2641,True,True,True,False,False,True,True,True
2642,True,True,True,True,False,True,True,True
2643,True,True,True,True,False,False,False,False
2644,True,False,False,False,False,False,False,True
2645,True,True,True,True,False,False,False,True
2646,True,True,False,False,False,True,True,True
2647,True,True,True,True,False,True,True,True
2648,True,False,False,False,False,True,True,True
2649,True,True,True,False,False,False,False,True
2650,False,False,False,False,False,True,True,True
2651,True,True,True,False,False,False,False,False
2652,True,True,True,False,False,False,False,False
2653,True,True,True,True,False,False,True,True
2654,False,False,False,False,False,True,True,True
2655,True,True,False,False,False,False,True,True
2656,True,True,True,True,True,True,True,True
2657,False,False,False,False,False,False,False,False
2658,True,True,True,True,False,False,True,True
2659,True,False,False,False,False,False,False,False
2660,True,False,False,False,False,False,False,False
2661,False,False,False,False,False,False,False,True
2662,False,False,False,False,False,True,True,True
2663,True,False,False,False,False,True,True,True
2664,True,True,True,True,True,True,True,True
2665,False,False,False,False,False,True,True,True
2666,True,True,True,True,True,True,True,True
2667,False,False,False,False,False,False,False,False
2668,True,True,True,False,False,False,False,False
2669,True,True,True,False,False,True,True,True
2670,True,True,True,True,True,True,True,True
2671,True,True,True,True,True,True,True,True
2672,True,True,True,True,False,False,False,False
2673,True,False,False,False,False,True,True,True
2674,True,True,True,False,False,True,True,True
2675,True,True,True,False,False,False,True,True
2676,True,True,True,True,False,False,False,True
2677,False,False,False,False,False,True,True,True
2678,False,False,False,False,False,True,True,True
2679,True,False,False,False,False,False,True,True
2680,False,False,False,False,False,True,True,True
2681,True,True,True,True,False,True,True,True
2682,False,False,False,False,False,True,False,True
2683,True,True,False,False,False,False,True,True
2684,True,True,False,False,False,False,False,True
2685,True,True,True,True,False,True,True,True
2686,True,True,True,True,False,True,True,True
2687,True,False,False,False,False,False,True,True
2688,True,True,False,False,False,True,True,True
2689,True,True,True,True,False,False,True,True
2690,True,True,True,True,True,True,True,True
2691,True,False,False,False,False,False,False,True
2692,True,True,False,False,False,True,True,True
2693,True,True,True,False,False,False,False,False
2694,True,True,True,True,False,False,False,True
2695,True,False,False,False,False,False,False,True
2696,True,True,True,True,False,True,True,True
2697,True,True,True,False,False,True,True,True
2698,True,True,True,True,True,True,True,True
2699,True,True,True,True,False,False,False,True
2700,True,True,True,False,False,False,False,False
2701,True,False,False,False,False,True,True,True
2702,False,False,False,False,False,False,False,True
2703,True,True,True,False,False,True,True,True
2704,True,False,False,False,False,True,True,True
2705,False,False,False,False,False,True,True,True
2706,True,False,False,False,False,True,True,True
2707,True,True,True,False,False,True,True,True
2708,True,True,True,True,False,True,True,True
2709,False,False,False,False,False,True,True,True
2710,False,False,False,False,False,False,False,True
2711,True,False,False,False,False,True,True,True
2712,True,False,False,False,False,False,True,True
2713,True,False,False,False,False,True,True,True
2714,False,False,False,False,False,True,True,True
2715,True,True,True,True,False,True,True,True
2716,True,True,True,False,False,False,False,False
2717,True,True,True,True,True,True,True,True
2718,True,True,True,True,True,True,True,True
2719,True,False,False,False,False,False,False,False
2720,True,False,False,False,False,False,False,True
2721,False,False,False,False,False,True,True,True
2722,True,False,False,False,False,True,True,True
2723,False,False,False,False,False,False,True,True
2724,True,False,False,False,False,True,False,True
2725,True,True,False,False,False,False,True,True
2726,True,False,False,False,False,False,False,True
2727,True,True,True,False,False,False,False,False
2728,True,True,False,False,False,False,False,True
2729,False,False,False,False,False,True,True,True
2730,False,False,False,False,False,True,True,True
2731,True,True,True,True,False,False,True,True
2732,True,True,True,False,False,False,False,True
2733,True,True,True,False,False,True,True,True
2734,True,True,True,True,False,False,False,False
2735,True,True,True,False,False,True,True,True
2736,False,False,False,False,False,False,True,True
2737,True,True,True,True,True,True,True,True
2738,True,True,True,False,False,False,False,False
2739,True,True,True,True,False,False,True,True
2740,False,False,False,False,False,True,True,True
2741,True,True,True,True,True,True,True,True
2742,True,True,True,True,False,False,True,True
2743,True,True,True,False,False,True,True,True
2744,True,True,True,True,True,True,True,True
2745,True,True,False,False,False,True,True,True
2746,True,True,False,False,False,False,False,False
2747,True,False,False,False,False,False,False,False
2748,True,True,True,False,False,False,False,True
2749,True,True,False,False,False,True,True,True
2750,True,True,True,True,True,True,True,True
2751,False,False,False,False,False,True,True,True
2752,True,True,False,False,False,True,True,True
2753,True,False,False,False,False,True,True,True
2754,True,False,False,False,False,False,False,True
2755,True,True,True,True,False,False,False,True
2756,False,False,False,False,False,True,True,True
2757,True,True,False,False,False,True,True,True
2758,True,True,False,False,False,True,True,True
2759,True,False,False,False,False,True,True,True
2760,False,False,False,False,False,True,True,True
2761,False,False,False,False,False,False,True,True
2762,False,False,False,False,False,False,False,False
2763,True,True,True,False,False,False,False,False
2764,True,True,True,True,True,True,True,True
2765,True,True,True,True,True,True,True,True
2766,True,True,True,False,False,True,True,True
2767,True,True,True,True,True,True,True,True
2768,True,False,False,False,False,False,False,False
2769,True,True,True,True,True,True,True,True
2770,True,True,True,True,True,True,True,True
2771,True,True,True,True,False,True,True,True
2772,True,False,False,False,False,False,False,False
2773,True,True,True,True,False,False,False,True
2774,True,True,True,True,True,True,True,True
2775,True,True,True,False,False,True,True,True
2776,False,False,False,False,False,False,False,False
2777,True,True,True,True,False,True,True,True
2778,True,True,True,True,False,True,True,True
2779,False,False,False,False,False,True,True,True
2780,True,True,True,True,False,False,False,True
2781,True,True,True,True,True,True,True,True
2782,False,False,False,False,False,True,True,True
2783,True,False,False,False,False,True,True,True
2784,True,False,False,False,False,True,True,True
2785,True,True,True,False,False,True,True,True
2786,True,False,False,False,False,False,True,True
2787,True,True,False,False,False,False,True,True
2788,True,True,True,True,False,False,False,True
2789,True,True,True,True,False,False,False,False
2790,True,True,True,False,False,True,True,True
2791,False,False,False,False,False,False,False,True
2792,True,True,True,True,False,True,True,True
2793,True,False,False,False,False,True,True,True
2794,True,True,True,True,False,True,True,True
2795,True,True,True,False,False,False,False,False
2796,True,True,True,False,False,False,False,False
2797,True,True,True,True,True,True,True,True
2798,True,True,True,False,False,True,True,True
2799,True,True,True,True,False,False,False,False
2800,True,True,True,True,True,True,True,True
2801,True,True,True,False,False,False,True,True
2802,True,True,False,False,False,False,False,True
2803,True,True,True,False,False,False,False,True
2804,True,True,True,True,False,True,True,True
2805,True,True,True,True,False,False,True,True
2806,True,True,True,True,False,False,False,True
2807,True,True,True,False,False,False,True,True
2808,True,True,True,False,False,False,False,False
2809,True,True,False,False,False,False,False,False
2810,True,True,False,False,False,True,True,True
2811,True,True,False,False,False,True,True,True
2812,True,True,False,False,False,False,False,False
2813,True,False,False,False,False,True,True,True
2814,True,True,True,True,False,False,True,True
2815,True,True,True,True,False,True,True,True
2816,True,True,True,True,False,False,False,True
2817,True,True,True,True,True,True,True,True
2818,False,False,False,False,False,True,True,True
2819,True,True,True,True,False,True,True,True
2820,True,True,True,True,True,True,True,True
2821,False,False,False,False,False,True,True,True
2822,True,False,False,False,False,True,True,True
2823,True,True,True,True,True,True,True,True
2824,True,False,False,False,False,False,False,True
2825,True,False,False,False,False,True,True,True
2826,True,True,False,False,False,False,False,True
2827,True,True,True,True,True,True,True,True
2828,False,False,False,False,False,False,False,True
2829,True,True,False,False,False,False,False,True
2830,True,True,True,True,False,False,False,True
2831,False,False,False,False,False,False,False,False
2832,True,True,False,False,False,True,True,True
2833,True,False,False,False,False,False,False,True
2834,True,False,False,False,False,False,True,True
2835,True,True,True,True,True,True,True,True
2836,True,True,True,True,True,True,True,True
2837,True,True,False,False,False,False,True,True
2838,True,True,False,False,False,False,True,True
2839,True,True,True,True,False,True,True,True
2840,True,True,True,True,False,False,False,False
2841,True,True,False,False,False,False,False,False
2842,False,False,False,False,False,False,False,True
2843,True,False,False,False,False,False,False,True
2844,False,False,False,False,False,False,False,True
2845,True,True,True,False,False,True,True,True
2846,True,True,True,True,True,True,True,True
2847,True,False,False,False,False,False,False,False
2848,True,True,False,False,False,False,True,True
2849,True,True,True,True,False,True,True,True
2850,True,True,True,True,True,True,True,True
2851,True,True,False,False,False,False,False,False
2852,True,True,True,True,True,True,True,True
2853,False,False,False,False,False,True,True,True
2854,False,False,False,False,False,False,False,False
2855,True,True,True,True,False,False,False,False
2856,False,False,False,False,False,False,False,False
2857,True,True,False,False,False,False,False,False
2858,True,True,True,False,False,False,True,True
2859,False,False,False,False,False,False,False,True
2860,True,True,True,False,False,False,False,False
2861,False,False,False,False,False,True,True,True
2862,True,True,False,False,False,False,False,True
2863,True,True,True,False,False,False,False,False
2864,True,False,False,False,False,False,False,True
2865,True,True,True,False,False,True,True,True
2866,True,True,True,True,True,True,True,True
2867,True,True,True,False,False,False,False,False
2868,False,False,False,False,False,True,False,False
2869,True,False,False,False,False,False,False,True
2870,False,False,False,False,False,False,False,True
2871,False,False,False,False,False,True,True,True
2872,True,True,True,True,False,True,True,True
2873,False,False,False,False,False,True,True,True
2874,False,False,False,False,False,False,True,True
2875,False,False,False,False,False,False,False,False
2876,True,True,True,False,False,False,False,True
2877,False,False,False,False,False,True,True,True
2878,True,True,True,False,False,True,True,True
2879,True,True,True,False,False,True,True,True
2880,True,True,True,False,False,True,True,True
2881,True,False,False,False,False,False,True,True
2882,True,True,True,True,True,True,True,True
2883,False,False,False,False,False,True,True,True
2884,False,False,False,False,False,False,True,True
2885,True,True,False,False,False,False,False,False
2886,True,True,False,False,False,False,True,True
2887,True,False,False,False,False,True,True,True
2888,True,True,True,True,False,True,True,True
2889,True,True,True,True,True,True,True,True
2890,True,True,True,True,True,True,True,True
2891,True,True,True,True,False,False,True,True
2892,False,False,False,False,False,False,False,False
2893,True,False,True,False,False,True,True,True
2894,True,True,True,True,False,False,True,True
2895,True,True,False,False,False,True,True,True
2896,True,False,False,False,False,True,True,True
2897,True,True,False,False,False,False,False,True
2898,True,True,True,True,True,True,True,True
2899,True,True,False,False,False,True,True,True
2900,True,True,True,True,True,True,True,True
2901,False,False,False,False,False,True,True,True
2902,True,True,True,True,False,False,False,False
2903,True,True,False,False,False,True,True,True
2904,True,True,False,False,False,True,True,True
2905,True,True,True,True,True,True,True,True
2906,False,False,False,False,False,True,False,True
2907,True,False,False,False,False,True,True,True
2908,True,True,True,True,False,False,False,False
2909,False,False,False,False,False,False,False,True
2910,True,True,True,False,False,True,True,True
2911,True,True,False,False,False,False,False,True
2912,True,True,True,True,False,False,False,True
2913,True,False,False,False,False,True,True,True
2914,True,True,True,True,True,True,True,True
2915,True,True,False,False,False,True,True,True
2916,True,True,True,True,False,False,True,True
2917,True,True,True,True,True,True,True,True
2918,False,False,False,False,False,True,True,True
2919,True,False,False,False,False,True,True,True
2920,True,True,True,True,False,False,False,True
2921,True,True,True,True,True,True,True,True
2922,True,True,True,False,False,False,True,True
2923,False,False,False,False,False,False,False,True
2924,True,True,True,True,False,True,True,True
2925,True,True,True,False,False,False,True,True
2926,True,True,True,True,False,False,False,True
2927,True,True,True,False,False,True,True,True
2928,True,True,True,True,False,False,False,True
2929,True,False,False,False,False,False,False,False
2930,True,True,True,True,True,True,True,True
2931,False,False,False,False,False,True,True,True
2932,True,True,True,False,False,True,True,True
2933,True,True,True,True,False,True,True,True
2934,False,False,False,False,False,False,False,True
2935,True,True,True,False,False,True,True,True
2936,True,False,False,False,False,True,True,True
2937,True,True,True,True,True,True,True,True
2938,True,True,False,False,False,True,True,True
2939,True,True,True,True,True,True,True,True
2940,True,True,True,True,False,False,False,False
2941,True,True,True,False,False,False,False,False
2942,True,False,False,False,False,False,False,True
2943,True,True,False,False,False,False,False,False
2944,False,False,False,True,False,True,True,True
2945,False,False,False,False,False,False,False,False
2946,True,True,False,False,False,True,True,True
2947,True,True,False,False,False,False,False,False
2948,True,False,False,False,False,True,True,True
2949,True,False,False,False,False,True,True,True
2950,True,True,True,True,False,False,False,True
2951,True,False,False,False,False,True,True,True
2952,False,False,False,False,False,False,False,True
2953,True,True,True,True,True,True,True,True
2954,False,False,True,False,False,True,True,True
2955,True,False,False,False,False,False,False,False
2956,True,True,True,False,False,False,False,True
2957,True,True,False,False,False,False,False,True
2958,True,True,False,False,False,False,False,False
2959,True,True,True,True,False,False,False,True
2960,True,True,True,False,False,True,True,True
2961,True,True,True,False,False,False,False,False
2962,True,True,True,True,False,False,False,False
2963,True,True,False,False,False,True,True,True
2964,True,True,True,True,True,True,True,True
2965,True,True,True,True,False,False,True,True
2966,True,True,True,True,True,True,True,True
2967,True,False,False,False,False,False,False,True
2968,True,True,True,False,False,False,False,True
2969,True,True,True,True,True,True,True,True
2970,False,False,False,False,False,True,True,True
2971,True,True,True,False,False,False,False,False
2972,False,False,False,False,False,True,True,True
2973,False,False,False,False,False,False,False,False
2974,True,True,False,False,False,False,False,False
2975,True,True,True,True,True,True,True,True
2976,True,False,False,False,False,False,False,True
2977,True,True,True,True,False,False,False,False
2978,True,True,True,False,False,False,False,True
2979,True,False,False,False,False,False,False,False
2980,False,False,False,False,False,True,True,True
2981,False,False,False,False,False,True,True,True
2982,False,False,False,False,False,False,False,True
2983,True,True,True,True,False,False,False,True
2984,True,True,False,False,False,True,True,True
2985,True,False,False,False,False,True,True,True
2986,False,False,False,False,False,True,True,True
2987,True,False,False,False,False,False,True,True
2988,True,True,False,False,False,True,True,True
2989,True,True,True,True,False,False,False,True
2990,True,True,True,True,False,True,True,True
2991,True,False,False,False,False,True,True,True
2992,False,False,False,False,False,True,True,True
2993,False,False,False,False,False,False,False,False
2994,False,False,False,False,False,False,True,True
2995,True,True,False,False,False,False,False,True
2996,True,True,True,True,False,True,True,True
2997,True,False,False,False,False,True,True,True
2998,True,True,True,True,False,False,True,True
2999,True,False,False,False,False,True,True,True
3000,True,False,False,False,False,True,True,True
3001,True,True,False,False,False,True,True,True
3002,True,True,False,False,False,True,True,True
3003,True,True,True,True,False,False,False,False
3004,True,True,True,True,True,True,True,True
3005,True,True,True,True,True,True,True,True
3006,True,True,False,False,False,True,True,True
3007,True,True,True,True,False,False,False,True
3008,True,True,True,True,True,True,True,True
3009,False,False,False,False,False,False,True,True
3010,True,True,True,True,True,True,True,True
3011,True,False,False,False,False,True,True,True
3012,True,True,True,True,False,True,True,True
3013,True,False,False,False,False,False,True,True
3014,False,False,False,False,False,False,True,True
3015,True,False,False,False,False,False,False,False
3016,True,False,False,False,False,False,True,True
3017,False,False,False,False,False,False,False,False
3018,True,True,True,False,False,False,True,True
3019,True,True,False,False,False,True,True,True
3020,True,True,False,False,False,False,False,False
3021,True,True,True,False,False,True,True,True
3022,False,False,False,False,False,True,True,True
3023,True,True,True,True,True,True,True,True
3024,True,True,True,True,False,False,False,False
3025,True,True,False,False,False,False,False,False
3026,True,True,False,False,False,True,True,True
3027,False,False,False,False,False,True,True,True
3028,True,True,True,True,False,False,True,True
3029,True,True,True,True,False,False,False,True
3030,True,True,True,True,False,True,True,True
3031,True,True,True,False,False,True,True,True
3032,False,False,False,False,False,True,True,True
3033,True,True,False,False,False,False,False,False
3034,True,True,True,False,False,False,True,True
3035,True,False,False,False,False,True,True,True
3036,True,True,True,True,False,False,True,True
3037,True,True,True,True,True,True,True,True
3038,True,True,True,True,True,True,True,True
3039,True,True,True,False,False,True,True,True
3040,False,False,False,False,False,True,True,True
3041,True,True,True,False,False,True,True,True
3042,True,True,False,False,False,False,False,False
3043,True,True,True,False,False,True,True,True
3044,True,True,True,True,False,True,True,True
3045,True,True,False,False,False,False,False,True
3046,True,True,False,False,False,False,False,False
3047,False,False,False,False,False,False,True,True
3048,True,True,False,False,False,False,False,True
3049,True,True,True,True,False,False,False,False
3050,True,False,False,False,False,True,True,True
3051,False,False,False,False,False,True,True,True
3052,False,False,False,False,False,True,True,True
3053,True,True,False,False,False,False,False,False
3054,True,True,True,False,False,True,True,True
3055,True,True,True,False,False,False,True,True
3056,True,False,False,False,False,True,True,True
3057,True,True,True,True,True,True,True,True
3058,True,True,False,False,False,False,False,True
3059,True,False,False,False,False,True,True,True
3060,True,True,False,False,False,False,False,False
3061,True,True,True,False,False,True,True,True
3062,True,True,True,False,False,True,True,True
3063,True,True,False,False,False,False,False,False
3064,True,False,False,False,False,False,False,True
3065,True,True,True,True,True,True,True,True
3066,False,False,False,False,False,False,False,False
3067,True,True,True,False,False,False,False,True
3068,True,False,False,False,False,True,True,True
3069,True,True,True,True,False,False,False,False
3070,True,False,False,False,False,True,True,True
3071,True,True,False,False,False,True,True,True
3072,False,False,False,False,False,False,False,True
3073,True,True,True,False,False,False,False,False
3074,True,True,True,False,False,False,False,False
3075,True,True,True,True,True,True,True,True
3076,True,False,False,False,False,True,True,True
3077,True,False,False,False,False,False,False,False
3078,True,True,True,False,False,False,False,False
3079,True,False,False,False,False,False,False,True
3080,True,True,True,False,False,True,True,True
3081,True,True,False,False,False,False,False,False
3082,True,False,False,False,False,True,True,True
3083,True,True,True,True,True,True,True,True
3084,True,False,False,False,False,False,False,False
3085,False,False,False,False,False,False,False,True
3086,False,False,False,False,False,False,False,True
3087,True,True,True,True,False,False,True,True
3088,True,True,False,False,False,False,False,False
3089,True,True,True,True,True,True,True,True
3090,True,True,False,False,False,False,True,True
3091,True,True,False,False,False,True,True,True
3092,True,True,True,False,False,False,True,True
3093,True,True,False,False,False,True,True,True
3094,True,True,True,False,False,False,True,True
3095,True,False,False,False,False,True,True,True
3096,True,True,True,True,False,False,False,True
3097,True,True,True,True,True,True,True,True
3098,True,True,True,True,False,False,False,True
3099,True,True,True,True,True,True,True,True
3100,True,True,False,False,False,True,True,True
3101,True,True,True,True,False,False,False,False
3102,True,False,False,False,False,True,False,False
3103,False,False,False,False,False,False,True,True
3104,True,True,True,True,True,True,True,True
3105,True,True,True,True,False,False,False,True
3106,True,True,True,True,True,True,True,True
3107,True,False,False,False,False,True,True,True
3108,True,True,True,True,False,True,True,True
3109,False,False,False,False,False,True,True,True
3110,True,False,False,False,False,True,True,True
3111,False,False,False,False,False,False,False,True
3112,True,True,False,False,False,False,False,False
3113,True,True,True,False,False,True,True,True
3114,True,True,True,False,False,True,True,True
3115,False,False,False,False,False,False,False,False
3116,True,True,True,False,False,False,False,False
3117,True,True,True,True,False,False,False,False
3118,True,True,True,True,True,True,True,True
3119,True,True,True,True,True,True,True,True
3120,True,True,True,False,False,True,True,True
3121,True,True,True,False,False,True,True,True
3122,True,True,True,True,True,True,True,True
3123,True,True,True,False,False,False,False,False
3124,True,True,True,False,False,False,True,True
3125,True,True,True,True,True,True,True,True
3126,True,True,True,True,True,True,True,True
3127,False,False,False,False,False,False,False,False
3128,True,True,True,True,False,False,False,True
3129,True,True,True,True,True,True,True,True
3130,True,True,True,True,False,False,False,False
3131,False,False,False,False,False,False,True,True
3132,True,False,False,False,False,True,True,True
3133,True,True,False,False,False,False,False,True
3134,True,True,True,True,True,True,True,True
3135,True,True,True,True,True,True,True,True
3136,True,False,False,False,False,False,False,True
3137,False,False,False,False,False,True,False,True
3138,True,True,True,True,True,True,True,True
3139,True,True,True,True,True,True,True,True
3140,False,False,False,False,False,False,False,False
3141,True,True,True,True,True,True,True,True
3142,True,True,True,True,False,False,True,True
3143,True,True,True,True,False,False,False,True
3144,True,True,False,False,False,False,False,True
3145,False,False,False,False,False,False,False,False
3146,True,False,False,False,False,True,True,True
3147,True,True,True,True,True,True,True,True
3148,True,False,False,False,False,True,True,True
3149,True,False,False,False,False,True,True,True
3150,True,True,True,False,False,True,True,True
3151,True,True,True,True,False,True,True,True
3152,True,True,False,False,False,False,False,True
3153,True,True,False,False,False,True,True,True
3154,True,True,True,True,False,True,True,True
3155,False,False,False,False,False,False,True,True
3156,True,True,False,False,False,True,True,True
3157,True,True,False,False,False,False,False,False
3158,True,True,True,True,False,False,True,True
3159,True,True,True,False,False,False,False,False
3160,True,True,False,False,False,False,False,False
3161,True,True,False,False,False,True,True,True
3162,False,False,False,False,False,False,False,False
3163,True,True,True,True,True,True,True,True
3164,True,True,False,False,False,True,True,True
3165,True,True,True,True,False,True,True,True
3166,True,False,False,False,False,True,True,True
3167,True,True,True,True,False,False,False,False
3168,False,False,False,False,False,True,True,True
3169,True,True,False,False,False,True,True,True
3170,True,True,False,False,False,False,True,True
3171,True,False,False,False,False,False,False,True
3172,True,True,False,False,False,False,False,False
3173,True,True,True,True,False,True,True,True
3174,True,True,True,False,False,True,True,True
3175,True,False,False,False,False,True,True,True
3176,True,True,False,False,False,True,True,True
3177,True,False,False,False,False,True,True,True
3178,True,True,True,True,True,True,True,True
3179,True,True,True,True,False,False,False,True
3180,True,True,True,False,False,False,False,True
3181,False,False,False,False,False,True,True,True
3182,True,True,True,True,False,False,False,True
3183,True,True,False,False,False,False,False,True
3184,False,False,False,False,False,True,False,False
3185,False,False,False,False,False,True,True,True
3186,True,False,False,False,False,False,True,True
3187,True,True,False,False,False,False,False,True
3188,True,True,True,True,True,True,True,True
3189,True,True,True,False,False,True,True,True
3190,False,False,False,False,False,True,True,True
3191,True,True,True,True,False,True,True,True
3192,False,False,False,True,False,True,True,True
3193,True,True,True,True,True,True,True,True
3194,True,True,False,False,False,True,True,True
3195,False,False,False,False,False,True,True,True
3196,True,True,True,True,False,True,True,True
3197,True,True,False,False,False,False,True,True
3198,False,False,False,False,False,False,True,True
3199,True,True,True,True,False,False,False,True
3200,True,False,False,False,False,False,False,False
3201,True,True,False,False,False,False,False,False
3202,True,True,True,False,False,False,False,True
3203,True,True,False,False,False,False,False,True
3204,True,False,False,False,False,True,True,True
3205,True,False,False,False,False,False,False,False
3206,True,True,True,True,False,False,True,True
3207,True,True,True,False,False,False,False,True
3208,False,False,False,False,False,False,False,False
3209,True,True,True,False,False,False,False,True
3210,True,True,True,True,True,True,True,True
3211,True,True,True,True,True,True,True,True
3212,True,False,False,False,False,False,False,False
3213,True,True,True,False,False,True,True,True
3214,True,False,False,False,False,True,True,True
3215,True,True,True,True,True,True,True,True
3216,True,False,False,False,False,True,True,True
3217,True,False,False,False,False,True,True,True
3218,False,False,False,False,False,False,False,True
3219,False,False,False,False,False,True,True,True
3220,True,True,False,False,False,False,True,True
3221,True,True,True,True,False,False,False,True
3222,True,True,False,False,False,True,True,True
3223,True,True,True,True,True,True,True,True
3224,True,True,True,True,True,True,True,True
3225,True,True,False,False,False,False,False,True
3226,True,True,True,True,True,True,True,True
3227,True,True,True,False,False,False,False,False
3228,False,False,False,False,False,False,True,True
3229,True,True,True,True,False,False,True,True
3230,True,True,True,True,False,True,True,True
3231,True,True,True,True,False,False,True,True
3232,True,True,True,False,False,True,True,True
3233,True,True,True,True,False,False,False,False
3234,True,True,True,True,False,False,False,True
3235,False,False,False,False,False,True,True,True
3236,True,False,False,False,False,False,True,True
3237,True,False,False,False,False,True,True,True
3238,False,False,False,False,False,False,True,True
3239,True,True,True,True,True,True,True,True
3240,True,False,False,False,False,True,True,True
3241,True,False,False,False,False,True,True,True
3242,True,True,True,False,False,False,False,True
3243,False,False,False,False,False,True,True,True
3244,True,True,False,False,False,True,True,True
3245,False,False,False,False,False,True,True,True
3246,True,True,True,True,True,True,True,True
3247,True,False,False,False,False,True,True,True
3248,True,True,True,True,False,True,True,True
3249,False,False,False,False,False,True,True,True
3250,True,True,False,False,False,False,False,True
3251,False,False,False,False,False,True,True,True
3252,True,True,False,False,False,True,True,True
3253,True,False,False,False,False,True,True,True
3254,False,False,False,False,False,False,False,True
3255,True,True,True,True,False,False,True,True
3256,True,True,True,True,False,False,True,True
3257,True,True,True,False,False,True,True,True
3258,False,False,False,False,False,False,False,True
3259,True,True,True,True,False,False,False,False
3260,True,True,True,True,True,True,True,True
3261,True,False,False,False,False,True,True,True
3262,True,True,True,True,True,True,True,True
3263,True,True,True,True,False,False,False,False
3264,True,False,False,False,False,True,True,True
3265,True,True,True,False,False,False,False,True
3266,True,True,False,False,False,False,False,False
3267,True,True,True,True,True,True,True,True
3268,True,True,True,False,False,True,True,True
3269,True,False,False,False,False,True,True,True
3270,False,False,False,False,False,True,True,True
3271,True,False,False,False,False,False,False,False
3272,True,True,False,False,False,False,False,False
3273,False,False,False,False,False,False,False,False
3274,True,True,True,True,True,True,True,True
3275,False,False,False,False,False,True,False,True
3276,True,True,True,False,False,False,True,True
3277,True,True,True,False,False,False,True,True
3278,True,True,True,False,False,False,True,True
3279,True,True,False,False,False,True,True,True
3280,True,True,False,False,False,True,True,True
3281,False,False,False,False,False,False,False,True
3282,False,False,False,False,False,False,False,False
3283,True,True,True,True,True,True,True,True
3284,True,True,True,True,False,False,True,True
3285,True,True,True,True,True,True,True,True
3286,False,False,False,False,False,True,True,True
3287,True,True,True,True,False,False,True,True
3288,True,True,True,False,False,True,True,True
3289,False,False,False,False,False,True,True,True
3290,False,False,False,False,False,True,True,True
3291,True,True,True,False,False,True,True,True
3292,False,False,False,False,False,False,False,False
3293,False,False,False,False,False,True,True,True
3294,True,False,False,False,False,True,True,True
3295,True,True,True,False,False,True,True,True
3296,True,True,False,False,False,False,False,False
3297,True,True,True,True,True,True,True,True
3298,False,False,False,False,False,False,False,True
3299,True,True,False,False,False,True,True,True
3300,True,True,True,True,False,False,False,True
3301,False,False,False,False,False,False,True,True
3302,True,True,True,False,False,True,True,True
3303,True,True,True,True,False,False,False,True
3304,False,False,False,False,False,False,False,False
3305,True,True,False,False,False,False,False,False
3306,False,False,False,False,False,False,False,False
3307,True,True,True,False,False,False,False,True
3308,True,False,False,False,False,False,False,True
3309,True,True,True,False,False,True,True,True
3310,True,True,True,True,False,False,False,True
3311,True,True,True,False,False,True,True,True
3312,True,True,False,False,False,False,False,False
3313,True,False,False,False,False,False,False,True
3314,True,True,True,True,True,True,True,True
3315,False,True,False,False,False,True,True,True
3316,True,True,False,False,False,True,True,True
3317,True,True,True,False,False,True,True,True
3318,True,False,False,False,False,True,True,True
3319,True,True,True,True,False,False,False,False
3320,True,True,True,True,False,False,False,True
3321,True,True,True,False,False,False,False,True
3322,False,False,False,False,False,True,True,True
3323,True,True,True,True,True,True,True,True
3324,False,False,False,False,False,False,True,True
3325,False,False,False,False,False,False,False,False
3326,True,True,True,True,False,False,False,True
3327,True,True,True,True,False,True,True,True
3328,True,True,True,True,True,True,True,True
3329,True,False,False,False,False,True,True,True
3330,True,True,False,False,False,True,True,True
3331,False,False,False,False,False,False,False,False
3332,True,True,True,False,False,False,False,False
3333,True,True,True,True,True,True,True,True
3334,True,True,True,True,False,False,False,True
3335,False,False,False,False,False,True,True,True
3336,True,False,False,False,False,False,False,True
3337,True,True,True,False,False,False,False,True
3338,True,True,True,True,False,False,False,False
3339,True,True,True,True,False,True,True,True
3340,True,True,False,False,False,False,False,True
3341,False,False,False,False,False,True,True,True
3342,True,True,False,False,False,True,True,True
3343,False,False,False,False,False,True,True,True
3344,False,False,False,False,False,False,False,True
3345,True,True,True,True,False,False,False,True
3346,True,True,True,False,False,True,True,True
3347,True,True,True,True,True,True,True,True
3348,True,True,True,False,False,True,True,True
3349,True,True,True,True,False,False,False,False
3350,True,True,True,True,True,True,True,True
3351,True,True,True,True,True,True,True,True
3352,True,True,False,False,False,True,True,True
3353,False,False,False,False,False,True,True,True
3354,False,False,False,False,False,True,False,True
3355,True,True,False,False,False,False,True,True
3356,False,False,False,False,False,False,False,False
3357,True,True,False,False,False,False,False,False
3358,True,True,True,True,True,True,True,True
3359,True,True,True,True,False,True,True,True
3360,True,True,True,False,False,False,False,False
3361,True,False,False,False,False,False,False,False
3362,False,False,False,False,False,False,False,True
3363,True,True,True,False,False,True,True,True
3364,False,False,False,False,False,False,False,False
3365,True,True,True,True,True,True,True,True
3366,True,True,False,False,False,False,False,True
3367,True,True,True,False,False,True,True,True
3368,True,True,True,False,False,False,True,True
3369,True,False,False,False,False,False,False,True
3370,True,True,True,True,True,True,True,True
3371,True,True,True,True,True,True,True,True
3372,True,True,True,False,False,True,True,True
3373,True,True,True,True,True,True,True,True
3374,True,True,False,False,False,True,True,True
3375,True,True,False,False,False,True,True,True
3376,True,False,False,False,False,True,False,True
3377,True,False,False,False,False,False,False,True
3378,False,False,False,False,False,False,False,True
3379,True,True,True,False,False,True,True,True
3380,True,False,False,False,False,True,True,True
3381,True,True,True,False,False,True,True,True
3382,True,False,False,False,False,True,True,True
3383,True,True,True,True,False,False,False,False
3384,True,True,True,False,False,True,True,True
3385,True,False,False,False,False,False,False,True
3386,True,True,True,True,False,False,True,True
3387,True,True,True,True,True,True,True,True
3388,True,True,False,False,False,True,True,True
3389,True,True,True,True,False,False,True,True
3390,True,True,True,True,False,False,False,True
3391,False,False,False,False,False,True,True,True
3392,True,True,True,True,True,True,True,True
3393,True,True,True,True,False,False,False,True
3394,True,False,False,False,False,False,False,True
3395,True,True,True,True,False,True,True,True
3396,False,False,False,False,False,True,True,True
3397,True,True,False,False,False,False,False,False
3398,True,True,False,False,False,True,True,True
3399,True,True,True,True,False,False,True,True
3400,False,False,False,False,False,False,False,True
3401,False,False,False,False,False,True,True,True
3402,True,True,True,True,False,False,False,True
3403,True,False,False,False,False,False,False,False
3404,False,False,False,False,False,False,False,False
3405,True,True,True,True,False,False,True,True
3406,True,True,False,False,False,True,True,True
3407,True,True,True,True,False,False,True,True
3408,True,True,True,True,False,True,True,True
3409,True,True,True,True,False,False,False,False
3410,True,True,False,False,False,False,False,False
3411,True,True,True,True,True,True,True,True
3412,True,True,True,True,True,True,True,True
3413,True,False,False,False,False,False,True,True
3414,True,True,False,False,False,False,False,True
3415,True,True,False,False,False,True,True,True
3416,True,False,False,False,False,False,False,False
3417,True,True,True,True,True,True,True,True
3418,True,True,True,False,False,True,True,True
3419,True,True,True,False,False,True,True,True
3420,True,True,True,True,False,False,True,True
3421,True,False,False,False,False,False,False,False
3422,False,False,False,False,False,False,False,False
3423,True,False,False,False,False,False,False,True
3424,True,True,True,True,False,False,False,True
3425,False,False,False,False,False,True,True,True
3426,True,True,True,True,False,False,False,False
3427,True,False,False,False,False,False,False,True
3428,False,False,False,False,False,True,True,True
3429,False,False,False,False,False,False,False,True
3430,True,False,False,False,False,True,True,True
3431,True,True,True,False,False,True,True,True
3432,True,False,False,False,False,False,False,False
3433,False,False,False,False,False,True,True,True
3434,True,True,True,True,False,False,False,True
3435,True,True,True,True,True,True,True,True
3436,True,True,True,False,False,False,True,True
3437,True,True,True,True,False,True,True,True
3438,True,False,False,False,False,False,True,True
3439,True,False,False,False,False,True,True,True
3440,True,False,False,False,False,False,True,True
3441,True,True,True,True,False,False,False,False
3442,True,True,True,True,False,False,False,False
3443,True,True,True,True,True,True,True,True
3444,True,False,False,False,False,True,True,True
3445,True,True,True,True,True,True,True,True
3446,False,False,False,False,False,False,False,False
3447,True,False,False,False,False,False,False,False
3448,True,True,True,False,False,False,False,False
3449,True,True,True,True,True,True,True,True
3450,True,False,False,False,False,False,False,True
3451,False,False,False,False,False,True,True,True
3452,False,False,False,False,False,False,True,True
3453,False,False,False,False,False,False,False,True
3454,False,False,False,False,False,True,True,True
3455,True,True,True,True,False,False,False,True
3456,True,True,True,False,False,False,False,False
3457,True,True,False,False,False,True,True,True
3458,True,False,False,False,False,False,False,False
3459,False,False,False,False,False,False,False,False
3460,True,False,False,False,False,False,False,True
3461,True,False,False,False,False,True,True,True
3462,True,False,False,False,False,True,True,True
3463,True,True,True,False,False,False,True,True
3464,True,True,False,False,False,True,True,True
3465,True,True,True,True,False,True,True,True
3466,True,False,False,False,False,False,True,True
3467,True,True,True,True,False,True,True,True
3468,True,True,True,True,False,False,False,True
3469,False,False,False,False,False,False,False,True
3470,True,True,True,True,True,True,True,True
3471,True,True,True,True,True,True,True,True
3472,True,True,True,True,True,True,True,True
3473,True,True,True,False,False,False,False,True
3474,False,False,False,False,False,False,False,True
3475,False,False,False,False,False,True,True,True
3476,True,True,True,True,True,True,True,True
3477,False,False,False,False,False,False,True,True
3478,True,True,True,False,False,False,False,True
3479,True,True,True,False,False,False,False,True
3480,True,False,False,False,False,False,False,True
3481,False,False,False,False,False,True,False,False
3482,True,False,False,False,False,False,False,False
3483,True,True,True,False,False,True,True,True
3484,False,False,False,False,False,True,True,True
3485,True,True,True,False,False,False,False,True
3486,True,True,False,False,False,True,True,True
3487,True,False,False,False,False,False,True,True
3488,True,True,True,True,True,True,True,True
3489,True,False,False,False,False,False,True,True
3490,True,True,True,True,True,True,True,True
3491,True,False,False,False,False,True,False,True
3492,True,True,True,True,True,True,True,True
3493,True,True,True,True,True,True,True,True
3494,True,True,True,True,False,True,True,True
3495,True,True,False,False,False,False,True,True
3496,True,True,False,False,False,False,False,True
3497,True,True,True,True,False,False,True,True
3498,True,True,True,True,False,False,True,True
3499,True,True,True,False,False,False,False,False
3500,True,True,False,False,False,True,True,True
3501,False,False,False,False,False,True,True,True
3502,True,True,True,True,False,False,False,False
3503,True,True,True,True,False,False,True,True
3504,True,False,False,False,False,False,False,True
3505,True,True,False,False,False,False,False,True
3506,True,True,True,False,False,False,True,True
3507,True,True,False,False,False,True,True,True
3508,True,False,False,False,False,True,True,True
3509,True,True,False,False,False,False,True,True
3510,True,True,True,True,False,False,False,True
3511,True,True,False,False,False,False,False,False
3512,True,False,False,False,False,False,False,False
3513,True,True,True,True,False,False,False,True
3514,False,False,False,False,False,True,True,True
3515,True,True,True,True,False,False,False,True
3516,False,False,False,False,False,False,False,False
3517,True,False,False,False,False,False,False,True
3518,True,True,False,False,False,True,True,True
3519,True,True,True,True,True,True,True,True
3520,True,True,False,False,False,False,False,True
3521,False,False,False,False,False,True,True,True
3522,True,True,False,False,False,False,True,True
3523,False,False,False,False,False,False,False,False
3524,True,True,True,False,False,False,False,True
3525,False,False,False,False,False,False,False,True
3526,True,True,True,True,True,True,True,True
3527,True,True,True,False,False,True,True,True
3528,False,False,False,False,False,False,False,True
3529,True,True,True,False,False,False,True,True
3530,True,True,False,False,False,False,False,False
3531,False,False,False,False,False,True,True,True
3532,False,False,False,False,False,True,True,True
3533,True,True,True,True,False,False,True,True
3534,True,True,True,True,False,True,True,True
3535,False,False,False,False,False,True,True,True
3536,True,False,False,False,False,True,True,True
3537,True,False,False,False,False,False,False,True
3538,True,True,True,False,False,True,True,True
3539,True,False,False,False,False,True,True,True
3540,True,True,True,True,True,True,True,True
3541,True,False,False,False,False,True,True,True
3542,True,True,True,False,False,False,False,False
3543,True,True,True,True,False,True,True,True
3544,False,False,False,False,False,True,True,True
3545,True,True,False,False,False,True,True,True
3546,True,True,True,False,False,False,False,True
3547,False,False,False,False,False,False,False,True
3548,False,False,False,False,False,True,True,True
3549,True,False,False,False,False,True,True,True
3550,True,True,True,True,False,False,True,True
3551,True,True,True,False,False,True,True,True
3552,True,True,True,False,False,False,False,False
3553,True,True,True,True,False,False,False,True
3554,True,True,True,True,False,False,True,True
3555,True,True,True,False,False,False,False,False
3556,False,False,False,False,False,True,True,True
3557,False,False,False,False,False,True,True,True
3558,True,True,False,False,False,False,False,False
3559,False,False,False,False,False,True,True,True
3560,True,False,False,False,False,False,False,True
3561,True,True,False,False,False,True,True,True
3562,True,False,False,False,False,True,True,True
3563,True,True,True,False,False,False,False,True
3564,True,True,True,True,True,True,True,True
3565,True,True,True,True,True,True,True,True
3566,True,False,False,False,False,True,True,True
3567,True,False,False,False,False,False,True,True
3568,True,True,True,False,False,False,False,True
3569,True,True,True,True,False,True,True,True
3570,True,False,False,False,False,True,True,True
3571,True,True,True,True,True,True,True,True
3572,True,True,True,True,True,True,True,True
3573,True,True,True,False,False,False,False,False
3574,True,False,False,False,False,True,True,True
3575,True,True,True,True,False,False,False,True
3576,False,False,False,False,False,True,True,True
3577,True,False,False,False,False,False,True,True
3578,True,False,False,False,False,False,False,True
3579,False,False,False,False,False,True,True,True
3580,True,False,False,False,False,True,True,True
3581,True,True,True,True,False,False,False,False
3582,True,True,True,True,False,False,True,True
3583,False,False,False,False,False,True,True,True
3584,True,True,True,True,True,True,True,True
3585,True,False,False,False,False,False,False,False
3586,True,True,True,True,True,True,True,True
3587,True,False,False,False,False,False,False,False
3588,True,True,False,False,False,False,True,True
3589,True,True,True,True,False,True,True,True
3590,True,True,False,False,False,False,False,False
3591,True,False,False,False,False,False,False,False
3592,True,True,True,True,False,False,False,True
3593,False,False,False,False,False,True,True,True
3594,True,False,False,False,False,True,True,True
3595,False,False,False,False,False,True,True,True
3596,False,False,False,False,False,False,False,False
3597,False,False,False,False,False,True,True,True
3598,True,False,False,False,False,True,True,True
3599,True,False,False,False,False,True,True,True
3600,False,False,False,False,False,False,True,True
3601,True,True,True,True,True,True,True,True
3602,True,True,True,True,False,False,False,False
3603,False,False,False,False,False,True,True,True
3604,True,True,True,True,True,True,True,True
3605,True,True,True,True,True,True,True,True
3606,False,False,False,False,False,True,False,True
3607,True,True,True,True,False,False,False,False
3608,True,True,True,True,False,False,True,True
3609,True,True,True,True,True,True,True,True
3610,True,True,True,True,False,False,False,False
3611,False,False,False,False,False,False,False,False
3612,True,True,False,False,False,False,False,False
3613,True,True,True,True,False,True,True,True
3614,False,False,False,False,False,False,True,True
3615,True,True,True,True,True,True,True,True
3616,True,False,False,False,False,False,False,True
3617,True,True,False,False,False,True,True,True
3618,False,False,False,False,False,False,False,True
3619,True,False,False,False,False,False,False,True
3620,False,False,False,False,False,True,True,True
3621,True,True,False,False,False,False,False,False
3622,True,True,True,True,True,True,True,True
3623,True,True,True,False,False,True,True,True
3624,True,True,True,True,True,True,True,True
3625,True,True,True,True,True,True,True,True
3626,True,True,False,False,False,False,False,True
3627,False,False,False,False,False,False,False,False
3628,False,False,False,False,False,True,True,True
3629,True,True,False,False,False,False,False,False
3630,True,True,False,False,False,False,False,False
3631,False,False,False,False,False,False,False,False
3632,True,True,True,True,True,True,True,True
3633,True,True,True,True,True,True,True,True
3634,True,True,True,True,False,True,True,True
3635,True,True,False,False,False,False,False,False
3636,False,False,False,False,False,True,True,True
3637,True,False,False,False,False,True,True,True
3638,True,True,True,True,False,True,True,True
3639,True,True,True,True,False,False,False,True
3640,True,True,True,True,True,True,True,True
3641,True,True,True,True,True,True,True,True
3642,True,True,False,False,False,True,False,True
3643,True,False,False,False,False,True,True,True
3644,True,False,False,False,False,True,True,True
3645,True,True,True,True,True,True,True,True
3646,True,True,False,False,False,False,False,True
3647,True,True,False,False,False,False,False,True
3648,True,True,False,False,False,True,True,True
3649,True,True,False,False,False,False,True,True
3650,True,True,False,False,False,False,False,True
3651,True,False,False,False,False,True,True,True
3652,False,False,False,False,False,False,False,True
3653,True,False,False,False,False,True,True,True
3654,True,True,True,True,False,False,False,False
3655,False,False,False,False,False,False,False,True
3656,True,True,False,False,False,True,True,True
3657,True,False,False,False,False,False,False,False
3658,True,True,False,False,False,True,True,True
3659,True,True,True,True,True,True,True,True
3660,True,True,False,False,False,False,True,True
3661,False,False,False,False,False,True,True,True
3662,True,True,True,True,False,False,True,True
3663,True,True,True,True,False,False,False,True
3664,True,True,True,True,True,True,True,True
3665,True,True,True,True,True,True,True,True
3666,True,True,True,False,False,False,False,True
3667,True,True,False,False,False,False,False,False
3668,False,False,False,False,False,True,True,True
3669,True,True,False,False,False,False,False,True
3670,False,False,False,False,False,True,True,True
3671,False,False,False,False,False,True,True,True
3672,True,False,False,False,False,True,True,True
3673,True,False,False,False,False,False,False,True
3674,True,True,True,False,False,True,True,True
3675,True,True,True,True,False,False,False,False
3676,True,True,False,False,False,False,False,False
3677,True,True,False,False,False,False,True,True
3678,True,True,True,True,True,True,True,True
3679,True,False,False,False,False,False,False,False
3680,False,False,False,False,False,True,True,True
3681,False,False,False,False,False,True,True,True
3682,True,True,True,True,False,True,True,True
3683,True,True,True,False,False,False,False,True
3684,True,True,True,True,False,False,True,True
3685,True,True,True,True,False,True,True,True
3686,True,True,True,True,True,True,True,True
3687,True,False,False,False,False,True,True,True
3688,False,False,False,False,False,False,True,True
3689,False,False,False,False,False,False,False,True
3690,False,False,False,False,False,True,True,True
3691,True,True,True,True,True,True,True,True
3692,True,False,False,False,False,False,True,True
3693,True,True,False,False,False,True,True,True
3694,True,True,False,False,False,False,False,True
3695,True,False,False,False,False,False,False,True
3696,True,True,True,True,False,False,False,False
3697,True,True,True,True,True,True,True,True
3698,True,True,True,True,True,True,True,True
3699,True,True,True,True,False,False,True,True
3700,True,True,False,False,False,False,False,True
3701,True,True,True,True,True,True,True,True
3702,True,False,False,False,False,True,True,True
3703,True,True,True,True,True,True,True,True
3704,True,False,False,False,False,False,False,False
3705,True,False,True,False,False,False,False,False
3706,True,True,True,False,False,False,False,True
3707,True,True,True,False,False,True,True,True
3708,True,False,False,False,False,True,True,True
3709,True,True,True,True,False,False,False,False
3710,True,True,False,False,False,False,False,True
3711,True,False,False,False,False,False,False,True
3712,False,False,False,False,False,False,False,False
3713,True,True,False,False,False,True,True,True
3714,True,True,True,False,False,False,True,True
3715,True,False,False,False,False,True,True,True
3716,True,True,True,True,False,False,False,True
3717,True,True,True,True,False,True,True,True
3718,True,True,True,True,True,True,True,True
3719,True,True,True,False,False,False,False,False
3720,True,True,True,True,True,True,True,True
3721,True,True,True,True,True,True,True,True
3722,True,True,False,False,False,False,False,True
3723,True,False,False,False,False,False,True,True
3724,False,False,False,False,False,True,True,True
3725,False,False,False,False,False,True,True,True
3726,True,True,True,True,False,False,True,True
3727,True,True,False,False,False,True,True,True
3728,True,True,True,True,True,True,True,True
3729,True,True,True,True,True,True,True,True
3730,True,True,True,True,True,True,True,True
3731,False,False,False,False,False,True,True,True
3732,True,True,True,True,True,True,True,True
3733,True,False,False,False,False,False,False,False
3734,True,True,False,False,False,False,False,True
3735,True,True,True,True,False,False,False,True
3736,False,False,False,False,False,False,False,True
3737,True,True,False,False,False,True,True,True
3738,False,False,False,False,False,False,True,True
3739,True,True,True,False,False,False,False,True
3740,True,True,True,True,False,False,False,False
3741,True,True,True,True,True,True,True,True
3742,True,True,True,True,False,False,True,True
3743,False,False,False,False,False,True,True,True
3744,True,False,False,False,False,True,False,False
3745,False,False,False,False,False,False,False,False
3746,True,True,False,False,False,False,True,True
3747,True,True,True,True,True,True,True,True
3748,True,False,False,False,False,True,True,True
3749,True,True,True,True,False,True,True,True
3750,True,True,True,True,True,True,True,True
3751,True,True,True,True,False,False,False,True
3752,False,False,False,False,False,True,True,True
3753,True,True,True,True,True,True,True,True
3754,True,False,False,False,False,True,True,True
3755,False,True,False,False,False,True,True,True
3756,True,True,True,True,False,True,True,True
3757,True,True,True,True,False,False,False,False
3758,True,False,False,False,False,True,True,True
3759,True,True,True,True,False,True,True,True
3760,True,True,True,True,False,False,False,False
3761,False,False,False,False,False,True,True,True
3762,True,False,False,False,False,True,True,True
3763,True,True,True,False,False,False,False,True
3764,True,True,True,False,False,False,True,True
3765,False,False,False,False,False,True,True,True
3766,True,True,True,False,False,True,True,True
3767,True,True,True,True,False,True,True,True
3768,True,True,False,False,False,False,False,False
3769,False,False,False,False,False,False,False,False
3770,True,True,True,True,False,True,True,True
3771,True,False,False,False,False,True,True,True
3772,True,False,False,False,False,True,True,True
3773,True,False,False,False,False,False,True,True
3774,False,False,False,False,False,False,False,True
3775,False,False,False,False,False,True,True,True
3776,True,False,False,False,False,False,False,False
3777,True,False,False,False,False,False,False,True
3778,True,True,False,False,False,False,True,True
3779,True,True,True,True,False,False,False,True
3780,False,False,False,False,False,False,True,True
3781,True,True,True,True,False,False,False,False
3782,False,False,False,False,False,True,True,True
3783,True,True,True,True,True,True,True,True
3784,True,True,True,True,True,True,True,True
3785,True,True,True,False,False,False,False,False
3786,True,True,True,True,False,True,True,True
3787,False,False,False,False,False,True,True,True
3788,True,True,True,False,False,True,True,True
3789,True,True,False,False,False,False,False,True
3790,True,False,False,False,False,True,True,True
3791,True,True,False,False,False,True,True,True
3792,False,False,False,False,False,True,True,True
3793,True,True,True,True,True,True,True,True
3794,True,True,True,False,False,False,False,True
3795,False,False,False,False,False,True,True,True
3796,True,True,False,False,False,True,True,True
3797,True,False,False,False,False,False,False,True
3798,True,True,True,False,False,False,False,False
3799,True,True,True,True,True,True,True,True
3800,False,False,False,False,False,True,True,True
3801,True,True,True,False,False,False,True,True
3802,True,True,True,True,False,False,False,False
3803,True,False,False,False,False,False,False,True
3804,True,True,True,True,False,False,True,True
3805,True,True,True,False,False,True,True,True
3806,True,False,False,False,False,True,True,True
3807,True,True,True,True,False,False,False,True
3808,True,True,True,True,False,False,True,True
3809,True,True,False,False,False,True,True,True
3810,True,False,False,False,False,True,True,True
3811,True,True,True,False,False,False,False,True
3812,False,False,False,False,False,False,False,False
3813,True,True,False,False,False,True,True,True
3814,True,True,True,False,False,False,False,True
3815,True,True,True,True,True,True,True,True
3816,True,True,True,True,True,True,True,True
3817,True,True,True,True,False,False,False,False
3818,True,True,True,True,False,False,False,False
3819,True,True,True,True,False,False,True,True
3820,True,True,True,True,False,True,True,True
3821,True,False,False,False,False,True,True,True
3822,False,False,False,False,False,False,False,False
3823,True,True,True,True,False,False,False,False
3824,True,True,True,True,True,True,True,True
3825,True,False,False,False,False,False,False,True
3826,False,False,False,False,False,False,False,False
3827,False,False,False,False,False,True,True,True
3828,True,True,False,False,False,True,True,True
3829,True,True,False,False,False,False,False,True
3830,True,False,False,False,False,True,True,True
3831,True,True,True,True,True,True,True,True
3832,True,True,True,True,False,False,False,True
3833,True,False,False,False,False,False,False,True
3834,True,True,True,True,True,True,True,True
3835,True,False,False,False,False,True,True,True
3836,True,True,True,True,True,True,True,True
3837,True,True,False,False,False,True,True,True
3838,True,True,True,True,False,True,True,True
3839,True,True,True,True,False,True,False,True
3840,True,True,True,True,True,True,True,True
3841,True,True,True,True,False,True,True,True
3842,False,False,False,False,False,False,False,True
3843,True,False,False,False,False,True,True,True
3844,True,True,True,True,True,True,True,True
3845,True,True,False,False,False,False,False,True
3846,True,True,False,False,False,False,False,False
3847,True,False,False,False,False,False,False,True
3848,True,False,False,False,False,True,True,True
3849,True,True,False,False,False,True,True,True
3850,True,True,True,True,False,False,False,False
3851,True,True,False,False,False,False,False,False
3852,True,True,True,False,False,True,True,True
3853,True,True,True,True,False,False,False,False
3854,False,False,False,False,False,True,False,False
3855,True,True,False,False,False,False,False,True
3856,True,False,False,False,False,True,True,True
3857,True,False,False,False,False,True,True,True
3858,True,True,True,True,True,True,True,True
3859,True,True,True,False,False,True,True,True
3860,True,False,False,False,False,True,True,True
3861,True,False,False,False,False,False,True,True
3862,True,True,False,False,False,False,True,True
3863,False,False,False,False,False,True,True,True
3864,True,False,False,False,False,False,False,False
3865,True,True,True,False,False,False,False,False
3866,True,True,True,True,True,True,True,True
3867,True,True,True,True,False,False,False,True
3868,True,True,True,True,False,False,False,False
3869,True,True,False,False,False,False,False,False
3870,True,True,True,True,False,False,True,True
3871,True,True,True,False,False,True,True,True
3872,False,False,False,False,False,True,True,True
3873,True,True,False,False,False,False,True,True
3874,True,True,False,False,False,False,False,False
3875,True,True,True,True,False,True,True,True
3876,True,True,True,True,False,False,False,False
3877,False,False,False,False,False,True,True,True
3878,True,True,True,True,True,True,True,True
3879,True,True,False,False,False,False,False,False
3880,True,True,True,False,False,False,False,False
3881,True,True,False,False,False,True,True,True
3882,True,True,True,False,False,False,False,True
3883,True,True,True,False,False,False,False,True
3884,True,True,True,False,False,True,True,True
3885,True,True,True,True,True,True,True,True
3886,True,False,False,False,False,True,True,True
3887,True,True,True,True,False,False,True,True
3888,True,True,True,False,False,True,True,True
3889,True,True,False,False,False,False,False,False
3890,True,True,True,True,True,True,True,True
3891,True,True,True,True,False,False,False,False
3892,True,False,False,False,False,False,True,True
3893,True,True,True,True,True,True,True,True
3894,True,True,False,False,False,False,True,True
3895,True,False,False,False,False,True,True,True
3896,True,True,False,False,False,False,False,False
3897,True,True,True,True,True,True,True,True
3898,True,False,False,False,False,False,False,True
3899,False,False,False,False,False,True,True,True
3900,True,True,True,True,True,True,True,True
3901,True,False,False,False,False,True,True,True
3902,True,True,True,False,False,True,True,True
3903,True,True,True,False,False,False,False,False
3904,True,True,True,True,False,False,False,True
3905,False,False,False,False,False,True,True,True
3906,True,False,False,False,False,False,True,True
3907,True,False,False,False,False,True,True,True
3908,True,True,True,False,False,True,True,True
3909,True,True,True,True,False,True,True,True
3910,True,True,True,True,True,True,True,True
3911,True,True,True,True,False,False,False,True
3912,True,True,True,False,False,False,False,False
3913,True,True,False,False,False,True,True,True
3914,True,True,True,True,False,False,False,True
3915,True,True,True,False,False,False,False,False
3916,False,False,False,False,False,False,False,False
3917,True,True,False,False,False,True,True,True
3918,True,True,True,True,False,False,False,False
3919,True,False,False,False,False,True,True,True
3920,True,True,True,True,True,True,True,True
3921,True,True,False,False,False,True,True,True
3922,True,True,True,True,False,False,False,False
3923,True,True,True,True,True,True,True,True
3924,False,False,False,False,False,True,True,True
3925,True,True,True,True,False,True,True,True
3926,True,False,False,False,False,False,False,True
3927,True,True,False,False,False,True,True,True
3928,True,False,False,False,False,True,True,True
3929,False,False,False,False,False,False,False,True
3930,True,True,True,False,False,False,False,True
3931,False,False,False,False,False,True,True,True
3932,False,False,False,False,False,True,True,True
3933,True,True,True,True,False,False,True,True
3934,True,True,True,True,False,False,False,True
3935,True,False,False,False,False,True,False,False
3936,True,True,False,False,False,False,False,True
3937,False,False,False,False,False,False,False,False
3938,True,False,False,False,False,False,False,False
3939,True,True,True,False,False,False,True,True
3940,True,True,True,False,False,False,False,False
3941,True,True,True,True,False,False,False,False
3942,False,False,False,False,False,False,False,False
3943,True,True,True,True,False,True,True,True
3944,True,True,False,False,False,True,True,True
3945,True,True,False,False,False,True,True,True
3946,True,True,False,False,False,False,False,False
3947,True,True,False,False,False,True,True,True
3948,True,True,True,True,False,True,True,True
3949,True,True,True,False,False,False,False,False
3950,True,True,True,True,False,False,False,False
3951,True,False,False,False,False,False,False,True
3952,True,True,False,False,False,False,False,True
3953,False,False,False,False,False,False,False,False
3954,True,True,True,True,True,True,True,True
3955,True,True,True,True,True,True,True,True
3956,False,False,False,False,False,True,True,True
3957,True,True,True,False,False,False,False,False
3958,True,True,True,True,True,True,True,True
3959,True,True,True,True,True,True,True,True
3960,True,True,True,False,False,False,True,True
3961,True,True,True,True,True,True,True,True
3962,True,True,True,True,True,True,True,True
3963,True,True,True,False,False,True,True,True
3964,True,True,True,False,False,True,True,True
3965,False,False,False,False,False,True,True,True
3966,True,True,True,False,False,True,True,True
3967,False,False,False,False,False,True,True,True
3968,True,False,False,False,False,True,True,True
3969,True,False,False,False,False,True,True,True
3970,True,True,True,False,False,True,True,True
3971,True,True,True,True,True,True,True,True
3972,False,False,False,False,False,False,False,True
3973,True,True,False,False,False,False,True,True
3974,True,True,True,True,True,True,True,True
3975,True,True,True,True,False,True,True,True
3976,True,True,False,False,False,False,True,False
3977,True,True,True,True,True,True,True,True
3978,True,True,True,True,True,True,True,True
3979,True,False,False,False,False,False,False,False
3980,True,True,True,True,False,False,True,True
3981,True,True,False,False,False,True,True,True
3982,True,True,True,True,False,False,False,True
3983,False,False,False,False,False,False,False,True
3984,False,False,False,False,False,True,True,True
3985,False,False,False,False,False,False,False,True
3986,True,True,False,False,False,False,True,True
3987,False,False,False,False,False,True,True,True
3988,False,False,False,False,False,False,False,True
3989,True,False,False,False,False,True,True,True
3990,True,True,True,True,False,False,True,True
3991,True,False,False,False,False,False,True,True
3992,True,True,True,True,False,False,False,False
3993,True,True,True,False,False,False,False,False
3994,True,False,False,False,False,False,False,False
3995,True,False,False,False,False,False,False,True
3996,True,True,True,True,False,False,True,True
3997,False,False,False,False,False,True,True,True
3998,True,True,True,False,False,True,True,True
3999,True,True,True,False,False,True,True,True
4000,True,True,True,True,False,True,True,True
4001,True,True,True,True,True,True,True,True
4002,True,True,True,True,False,False,False,True
4003,True,True,False,False,False,True,True,True
4004,True,True,False,False,False,True,True,True
4005,True,True,True,True,False,False,True,True
4006,True,False,False,False,False,False,True,True
4007,True,True,False,False,False,True,True,True
4008,True,True,False,False,False,False,True,True
4009,True,False,False,False,False,False,False,True
4010,True,True,False,False,False,True,True,True
4011,False,False,False,False,False,True,True,True
4012,True,False,False,False,False,True,True,True
4013,False,False,False,False,False,False,False,True
4014,True,True,True,False,False,True,True,True
4015,True,True,True,True,False,False,True,True
4016,True,True,False,False,False,False,False,True
4017,True,False,False,False,False,True,True,True
4018,False,False,False,False,False,False,False,True
4019,True,False,False,False,False,True,True,True
4020,True,False,False,False,False,True,True,True
4021,True,True,True,True,False,False,False,True
4022,False,False,False,False,False,False,True,True
4023,False,False,False,False,False,True,False,False
4024,True,True,True,False,False,False,True,True
4025,True,True,False,False,False,True,True,True
4026,True,False,False,False,False,False,True,True
4027,True,True,True,True,False,False,True,True
4028,True,True,True,False,False,False,False,False
4029,True,True,True,False,False,False,True,True
4030,True,True,True,False,False,True,True,True
4031,False,True,False,False,False,False,False,False
4032,True,True,True,True,True,True,True,True
4033,True,True,True,True,True,True,True,True
4034,True,True,False,False,False,False,False,True
4035,False,False,False,False,False,True,True,True
4036,True,False,False,False,False,True,True,True
4037,True,True,False,False,False,False,False,False
4038,False,False,False,False,False,False,False,False
4039,True,False,False,False,False,True,True,True
4040,True,False,False,False,False,True,True,True
4041,True,True,False,False,False,True,False,True
4042,True,False,False,False,False,False,False,True
4043,True,True,True,False,False,False,False,False
4044,True,True,True,True,True,True,True,True
4045,False,False,False,False,False,True,True,True
4046,True,True,False,False,False,True,False,True
4047,True,False,False,False,False,False,True,True
4048,True,True,True,True,False,False,False,False
4049,True,False,False,False,False,False,False,False
4050,True,True,False,False,False,False,False,False
4051,True,False,False,False,False,True,True,True
4052,True,True,True,False,False,False,False,True
4053,True,True,True,False,False,False,True,True
4054,True,True,True,True,True,True,True,True
4055,False,False,False,False,False,True,True,True
4056,False,False,False,False,False,True,True,True
4057,True,True,False,False,False,True,False,False
4058,True,True,True,True,False,False,False,True
4059,True,True,False,False,False,True,True,True
4060,False,False,False,False,False,True,True,True
4061,False,False,False,False,False,False,False,True
4062,True,True,True,False,False,True,True,True
4063,True,True,False,False,False,True,True,True
4064,True,True,False,False,False,True,True,True
4065,True,True,True,True,False,True,True,True
4066,True,True,False,False,False,False,False,False
4067,True,True,True,True,False,False,False,True
4068,True,False,False,False,False,False,True,True
4069,True,False,False,False,False,True,True,True
4070,True,True,True,False,False,False,False,True
4071,True,True,True,True,False,False,False,False
4072,True,True,True,True,False,False,True,True
4073,True,True,True,True,True,True,True,True
4074,True,False,False,False,False,False,False,False
4075,True,True,True,False,False,False,False,False
4076,True,False,False,False,False,True,True,True
4077,True,False,False,False,False,False,False,False
4078,True,True,True,True,False,False,True,True
4079,True,True,True,True,False,False,False,True
4080,False,False,False,False,False,True,False,False
4081,False,False,False,False,False,True,True,True
4082,True,True,True,True,False,False,False,True
4083,True,False,False,False,False,False,False,False
4084,True,True,True,True,True,True,True,True
4085,True,True,True,False,False,False,False,True
4086,False,False,False,False,False,False,False,True
4087,True,False,False,False,False,False,False,False
4088,True,True,False,False,False,True,True,True
4089,True,True,True,True,False,False,True,True
4090,True,True,False,False,False,False,True,True
4091,True,True,True,False,False,False,False,False
4092,False,False,False,False,False,True,True,True
4093,True,True,True,True,False,True,True,True
4094,False,False,False,False,False,True,False,False
4095,True,True,True,True,False,False,False,True
4096,True,False,False,False,False,False,False,True
4097,True,True,False,False,False,True,True,True
4098,True,False,False,False,False,False,True,True
4099,False,False,False,False,False,False,False,True
4100,True,True,True,False,False,False,True,True
4101,True,True,False,False,False,False,False,False
4102,True,True,True,True,True,True,True,True
4103,True,True,False,False,False,True,True,True
4104,True,True,False,False,False,True,True,True
4105,False,False,False,False,False,True,True,True
4106,True,False,False,False,False,False,True,True
4107,True,True,True,True,False,True,True,True
4108,True,False,False,False,False,True,False,False
4109,True,True,True,True,False,False,False,True
4110,True,True,True,True,True,True,True,True
4111,True,True,True,True,True,True,True,True
4112,True,True,True,True,False,False,False,False
4113,True,True,True,True,True,True,True,True
4114,False,False,False,False,False,True,True,True
4115,True,True,False,False,False,False,False,False
4116,True,True,True,False,False,False,True,True
4117,True,True,True,False,False,False,False,False
4118,True,True,False,False,False,False,False,True
4119,True,True,True,False,False,False,False,True
4120,False,False,False,False,False,False,True,True
4121,True,False,False,False,False,False,False,True
4122,True,False,False,False,False,True,True,True
4123,False,False,False,False,False,False,False,False
4124,True,True,False,False,False,False,False,False
4125,True,True,False,False,False,True,True,True
4126,True,True,False,False,False,True,True,True
4127,True,True,True,True,True,True,True,True
4128,True,False,False,False,False,False,False,False
4129,True,True,True,True,True,True,True,True
4130,True,False,False,False,False,False,False,False
4131,True,False,False,False,False,False,True,True
4132,False,False,False,False,False,False,False,False
4133,False,False,False,False,False,False,False,True
4134,True,True,True,False,False,True,True,True
4135,True,True,True,True,True,True,True,True
4136,True,True,True,True,False,False,False,False
4137,True,False,False,False,False,False,False,False
4138,False,False,False,False,False,True,True,True
4139,True,True,True,True,True,True,True,True
4140,True,True,True,False,False,False,False,False
4141,True,False,False,False,False,False,False,False
4142,True,True,True,True,True,True,True,True
4143,True,True,True,True,False,False,False,True
4144,True,False,False,False,False,False,False,True
4145,True,True,True,False,False,False,True,True
4146,True,False,False,False,False,False,True,True
4147,True,True,False,False,False,False,False,False
4148,False,False,False,False,False,True,True,True
4149,True,True,False,False,False,True,True,True
4150,False,False,False,False,False,False,False,False
4151,False,False,False,False,False,True,True,True
4152,True,True,False,False,False,False,False,False
4153,True,False,False,False,False,False,False,False
4154,True,True,False,False,False,False,False,False
4155,True,True,False,False,False,False,True,True
4156,True,True,False,False,False,True,True,True
4157,False,False,False,False,False,True,True,True
4158,False,False,False,False,False,False,False,True
4159,True,True,True,True,False,False,False,True
4160,True,True,True,True,False,False,True,True
4161,True,True,True,True,True,True,True,True
4162,False,False,False,False,False,True,True,True
4163,True,True,True,False,False,False,False,True
4164,True,True,True,True,True,True,True,True
4165,True,True,True,True,True,True,True,True
4166,True,True,False,False,False,True,True,True
4167,False,False,False,False,False,False,True,True
4168,True,True,True,False,False,True,True,True
4169,True,True,True,True,False,True,True,True
4170,True,True,True,True,True,True,True,True
4171,False,False,False,False,False,True,True,True
4172,True,True,False,False,False,True,True,True
4173,True,True,True,True,False,False,False,True
4174,False,False,False,False,False,True,True,True
4175,True,False,False,False,False,True,True,True
4176,True,True,True,True,True,True,True,True
4177,True,True,True,True,True,True,True,True
4178,True,True,True,True,False,False,False,False
4179,True,True,True,True,True,True,True,True
4180,True,True,True,True,True,True,True,True
4181,True,True,False,False,False,False,False,True
4182,True,True,True,True,True,True,True,True
4183,False,False,False,False,False,True,True,True
4184,True,False,False,False,False,False,False,False
4185,False,False,False,False,False,False,False,False
4186,True,True,True,False,False,False,False,False
4187,False,False,False,False,False,False,True,True
4188,False,False,False,False,False,True,True,True
4189,True,False,False,False,False,True,True,True
4190,True,False,False,False,False,False,False,False
4191,True,False,False,False,False,True,True,True
4192,True,True,False,False,False,False,False,False
4193,True,True,True,False,False,True,True,True
4194,True,True,True,False,False,True,True,True
4195,True,False,False,False,False,False,False,False
4196,True,True,True,True,False,False,True,True
4197,False,False,False,False,False,True,True,True
4198,False,False,False,False,False,True,True,True
4199,True,True,True,True,False,True,True,True
4200,False,False,False,False,False,True,True,True
4201,True,False,False,False,False,False,False,True
4202,False,False,False,False,False,True,True,True
4203,True,False,False,False,False,True,True,True
4204,True,False,False,False,False,False,True,True
4205,True,False,False,False,False,False,False,True
4206,True,True,True,True,False,False,True,True
4207,False,False,False,False,False,False,True,True
4208,False,False,False,False,False,True,True,True
4209,True,True,False,False,False,False,False,True
4210,True,True,True,False,False,False,False,False
4211,True,True,True,True,True,True,True,True
4212,True,True,False,False,False,False,True,True
4213,True,False,False,False,False,True,True,True
4214,True,True,True,False,False,True,True,True
4215,True,True,True,False,False,False,False,False
4216,True,True,True,True,True,True,True,True
4217,True,False,False,False,False,False,False,True
4218,True,True,False,False,False,True,True,True
4219,True,True,True,True,True,True,True,True
4220,True,True,True,True,True,True,True,True
4221,True,True,False,False,False,True,True,True
4222,True,True,True,True,True,True,True,True
4223,False,False,False,False,False,True,True,True
4224,True,False,False,True,False,True,True,True
4225,True,True,False,False,False,False,False,False
4226,True,True,True,True,True,True,True,True
4227,True,True,True,False,False,False,True,True
4228,True,True,True,False,False,True,True,True
4229,True,True,False,False,False,False,False,False
4230,True,True,False,False,False,False,False,False
4231,True,True,False,False,False,True,True,True
4232,True,True,True,True,False,False,False,False
4233,True,True,False,False,False,False,False,False
4234,True,True,True,True,True,True,True,True
4235,True,True,True,True,False,False,False,True
4236,False,False,False,False,False,False,False,True
4237,True,True,True,True,True,True,True,True
4238,False,False,False,False,False,True,True,True
4239,True,True,True,True,True,True,True,True
4240,True,False,False,False,False,True,True,True
4241,True,False,False,False,False,False,False,False
4242,True,True,True,True,False,False,False,False
4243,True,True,True,False,False,False,False,True
4244,True,True,False,False,False,False,False,True
4245,True,True,False,False,False,False,False,False
4246,True,True,True,True,False,False,False,True
4247,True,True,True,True,True,True,True,True
4248,True,True,True,True,False,False,False,True
4249,False,False,False,False,False,False,False,False
4250,True,True,True,True,True,True,True,True
4251,True,True,False,False,False,False,False,True
4252,True,True,True,False,False,False,False,True
4253,True,False,False,False,False,False,True,True
4254,True,True,True,True,True,True,True,True
4255,True,True,True,False,False,True,True,True
4256,False,False,False,False,False,False,False,True
4257,True,True,True,True,False,False,False,True
4258,True,True,True,True,False,False,False,False
4259,True,True,False,False,False,True,False,True
4260,True,False,False,False,False,False,False,False
4261,True,True,True,False,False,False,False,False
4262,True,True,True,False,False,False,False,True
4263,True,True,True,True,True,True,True,True
4264,True,False,False,False,False,False,False,True
4265,True,True,True,False,False,False,False,False
4266,True,False,False,False,False,True,True,True
4267,True,True,True,True,True,True,True,True
4268,True,True,True,True,False,False,False,False
4269,True,True,True,True,False,False,False,False
4270,True,True,True,True,False,False,False,False
4271,True,True,True,True,False,True,True,True
4272,False,False,False,False,False,False,False,True
4273,True,True,True,False,False,True,True,True
4274,True,True,True,False,False,False,False,True
4275,True,True,True,True,True,True,True,True
4276,True,True,True,False,False,True,True,True
4277,True,True,True,True,True,True,True,True
4278,True,True,True,False,False,True,True,True
4279,True,True,True,True,False,False,False,True
4280,False,False,False,False,False,False,True,True
4281,True,False,False,False,False,True,True,True
4282,True,True,True,True,True,True,True,True
4283,True,True,True,True,True,True,True,True
4284,True,True,True,False,False,True,True,True
4285,True,True,True,True,False,False,False,False
4286,False,False,False,False,False,True,True,True
4287,True,True,True,True,True,True,True,True
4288,True,True,False,False,False,True,True,True
4289,True,False,False,False,False,False,False,True
4290,True,True,True,False,False,True,True,True
4291,False,False,False,False,False,False,False,False
4292,True,True,False,False,False,False,False,False
4293,True,True,True,True,False,False,False,True
4294,False,False,False,False,False,True,True,True
4295,True,False,False,False,False,False,True,True
4296,False,False,False,False,False,True,True,True
4297,True,False,False,False,False,True,True,True
4298,False,False,False,False,False,False,False,True
4299,True,True,True,True,False,False,False,False
4300,False,False,False,False,False,True,True,True
4301,True,True,True,True,True,True,True,True
4302,True,False,False,False,False,True,True,True
4303,True,True,True,True,False,False,False,False
4304,True,True,True,True,False,True,True,True
4305,True,False,False,False,False,True,True,True
4306,False,False,False,False,False,True,True,True
4307,True,False,False,False,False,False,False,False
4308,False,False,False,False,False,True,True,True
4309,False,False,False,False,False,False,False,False
4310,True,True,True,False,False,True,True,True
4311,True,True,True,True,True,True,True,True
4312,True,True,True,True,True,True,True,True
4313,True,True,False,False,False,False,False,False
4314,True,False,False,False,False,False,True,True
4315,True,True,True,False,False,False,False,False
4316,True,True,True,True,True,True,True,True
4317,True,True,True,True,True,True,True,True
4318,True,True,False,False,False,True,True,True
4319,True,True,True,True,False,False,False,True
4320,True,True,True,False,False,True,True,True
4321,True,True,True,True,True,True,True,True
4322,True,True,True,True,False,True,True,True
4323,True,False,False,False,False,True,True,True
4324,True,False,False,False,False,False,False,False
4325,True,False,False,False,False,False,False,True
4326,True,False,False,False,False,True,False,False
4327,True,True,False,False,False,False,False,False
4328,True,True,True,False,False,False,False,False
4329,True,True,True,True,False,False,True,True
4330,False,False,False,False,False,False,False,True
4331,True,True,True,False,False,True,True,True
4332,True,False,False,False,False,True,True,True
4333,False,False,False,False,False,False,False,True
4334,True,False,False,False,False,True,True,True
4335,True,True,False,False,False,False,False,True
4336,True,True,True,False,False,False,False,False
4337,True,True,False,False,False,True,True,True
4338,True,True,True,False,False,False,False,False
4339,True,True,False,False,False,True,True,True
4340,True,True,False,False,False,True,True,True
4341,False,False,False,False,False,True,True,True
4342,True,True,True,True,False,False,False,False
4343,True,False,False,False,False,False,False,True
4344,False,False,False,False,False,True,False,False
4345,True,True,True,True,False,False,False,True
4346,True,False,False,False,False,False,False,False
4347,True,True,False,False,False,False,False,False
4348,False,False,False,False,False,True,True,True
4349,True,True,True,True,True,True,True,True
4350,True,False,False,False,False,True,True,True
4351,False,False,False,False,False,True,True,True
4352,False,False,False,False,False,True,True,True
4353,True,False,False,False,False,False,False,False
4354,True,True,False,False,False,False,False,True
4355,False,False,False,False,False,False,True,True
4356,True,True,False,False,False,False,False,False
4357,True,True,True,True,False,False,False,True
4358,True,True,True,True,True,True,True,True
4359,True,True,False,False,False,False,False,False
4360,False,False,False,False,False,True,True,True
4361,False,False,False,False,False,True,True,True
4362,True,True,True,True,True,True,True,True
4363,True,True,True,True,True,True,True,True
4364,True,True,True,False,False,False,False,False
4365,True,True,False,False,False,True,True,True
4366,True,True,True,True,True,True,True,True
4367,True,False,False,False,False,True,True,True
4368,True,False,False,False,False,True,True,True
4369,False,False,False,False,False,True,True,True
4370,True,True,True,True,False,False,False,True
4371,False,False,False,False,False,True,True,True
4372,True,False,False,False,False,True,True,True
4373,True,True,True,True,True,True,True,True
4374,True,True,True,True,True,True,True,True
4375,False,False,False,False,False,False,True,True
4376,True,True,True,False,False,True,True,True
4377,True,True,True,True,False,False,True,True
4378,True,True,True,True,False,True,True,True
4379,True,True,True,False,False,False,True,True
4380,True,True,True,True,True,True,True,True
4381,False,False,False,False,False,False,False,True
4382,True,True,True,True,False,False,True,True
4383,True,True,True,True,True,True,True,True
4384,True,True,False,False,False,True,True,True
4385,True,False,False,False,False,False,False,True
4386,True,False,False,False,False,True,True,True
4387,True,False,False,False,False,False,False,False
4388,False,False,False,False,False,True,True,True
4389,True,True,True,True,True,True,True,True
4390,True,False,False,False,False,True,True,True
4391,True,True,False,False,False,False,False,False
4392,True,True,True,True,False,False,False,True
4393,True,True,True,True,True,True,True,True
4394,True,False,False,False,False,True,True,True
4395,True,True,True,True,True,True,True,True
4396,True,False,False,False,False,False,True,True
4397,True,True,True,True,False,False,False,True
4398,True,True,True,False,False,False,True,True
4399,True,True,True,True,False,False,False,False
4400,False,False,False,False,False,True,True,True
4401,True,True,True,True,True,True,True,True
4402,True,False,False,False,False,False,False,False
4403,True,True,True,True,True,True,True,True
4404,True,True,True,True,True,True,True,True
4405,True,True,True,False,False,False,False,True
4406,True,False,False,False,False,True,False,True
4407,True,False,False,False,False,True,True,True
4408,True,True,False,False,False,False,False,False
4409,True,True,False,False,False,False,True,True
4410,True,True,True,True,False,False,False,True
4411,False,False,False,False,False,True,True,True
4412,True,True,False,False,False,False,False,True
4413,True,True,True,True,True,True,True,True
4414,True,True,True,True,True,True,True,True
4415,False,False,False,False,False,False,True,True
4416,True,True,True,False,False,True,True,True
4417,True,True,True,True,True,True,True,True
4418,True,True,True,True,True,True,True,True
4419,True,True,False,False,False,True,True,True
4420,True,True,True,True,False,False,False,True
4421,False,False,False,False,False,True,False,True
4422,False,False,False,False,False,True,True,True
4423,True,True,True,False,False,False,False,True
4424,True,True,False,False,False,False,False,True
4425,True,True,False,False,False,False,False,False
4426,True,True,True,True,False,False,False,True
4427,True,True,True,True,True,True,True,True
4428,True,True,False,False,False,False,False,False
4429,True,True,False,False,False,True,True,True
4430,True,True,False,False,False,False,False,False
4431,True,False,False,False,False,True,True,True
4432,True,True,False,False,False,True,True,True
4433,True,True,True,True,False,False,False,True
4434,False,False,False,False,False,True,False,True
4435,True,True,True,True,True,True,True,True
4436,True,False,False,False,False,True,True,True
4437,True,True,True,True,True,True,True,True
4438,True,True,False,False,False,True,False,False
4439,True,True,True,True,True,True,True,True
4440,True,True,True,True,False,False,False,False
4441,False,False,False,False,False,True,True,True
4442,False,False,False,False,False,True,True,True
4443,True,True,True,True,True,True,True,True
4444,True,True,True,False,False,True,True,True
4445,False,False,False,False,False,True,True,True
4446,True,True,False,False,False,False,True,True
4447,True,False,False,False,False,True,True,True
4448,False,False,False,False,False,True,True,True
4449,True,True,True,True,False,True,True,True
4450,True,True,True,False,False,True,True,True
4451,True,False,False,False,False,True,True,True
4452,True,True,False,False,False,False,True,True
4453,True,True,False,False,False,False,False,False
4454,True,True,True,True,True,True,True,True
4455,False,False,False,False,False,True,True,True
4456,True,True,True,False,False,False,False,False
4457,True,True,True,False,False,False,True,True
4458,True,True,True,False,False,True,True,True
4459,True,True,False,False,False,True,True,True
4460,True,True,True,True,True,True,True,True
4461,True,False,False,False,False,True,True,True
4462,True,True,True,True,False,False,True,True
4463,False,False,False,False,False,True,False,False
4464,True,True,True,False,False,True,True,True
4465,True,True,True,True,True,True,True,True
4466,True,True,True,True,True,True,True,True
4467,False,False,False,False,False,False,False,True
4468,False,False,False,False,False,False,False,True
4469,False,False,False,False,False,True,True,True
4470,True,True,True,True,True,True,True,True
4471,True,True,True,True,True,True,True,True
4472,False,False,False,False,False,True,True,True
4473,True,True,True,True,False,False,False,False
4474,True,True,True,True,True,True,True,True
4475,True,False,False,False,False,False,True,True
4476,False,False,False,False,False,False,False,False
4477,True,True,True,True,True,True,True,True
4478,True,True,True,False,False,False,False,True
4479,True,True,True,True,True,True,True,True
4480,True,True,True,True,False,False,False,True
4481,True,True,True,True,True,True,True,True
4482,True,True,False,False,False,False,False,True
4483,False,False,False,False,False,False,True,True
4484,True,True,True,True,False,True,True,True
4485,True,True,True,True,True,True,True,True
4486,True,True,False,False,False,False,True,True
4487,True,True,True,True,True,True,True,True
4488,True,True,False,False,False,True,True,True
4489,True,True,True,True,True,True,True,True
4490,False,False,False,False,False,True,True,True
4491,True,True,True,True,True,True,True,True
4492,True,True,True,True,True,True,True,True
4493,True,True,True,False,False,True,True,True
4494,True,False,False,False,False,True,False,False
4495,False,False,False,False,False,True,True,True
4496,True,True,False,False,False,False,False,True
4497,True,True,True,True,False,True,True,True
4498,True,True,True,True,True,True,True,True
4499,True,True,True,True,True,True,True,True
4500,False,False,False,False,False,False,True,True
4501,True,True,True,False,False,False,False,False
4502,True,True,True,False,False,False,False,False
4503,True,True,True,True,True,True,True,True
4504,True,True,True,False,False,False,False,True
4505,True,True,True,True,False,False,True,True
4506,False,False,False,False,False,True,True,True
4507,False,False,False,False,False,False,False,True
4508,True,True,True,False,False,False,False,True
4509,True,True,True,True,False,False,False,False
4510,True,True,True,False,False,False,False,True
4511,True,True,True,False,False,False,False,False
4512,True,True,False,False,False,False,False,False
4513,False,False,False,False,False,True,False,False
4514,True,True,False,False,False,True,True,True
4515,True,True,True,True,True,True,True,True
4516,True,False,False,False,False,False,False,True
4517,False,False,False,False,False,False,False,False
4518,True,True,True,False,False,False,True,True
4519,True,True,True,True,True,True,True,True
4520,True,True,False,False,False,False,True,True
4521,True,True,True,True,True,True,True,True
4522,False,False,False,False,False,True,True,True
4523,True,True,True,False,False,False,False,True
4524,True,True,True,False,False,True,True,True
4525,True,True,True,True,False,True,True,True
4526,True,False,False,False,False,False,True,True
4527,True,True,False,False,False,False,False,False
4528,True,True,False,False,False,False,True,True
4529,True,True,True,False,False,True,True,True
4530,True,True,True,True,True,True,True,True
4531,True,False,False,False,False,True,True,True
4532,True,False,False,False,False,True,True,True
4533,False,False,False,False,False,False,False,True
4534,True,True,True,True,False,True,True,True
4535,True,True,True,False,False,True,True,True
4536,True,True,True,True,True,True,True,True
4537,False,False,False,False,False,True,True,True
4538,True,True,True,True,True,True,True,True
4539,True,True,True,True,False,False,True,True
4540,True,False,False,False,False,True,True,True
4541,True,True,False,False,False,True,True,True
4542,True,True,True,True,True,True,True,True
4543,True,False,False,False,False,False,False,True
4544,True,True,True,True,False,True,True,True
4545,True,True,True,True,True,True,True,True
4546,True,True,False,False,False,False,False,False
4547,True,True,True,False,False,True,True,True
4548,True,False,False,False,False,True,True,True
4549,True,False,False,False,False,True,True,True
4550,True,False,False,False,False,True,True,True
4551,True,True,True,True,False,False,False,True
4552,True,True,True,True,True,True,True,True
4553,False,False,False,False,False,False,False,True
4554,False,False,False,False,False,True,True,True
4555,True,True,True,True,True,True,True,True
4556,True,True,True,True,True,True,True,True
4557,True,True,True,True,True,True,True,True
4558,True,False,False,False,False,False,False,True
4559,True,True,True,True,False,True,True,True
4560,True,True,True,False,False,False,True,True
4561,True,True,True,False,False,False,False,False
4562,True,True,True,True,True,True,True,True
4563,False,False,False,False,False,False,False,True
4564,False,False,False,False,False,False,False,False
4565,True,True,True,True,True,True,True,True
4566,False,False,False,False,False,True,True,True
4567,True,True,True,True,False,False,False,True
4568,True,True,True,True,False,False,True,True
4569,True,True,False,False,False,True,True,True
4570,True,True,True,False,False,False,False,True
4571,False,False,False,False,False,False,False,True
4572,True,False,False,False,False,False,False,True
4573,True,True,True,True,False,False,True,True
4574,False,False,False,False,False,False,False,True
4575,True,True,False,False,False,True,True,True
4576,True,True,True,True,False,False,True,True
4577,True,True,False,False,False,False,False,False
4578,False,False,False,False,False,False,True,True
4579,False,False,False,False,False,True,True,True
4580,True,True,True,True,True,True,True,True
4581,True,True,False,False,False,False,False,True
4582,True,True,True,False,False,False,False,True
4583,True,True,False,False,False,True,True,True
4584,True,True,True,False,False,False,False,False
4585,True,True,True,True,True,True,True,True
4586,True,False,False,False,False,False,False,True
4587,True,False,False,False,False,True,False,True
4588,True,True,True,True,False,False,False,False
4589,False,False,False,False,False,True,True,True
4590,True,True,True,True,True,True,True,True
4591,True,True,True,True,True,True,True,True
4592,True,False,False,False,False,True,True,True
4593,True,True,True,True,False,False,False,False
4594,True,True,True,True,True,True,True,True
4595,True,False,False,False,False,False,False,True
4596,True,True,True,False,False,True,True,True
4597,False,False,False,False,False,False,False,True
4598,True,True,True,False,False,True,True,True
4599,True,True,True,False,False,True,True,True
4600,False,False,False,False,False,False,False,False
4601,True,True,True,False,False,False,False,False
4602,True,False,False,False,False,False,False,True
4603,True,True,True,True,False,True,True,True
4604,True,True,True,True,False,False,False,False
4605,True,True,False,False,False,False,False,True
4606,True,True,False,False,False,True,True,True
4607,True,True,False,False,False,True,True,True
4608,True,False,False,False,False,False,True,True
4609,False,False,False,False,False,True,True,True
4610,True,True,False,False,False,False,False,False
4611,True,True,True,True,False,False,False,False
4612,False,False,False,False,False,False,True,True
4613,True,False,False,True,False,True,True,True
4614,True,True,True,False,False,False,True,True
4615,False,False,False,False,False,False,False,True
4616,True,True,True,True,False,False,False,True
4617,True,False,False,False,False,True,True,True
4618,True,False,False,False,False,True,True,True
4619,True,True,False,False,False,True,True,True
4620,False,False,False,False,False,True,True,True
4621,True,True,True,True,False,True,True,True
4622,True,True,True,True,True,True,True,True
4623,True,True,True,True,True,True,True,True
4624,True,True,True,False,False,False,False,False
4625,False,False,False,False,False,True,True,True
4626,False,False,False,False,False,True,True,True
4627,True,False,False,False,False,False,False,True
4628,False,False,False,False,False,True,True,True
4629,True,True,True,False,False,False,False,False
4630,True,True,True,False,False,False,False,True
4631,False,False,False,False,False,False,False,False
4632,True,True,False,False,False,False,True,True
4633,True,True,True,True,False,False,True,True
4634,True,True,True,True,False,False,False,True
4635,True,True,False,False,False,True,True,True
4636,True,True,True,True,False,False,False,False
4637,True,True,False,False,False,True,True,True
4638,True,True,False,False,False,True,True,True
4639,True,True,True,True,False,False,False,False
4640,True,True,False,False,False,False,True,True
4641,True,True,False,False,False,True,True,True
4642,False,False,False,False,False,True,False,True
4643,True,True,False,False,False,False,False,True
4644,False,False,False,False,False,True,True,True
4645,True,False,False,False,False,True,True,True
4646,True,True,True,True,True,True,True,True
4647,True,True,True,True,False,True,True,True
4648,True,True,False,False,False,False,True,True
4649,True,True,True,True,True,True,True,True
4650,True,True,True,False,False,False,False,True
4651,False,False,False,False,False,True,True,True
4652,True,True,False,False,False,True,True,True
4653,True,True,True,True,True,True,True,True
4654,True,True,True,True,False,False,False,True
4655,True,True,True,True,True,True,True,True
4656,True,True,True,True,False,True,True,True
4657,True,True,True,True,True,True,True,True
4658,True,True,True,False,False,False,False,False
4659,False,False,False,False,False,True,True,True
4660,True,True,True,False,False,False,False,True
4661,False,False,False,False,False,False,False,True
4662,False,False,False,False,False,True,True,True
4663,True,False,False,False,False,False,True,True
4664,False,False,False,False,False,True,True,True
4665,True,False,False,False,False,True,True,True
4666,True,True,True,False,False,False,True,True
4667,True,True,True,False,False,False,False,False
4668,True,True,True,True,True,True,True,True
4669,True,True,True,True,True,True,True,True
4670,True,True,True,False,False,False,False,False
4671,True,False,False,False,False,True,True,True
4672,True,True,True,True,False,True,True,True
4673,True,True,True,True,False,False,False,False
4674,True,False,False,False,False,False,False,False
4675,False,False,False,False,False,False,False,False
4676,True,True,False,False,False,False,False,False
4677,True,True,True,True,False,True,True,True
4678,True,False,False,False,False,True,True,True
4679,True,True,True,True,False,False,False,False
4680,True,True,False,False,False,True,True,True
4681,False,False,False,False,False,True,True,True
4682,True,True,False,False,False,False,False,True
4683,True,False,False,False,False,True,True,True
4684,True,False,False,False,False,True,True,True
4685,False,False,False,False,False,True,True,True
4686,True,True,True,True,True,True,True,True
4687,True,False,False,False,False,True,True,True
4688,True,False,False,False,False,True,True,True
4689,True,True,True,True,False,False,False,True
4690,True,False,False,False,False,True,True,True
4691,True,True,True,True,False,True,True,True
4692,False,False,False,False,False,False,False,False
4693,True,True,False,False,False,False,False,False
4694,True,True,True,False,False,False,False,False
4695,True,True,True,True,True,True,True,True
4696,True,True,True,True,True,True,True,True
4697,True,True,True,True,False,False,True,True
4698,True,True,True,True,True,True,True,True
4699,True,True,False,False,False,True,True,True
4700,True,True,True,True,False,False,False,True
4701,True,False,False,False,False,True,True,True
4702,True,True,True,False,False,True,True,True
4703,True,True,True,True,False,False,True,True
4704,True,True,False,False,False,True,True,True
4705,True,False,False,False,False,False,False,True
4706,True,False,False,False,False,False,False,False
4707,True,True,True,True,False,False,False,False
4708,True,True,True,False,False,False,False,False
4709,True,False,False,False,False,True,True,True
4710,False,False,False,False,False,False,True,True
4711,True,True,False,False,False,False,True,True
4712,True,False,False,False,False,True,True,True
4713,True,True,False,False,False,False,False,False
4714,True,True,True,True,True,True,True,True
4715,True,True,True,True,False,False,True,True
4716,False,False,False,False,False,True,True,True
4717,False,False,False,False,False,True,True,True
4718,True,True,True,True,False,False,True,True
4719,True,True,True,True,False,False,True,True
4720,False,False,False,False,False,True,True,True
4721,True,True,True,True,True,True,True,True
4722,True,False,False,False,False,False,False,True
4723,True,True,False,False,False,False,False,True
4724,True,True,False,False,False,False,True,True
4725,True,True,True,True,False,False,False,False
4726,True,True,True,True,False,False,True,True
4727,True,True,False,False,False,True,True,True
4728,True,True,True,True,True,True,True,True
4729,True,True,True,True,False,False,False,True
4730,False,False,False,False,False,True,True,True
4731,True,False,False,False,False,False,False,True
4732,True,True,True,True,True,True,True,True
4733,False,False,False,False,False,False,False,True
4734,True,True,True,True,True,True,True,True
4735,True,True,True,True,False,False,False,True
4736,True,True,True,True,True,True,True,True
4737,True,True,True,True,False,True,True,True
4738,True,True,False,False,False,True,True,True
4739,False,False,False,False,False,True,True,True
4740,True,False,False,False,False,True,True,True
4741,True,True,True,False,False,True,True,True
4742,False,False,False,False,False,False,False,False
4743,True,True,True,True,False,False,False,False
4744,True,True,False,False,False,False,False,True
4745,True,False,False,False,False,False,False,True
4746,True,False,False,False,False,True,True,True
4747,True,True,True,False,False,False,False,False
4748,True,True,True,False,False,True,True,True
4749,True,False,False,False,False,True,True,True
4750,True,True,True,False,False,True,True,True
4751,True,True,True,True,False,False,False,True
4752,True,True,True,True,True,True,True,True
4753,True,True,True,True,True,True,True,True
4754,False,False,False,False,False,True,True,True
4755,True,True,True,True,True,True,True,True
4756,True,True,True,False,False,True,True,True
4757,False,False,False,False,False,True,True,True
4758,True,False,False,False,False,False,False,False
4759,True,True,False,False,False,False,False,True
4760,True,True,True,True,True,True,True,True
4761,True,True,True,False,False,False,True,True
4762,True,True,True,True,True,True,True,True
4763,False,False,False,False,False,True,True,True
4764,False,False,False,False,False,False,True,True
4765,True,False,False,False,False,False,True,True
4766,True,True,True,True,False,False,False,True
4767,True,True,True,True,True,True,True,True
4768,True,False,False,False,False,False,True,True
4769,True,False,False,False,False,True,True,True
4770,True,True,False,False,False,False,False,False
4771,True,True,False,False,False,False,True,True
4772,True,True,True,True,False,False,False,True
4773,True,True,True,True,True,True,True,True
4774,True,True,True,True,False,True,True,True
4775,True,False,False,False,False,True,True,True
4776,True,True,False,False,False,True,True,True
4777,False,False,False,False,False,False,False,False
4778,True,False,False,False,False,False,False,True
4779,True,True,True,False,False,False,False,True
4780,True,True,True,True,False,False,False,False
4781,True,True,False,False,False,False,True,True
4782,True,True,True,True,True,True,True,True
4783,True,False,False,False,False,True,True,True
4784,True,False,False,False,False,True,True,True
4785,True,True,True,False,False,True,True,True
4786,True,True,True,False,False,False,False,True
4787,False,False,False,False,False,False,False,False
4788,True,True,False,False,False,True,True,True
4789,True,True,True,False,False,True,True,True
4790,False,False,False,False,False,False,False,False
4791,True,True,True,True,True,True,True,True
4792,True,False,False,False,False,True,True,True
4793,False,False,False,False,False,True,True,True
4794,True,True,True,True,True,True,True,True
4795,True,True,True,False,False,True,True,True
4796,True,True,False,False,False,False,False,False
4797,True,True,True,True,False,False,False,True
4798,True,True,True,False,False,False,True,True
4799,False,False,False,False,False,False,True,True
4800,True,False,False,False,False,False,False,False
4801,True,True,True,False,False,True,True,True
4802,True,True,True,True,False,False,False,False
4803,False,False,False,False,False,False,False,True
4804,True,True,True,True,True,True,True,True
4805,True,True,True,False,False,True,True,True
4806,True,True,True,True,False,False,True,True
4807,False,False,False,False,False,False,True,True
4808,True,True,True,False,False,True,True,True
4809,True,False,False,False,False,False,False,True
4810,True,True,True,True,True,True,True,True
4811,True,True,False,False,False,False,False,False
4812,True,True,False,False,False,False,False,False
4813,True,True,True,False,False,False,False,False
4814,False,False,False,False,False,False,False,True
4815,True,True,True,False,False,False,False,False
4816,True,True,False,False,False,True,True,True
4817,True,True,True,False,False,True,True,True
4818,True,True,True,True,True,True,True,True
4819,True,True,True,True,True,True,True,True
4820,True,True,True,True,True,True,True,True
4821,True,True,True,True,False,True,True,True
4822,True,False,False,False,False,True,True,True
4823,False,False,False,False,False,False,False,False
4824,True,True,True,True,False,True,True,True
4825,True,True,True,False,False,True,True,True
4826,True,False,False,False,False,True,True,True
4827,True,True,True,True,True,True,True,True
4828,False,False,False,False,False,False,False,False
4829,False,False,False,False,False,True,True,True
4830,True,True,True,True,False,False,False,False
4831,False,False,False,False,False,True,True,True
4832,True,True,True,True,True,True,True,True
4833,True,True,False,False,False,True,True,True
4834,False,False,False,False,False,True,True,True
4835,True,True,True,True,True,True,True,True
4836,True,False,False,False,False,False,False,False
4837,True,True,True,True,False,False,False,True
4838,True,True,False,False,False,False,False,False
4839,False,False,False,False,False,False,True,True
4840,True,True,False,False,False,False,False,True
4841,False,False,False,False,False,True,True,True
4842,True,True,True,True,False,False,False,True
4843,True,False,False,False,False,False,False,True
4844,True,True,True,True,False,False,True,True
4845,True,True,True,True,False,False,False,False
4846,True,True,True,True,False,True,True,True
4847,False,False,False,False,False,True,True,True
4848,True,True,True,True,False,False,True,True
4849,True,True,False,False,False,True,True,True
4850,True,True,True,False,False,False,False,False
4851,True,True,True,True,True,True,True,True
4852,True,True,True,True,False,False,False,True
4853,True,True,False,False,False,True,True,True
4854,False,False,False,False,False,False,False,False
4855,True,True,True,True,True,True,True,True
4856,True,True,True,False,False,True,True,True
4857,True,False,False,False,False,True,True,True
4858,True,False,False,False,False,True,True,True
4859,False,False,False,False,False,True,True,True
4860,True,True,True,True,False,False,False,False
4861,True,True,False,False,False,False,False,False
4862,True,True,True,True,True,True,True,True
4863,True,True,True,True,True,True,True,True
4864,True,False,False,False,False,True,False,False
4865,True,True,True,False,False,False,False,True
4866,False,False,False,False,False,True,True,True
4867,True,True,True,True,False,False,False,False
4868,True,False,False,False,False,True,True,True
4869,True,True,True,True,False,True,True,True
4870,True,False,False,False,False,False,True,True
4871,True,True,True,True,True,True,True,True
4872,True,True,True,True,True,True,True,True
4873,True,True,True,False,False,True,True,True
4874,True,True,True,False,False,True,True,True
4875,True,True,True,False,False,True,True,True
4876,True,True,True,True,False,False,False,True
4877,True,True,True,True,False,True,True,True
4878,True,True,False,False,False,True,True,True
4879,True,True,False,False,False,False,True,True
4880,True,True,True,True,True,True,True,True
4881,True,False,False,False,False,True,True,True
4882,True,True,False,False,False,True,True,True
4883,True,True,True,False,False,False,False,True
4884,True,True,True,False,False,False,False,True
4885,False,False,False,False,False,True,True,True
4886,False,False,False,False,False,True,True,True
4887,True,True,False,False,False,True,True,True
4888,False,False,False,False,False,False,False,False
4889,True,False,False,False,False,False,False,True
4890,True,True,True,True,False,False,False,False
4891,True,True,False,False,False,True,True,True
4892,True,True,True,True,False,False,False,False
4893,True,True,True,False,False,False,True,True
4894,True,True,True,False,False,True,True,True
4895,True,True,True,True,False,False,False,True
4896,True,True,False,False,False,True,True,True
4897,True,True,True,True,True,True,True,True
4898,False,False,False,False,False,True,True,True
4899,True,True,True,True,False,False,False,False
4900,True,True,True,True,False,False,True,True
4901,True,False,False,False,False,False,False,False
4902,True,True,True,False,False,False,False,False
4903,True,True,True,True,False,True,True,True
4904,True,False,False,False,False,False,True,True
4905,True,True,True,True,True,True,True,True
4906,True,True,True,True,True,True,True,True
4907,True,False,False,False,False,True,False,True
4908,True,True,True,False,False,False,False,False
4909,True,True,False,False,False,True,True,True
4910,False,False,False,True,False,True,True,True
4911,True,True,True,True,False,True,True,True
4912,False,False,False,False,False,True,True,True
4913,True,False,False,False,False,False,False,True
4914,False,False,False,False,False,True,True,True
4915,True,True,True,True,False,False,True,True
4916,False,False,False,False,False,False,True,True
4917,True,False,False,False,False,True,True,True
4918,False,False,False,False,False,False,True,True
4919,True,True,True,True,False,False,False,True
4920,True,True,True,False,False,True,True,True
4921,True,False,False,False,False,True,True,True
4922,False,False,False,False,False,True,True,True
4923,True,True,False,False,False,True,True,True
4924,True,True,True,True,False,False,True,True
4925,True,True,True,True,False,True,True,True
4926,True,True,True,True,False,False,False,True
4927,False,False,False,False,False,False,False,True
4928,False,False,False,False,False,False,True,True
4929,True,True,True,False,False,False,False,True
4930,True,False,False,False,False,False,False,False
4931,True,True,True,False,False,False,False,False
4932,True,True,True,True,False,True,True,True
4933,True,True,True,False,False,False,False,False
4934,True,True,True,True,True,True,True,True
4935,True,False,False,False,False,False,False,True
4936,False,False,False,False,False,True,True,True
4937,True,True,True,True,False,False,False,True
4938,True,True,False,False,False,False,False,False
4939,True,True,True,True,True,True,True,True
4940,True,True,True,True,True,True,True,True
4941,False,False,False,False,False,True,True,True
4942,True,True,True,False,False,False,True,True
4943,False,False,False,False,False,True,True,True
4944,False,False,False,False,False,True,True,True
4945,True,False,False,False,False,True,True,True
4946,False,False,False,False,False,False,False,False
4947,True,True,False,False,False,True,True,True
4948,True,True,True,False,False,True,True,True
4949,True,False,False,False,False,False,False,False
4950,True,True,True,False,False,True,True,True
4951,True,False,False,False,False,False,False,False
4952,True,True,True,True,True,True,True,True
4953,True,True,True,True,True,True,True,True
4954,True,True,True,False,False,False,True,True
4955,True,False,False,False,False,False,False,False
4956,True,False,False,False,False,True,True,True
4957,True,True,True,True,True,True,True,True
4958,True,True,True,True,True,True,True,True
4959,True,True,False,False,False,True,True,True
4960,True,True,True,True,True,True,True,True
4961,True,True,False,False,False,False,False,False
4962,True,True,True,True,False,False,False,False
4963,True,True,False,False,False,True,True,True
4964,True,False,False,False,False,False,False,False
4965,True,True,True,True,True,True,True,True
4966,True,True,True,True,False,False,False,True
4967,True,True,True,True,True,True,True,True
4968,True,True,False,False,False,True,True,True
4969,False,False,False,False,False,True,True,True
4970,True,True,True,False,False,False,False,False
4971,False,False,False,False,False,True,True,True
4972,True,False,False,False,False,False,True,True
4973,True,True,False,False,False,True,True,True
4974,True,False,False,False,False,True,True,True
4975,True,True,True,True,True,True,True,True
4976,False,False,False,False,False,True,False,True
4977,True,True,True,True,True,True,True,True
4978,True,True,True,True,False,False,False,True
4979,True,True,True,True,True,True,True,True
4980,True,True,False,False,False,False,False,True
4981,True,True,True,False,False,False,False,False
4982,True,False,False,False,False,False,False,True
4983,True,True,True,False,False,True,True,True
4984,True,True,False,False,False,False,False,False
4985,False,False,False,False,False,True,True,True
4986,True,True,True,False,False,False,False,False
4987,True,True,True,True,False,False,True,True
4988,False,False,False,False,False,False,False,False
4989,True,False,False,False,False,True,True,True
4990,True,True,True,True,True,True,True,True
4991,False,False,False,False,False,True,True,True
4992,True,True,True,True,False,False,True,True
4993,True,True,True,True,True,True,True,True
4994,True,True,True,True,False,True,True,True
4995,True,True,False,False,False,False,False,False
4996,True,True,False,False,False,True,True,True
4997,True,False,False,False,False,False,False,False
4998,True,True,True,True,False,False,True,True
4999,True,True,True,False,False,False,True,True
5000,True,True,True,True,True,True,True,True
5001,True,True,True,True,False,False,False,True
5002,True,True,True,True,True,True,True,True
5003,True,True,True,False,False,False,False,True
5004,True,True,True,True,False,False,True,True
5005,True,True,False,False,False,False,False,False
5006,True,True,True,False,False,False,False,False
5007,False,False,False,False,False,True,True,True
5008,True,True,True,True,False,True,True,True
5009,True,True,True,True,True,True,True,True
5010,True,True,True,True,False,False,False,True
5011,True,True,True,False,False,True,True,True
5012,False,False,False,False,False,True,True,True
5013,True,True,False,False,False,False,True,True
5014,False,False,False,False,False,True,True,True
5015,True,False,False,False,False,False,False,True
5016,True,False,False,False,False,True,True,True
5017,True,True,True,True,True,True,True,True
5018,False,False,False,False,False,True,True,True
5019,False,False,False,False,False,True,True,True
5020,False,False,False,False,False,True,False,True
5021,True,True,False,False,False,True,True,True
5022,True,True,False,False,False,False,False,True
5023,True,True,True,True,True,True,True,True
5024,True,True,True,True,False,False,False,False
5025,True,False,False,False,False,False,False,False
5026,True,True,False,False,False,False,True,True
5027,True,True,True,True,True,True,True,True
5028,True,True,True,False,False,False,True,True
5029,True,True,True,True,False,False,True,True
5030,True,True,False,False,False,True,True,True
5031,False,False,False,False,False,True,True,True
5032,True,True,False,False,False,False,False,False
5033,False,False,False,False,False,True,True,True
5034,True,True,True,False,False,False,False,False
5035,True,True,True,True,False,False,False,False
5036,False,False,False,False,False,True,False,True
5037,False,False,False,False,False,False,False,True
5038,True,True,True,True,True,True,True,True
5039,True,True,True,True,False,False,False,True
5040,True,True,False,False,False,False,False,False
5041,True,True,True,True,True,True,True,True
5042,True,False,False,False,False,True,True,True
5043,False,False,False,False,False,False,False,True
5044,True,True,True,False,False,False,False,True
5045,True,False,False,False,False,True,True,True
5046,True,False,False,False,False,False,False,False
5047,False,False,False,False,False,False,True,True
5048,True,True,True,False,False,False,False,True
5049,True,True,True,False,False,False,False,True
5050,True,False,False,False,False,False,False,False
5051,True,True,True,True,False,False,True,True
5052,True,False,False,False,False,True,False,True
5053,False,False,False,False,False,False,False,True
5054,True,True,True,False,False,False,True,True
5055,True,False,False,False,False,False,True,True
5056,True,True,True,True,True,True,True,True
5057,True,True,False,False,False,False,True,True
5058,True,False,False,False,False,True,True,True
5059,False,False,False,False,False,True,True,True
5060,True,True,True,False,False,False,False,True
5061,True,False,False,False,False,True,True,True
5062,True,True,True,True,False,True,True,True
5063,False,False,False,False,False,False,True,True
5064,True,False,False,False,False,False,True,True
5065,True,True,True,True,True,True,True,True
5066,True,True,True,False,False,False,False,False
5067,True,True,False,False,False,False,False,False
5068,True,True,True,True,True,True,True,True
5069,True,True,True,True,False,False,False,False
5070,True,True,True,False,False,False,False,True
5071,True,True,True,False,False,True,True,True
5072,True,False,False,False,False,False,False,True
5073,True,True,True,True,False,False,True,True
5074,False,False,False,False,False,False,False,False
5075,True,False,False,False,False,True,True,True
5076,True,True,False,False,False,False,False,True
5077,True,True,False,False,False,False,True,True
5078,True,False,False,False,False,True,True,True
5079,True,True,False,False,False,True,True,True
5080,True,True,True,True,True,True,True,True
5081,True,True,False,False,False,True,False,True
5082,False,False,False,False,False,False,False,True
5083,False,False,False,False,False,False,False,True
5084,True,True,True,False,False,False,False,False
5085,False,False,False,False,False,False,False,False
5086,True,False,False,False,False,False,False,True
5087,True,True,True,False,False,False,True,True
5088,True,True,False,False,False,False,False,True
5089,True,True,False,False,False,True,True,True
5090,True,True,False,False,False,True,True,True
5091,True,False,False,False,False,True,True,True
5092,True,True,True,True,True,True,True,True
5093,True,True,False,False,False,False,False,True
5094,True,True,False,False,False,False,False,False
5095,True,True,True,True,False,True,True,True
5096,True,True,False,False,False,True,True,True
5097,True,True,True,False,False,False,True,True
5098,True,True,True,True,True,True,True,True
5099,True,True,True,True,False,False,False,True
5100,False,False,False,False,False,False,False,True
5101,True,True,True,False,False,False,True,True
5102,True,True,True,True,True,True,True,True
5103,True,False,False,False,False,False,True,True
5104,True,True,True,False,False,False,False,False
5105,True,True,False,False,False,True,True,True
5106,False,False,False,False,False,False,True,True
5107,False,False,False,False,False,True,True,True
5108,False,False,False,False,False,True,True,True
5109,True,False,False,False,False,True,True,True
5110,True,False,False,False,False,True,True,True
5111,True,True,True,False,False,False,False,False
5112,True,True,True,False,False,True,True,True
5113,True,True,False,False,False,False,False,False
5114,True,True,True,True,False,False,True,True
5115,True,True,True,True,True,True,True,True
5116,True,False,False,False,False,True,True,True
5117,True,True,True,True,True,True,True,True
5118,True,True,True,True,True,True,True,True
5119,True,True,True,True,False,False,False,True
5120,True,True,False,False,False,False,False,False
5121,True,False,False,False,False,False,False,True
5122,True,False,False,False,False,True,True,True
5123,True,True,True,True,True,True,True,True
5124,True,False,False,False,False,False,False,True
5125,False,False,False,False,False,False,False,True
5126,False,False,False,False,False,True,True,True
5127,True,True,True,True,False,False,False,False
5128,True,True,True,True,True,True,True,True
5129,True,True,False,False,False,True,True,True
5130,True,True,False,False,False,False,False,True
5131,False,False,False,False,False,False,False,False
5132,True,True,True,True,False,False,False,True
5133,False,False,False,False,False,True,True,True
5134,True,True,True,False,False,False,False,True
5135,True,False,False,False,False,False,False,False
5136,True,True,True,True,True,True,True,True
5137,False,False,False,False,False,True,True,True
5138,True,False,False,False,False,False,False,True
5139,True,True,True,False,False,True,True,True
5140,True,True,False,False,False,True,True,True
5141,False,False,False,False,False,False,False,False
5142,True,True,True,False,False,True,True,True
5143,True,True,True,True,True,True,True,True
5144,True,True,True,False,False,False,False,True
5145,False,False,False,False,False,False,False,True
5146,True,True,True,True,False,False,True,True
5147,True,True,True,True,True,True,True,True
5148,True,True,True,True,False,False,False,False
5149,True,True,False,False,False,False,False,True
5150,True,False,False,False,False,False,False,False
5151,True,True,False,False,False,False,False,False
5152,True,False,False,False,False,True,True,True
5153,True,True,True,False,False,True,True,True
5154,True,False,False,False,False,True,True,True
5155,True,True,True,True,True,True,True,True
5156,True,True,True,False,False,False,False,False
5157,True,True,True,True,True,True,True,True
5158,True,True,True,True,False,False,False,False
5159,True,True,True,True,True,True,True,True
5160,True,True,True,True,True,True,True,True
5161,True,True,False,False,False,True,True,True
5162,True,True,False,False,False,True,True,True
5163,False,False,False,False,False,True,True,True
5164,True,True,True,True,False,False,False,True
5165,True,True,True,True,True,True,True,True
5166,True,True,True,True,False,False,False,True
5167,True,True,True,True,False,False,False,False
5168,False,False,False,False,False,False,False,False
5169,True,True,True,True,True,True,True,True
5170,True,True,True,True,False,False,False,False
5171,True,True,False,False,False,False,False,True
5172,True,True,True,True,False,True,True,True
5173,True,True,False,False,False,False,False,True
5174,True,True,True,True,False,False,False,False
5175,True,False,False,False,False,True,False,False
5176,False,False,False,False,False,True,True,True
5177,True,True,True,True,False,False,False,False
5178,False,False,False,False,False,False,True,True
5179,True,True,True,True,True,True,True,True
5180,True,True,True,False,False,True,True,True
5181,True,True,False,False,False,False,True,True
5182,True,True,True,True,True,True,True,True
5183,False,False,False,False,False,True,True,True
5184,True,True,False,False,False,True,True,True
5185,True,True,True,True,True,True,True,True
5186,True,True,True,True,False,True,True,True
5187,True,False,False,False,False,False,False,False
5188,True,False,False,False,False,False,False,False
5189,True,True,True,False,False,True,True,True
5190,True,False,False,False,False,False,False,False
5191,True,True,True,True,False,False,True,True
5192,False,False,False,False,False,False,True,True
5193,True,True,True,True,False,False,False,False
5194,True,True,True,True,True,True,True,True
5195,True,False,False,False,False,False,False,False
5196,True,False,False,False,False,False,False,True
5197,True,True,False,False,False,False,False,False
5198,True,True,True,False,False,False,False,True
5199,True,True,True,False,False,False,False,True
5200,True,True,False,False,False,False,True,True
5201,True,True,True,False,False,False,False,False
5202,True,True,True,True,False,True,True,True
5203,True,True,False,False,False,False,False,True
5204,True,True,False,False,False,False,False,False
5205,True,False,False,False,False,True,True,True
5206,False,False,False,False,False,True,True,True
5207,True,False,False,False,False,True,True,True
5208,True,True,True,False,False,False,False,True
5209,True,True,False,False,False,False,False,False
5210,True,True,True,False,False,True,True,True
5211,True,True,True,True,False,False,True,True
5212,True,True,True,False,False,False,False,True
5213,True,False,False,False,False,True,True,True
5214,True,True,True,True,False,False,False,False
5215,True,True,True,True,False,False,True,True
5216,True,True,False,False,False,False,False,False
5217,False,False,False,False,False,False,False,False
5218,True,True,False,False,False,False,True,True
5219,True,True,True,True,True,True,True,True
5220,True,True,True,True,False,False,True,True
5221,True,True,False,False,False,False,True,True
5222,False,True,False,False,False,True,True,True
5223,True,True,True,True,False,True,True,True
5224,True,True,False,False,False,True,True,True
5225,True,True,False,False,False,False,False,True
5226,True,True,False,False,False,False,False,True
5227,True,False,False,False,False,True,True,True
5228,True,True,True,True,False,False,False,False
5229,True,True,False,False,False,False,False,False
5230,True,True,True,False,False,True,True,True
5231,True,True,True,True,True,True,True,True
5232,True,True,False,False,False,False,True,True
5233,True,True,True,False,False,False,False,False
5234,False,False,False,False,False,True,False,True
5235,True,False,False,False,False,False,False,True
5236,False,False,False,False,False,True,True,True
5237,True,True,True,False,False,False,True,True
5238,True,True,True,True,False,False,False,False
5239,True,False,False,False,False,True,True,True
5240,False,False,False,False,False,True,True,True
5241,False,False,False,False,False,False,False,False
5242,False,False,False,False,False,True,True,True
5243,False,False,False,False,False,True,True,True
5244,True,True,True,False,False,True,True,True
5245,False,False,False,False,False,True,True,True
5246,True,True,True,True,True,True,True,True
5247,True,True,True,True,False,False,False,True
5248,False,False,False,False,False,True,True,True
5249,True,True,True,True,False,False,True,True
5250,True,True,True,True,False,False,False,False
5251,False,False,False,False,False,False,False,False
5252,True,True,True,False,False,False,False,False
5253,True,True,True,True,True,True,True,True
5254,True,False,False,False,False,False,False,True
5255,True,True,False,False,False,False,True,True
5256,True,True,True,True,True,True,True,True
5257,True,True,True,True,True,True,True,True
5258,True,True,True,True,False,True,True,True
5259,True,True,True,True,True,True,True,True
5260,True,False,False,False,False,False,False,False
5261,True,True,True,True,False,False,False,True
5262,False,False,False,False,False,False,False,False
5263,True,True,False,False,False,True,True,True
5264,True,False,False,False,False,True,True,True
5265,False,False,False,False,False,False,False,True
5266,True,False,False,False,False,False,True,True
5267,True,True,True,False,False,False,False,False
5268,True,True,True,True,False,True,True,True
5269,True,False,False,False,False,False,True,True
5270,False,False,False,False,False,True,True,True
5271,True,True,True,True,False,False,True,True
5272,True,False,False,False,False,False,False,False
5273,False,False,False,False,False,False,False,True
5274,True,True,True,True,False,False,False,False
5275,False,False,False,False,False,False,False,True
5276,True,True,True,True,True,True,True,True
5277,True,True,True,True,False,False,False,True
5278,True,True,True,False,False,False,True,True
5279,True,True,True,True,False,False,False,False
5280,True,True,True,True,True,True,True,True
5281,True,True,True,True,True,True,True,True
5282,True,True,False,False,False,True,True,True
5283,False,False,False,False,False,True,True,True
5284,False,False,False,False,False,False,False,False
5285,True,True,True,True,False,True,True,True
5286,True,True,True,True,True,True,True,True
5287,True,True,True,True,False,False,False,True
5288,True,True,True,True,False,True,True,True
5289,False,False,False,False,False,True,True,True
5290,False,False,False,False,False,False,False,True
5291,True,True,True,True,True,True,True,True
5292,True,True,False,False,False,False,True,True
5293,True,True,True,False,False,True,True,True
5294,True,True,True,True,True,True,True,True
5295,False,False,False,False,False,True,True,True
5296,True,False,False,False,False,True,True,True
5297,True,True,True,True,False,False,False,False
5298,True,True,False,False,False,False,False,False
5299,False,False,False,False,False,True,True,True
5300,True,True,True,True,True,True,True,True
5301,True,False,False,False,False,True,True,True
5302,True,True,True,True,True,True,True,True
5303,True,False,False,False,False,True,True,True
5304,True,False,False,False,False,True,True,True
5305,True,True,False,False,False,False,False,True
5306,False,False,False,False,False,False,True,True
5307,False,False,False,False,False,True,True,True
5308,False,False,False,False,False,True,True,True
5309,True,False,False,False,False,False,False,False
5310,True,True,True,False,False,True,True,True
5311,True,False,False,False,False,False,False,False
5312,True,True,True,True,False,False,False,True
5313,True,True,False,False,False,False,False,True
5314,True,True,False,False,False,False,True,True
5315,True,True,False,False,False,False,False,False
5316,True,True,False,False,False,True,True,True
5317,True,True,True,True,False,False,True,True
5318,True,True,False,False,False,False,False,True
5319,True,True,False,False,False,True,True,True
5320,True,False,False,False,False,False,True,True
5321,True,False,False,False,False,True,True,True
5322,True,True,False,False,False,False,True,True
5323,True,True,True,True,True,True,True,True
5324,True,False,False,False,False,False,False,True
5325,True,True,True,True,False,False,True,True
5326,True,True,True,False,False,False,False,False
5327,True,True,True,True,False,True,True,True
5328,False,False,False,False,False,True,True,True
5329,True,True,False,False,False,False,False,False
5330,True,True,True,False,False,False,False,True
5331,True,True,True,True,False,False,False,False
5332,True,False,False,False,False,False,False,False
5333,True,True,True,True,True,True,True,True
5334,True,True,False,False,False,True,True,True
5335,True,True,True,True,True,True,True,True
5336,True,True,False,False,False,True,True,True
5337,True,True,True,False,False,True,True,True
5338,True,True,False,False,False,False,False,False
5339,True,True,True,False,False,True,True,True
5340,True,True,False,False,False,False,False,True
5341,False,False,False,False,False,False,False,False
5342,True,True,True,True,True,True,True,True
5343,True,True,True,True,True,True,True,True
5344,False,False,False,False,False,False,False,True
5345,True,True,True,True,False,False,True,True
5346,True,True,True,True,False,False,True,True
5347,True,True,True,True,True,True,True,True
5348,True,True,True,False,False,True,True,True
5349,True,True,True,True,True,True,True,True
5350,True,False,False,False,False,True,True,True
5351,True,True,True,True,False,True,True,True
5352,True,True,True,True,False,False,True,True
5353,True,True,True,True,True,True,True,True
5354,True,True,True,True,True,True,True,True
5355,True,True,True,True,True,True,True,True
5356,False,False,False,False,False,False,False,False
5357,True,False,False,False,False,True,True,True
5358,True,True,True,True,True,True,True,True
5359,False,False,False,False,False,False,False,False
5360,True,True,True,False,False,False,True,True
5361,True,True,False,False,False,True,True,True
5362,True,True,False,False,False,False,True,True
5363,False,False,False,False,False,True,True,True
5364,False,False,False,False,False,False,False,False
5365,False,False,False,False,False,True,True,True
5366,True,False,False,False,False,False,False,False
5367,True,True,True,False,False,False,True,True
5368,True,False,False,False,False,False,False,False
5369,True,False,False,False,False,True,True,True
5370,False,False,False,False,False,True,False,True
5371,True,True,True,True,False,False,False,True
5372,False,False,False,False,False,True,False,True
5373,True,True,False,False,False,False,False,False
5374,False,False,False,False,False,True,True,True
5375,True,True,False,False,False,False,True,True
5376,True,False,False,False,False,True,True,True
5377,False,False,False,False,False,False,False,False
5378,True,True,False,False,False,False,False,True
5379,False,False,False,False,False,True,True,True
5380,True,True,False,False,False,False,False,True
5381,True,True,False,False,False,True,True,True
5382,True,True,True,True,False,False,False,False
5383,True,True,False,False,False,True,True,True
5384,True,True,False,False,False,False,False,False
5385,True,False,False,False,False,True,True,True
5386,False,False,False,False,False,True,False,False
5387,True,False,False,False,False,False,False,False
5388,True,False,False,False,False,True,True,True
5389,True,True,True,True,True,True,True,True
5390,False,False,False,False,False,False,False,False
5391,True,True,True,True,False,False,False,False
5392,True,True,True,False,False,False,False,False
5393,False,False,False,False,False,True,False,True
5394,True,True,True,True,False,False,False,True
5395,False,False,False,False,False,False,False,True
5396,True,True,True,True,False,False,True,True
5397,False,False,False,False,False,True,True,True
5398,True,True,True,True,False,True,True,True
5399,True,True,True,True,False,True,True,True
5400,True,False,False,False,False,False,False,True
5401,False,False,False,False,False,True,True,True
5402,True,True,True,True,False,False,False,False
5403,True,True,True,True,True,True,True,True
5404,True,True,True,False,False,True,True,True
5405,True,True,True,False,False,True,True,True
5406,False,False,False,False,False,True,True,True
5407,True,False,False,False,False,False,True,True
5408,True,True,False,False,False,True,True,True
5409,True,True,True,False,False,False,False,True
5410,True,False,False,False,False,False,False,True
5411,True,True,False,False,False,False,False,False
5412,True,True,True,False,False,False,True,True
5413,True,True,False,False,False,False,True,True
5414,False,False,False,False,False,False,True,True
5415,True,False,False,False,False,True,True,True
5416,True,True,False,False,False,True,True,True
5417,True,True,True,True,True,True,True,True
5418,True,False,False,False,False,True,True,True
5419,True,False,False,False,False,True,True,True
5420,True,True,False,False,False,True,True,True
5421,True,True,True,True,False,False,False,True
5422,True,True,True,True,True,True,True,True
5423,True,True,False,False,False,False,True,True
5424,True,True,False,False,False,False,False,False
5425,True,True,True,True,True,True,True,True
5426,True,True,True,False,False,False,False,False
5427,False,False,False,False,False,True,True,True
5428,True,False,False,False,False,True,True,True
5429,True,True,True,False,False,True,True,True
5430,True,True,False,False,False,True,True,True
5431,True,True,True,True,False,False,False,False
5432,True,True,True,True,True,True,True,True
5433,True,True,True,True,True,True,True,True
5434,True,False,False,False,False,True,True,True
5435,False,False,False,False,False,True,True,True
5436,True,False,False,False,False,True,True,True
5437,True,True,False,False,False,True,True,True
5438,True,True,False,False,False,False,False,True
5439,True,False,False,False,False,False,True,True
5440,True,True,True,True,False,False,False,False
5441,True,True,True,True,False,False,True,True
5442,True,True,True,True,False,False,False,False
5443,True,False,False,False,False,True,True,True
5444,True,True,True,True,True,True,True,True
5445,False,False,False,False,False,True,True,True
5446,False,False,False,False,False,False,True,True
5447,True,True,False,False,False,False,False,False
5448,True,True,True,True,True,True,True,True
5449,True,True,False,False,False,False,False,False
5450,False,False,False,False,False,False,True,True
5451,False,False,False,False,False,False,True,True
5452,False,False,False,False,False,True,True,True
5453,True,True,True,True,False,False,True,True
5454,False,False,False,False,False,True,True,True
5455,True,True,False,False,False,True,True,True
5456,True,True,False,False,False,False,True,True
5457,False,False,False,False,False,False,False,False
5458,False,False,False,False,False,False,True,True
5459,False,False,False,False,False,True,True,True
5460,True,True,False,False,False,True,True,True
5461,True,True,True,True,True,True,True,True
5462,True,True,True,False,False,True,True,True
5463,False,False,False,False,False,True,False,True
5464,False,False,False,False,False,False,False,True
5465,True,False,False,False,False,False,True,True
5466,True,False,False,False,False,True,True,True
5467,True,True,True,True,False,False,True,True
5468,False,False,False,False,False,True,True,True
5469,True,True,True,False,False,False,False,False
5470,True,True,True,False,False,False,False,False
5471,True,True,True,True,False,False,False,True
5472,True,True,True,True,False,False,True,True
5473,True,True,True,True,False,True,True,True
5474,True,False,False,False,False,True,True,True
5475,True,True,True,True,False,True,True,True
5476,True,False,False,False,False,False,False,False
5477,False,False,False,False,False,False,False,False
5478,True,False,False,False,False,True,True,True
5479,True,True,False,False,False,True,True,True
5480,False,False,False,False,False,True,True,True
5481,True,True,False,False,False,True,True,True
5482,True,True,False,False,False,False,False,True
5483,True,False,False,False,False,False,False,False
5484,True,True,True,True,True,True,True,True
5485,True,False,False,False,False,True,True,True
5486,True,True,True,False,False,True,True,True
5487,True,False,False,False,False,False,False,False
5488,True,True,True,False,False,False,False,False
5489,True,True,True,False,False,False,False,True
5490,True,False,False,False,False,True,True,True
5491,False,False,False,False,False,True,True,True
5492,False,False,False,False,False,True,True,True
5493,True,True,False,False,False,True,True,True
5494,True,False,False,False,False,False,False,True
5495,True,True,False,False,False,True,True,True
5496,True,True,False,False,False,False,False,False
5497,False,False,False,False,False,False,False,False
5498,True,True,True,False,False,True,True,True
5499,True,False,False,False,False,True,True,True
5500,True,True,True,False,False,False,True,True
5501,False,False,False,False,False,True,True,True
5502,True,True,False,False,False,True,True,True
5503,True,True,True,True,False,False,False,True
5504,True,True,True,True,False,False,False,True
5505,True,True,True,True,False,False,True,True
5506,True,False,False,False,False,False,False,False
5507,False,False,False,False,False,True,True,True
5508,False,False,False,False,False,False,True,True
5509,True,True,True,False,False,True,True,True
5510,False,False,False,False,False,True,True,True
5511,True,True,True,True,False,False,False,True
5512,True,True,False,False,False,False,False,True
5513,True,True,True,True,False,False,True,True
5514,True,True,True,True,False,False,False,False
5515,True,True,True,True,True,True,True,True
5516,True,True,True,True,True,True,True,True
5517,True,True,False,False,False,False,True,True
5518,True,True,True,False,False,True,True,True
5519,True,True,True,True,True,True,True,True
5520,True,True,True,False,False,True,True,True
5521,True,True,True,True,True,True,True,True
5522,True,True,True,True,True,True,True,True
5523,True,True,False,False,False,True,True,True
5524,True,True,True,True,True,True,True,True
5525,True,True,True,True,False,True,True,True
5526,True,True,True,False,False,True,True,True
5527,True,False,False,False,False,False,False,True
5528,True,False,False,False,False,True,True,True
5529,True,True,True,True,True,True,True,True
5530,True,True,True,True,False,True,True,True
5531,True,True,False,False,False,True,True,True
5532,True,False,False,False,False,False,False,True
5533,True,True,True,False,False,False,False,True
5534,True,True,True,True,True,True,True,True
5535,True,True,False,False,False,False,False,False
5536,True,True,True,True,False,False,False,True
5537,True,True,True,True,False,True,True,True
5538,True,False,False,False,False,True,True,True
5539,True,False,False,False,False,False,False,False
5540,True,True,False,False,False,True,True,True
5541,False,False,False,False,False,True,True,True
5542,True,True,True,True,True,True,True,True
5543,False,False,False,False,False,False,False,False
5544,True,True,True,False,False,False,False,False
5545,True,False,False,False,False,True,True,True
5546,True,True,True,False,False,True,True,True
5547,False,False,False,False,False,False,False,False
5548,True,True,True,True,True,True,True,True
5549,True,False,False,False,False,False,True,True
5550,True,False,False,False,False,True,True,True
5551,True,True,True,True,False,False,False,False
5552,False,False,False,False,False,False,True,True
5553,True,True,True,True,True,True,True,True
5554,True,True,True,True,False,False,False,False
5555,True,True,True,True,False,False,False,False
5556,True,True,True,True,True,True,True,True
5557,True,True,True,True,True,True,True,True
5558,True,True,True,False,False,True,True,True
5559,True,False,False,False,False,False,False,False
5560,True,True,True,True,True,True,True,True
5561,True,True,True,True,False,False,False,False
5562,True,True,True,False,False,False,False,False
5563,True,True,True,True,False,False,False,True
5564,False,False,False,False,False,False,False,False
5565,True,True,True,True,False,False,False,False
5566,True,True,True,True,True,True,True,True
5567,False,False,False,False,False,True,True,True
5568,True,True,True,True,False,False,True,True
5569,True,True,True,True,False,False,False,False
5570,True,True,True,True,True,True,True,True
5571,True,True,False,False,False,True,False,True
5572,True,False,False,False,False,False,False,False
5573,True,True,True,False,False,True,True,True
5574,True,True,True,True,False,False,True,True
5575,True,True,True,True,False,False,False,False
5576,True,True,False,False,False,True,True,True
5577,True,True,True,False,False,False,False,True
5578,True,False,False,False,False,True,True,True
5579,True,True,True,False,False,False,False,True
5580,True,True,False,False,False,False,False,True
5581,True,True,False,False,False,True,True,True
5582,True,True,True,True,True,True,True,True
5583,True,True,True,True,True,True,True,True
5584,False,False,False,False,False,True,True,True
5585,True,True,False,False,False,False,False,True
5586,True,True,False,False,False,False,False,False
5587,True,True,True,True,True,True,True,True
5588,True,True,True,True,False,False,False,True
5589,False,False,False,False,False,False,False,True
5590,True,False,False,False,False,True,True,True
5591,True,True,True,False,False,False,False,False
5592,True,False,False,False,False,False,True,True
5593,False,False,False,False,False,True,True,True
5594,True,True,True,False,False,True,True,True
5595,False,False,False,False,False,True,True,True
5596,True,True,True,False,False,False,False,False
5597,True,False,False,False,False,False,False,True
5598,True,True,True,True,True,True,True,True
5599,True,False,False,False,False,True,True,True
5600,True,True,False,False,False,True,True,True
5601,True,True,True,False,False,True,True,True
5602,True,True,True,False,False,True,True,True
5603,True,True,True,False,False,False,False,False
5604,True,False,False,False,False,False,False,False
5605,True,True,False,False,False,False,False,True
5606,True,True,True,True,True,True,True,True
5607,True,True,True,True,False,False,True,True
5608,True,True,False,False,False,False,False,False
5609,True,True,True,True,True,True,True,True
5610,True,True,False,False,False,False,True,True
5611,True,True,False,False,False,False,True,True
5612,True,True,True,True,False,False,False,True
5613,True,False,False,False,False,False,False,True
5614,True,False,False,False,False,False,False,False
5615,True,False,False,False,False,False,False,True
5616,True,False,False,False,False,False,True,True
5617,True,True,True,True,True,True,True,True
5618,True,True,True,True,True,True,True,True
5619,True,True,True,True,True,True,True,True
5620,True,True,True,True,False,True,True,True
5621,True,True,True,True,True,True,True,True
5622,True,True,False,False,False,True,True,True
5623,True,True,True,False,False,False,True,True
5624,True,True,False,False,False,False,False,False
5625,True,True,True,True,True,True,True,True
5626,True,True,True,False,False,True,True,True
5627,True,True,True,True,False,False,False,False
5628,False,False,False,False,False,True,False,False
5629,True,True,False,False,False,False,False,False
5630,True,True,False,False,False,False,False,True
5631,False,False,False,False,False,True,True,True
5632,True,True,False,False,False,True,True,True
5633,True,True,True,True,False,False,True,True
5634,True,True,True,True,False,False,True,True
5635,False,False,False,False,False,True,True,True
5636,True,True,True,False,False,True,True,True
5637,True,False,False,False,False,True,True,True
5638,True,False,False,False,False,False,False,False
5639,False,False,False,False,False,False,True,True
5640,True,True,True,False,False,True,True,True
5641,True,True,False,False,False,False,False,True
5642,True,False,False,False,False,True,True,True
5643,True,True,True,False,False,False,False,True
5644,True,True,True,True,False,True,True,True
5645,True,True,False,False,False,True,True,True
5646,True,False,False,False,False,False,False,True
5647,True,True,True,True,False,False,True,True
5648,True,True,True,True,False,False,False,False
5649,True,True,True,False,False,False,True,True
5650,True,True,False,False,False,False,False,False
5651,False,False,False,False,False,True,True,True
5652,True,True,True,True,True,True,True,True
5653,True,True,True,True,True,True,True,True
5654,True,True,False,False,False,False,True,True
5655,True,True,False,False,False,False,True,True
5656,True,True,True,True,False,False,False,False
5657,True,True,True,True,True,True,True,True
5658,False,False,False,False,False,False,False,False
5659,True,True,True,True,True,True,True,True
5660,False,False,False,False,False,False,False,False
5661,False,False,False,False,False,True,True,True
5662,True,False,False,False,False,True,True,True
5663,True,False,False,False,False,False,True,True
5664,True,True,True,True,True,True,True,True
5665,True,True,True,True,True,True,True,True
5666,True,True,True,False,False,False,False,False
5667,True,True,False,False,False,True,True,True
5668,True,True,True,True,False,False,True,True
5669,True,True,True,True,True,True,True,True
5670,True,True,False,False,False,False,True,True
5671,True,True,True,True,False,True,True,True
5672,True,True,False,False,False,False,False,False
5673,True,True,True,True,True,True,True,True
5674,True,False,False,False,False,True,True,True
5675,False,False,False,False,False,False,False,True
5676,True,True,True,True,True,True,True,True
5677,True,True,True,True,False,False,False,False
5678,True,False,False,False,False,False,False,True
5679,True,True,True,True,False,False,False,True
5680,True,False,False,False,False,False,True,True
5681,True,True,True,True,False,False,False,True
5682,False,False,False,False,False,True,True,True
5683,False,False,False,False,False,True,True,True
5684,True,True,True,True,True,True,True,True
5685,False,False,False,False,False,True,True,True
5686,True,True,True,True,True,True,True,True
5687,True,True,True,True,True,True,True,True
5688,True,True,True,True,True,True,True,True
5689,False,False,False,False,False,True,True,True
5690,False,False,False,False,False,True,False,True
5691,True,False,False,False,False,False,False,False
5692,True,True,False,False,False,False,False,True
5693,True,False,False,False,False,False,False,False
5694,True,True,True,True,False,False,False,True
5695,True,True,False,False,False,True,True,True
5696,True,True,False,False,False,True,True,True
5697,False,True,False,False,False,True,False,False
5698,True,True,True,True,False,False,False,True
5699,True,True,True,True,False,False,True,True
5700,True,True,True,True,False,False,True,True
5701,True,True,True,True,True,True,True,True
5702,True,False,False,False,False,False,True,True
5703,True,False,False,False,False,True,True,True
5704,True,True,True,True,True,True,True,True
5705,False,False,False,False,False,True,True,True
5706,False,False,False,False,False,True,True,True
5707,False,False,False,False,False,True,True,True
5708,True,True,True,False,False,False,False,True
5709,False,False,False,False,False,True,True,True
5710,True,True,True,True,False,False,False,False
5711,False,False,False,False,False,True,True,True
5712,True,True,False,False,False,False,False,True
5713,True,True,True,True,False,False,False,False
5714,True,True,False,False,False,True,True,True
5715,True,False,False,False,False,True,True,True
5716,True,False,False,False,False,False,True,True
5717,True,True,True,False,False,False,True,True
5718,True,True,True,True,False,False,False,True
5719,True,True,True,True,True,True,True,True
5720,True,True,True,True,False,False,True,True
5721,True,True,True,True,True,True,True,True
5722,True,True,True,True,True,True,True,True
5723,True,True,True,True,False,True,True,True
5724,True,True,True,True,True,True,True,True
5725,True,True,True,False,False,True,True,True
5726,True,False,False,False,False,False,False,True
5727,True,True,True,True,True,True,True,True
5728,True,True,False,False,False,False,True,True
5729,True,False,False,False,False,True,True,True
5730,False,False,False,False,False,False,False,True
5731,True,True,False,False,False,True,True,True
5732,True,False,False,False,False,True,True,True
5733,True,True,False,False,False,False,False,True
5734,True,True,True,True,False,True,True,True
5735,True,True,True,True,True,True,True,True
5736,False,False,False,False,False,False,False,False
5737,True,True,True,True,False,True,True,True
5738,True,True,True,False,False,False,False,False
5739,True,True,True,True,True,True,True,True
5740,True,True,True,True,True,True,True,True
5741,False,False,False,False,False,True,True,True
5742,True,True,True,False,False,True,True,True
5743,True,True,True,True,True,True,True,True
5744,False,False,False,False,False,True,True,True
5745,True,True,True,True,False,False,True,True
5746,True,True,True,True,True,True,True,True
5747,True,True,True,True,False,False,False,False
5748,False,False,False,False,False,False,False,False
5749,True,True,True,True,True,True,True,True
5750,True,False,False,False,False,True,True,True
5751,True,True,True,True,False,False,False,False
5752,True,True,True,True,False,False,False,False
5753,True,False,False,False,False,True,True,True
5754,True,True,False,False,False,True,True,True
5755,True,True,True,False,False,True,True,True
5756,True,True,True,False,False,True,True,True
5757,False,False,False,False,False,False,False,False
5758,False,False,False,False,False,True,True,True
5759,True,True,True,True,False,False,True,True
5760,True,True,True,True,False,False,False,True
5761,True,True,False,False,False,False,False,True
5762,True,True,True,True,False,False,True,True
5763,True,True,True,True,False,False,False,True
5764,True,True,False,False,False,False,False,False
5765,True,True,True,True,False,False,False,False
5766,True,True,False,False,False,True,True,True
5767,True,True,True,True,False,False,False,False
5768,True,True,False,False,False,True,True,True
5769,True,True,True,False,False,False,False,False
5770,True,True,True,True,False,False,False,True
5771,True,True,False,False,False,False,False,False
5772,True,True,True,False,False,True,True,True
5773,True,True,False,False,False,True,True,True
5774,True,True,True,False,False,False,False,False
5775,False,False,False,False,False,False,False,True
5776,False,False,False,False,False,True,True,True
5777,True,False,False,False,False,False,False,False
5778,True,True,False,False,False,False,True,True
5779,True,True,False,False,False,True,True,True
5780,False,False,False,False,False,False,False,True
5781,True,True,True,True,True,True,True,True
5782,True,True,True,False,False,False,False,False
5783,True,False,False,False,False,True,True,True
5784,True,False,False,False,False,True,True,True
5785,True,True,True,False,False,True,True,True
5786,True,True,True,False,False,False,True,True
5787,True,True,True,True,False,False,False,True
5788,True,True,True,True,False,False,True,True
5789,False,False,False,False,False,False,False,True
5790,True,True,False,False,False,False,True,True
5791,True,False,False,False,False,False,True,True
5792,True,True,True,True,True,True,True,True
5793,False,False,False,False,False,False,False,False
5794,True,True,True,True,False,True,True,True
5795,False,False,False,False,False,True,True,True
5796,True,True,True,True,True,True,True,True
5797,True,True,True,True,False,False,False,True
5798,True,True,True,True,True,True,True,True
5799,True,True,True,True,False,False,True,True
5800,True,True,True,True,True,True,True,True
5801,False,False,False,False,False,True,True,True
5802,True,True,True,True,True,True,True,True
5803,True,True,True,True,False,False,False,False
5804,False,False,False,False,False,True,True,True
5805,True,True,True,True,False,True,True,True
5806,True,False,False,False,False,True,True,True
5807,True,True,True,True,False,False,True,True
5808,True,True,True,True,False,False,False,True
5809,False,False,False,False,False,False,False,True
5810,True,True,True,True,False,False,True,True
5811,False,False,False,False,False,True,True,True
5812,False,False,False,False,False,False,False,True
5813,True,False,False,False,False,False,False,False
5814,False,False,False,False,False,False,False,False
5815,True,True,True,False,False,True,True,True
5816,True,False,False,False,False,False,False,False
5817,True,True,True,True,True,True,True,True
5818,True,True,True,False,False,True,True,True
5819,True,True,True,True,True,True,True,True
5820,True,True,True,True,False,False,False,True
5821,True,True,True,True,False,False,False,False
5822,True,True,True,True,False,False,False,False
5823,False,False,False,False,False,True,True,True
5824,True,True,False,False,False,False,True,True
5825,True,True,True,False,False,False,True,True
5826,True,False,False,False,False,True,True,True
5827,True,False,False,False,False,True,True,True
5828,True,True,False,False,False,False,False,False
5829,True,False,False,False,False,True,True,True
5830,True,True,True,False,False,False,False,True
5831,True,True,True,True,False,False,False,True
5832,True,True,True,True,False,True,True,True
5833,True,True,True,False,False,False,False,True
5834,True,True,True,False,False,False,True,True
5835,True,True,True,True,False,False,False,False
5836,True,False,False,False,False,True,True,True
5837,False,False,False,False,False,True,False,False
5838,True,True,True,True,True,True,True,True
5839,True,True,True,True,False,False,False,True
5840,False,False,False,False,False,True,True,True
5841,False,False,False,False,False,True,True,True
5842,True,False,False,False,False,False,True,True
5843,True,True,True,False,False,False,False,False
5844,True,False,False,False,False,True,True,True
5845,False,False,False,False,False,False,True,True
5846,False,False,False,False,False,True,True,True
5847,True,True,False,False,False,True,True,True
5848,True,True,True,True,True,True,True,True
5849,True,True,True,False,False,False,True,True
5850,True,False,False,False,False,False,False,False
5851,True,True,True,True,False,False,False,True
5852,False,False,False,False,False,True,True,True
5853,False,False,False,False,False,True,True,True
5854,True,True,True,True,False,False,False,False
5855,True,True,True,True,True,True,True,True
5856,True,False,False,False,False,False,True,True
5857,True,True,True,False,False,True,True,True
5858,True,True,False,False,False,False,False,False
5859,False,False,False,False,False,True,True,True
5860,True,True,True,False,False,False,False,True
5861,False,False,False,False,False,True,False,False
5862,True,True,True,False,False,True,True,True
5863,True,True,True,True,True,True,True,True
5864,True,True,False,False,False,False,False,True
5865,True,True,True,True,True,True,True,True
5866,True,True,False,False,False,False,False,True
5867,True,True,True,True,True,True,True,True
5868,True,True,True,False,False,True,True,True
5869,True,True,True,False,False,True,True,True
5870,True,True,True,False,False,False,False,False
5871,True,False,False,False,False,True,True,True
5872,False,False,False,False,False,True,True,True
5873,True,True,True,False,False,True,True,True
5874,True,True,True,True,False,False,True,True
5875,True,True,True,True,False,False,True,True
5876,True,True,True,True,False,True,True,True
5877,True,True,True,False,False,True,True,True
5878,True,True,True,True,False,True,True,True
5879,True,True,True,True,False,True,False,True
5880,True,True,True,True,False,False,True,True
5881,False,False,False,False,False,True,True,True
5882,True,True,False,False,False,True,True,True
5883,False,False,False,False,False,False,False,True
5884,True,True,True,False,False,True,True,True
5885,True,True,True,True,False,False,False,True
5886,True,False,False,False,False,True,False,True
5887,True,True,False,False,False,True,True,True
5888,True,True,True,True,True,True,True,True
5889,False,False,False,False,False,True,True,True
5890,True,True,True,False,False,False,False,False
5891,True,True,True,False,False,False,False,True
5892,False,False,False,False,False,False,False,True
5893,False,False,False,False,False,False,False,True
5894,True,True,True,True,True,True,True,True
5895,True,True,False,False,False,False,True,True
5896,True,True,True,True,True,True,True,True
5897,True,False,False,False,False,False,False,True
5898,False,False,False,False,False,True,True,True
5899,True,True,True,True,False,False,False,False
5900,True,False,False,False,False,True,True,True
5901,True,True,False,False,False,True,True,True
5902,True,True,True,False,False,False,False,False
5903,True,True,False,False,False,True,True,True
5904,True,True,False,False,False,True,True,True
5905,True,False,False,False,False,True,True,True
5906,True,True,True,True,False,False,False,True
5907,True,True,False,False,False,True,True,True
5908,True,True,True,False,False,False,False,True
5909,True,False,False,False,False,False,False,False
5910,True,True,True,True,False,False,True,True
5911,False,False,False,False,False,False,True,True
5912,True,True,True,True,False,False,True,True
5913,True,True,True,False,False,False,False,True
5914,True,False,False,False,False,True,True,True
5915,True,True,True,True,False,False,False,False
5916,True,True,True,True,False,True,True,True
5917,False,False,False,False,False,True,True,True
5918,True,True,True,True,False,False,True,True
5919,False,False,False,False,False,True,True,True
5920,True,True,False,False,False,False,True,True
5921,True,True,True,True,False,False,False,True
5922,True,True,False,False,False,False,False,True
5923,True,True,True,False,False,True,True,True
5924,True,False,False,False,False,True,True,True
5925,True,True,False,False,False,False,False,True
5926,True,True,True,False,False,False,False,True
5927,False,False,False,False,False,True,True,True
5928,False,False,False,False,False,True,True,True
5929,True,True,True,True,False,False,False,False
5930,False,False,False,False,False,False,False,False
5931,True,True,True,True,False,False,False,False
5932,True,True,True,True,True,True,True,True
5933,True,True,False,False,False,True,True,True
5934,True,True,True,False,False,False,False,True
5935,True,True,True,True,False,False,False,True
5936,True,True,True,True,False,False,False,True
5937,True,True,True,False,False,True,True,True
5938,True,True,True,True,False,False,False,True
5939,True,True,True,True,False,True,True,True
5940,True,True,True,True,True,True,True,True
5941,True,True,True,True,False,False,False,True
5942,True,True,True,False,False,False,False,False
5943,True,True,True,True,True,True,True,True
5944,True,True,False,False,False,True,True,True
5945,True,False,False,False,False,True,True,True
5946,True,True,True,True,False,True,True,True
5947,True,True,False,False,False,False,False,False
5948,True,False,False,False,False,False,False,False
5949,True,True,True,False,False,True,False,False
5950,True,True,False,False,False,False,False,False
5951,True,True,False,False,False,True,True,True
5952,False,False,False,False,False,False,False,False
5953,True,True,True,False,False,True,True,True
5954,True,True,True,True,True,True,True,True
5955,False,False,False,False,False,True,True,True
5956,True,True,True,False,False,True,True,True
5957,False,False,False,False,False,False,False,False
5958,True,True,False,False,False,False,False,True
5959,True,False,False,False,False,True,True,True
5960,True,True,True,True,True,True,True,True
5961,True,True,True,True,False,False,False,False
5962,True,True,True,True,False,False,False,True
5963,False,False,False,False,False,True,True,True
5964,False,False,False,False,False,False,True,True
5965,True,True,True,True,True,True,True,True
5966,False,False,False,False,False,True,True,True
5967,True,True,True,False,False,True,True,True
5968,True,True,True,False,False,False,True,True
5969,False,False,False,False,False,True,True,True
5970,True,True,True,True,False,True,True,True
5971,True,True,True,True,False,False,False,True
5972,True,True,True,False,False,False,True,True
5973,True,True,True,False,False,True,True,True
5974,False,False,False,False,False,False,False,True
5975,True,True,False,False,False,True,True,True
5976,False,False,False,False,False,True,True,True
5977,True,True,True,False,False,False,False,False
5978,True,True,True,True,True,True,True,True
5979,True,True,True,True,True,True,True,True
5980,True,True,True,False,False,True,True,True
5981,True,False,False,False,False,False,False,False
5982,False,False,False,False,False,True,False,False
5983,False,False,False,False,False,False,False,True
5984,True,False,False,False,False,False,False,False
5985,True,True,True,False,False,False,False,True
5986,True,True,True,True,False,True,True,True
5987,True,False,False,False,False,True,True,True
5988,True,True,True,True,False,False,True,True
5989,False,False,False,False,False,True,True,True
5990,False,False,False,False,False,True,True,True
5991,True,False,False,False,False,False,True,True
5992,False,False,False,False,False,False,False,False
5993,False,False,False,False,False,True,True,True
5994,False,False,False,False,False,True,True,True
5995,True,False,False,False,False,True,True,True
5996,True,False,False,False,False,False,False,False
5997,True,True,True,True,False,False,False,False
5998,True,True,True,False,False,True,True,True
5999,True,False,False,False,False,False,False,True
6000,False,False,False,False,False,True,True,True
6001,True,True,True,True,True,True,True,True
6002,False,False,False,False,False,True,True,True
6003,False,False,False,False,False,False,False,False
6004,True,True,True,True,True,True,True,True
6005,True,True,False,False,False,True,True,True
6006,True,True,False,False,False,True,True,True
6007,True,True,True,True,False,False,True,True
6008,False,False,False,False,False,True,True,True
6009,True,True,True,False,False,False,False,True
6010,False,False,False,False,False,False,False,True
6011,True,True,False,False,False,True,True,True
6012,True,True,True,False,False,False,False,False
6013,True,True,False,False,False,False,True,True
6014,True,True,True,True,False,False,False,False
6015,True,True,True,True,False,False,False,True
6016,False,False,False,False,False,True,True,True
6017,True,True,False,False,False,True,True,True
6018,True,True,True,False,False,False,False,True
6019,True,True,True,True,True,True,True,True
6020,True,True,True,True,False,False,True,True
6021,True,True,True,True,False,False,False,True
6022,True,True,False,False,False,True,True,True
6023,False,False,False,False,False,True,True,True
6024,False,False,False,False,False,False,False,True
6025,True,False,False,False,False,True,True,True
6026,False,False,False,False,False,True,True,True
6027,True,False,False,False,False,True,True,True
6028,True,True,True,True,True,True,True,True
6029,True,True,True,True,True,True,True,True
6030,True,True,True,False,False,False,True,True
6031,True,True,False,False,False,False,False,False
6032,True,False,False,False,False,True,True,True
6033,True,True,True,True,True,True,True,True
6034,False,False,False,False,False,True,True,True
6035,True,True,True,False,False,True,True,True
6036,False,False,False,False,False,True,False,False
6037,True,True,True,True,False,False,False,False
6038,True,True,False,False,False,True,True,True
6039,False,False,False,False,False,True,True,True
6040,False,False,False,False,False,True,True,True
6041,True,True,True,True,False,False,False,True
6042,True,True,True,True,False,False,False,False
6043,True,True,True,True,True,True,True,True
6044,True,True,True,True,True,True,True,True
6045,True,True,True,True,True,True,True,True
6046,True,True,True,True,True,True,True,True
6047,False,False,False,False,False,True,True,True
6048,True,False,False,False,False,True,False,True
6049,True,False,False,False,False,False,True,True
6050,False,False,False,False,False,False,False,True
6051,True,True,True,True,False,False,True,True
6052,False,False,False,False,False,True,False,True
6053,True,True,False,False,False,True,True,True
6054,False,False,False,False,False,False,True,True
6055,True,True,True,True,True,True,True,True
6056,False,False,False,False,False,False,True,True
6057,True,True,False,False,False,False,False,False
6058,True,True,True,False,False,True,True,True
6059,True,True,False,False,False,True,True,True
6060,False,False,False,False,False,False,False,False
6061,True,True,False,False,False,True,True,True
6062,False,False,False,False,False,True,False,True
6063,True,True,True,True,True,True,True,True
6064,False,False,False,False,False,True,True,True
6065,False,False,False,False,False,False,False,True
6066,True,True,True,True,True,True,True,True
6067,True,True,True,True,False,False,True,True
6068,False,False,False,False,False,True,True,True
6069,True,True,True,True,True,True,True,True
6070,True,True,True,True,True,True,True,True
6071,False,False,False,False,False,False,False,False
6072,True,True,True,True,True,True,True,True
6073,True,False,False,False,False,False,False,False
6074,True,False,False,False,False,False,False,False
6075,True,True,True,True,False,False,False,False
6076,True,True,True,False,False,False,False,False
6077,True,True,True,False,False,False,False,False
6078,False,False,False,False,False,True,True,True
6079,True,True,True,True,True,True,True,True
6080,True,True,True,True,True,True,True,True
6081,False,False,False,False,False,False,False,True
6082,True,True,True,False,False,True,True,True
6083,False,False,False,False,False,False,False,False
6084,True,True,False,False,False,False,False,False
6085,True,False,False,False,False,True,True,True
6086,True,True,True,False,False,False,False,True
6087,True,True,True,True,False,False,True,True
6088,False,False,False,False,False,False,False,False
6089,True,True,True,True,True,True,True,True
6090,True,True,True,False,False,False,False,True
6091,False,False,False,False,False,False,False,True
6092,True,True,True,False,False,False,False,True
6093,True,False,False,False,False,False,False,True
6094,True,True,True,False,False,False,False,False
6095,True,True,True,True,False,False,False,False
6096,False,False,False,False,False,False,False,True
6097,True,True,True,False,False,False,False,False
6098,True,False,False,False,False,False,False,False
6099,False,False,False,False,False,True,True,True
6100,True,True,True,False,False,False,True,True
6101,True,True,True,True,False,False,False,False
6102,True,True,True,False,False,False,True,True
6103,True,True,True,False,False,False,False,False
6104,True,True,True,True,True,True,True,True
6105,True,True,False,False,False,False,False,False
6106,True,True,True,True,False,False,True,True
6107,True,False,False,False,False,False,False,False
6108,False,False,False,False,False,False,False,True
6109,True,True,True,True,False,False,False,False
6110,False,False,False,False,False,True,True,True
6111,True,True,True,True,True,True,True,True
6112,False,False,False,False,False,True,True,True
6113,False,False,False,False,False,True,True,True
6114,True,True,True,False,False,False,False,True
6115,True,True,True,True,False,True,True,True
6116,True,True,True,True,True,True,True,True
6117,True,True,True,False,False,True,True,True
6118,True,True,False,False,False,False,True,True
6119,False,False,False,False,False,False,False,False
6120,True,True,True,True,False,False,False,False
6121,True,False,False,False,False,True,True,True
6122,False,False,False,False,False,True,True,True
6123,True,False,False,False,False,False,False,False
6124,True,True,True,True,False,False,True,True
6125,False,False,False,False,False,True,True,True
6126,True,True,False,False,False,False,False,False
6127,True,True,True,True,True,True,True,True
6128,True,True,True,True,True,True,True,True
6129,True,True,False,False,False,True,True,True
6130,True,True,True,True,False,True,True,True
6131,True,True,True,True,True,True,True,True
6132,True,True,True,True,True,True,True,True
6133,True,False,False,False,False,False,False,False
6134,False,False,False,False,False,True,True,True
6135,True,True,False,False,False,True,True,True
6136,True,True,True,False,False,False,False,False
6137,False,False,False,False,False,False,False,False
6138,True,False,False,False,False,True,True,True
6139,True,True,True,False,False,True,True,True
6140,False,False,False,False,False,False,False,False
6141,True,True,True,False,False,False,False,False
6142,True,True,True,True,True,True,True,True
6143,False,False,False,False,False,False,False,False
6144,False,False,False,False,False,True,True,True
6145,True,True,True,False,False,True,True,True
6146,True,True,True,False,False,True,True,True
6147,True,True,True,False,False,False,False,False
6148,True,True,True,True,True,True,True,True
6149,True,True,False,False,False,False,False,True
6150,True,False,False,False,False,True,True,True
6151,True,True,True,True,True,True,True,True
6152,True,False,False,False,False,True,False,True
6153,True,False,False,False,False,True,True,True
6154,True,True,True,True,False,False,True,True
6155,True,True,True,True,True,True,True,True
6156,True,True,True,True,False,True,True,True
6157,True,True,True,False,False,False,False,False
6158,True,True,False,False,False,False,False,False
6159,True,True,True,True,True,True,True,True
6160,True,True,False,False,False,True,True,True
6161,True,True,False,False,False,True,True,True
6162,True,True,True,True,False,False,False,True
6163,True,True,True,True,True,True,True,True
6164,False,False,False,False,False,True,True,True
6165,False,False,False,False,False,False,False,True
6166,True,True,False,False,False,False,True,True
6167,True,True,True,False,False,False,False,False
6168,True,True,True,False,False,False,True,True
6169,False,False,False,False,False,False,False,True
6170,True,False,False,False,False,True,True,True
6171,True,True,True,False,False,True,True,True
6172,True,True,True,True,False,False,False,False
6173,True,True,True,False,False,True,True,True
6174,False,False,False,False,False,True,True,True
6175,True,True,True,True,False,True,True,True
6176,True,True,False,False,False,False,True,True
6177,True,False,False,False,False,True,True,True
6178,True,True,True,True,True,True,True,True
6179,True,True,True,False,False,True,True,True
6180,True,True,True,True,True,True,True,True
6181,True,True,True,True,True,True,True,True
6182,True,True,True,True,False,False,True,True
6183,False,False,False,False,False,False,True,True
6184,True,True,False,False,False,False,False,False
6185,True,True,True,True,True,True,True,True
6186,True,False,False,False,False,False,False,True
6187,True,True,True,True,False,True,True,True
6188,True,True,True,True,True,True,True,True
6189,True,True,True,True,False,False,True,True
6190,True,False,False,False,False,True,True,True
6191,True,True,False,False,False,False,False,True
6192,True,True,True,False,False,False,False,True
6193,True,True,True,False,False,True,True,True
6194,True,True,True,False,False,False,False,False
6195,True,True,True,True,False,False,False,True
6196,True,True,False,False,False,False,False,False
6197,True,True,False,False,False,False,False,False
6198,True,True,True,True,True,True,True,True
6199,True,True,False,False,False,False,True,True
6200,True,False,False,False,False,True,True,True
6201,True,False,False,False,False,True,True,True
6202,True,False,False,False,False,False,False,True
6203,True,True,True,False,False,False,True,True
6204,True,True,True,True,True,True,True,True
6205,True,True,False,False,False,True,True,True
6206,True,False,False,False,False,False,False,True
6207,True,True,True,True,True,True,True,True
6208,True,True,True,False,False,True,True,True
6209,True,True,True,True,True,True,True,True
6210,True,True,True,False,False,True,True,True
6211,True,True,True,True,False,True,True,True
6212,True,True,True,True,False,False,True,True
6213,False,False,False,False,False,True,True,True
6214,True,True,True,True,False,True,True,True
6215,True,True,True,False,False,False,True,True
6216,True,True,True,False,False,True,True,True
6217,True,True,True,True,True,True,True,True
6218,True,False,False,False,False,True,True,True
6219,False,False,False,False,False,False,True,True
6220,True,False,False,False,False,True,True,True
6221,True,True,True,True,True,True,True,True
6222,True,False,False,False,False,True,True,True
6223,True,True,False,False,False,False,True,True
6224,True,True,True,True,False,True,True,True
6225,True,True,True,False,False,True,True,True
6226,True,True,True,True,False,False,False,True
6227,False,False,False,False,False,True,True,True
6228,True,True,True,True,False,False,False,True
6229,False,False,False,False,False,True,True,True
6230,True,True,True,True,True,True,True,True
6231,True,False,False,False,False,False,True,True
6232,True,True,True,True,True,True,True,True
6233,False,False,False,False,False,True,True,True
6234,True,True,True,True,True,True,True,True
6235,True,True,False,False,False,True,True,True
6236,True,True,False,False,False,False,False,True
6237,True,True,True,False,False,True,True,True
6238,True,True,False,False,False,True,True,True
6239,False,False,False,False,False,False,True,False
6240,True,True,True,False,False,False,False,False
6241,True,True,True,True,False,False,False,False
6242,True,True,False,False,False,False,False,True
6243,False,False,False,False,False,False,False,False
6244,True,True,True,True,False,False,True,True
6245,False,False,False,False,False,True,True,True
6246,True,True,False,False,False,False,False,False
6247,False,False,False,False,False,False,False,False
6248,True,True,False,False,False,False,False,True
6249,True,False,False,False,False,False,False,True
6250,True,True,False,False,False,False,False,False
6251,True,True,True,False,False,False,True,True
6252,True,True,True,True,False,False,False,True
6253,True,True,True,False,False,False,False,True
6254,True,True,True,True,True,True,True,True
6255,True,True,True,False,False,False,False,False
6256,True,True,True,True,True,True,True,True
6257,True,True,False,False,False,False,False,False
6258,True,True,True,True,False,False,False,False
6259,True,False,False,False,False,True,True,True
6260,True,True,False,False,False,False,True,True
6261,True,True,True,False,False,False,False,False
6262,True,True,True,False,False,False,False,True
6263,False,False,False,False,False,False,False,True
6264,False,False,False,False,False,True,True,True
6265,True,True,True,False,False,False,False,False
6266,True,True,True,True,True,True,True,True
6267,True,True,True,True,True,True,True,True
6268,True,True,True,True,True,True,True,True
6269,True,False,False,False,False,True,True,True
6270,True,True,True,True,True,True,True,True
6271,True,True,True,True,True,True,True,True
6272,False,False,False,False,False,True,True,True
6273,True,True,True,False,False,True,True,True
6274,True,False,False,False,False,True,True,True
6275,True,True,True,True,False,False,False,True
6276,True,True,True,True,False,False,True,True
6277,False,False,False,False,False,True,True,True
6278,False,False,False,False,False,False,False,False
6279,False,False,False,False,False,False,True,True
6280,False,False,False,False,False,True,True,True
6281,False,False,False,False,False,False,False,True
6282,True,False,False,False,False,False,False,False
6283,False,False,False,False,False,True,True,True
6284,True,True,False,False,False,True,True,True
6285,True,False,False,False,False,True,True,True
6286,True,True,True,False,False,True,True,True
6287,True,False,False,False,False,True,True,True
6288,True,True,True,True,False,True,False,True
6289,True,True,False,False,False,False,False,False
6290,True,False,False,False,False,False,False,False
6291,False,False,False,False,False,False,True,True
6292,False,False,False,False,False,False,True,True
6293,False,False,False,False,False,False,False,True
6294,True,False,False,False,False,True,True,True
6295,True,True,True,True,False,False,False,True
6296,False,False,False,False,False,False,False,False
6297,True,False,False,False,False,True,True,True
6298,True,True,True,True,True,True,True,True
6299,True,False,False,False,False,False,False,True
6300,True,True,True,True,False,True,True,True
6301,False,False,False,False,False,True,True,True
6302,True,True,False,False,False,True,True,True
6303,True,True,True,False,False,False,False,False
6304,True,False,False,False,False,False,False,True
6305,True,True,True,True,False,False,False,False
6306,False,False,False,False,False,True,True,True
6307,True,True,False,False,False,False,False,True
6308,True,True,True,True,False,True,True,True
6309,True,False,False,False,False,False,False,False
6310,True,True,False,False,False,False,False,False
6311,True,False,False,False,False,False,False,False
6312,True,True,False,False,False,True,True,True
6313,True,True,True,False,False,False,True,True
6314,True,True,False,False,False,True,True,True
6315,True,False,False,False,False,False,False,True
6316,True,True,False,False,False,True,True,True
6317,True,True,True,True,True,True,True,True
6318,False,False,False,False,False,False,False,False
6319,True,False,False,False,False,False,False,True
6320,True,True,True,False,False,True,True,True
6321,False,False,False,False,False,True,False,True
6322,True,True,True,True,True,True,True,True
6323,True,True,False,False,False,False,False,True
6324,True,True,True,False,False,False,False,False
6325,False,False,False,False,False,True,True,True
6326,False,False,False,False,False,False,False,False
6327,True,False,False,False,False,True,True,True
6328,True,False,False,False,False,True,True,True
6329,True,True,True,True,False,False,True,True
6330,False,False,False,False,False,False,False,False
6331,True,True,False,False,False,True,True,True
6332,True,True,False,False,False,False,False,False
6333,True,True,True,True,True,True,True,True
6334,True,False,False,False,False,False,False,True
6335,True,True,True,True,True,True,True,True
6336,True,True,True,True,True,True,True,True
6337,True,True,True,True,True,True,True,True
6338,True,True,True,True,True,True,True,True
6339,True,True,True,False,False,True,True,True
6340,True,False,False,False,False,True,True,True
6341,True,True,True,False,False,False,False,False
6342,False,False,False,False,False,True,False,False
6343,False,False,False,False,False,True,True,True
6344,True,False,False,False,False,True,True,True
6345,True,True,True,True,True,True,True,True
6346,False,False,False,False,False,False,False,True
6347,False,False,False,False,False,True,True,True
6348,True,True,True,True,True,True,True,True
6349,False,False,False,False,False,False,True,True
6350,False,False,False,True,False,True,True,True
6351,False,False,False,False,False,False,True,True
6352,True,True,False,False,False,False,False,True
6353,True,True,True,True,True,True,True,True
6354,False,False,False,False,False,True,True,True
6355,True,True,False,False,False,True,True,True
6356,True,True,False,False,False,True,True,True
6357,True,False,False,False,False,False,True,True
6358,True,True,True,True,True,True,True,True
6359,True,False,False,False,False,False,False,False
6360,True,True,True,True,True,True,True,True
6361,True,True,True,True,False,True,True,True
6362,False,False,False,False,False,True,True,True
6363,True,True,True,True,False,False,False,True
6364,True,True,True,True,True,True,True,True
6365,True,True,True,True,False,False,False,False
6366,True,True,False,False,False,True,True,True
6367,True,True,True,True,True,True,True,True
6368,False,False,False,False,False,True,True,True
6369,True,True,True,True,True,True,True,True
6370,True,True,True,False,False,False,False,False
6371,True,False,False,False,False,True,True,True
6372,False,False,False,False,False,True,True,True
6373,False,False,False,False,False,True,True,True
6374,True,True,False,False,False,True,True,True
6375,False,False,False,False,False,False,False,True
6376,False,False,False,False,False,False,True,True
6377,True,True,True,True,True,True,True,True
6378,True,True,True,False,False,False,False,False
6379,True,True,False,False,False,False,False,True
6380,True,False,False,False,False,False,False,True
6381,True,True,False,False,False,False,True,True
6382,False,False,False,False,False,True,True,True
6383,True,False,False,False,False,False,False,False
6384,True,True,True,True,False,False,True,True
6385,False,False,False,False,False,False,False,True
6386,True,True,False,False,False,False,False,True
6387,False,False,False,False,False,False,False,False
6388,True,False,False,False,False,False,True,True
6389,False,False,False,False,False,True,True,True
6390,True,True,True,True,True,True,True,True
6391,True,True,False,False,False,True,False,True
6392,False,False,False,False,False,True,True,True
6393,False,False,False,False,False,False,False,True
6394,True,True,True,False,False,False,False,False
6395,True,False,False,False,False,True,True,True
6396,True,False,False,False,False,True,True,True
6397,True,True,True,True,True,True,True,True
6398,True,True,False,False,False,False,False,False
6399,True,False,False,False,False,True,True,True
6400,True,True,True,True,True,True,True,True
6401,True,True,True,True,False,False,True,True
6402,False,False,False,False,False,False,False,False
6403,True,True,True,False,False,True,False,True
6404,True,True,True,True,True,True,True,True
6405,True,True,True,True,False,False,True,True
6406,False,False,False,False,False,False,True,True
6407,True,True,True,True,True,True,True,True
6408,True,True,True,False,False,False,False,True
6409,True,True,False,False,False,False,False,True
6410,True,True,True,True,True,True,True,True
6411,True,True,True,True,True,True,True,True
6412,False,False,False,False,False,False,False,True
6413,True,True,True,True,False,True,True,True
6414,True,True,False,False,False,False,False,False
6415,True,True,True,False,False,False,True,True
6416,True,True,False,False,False,True,True,True
6417,True,True,True,False,False,True,True,True
6418,True,True,False,False,False,False,False,True
6419,True,True,True,False,False,False,False,True
6420,True,True,True,True,True,True,True,True
6421,True,False,False,False,False,False,False,True
6422,True,True,False,False,False,True,True,True
6423,False,False,False,False,False,False,True,True
6424,True,True,True,True,False,False,False,True
6425,True,True,True,True,True,True,True,True
6426,True,True,True,False,False,True,True,True
6427,True,True,False,False,False,False,True,True
6428,True,True,True,True,False,False,False,True
6429,True,True,True,True,True,True,True,True
6430,True,True,True,False,False,False,False,True
6431,True,False,False,False,False,False,True,True
6432,True,True,True,False,False,False,False,True
6433,True,True,True,False,False,False,True,True
6434,False,False,False,False,False,True,True,True
6435,True,True,True,True,False,False,False,False
6436,True,True,True,True,True,True,True,True
6437,True,True,False,False,False,False,False,False
6438,True,True,True,False,False,False,False,False
6439,True,True,True,True,True,True,True,True
6440,True,True,True,True,True,True,True,True
6441,False,False,False,False,False,False,True,True
6442,True,False,False,False,False,True,True,True
6443,False,False,False,False,False,True,True,True
6444,True,False,False,False,False,True,True,True
6445,True,True,True,False,False,True,True,True
6446,False,False,False,False,False,True,True,True
6447,False,False,False,False,False,False,False,False
6448,True,True,True,True,True,True,True,True
6449,False,False,False,False,False,False,False,True
6450,True,False,False,False,False,False,False,False
6451,True,True,True,True,True,True,True,True
6452,False,False,False,False,False,True,False,True
6453,False,False,False,False,False,True,True,True
6454,True,True,True,True,True,True,True,True
6455,True,True,True,True,False,False,False,False
6456,True,True,True,True,False,False,False,False
6457,True,True,False,False,False,False,False,False
6458,True,True,True,False,False,False,False,False
6459,True,False,False,False,False,True,True,True
6460,True,True,True,True,True,True,True,True
6461,True,True,True,False,False,False,False,True
6462,True,True,True,False,False,False,True,True
6463,True,False,False,False,False,False,True,True
6464,True,False,False,False,False,True,True,True
6465,True,True,True,True,False,False,True,True
6466,True,True,True,True,True,True,True,True
6467,True,True,True,False,False,False,False,True
6468,False,False,False,False,False,True,True,True
6469,True,True,True,True,False,False,False,True
6470,True,False,False,False,False,False,False,True
6471,True,True,True,False,False,False,False,False
6472,True,True,True,True,False,False,False,True
6473,False,False,False,False,False,True,True,True
6474,True,True,True,True,False,True,True,True
6475,True,True,True,True,False,True,True,True
6476,True,True,True,True,False,False,True,True
6477,False,False,False,False,False,True,True,True
6478,True,False,False,False,False,True,True,True
6479,False,False,False,False,False,True,True,True
6480,True,True,True,True,False,False,True,True
6481,True,True,False,False,False,True,True,True
6482,True,True,False,False,False,True,True,True
6483,True,True,True,True,True,True,True,True
6484,True,True,True,True,True,True,True,True
6485,True,True,True,False,False,False,False,False
6486,False,False,False,False,False,True,True,True
6487,False,False,False,False,False,True,True,True
6488,True,True,True,True,True,True,True,True
6489,True,False,False,False,False,True,True,True
6490,True,True,True,False,False,True,True,True
6491,True,True,True,False,False,True,True,True
6492,True,True,True,True,False,False,True,True
6493,True,True,True,False,False,True,True,True
6494,False,False,False,False,False,True,True,True
6495,False,False,False,False,False,False,False,False
6496,True,True,True,False,False,True,True,True
6497,True,True,True,False,False,True,True,True
6498,True,True,False,False,False,False,True,True
6499,True,True,True,True,True,True,True,True
6500,False,False,False,False,False,False,False,True
6501,True,True,True,False,False,True,True,True
6502,True,False,False,False,False,False,True,True
6503,True,True,True,True,True,True,True,True
6504,True,True,False,False,False,False,False,False
6505,True,True,True,False,False,True,True,True
6506,True,True,False,False,False,False,False,False
6507,True,True,True,True,False,False,True,True
6508,False,False,False,False,False,False,False,False
6509,True,False,False,False,False,False,False,True
6510,True,True,True,True,False,True,True,True
6511,True,True,True,True,False,False,False,True
6512,True,True,True,True,True,True,True,True
6513,True,False,False,False,False,False,False,False
6514,True,True,True,True,False,False,False,True
6515,True,False,False,False,False,True,True,True
6516,True,True,True,True,True,True,True,True
6517,True,True,True,False,False,False,True,True
6518,False,False,False,False,False,False,False,True
6519,True,True,True,True,False,False,False,False
6520,True,True,True,False,False,True,True,True
6521,True,False,False,False,False,False,False,True
6522,True,True,True,False,False,True,True,True
6523,True,True,False,False,False,False,True,True
6524,False,False,False,False,False,True,False,False
6525,True,True,True,False,False,True,True,True
6526,True,True,True,True,True,True,True,True
6527,True,True,True,False,False,False,False,True
6528,True,True,True,True,True,True,True,True
6529,True,True,True,False,False,False,False,False
6530,True,True,True,True,True,True,True,True
6531,False,False,False,False,False,False,False,False
6532,True,True,True,True,False,False,False,False
6533,True,True,True,True,True,True,True,True
6534,True,True,True,True,False,False,True,True
6535,True,True,True,True,True,True,True,True
6536,True,True,True,False,False,False,False,False
6537,False,False,False,False,False,False,False,False
6538,True,True,True,True,False,True,True,True
6539,False,False,False,False,False,False,False,False
6540,False,False,False,False,False,True,True,True
6541,True,True,False,False,False,True,True,True
6542,True,False,False,False,False,False,False,False
6543,True,True,True,True,False,False,True,True
6544,True,False,False,False,False,True,True,True
6545,True,True,True,True,True,True,True,True
6546,True,True,True,True,False,False,False,False
6547,False,False,False,False,False,True,True,True
6548,True,False,False,False,False,True,True,True
6549,True,False,False,False,False,True,True,True
6550,False,False,False,False,False,True,True,True
6551,True,True,True,True,True,True,True,True
6552,True,True,False,False,False,False,False,True
6553,True,True,True,True,False,True,True,True
6554,True,True,True,False,False,True,True,True
6555,True,True,True,True,True,True,True,True
6556,True,True,True,True,True,True,True,True
6557,False,False,False,False,False,False,True,True
6558,False,False,False,False,False,False,False,True
6559,True,True,True,True,True,True,True,True
6560,True,False,False,False,False,True,True,True
6561,True,True,True,True,False,False,False,False
6562,True,True,True,True,True,True,True,True
6563,True,True,True,True,False,True,True,True
6564,True,False,False,False,False,True,True,True
6565,True,True,True,True,False,False,False,True
6566,False,False,False,False,False,True,True,True
6567,True,True,False,False,False,False,False,False
6568,False,False,False,False,False,True,True,True
6569,True,True,True,True,False,False,True,True
6570,True,True,False,False,False,True,True,True
6571,True,False,False,False,False,True,True,True
6572,True,False,False,False,False,True,True,True
6573,True,True,False,False,False,True,True,True
6574,True,True,True,False,False,False,True,True
6575,True,True,False,False,False,True,True,True
6576,True,True,True,True,False,True,True,True
6577,True,True,False,False,False,True,True,True
6578,True,True,True,False,False,False,False,False
6579,True,True,True,True,True,True,True,True
6580,True,False,False,False,False,True,True,True
6581,True,False,False,False,False,True,True,True
6582,True,True,True,False,False,False,False,False
6583,True,True,False,False,False,False,False,True
6584,True,True,True,True,False,False,False,True
6585,True,False,False,False,False,True,True,True
6586,False,False,False,False,False,False,False,True
6587,True,True,True,True,True,True,True,True
6588,True,True,False,False,False,True,True,True
6589,False,False,False,False,False,True,False,True
6590,True,True,True,True,True,True,True,True
6591,True,False,False,False,False,True,True,True
6592,True,True,False,False,False,False,False,True
6593,True,False,False,False,False,False,True,True
6594,True,True,True,True,False,False,False,False
6595,True,True,True,True,True,True,True,True
6596,False,False,False,False,False,False,False,False
6597,True,True,True,True,False,False,True,True
6598,True,True,True,False,False,True,True,True
6599,True,True,True,True,False,False,False,False
6600,True,True,True,False,False,True,True,True
6601,False,False,False,False,False,True,True,True
6602,True,True,True,True,True,True,True,True
6603,True,True,True,True,False,False,False,False
6604,True,True,True,True,True,True,True,True
6605,True,True,True,True,False,False,True,True
6606,True,True,True,True,True,True,True,True
6607,True,True,False,False,False,True,True,True
6608,True,True,True,True,False,True,True,True
6609,True,True,True,False,False,True,True,True
6610,True,False,False,False,False,False,False,False
6611,True,False,False,False,False,False,True,True
6612,True,False,False,False,False,True,True,True
6613,True,False,False,False,False,True,False,True
6614,True,True,True,True,True,True,True,True
6615,True,True,True,True,True,True,True,True
6616,False,False,False,False,False,True,True,True
6617,True,False,False,False,False,False,False,False
6618,True,False,False,False,False,False,False,True
6619,False,False,False,False,False,True,True,True
6620,True,True,True,True,True,True,True,True
6621,True,True,True,False,False,False,False,False
6622,True,True,False,False,False,True,True,True
6623,False,False,False,False,False,True,True,True
6624,True,True,False,False,False,True,True,True
6625,True,True,True,False,False,False,False,True
6626,True,False,False,False,False,True,True,True
6627,True,False,False,False,False,True,True,True
6628,True,False,False,False,False,True,True,True
6629,True,False,False,False,False,False,False,True
6630,True,False,False,False,False,True,True,True
6631,True,True,False,False,False,True,True,True
6632,True,True,True,True,False,False,True,True
6633,True,True,False,False,False,True,True,True
6634,False,False,False,False,False,False,False,True
6635,True,True,True,True,True,True,True,True
6636,True,True,True,False,False,True,True,True
6637,False,False,False,False,False,True,True,True
6638,True,True,True,True,False,False,True,True
6639,False,False,False,False,False,True,True,True
6640,True,False,False,False,False,True,True,True
6641,True,False,False,False,False,True,True,True
6642,True,True,True,True,True,True,True,True
6643,True,True,True,True,True,True,True,True
6644,True,True,True,True,True,True,True,True
6645,True,True,True,True,True,True,True,True
6646,True,True,True,True,False,False,False,True
6647,False,False,False,False,False,False,True,True
6648,True,False,False,False,False,True,True,True
6649,True,True,True,False,False,False,False,True
6650,False,False,False,False,False,False,False,False
6651,True,False,False,False,False,True,True,True
6652,False,False,False,False,False,False,False,True
6653,True,True,False,False,False,True,True,True
6654,True,True,True,True,True,True,True,True
6655,True,True,False,False,False,True,True,True
6656,False,False,False,False,False,True,True,True
6657,False,False,False,False,False,False,False,False
6658,True,True,True,True,True,True,True,True
6659,False,False,False,False,False,True,True,True
6660,True,True,True,True,True,True,True,True
6661,False,False,False,False,False,True,False,False
6662,True,True,True,True,True,True,True,True
6663,True,True,True,True,True,True,True,True
6664,True,True,False,False,False,False,True,True
6665,True,True,True,False,False,True,True,True
6666,True,True,True,True,True,True,True,True
6667,False,False,False,False,False,False,False,False
6668,True,True,True,True,True,True,True,True
6669,True,False,False,False,False,False,False,True
6670,True,False,False,False,False,False,False,True
6671,False,False,False,False,False,True,False,False
6672,True,True,True,False,False,True,True,True
6673,True,True,False,False,False,True,True,True
6674,True,False,False,False,False,False,False,False
6675,True,True,True,False,False,False,False,True
6676,True,True,False,False,False,False,True,True
6677,True,True,False,False,False,False,False,True
6678,True,True,True,True,False,True,True,True
6679,True,True,True,False,False,True,True,True
6680,True,True,False,False,False,False,False,False
6681,True,True,True,True,False,True,True,True
6682,True,True,False,False,False,False,True,True
6683,True,True,False,False,False,False,False,True
6684,False,False,False,False,False,False,False,True
6685,True,True,False,False,False,False,False,False
6686,True,True,True,True,False,False,True,True
6687,True,False,False,False,False,False,False,False
6688,True,True,False,False,False,True,True,True
6689,True,True,True,True,False,False,True,True
6690,True,True,True,True,True,True,True,True
6691,True,True,True,False,False,False,True,True
6692,False,False,False,False,False,False,True,True
6693,True,True,True,True,True,True,True,True
6694,True,True,True,True,True,True,True,True
6695,False,False,False,False,False,False,True,True
6696,True,True,True,True,False,False,False,True
6697,True,True,True,True,False,False,False,False
6698,True,True,False,False,False,False,False,True
6699,True,True,True,True,False,False,False,False
6700,True,True,True,True,False,False,False,False
6701,True,True,True,True,False,False,True,True
6702,True,True,True,True,False,False,True,True
6703,True,False,False,False,False,False,False,True
6704,True,False,False,False,False,True,True,True
6705,True,False,False,False,False,False,False,True
6706,True,True,True,True,False,False,False,False
6707,True,True,True,True,False,True,True,True
6708,True,False,False,False,False,True,True,True
6709,True,True,True,True,True,True,True,True
6710,True,True,True,False,False,False,True,True
6711,True,False,False,False,False,False,False,True
6712,True,True,True,False,False,False,False,True
6713,True,False,False,False,False,True,True,True
6714,True,True,True,True,True,True,True,True
6715,True,True,True,True,False,True,True,True
6716,True,False,False,False,False,True,True,True
6717,True,False,True,False,False,True,True,True
6718,True,True,True,True,True,True,True,True
6719,True,False,False,False,False,True,True,True
6720,False,False,False,False,False,True,True,True
6721,True,True,True,True,True,True,True,True
6722,True,False,False,False,False,False,False,True
6723,False,False,False,False,False,True,True,True
6724,True,True,True,True,True,True,True,True
6725,True,True,True,True,False,False,False,True
6726,False,False,False,False,False,False,False,False
6727,True,True,True,True,False,False,True,True
6728,True,True,False,False,False,True,True,True
6729,True,True,True,True,True,True,True,True
6730,True,True,True,True,False,False,False,True
6731,True,True,True,False,False,False,False,False
6732,True,True,True,False,False,False,False,True
6733,True,False,False,False,False,False,False,False
6734,True,True,False,False,False,False,False,False
6735,True,True,True,False,False,False,False,False
6736,True,True,True,True,False,False,False,False
6737,True,False,False,False,False,False,False,False
6738,True,True,True,True,True,True,True,True
6739,True,False,False,False,False,True,True,True
6740,False,False,False,False,False,True,True,True
6741,True,True,True,False,False,True,True,True
6742,False,False,False,False,False,True,True,True
6743,True,True,True,True,True,True,True,True
6744,False,False,False,False,False,False,False,True
6745,True,True,True,True,True,True,True,True
6746,True,True,True,False,False,False,False,False
6747,False,False,False,False,False,True,True,True
6748,True,True,True,True,False,True,True,True
6749,False,False,False,False,False,True,True,True
6750,False,False,False,False,False,True,True,True
6751,True,False,False,False,False,True,True,True
6752,True,True,True,True,True,True,True,True
6753,True,True,True,True,True,True,True,True
6754,True,True,True,False,False,False,False,False
6755,True,True,False,False,False,False,False,False
6756,True,False,False,False,False,True,True,True
6757,True,False,False,False,False,True,True,True
6758,True,True,True,True,True,True,True,True
6759,True,True,True,True,True,True,True,True
6760,True,True,True,True,True,True,True,True
6761,True,True,True,True,True,True,True,True
6762,True,True,True,True,True,True,True,True
6763,True,True,True,False,False,False,False,True
6764,True,True,True,True,False,False,False,True
6765,True,True,True,True,False,False,False,True
6766,True,False,False,False,False,False,False,False
6767,True,True,True,True,True,True,True,True
6768,True,False,False,False,False,False,False,True
6769,True,False,False,False,False,False,False,False
6770,False,False,False,False,False,False,False,True
6771,True,False,False,False,False,True,True,True
6772,True,False,False,False,False,True,True,True
6773,True,True,True,False,False,False,False,True
6774,True,False,False,False,False,False,True,True
6775,True,False,False,False,False,False,True,True
6776,True,False,False,False,False,True,True,True
6777,True,True,False,False,False,True,True,True
6778,True,True,False,False,False,True,True,True
6779,True,True,True,True,False,False,True,True
6780,True,True,True,False,False,False,False,False
6781,True,True,True,True,True,True,True,True
6782,True,True,True,True,False,False,False,False
6783,True,True,True,True,False,True,True,True
6784,True,True,True,True,False,True,True,True
6785,True,False,False,False,False,False,True,True
6786,False,False,False,False,False,True,True,True
6787,True,True,False,False,False,True,True,True
6788,False,False,False,False,False,True,False,False
6789,True,False,False,False,False,False,False,True
6790,True,False,False,False,False,True,True,True
6791,True,False,False,False,False,False,False,True
6792,True,False,False,False,False,False,False,False
6793,True,True,True,True,False,False,False,False
6794,True,False,False,False,False,True,True,True
6795,True,True,False,False,False,False,False,False
6796,True,True,False,False,False,False,False,False
6797,True,True,True,True,False,False,True,True
6798,False,False,False,False,False,True,True,True
6799,True,True,False,False,False,False,False,False
6800,False,False,False,False,False,True,True,True
6801,True,True,False,False,False,True,True,True
6802,True,True,True,True,True,True,True,True
6803,True,True,True,True,False,True,True,True
6804,True,True,True,True,False,True,True,True
6805,True,True,True,True,True,True,True,True
6806,True,True,True,True,False,False,False,False
6807,True,True,False,False,False,True,True,True
6808,True,True,True,True,True,True,True,True
6809,True,True,False,False,False,True,True,True
6810,True,True,True,False,False,True,True,True
6811,True,True,True,False,False,False,False,False
6812,True,True,True,True,False,False,False,True
6813,True,False,False,False,False,True,True,True
6814,True,True,False,False,False,False,False,False
6815,True,False,False,False,False,True,True,True
6816,True,True,True,False,False,False,False,False
6817,True,True,True,True,True,True,True,True
6818,True,True,True,False,False,True,True,True
6819,True,False,False,False,False,False,True,False
6820,True,True,False,False,False,True,True,True
6821,True,True,True,True,True,True,True,True
6822,True,False,False,False,False,True,True,True
6823,True,True,True,True,False,False,False,False
6824,True,True,True,True,True,True,True,True
6825,True,True,True,True,True,True,True,True
6826,False,False,False,False,False,False,False,False
6827,True,True,True,False,False,False,True,True
6828,False,False,False,False,False,True,True,True
6829,True,True,True,True,True,True,True,True
6830,False,False,False,False,False,False,False,False
6831,False,False,False,False,False,True,False,False
6832,True,False,False,False,False,False,False,True
6833,False,False,False,False,False,False,True,True
6834,True,True,True,True,False,False,True,True
6835,True,False,False,False,False,False,False,False
6836,False,False,False,False,False,False,False,True
6837,True,True,True,True,False,False,False,False
6838,True,True,True,True,True,True,True,True
6839,True,True,True,True,True,True,True,True
6840,True,False,False,False,False,False,True,True
6841,False,False,False,False,False,True,False,True
6842,False,False,False,False,False,True,True,True
6843,True,False,False,False,False,True,True,True
6844,True,True,True,True,False,False,False,False
6845,True,True,True,True,False,False,False,False
6846,True,True,True,True,True,True,True,True
6847,False,False,False,False,False,True,True,True
6848,True,True,True,True,True,True,True,True
6849,True,True,True,True,False,False,False,False
6850,True,True,False,False,False,True,True,True
6851,True,True,False,False,False,True,True,True
6852,True,True,False,False,False,False,False,False
6853,False,False,False,False,False,False,True,True
6854,True,True,True,True,False,False,True,True
6855,True,True,False,False,False,True,True,True
6856,False,False,False,False,False,False,False,False
6857,True,True,True,False,False,True,True,True
6858,True,False,False,False,False,True,True,True
6859,True,True,True,True,True,True,True,True
6860,False,False,False,False,False,True,True,True
6861,False,False,False,False,False,False,False,False
6862,True,True,True,True,False,False,False,True
6863,True,True,True,True,False,True,True,True
6864,True,True,True,True,False,True,True,True
6865,True,True,True,True,True,True,True,True
6866,True,True,True,True,False,False,False,True
6867,True,True,True,True,False,True,True,True
6868,True,True,True,True,True,True,True,True
6869,True,True,True,True,False,True,True,True
6870,True,True,True,True,False,False,False,True
6871,True,True,False,False,False,True,True,True
6872,True,True,False,False,False,True,True,True
6873,True,False,False,False,False,False,True,True
6874,False,False,False,False,False,True,True,True
6875,False,False,False,False,False,False,False,True
6876,True,True,False,False,False,False,False,True
6877,False,False,False,False,False,False,False,True
6878,False,False,False,False,False,False,False,False
6879,True,False,False,False,False,False,True,True
6880,True,True,True,True,False,False,False,False
6881,True,True,True,False,False,True,True,True
6882,True,True,True,True,True,True,True,True
6883,True,True,False,False,False,False,False,True
6884,True,True,False,False,False,False,True,True
6885,True,True,False,False,False,True,True,True
6886,True,True,True,True,False,False,False,True
6887,True,True,True,True,True,True,True,True
6888,False,False,False,False,False,True,True,True
6889,True,True,True,False,False,False,False,True
6890,True,True,False,False,False,True,True,True
6891,False,False,False,False,False,False,False,True
6892,True,True,False,False,False,True,True,True
6893,False,False,False,False,False,True,True,True
6894,True,False,False,False,False,False,False,True
6895,True,True,True,False,False,True,True,True
6896,True,True,True,True,True,True,True,True
6897,True,True,False,False,False,False,False,False
6898,True,True,False,False,False,True,True,True
6899,True,True,True,True,True,True,True,True
6900,True,False,False,False,False,False,False,True
6901,True,True,True,True,False,False,False,False
6902,False,False,False,False,False,True,True,True
6903,False,False,False,False,False,False,False,True
6904,True,True,False,False,False,False,False,False
6905,True,False,False,False,False,True,True,True
6906,True,True,True,False,False,True,True,True
6907,True,True,True,False,False,False,False,True
6908,True,False,False,False,False,False,False,True
6909,True,True,False,False,False,False,True,True
6910,True,True,True,True,False,False,False,False
6911,False,False,False,False,False,True,True,True
6912,True,True,True,True,False,False,True,True
6913,True,True,False,False,False,True,True,True
6914,False,False,False,False,False,True,True,True
6915,True,True,True,True,False,False,False,True
6916,True,True,False,False,False,False,False,True
6917,True,False,False,False,False,False,True,True
6918,True,True,False,False,False,True,True,True
6919,False,False,False,False,False,True,True,True
6920,True,True,True,True,True,True,True,True
6921,True,True,True,True,False,False,False,False
6922,True,False,False,False,False,False,True,False
6923,True,True,True,True,True,True,True,True
6924,True,True,True,True,True,True,True,True
6925,True,True,True,True,True,True,True,True
6926,True,True,True,True,False,True,True,True
6927,True,True,True,True,False,False,True,True
6928,False,False,False,False,False,True,True,True
6929,False,False,False,False,False,False,True,True
6930,True,True,True,True,True,True,True,True
6931,False,False,False,False,False,False,False,False
6932,True,True,True,True,False,False,False,True
6933,True,True,False,False,False,False,False,True
6934,True,True,True,True,True,True,True,True
6935,False,False,False,False,False,True,True,True
6936,True,True,True,False,False,True,True,True
6937,False,False,False,False,False,False,True,True
6938,True,True,False,False,False,False,False,True
6939,True,True,True,True,True,True,True,True
6940,True,True,True,True,True,True,True,True
6941,True,True,True,True,False,False,True,True
6942,True,True,True,True,True,True,True,True
6943,False,False,False,False,False,True,True,True
6944,True,True,False,False,False,True,True,True
6945,True,True,True,False,False,True,True,True
6946,True,True,False,False,False,True,True,True
6947,True,True,True,False,False,True,True,True
6948,True,True,True,True,True,True,True,True
6949,True,True,True,True,False,False,True,True
6950,True,True,True,True,True,True,True,True
6951,True,True,True,True,True,True,True,True
6952,True,True,True,True,True,True,True,True
6953,False,False,False,False,False,True,True,True
6954,True,False,False,False,False,True,True,True
6955,True,True,False,False,False,True,True,True
6956,True,True,True,False,False,False,False,True
6957,True,True,True,True,False,False,False,True
6958,True,True,True,True,False,False,False,False
6959,True,True,True,True,True,True,True,True
6960,True,True,True,True,True,True,True,True
6961,True,True,True,False,False,False,True,True
6962,True,True,True,True,False,False,True,True
6963,True,True,True,True,True,True,True,True
6964,True,True,False,False,False,True,True,True
6965,True,True,False,False,False,True,True,True
6966,False,False,False,False,False,False,False,False
6967,True,True,True,True,False,False,False,False
6968,True,False,False,False,False,True,False,True
6969,True,True,True,True,False,False,False,True
6970,True,True,True,True,True,True,True,True
6971,True,True,True,False,False,False,False,True
6972,True,True,True,True,True,True,True,True
6973,True,True,True,True,True,True,True,True
6974,False,False,False,False,False,True,True,True
6975,True,False,False,False,False,False,False,False
6976,True,False,False,False,False,True,True,True
6977,True,True,True,True,False,True,True,True
6978,True,True,True,True,True,True,True,True
6979,False,False,False,False,False,False,True,True
6980,False,False,False,False,False,False,False,False
6981,True,False,False,False,False,True,True,True
6982,True,True,True,True,False,False,True,True
6983,True,True,True,True,True,True,True,True
6984,True,True,True,True,False,False,True,True
6985,False,False,False,False,False,True,False,True
6986,True,True,False,False,False,False,False,False
6987,True,True,True,True,False,True,True,True
6988,True,True,True,True,True,True,True,True
6989,True,True,True,False,False,True,True,True
6990,True,True,True,True,True,True,True,True
6991,True,True,True,True,False,False,False,True
6992,False,False,False,False,False,False,False,True
6993,True,True,True,True,False,False,False,True
6994,False,False,False,False,False,False,False,True
6995,True,True,True,True,False,False,False,False
6996,False,False,False,False,False,False,False,True
6997,False,False,False,False,False,True,True,True
6998,True,True,True,True,False,False,False,True
6999,False,False,False,False,False,False,False,False
7000,False,False,False,False,False,False,False,False
7001,True,True,True,True,False,False,False,False
7002,True,True,True,True,True,True,True,True
7003,True,True,True,False,False,False,True,True
7004,True,True,True,False,False,True,True,True
7005,False,False,False,False,False,False,False,True
7006,True,True,False,False,False,True,True,True
7007,True,False,False,False,False,False,True,True
7008,True,True,False,False,False,True,True,True
7009,True,True,True,True,True,True,True,True
7010,True,True,True,True,False,False,False,True
7011,False,False,False,False,False,False,False,False
7012,True,True,True,False,False,True,True,True
7013,True,True,True,False,False,False,True,True
7014,True,True,True,False,False,False,False,False
7015,True,True,True,True,False,False,False,False
7016,True,True,True,True,True,True,True,True
7017,True,True,True,False,False,True,True,True
7018,True,True,True,False,False,False,False,False
7019,True,True,True,True,True,True,True,True
7020,False,False,False,False,False,True,True,True
7021,True,True,True,False,False,False,False,False
7022,True,False,False,False,False,False,True,True
7023,True,True,True,True,True,True,True,True
7024,False,False,False,False,False,True,True,True
7025,True,True,True,False,False,True,True,True
7026,True,True,True,True,False,True,True,True
7027,True,True,True,False,False,False,False,False
7028,True,True,False,False,False,False,False,False
7029,True,True,False,False,False,True,True,True
7030,False,False,False,False,False,False,False,False
7031,False,False,False,False,False,False,False,False
7032,True,True,False,False,False,False,False,True
7033,False,False,False,False,False,False,True,True
7034,True,True,False,False,False,False,False,True
7035,True,False,False,False,False,True,True,True
7036,True,True,False,False,False,False,False,False
7037,False,False,False,False,False,False,False,False
7038,True,True,True,False,False,False,True,True
7039,True,False,False,False,False,True,True,True
7040,True,True,True,True,False,False,True,True
7041,False,False,False,False,False,False,False,True
7042,False,False,False,False,False,False,False,True
7043,True,True,True,True,False,False,True,True
7044,True,True,False,False,False,False,False,False
7045,False,False,False,False,False,False,False,True
7046,True,True,False,False,False,True,True,True
7047,True,True,False,False,False,False,False,False
7048,False,False,False,False,False,True,True,True
7049,True,False,False,False,False,False,False,False
7050,True,True,True,True,False,False,False,True
7051,False,False,False,False,False,True,True,True
7052,True,True,True,True,True,True,True,True
7053,False,False,False,False,False,False,False,True
7054,True,True,True,True,False,False,False,True
7055,False,False,False,False,False,True,True,True
7056,False,False,False,False,False,False,False,False
7057,False,False,False,False,False,False,True,True
7058,False,False,False,False,False,True,True,True
7059,False,False,False,False,False,False,False,False
7060,True,True,False,False,False,True,True,True
7061,True,True,True,False,False,True,True,True
7062,True,True,True,True,True,True,True,True
7063,True,False,False,False,False,True,True,True
7064,True,False,False,False,False,True,False,True
7065,True,True,True,True,True,True,True,True
7066,True,True,True,False,False,True,True,True
7067,True,True,True,False,False,False,False,True
7068,False,False,False,False,False,False,True,True
7069,True,False,False,False,False,False,False,False
7070,True,True,True,True,False,True,True,True
7071,True,False,False,False,False,True,True,True
7072,True,False,False,False,False,True,True,True
7073,True,False,False,False,False,False,False,True
7074,True,True,True,False,False,False,False,False
7075,False,False,False,False,False,True,True,True
7076,True,True,True,False,False,True,True,True
7077,True,True,False,False,False,True,True,True
7078,True,True,True,True,False,False,True,True
7079,True,False,False,False,False,True,True,True
7080,True,False,False,False,False,True,True,True
7081,True,True,False,False,False,False,True,True
7082,True,False,False,False,False,False,False,True
7083,True,True,True,False,False,True,True,True
7084,True,True,True,False,False,False,False,False
7085,True,True,True,True,False,False,False,False
7086,True,True,False,False,False,True,True,True
7087,False,False,False,False,False,False,True,True
7088,False,False,False,False,False,True,True,True
7089,True,True,True,True,True,True,True,True
7090,True,True,False,False,False,True,True,True
7091,True,True,True,False,False,True,True,True
7092,True,False,False,False,False,False,True,True
7093,True,True,False,False,False,True,True,True
7094,True,True,False,False,False,False,False,True
7095,True,False,False,False,False,False,False,True
7096,True,False,False,False,False,False,False,True
7097,True,False,False,False,False,True,True,True
7098,True,True,True,False,False,True,True,True
7099,True,False,False,False,False,False,False,False
7100,True,False,False,False,False,False,False,True
7101,True,True,True,True,True,True,True,True
7102,False,False,False,False,False,False,True,True
7103,False,False,False,False,False,True,True,True
7104,True,True,True,True,True,True,True,True
7105,True,True,True,False,False,False,False,False
7106,True,True,True,True,False,False,True,True
7107,True,False,False,False,False,False,True,True
7108,True,True,True,True,True,True,True,True
7109,True,False,False,False,False,True,True,True
7110,True,True,True,True,True,True,True,True
7111,True,True,True,True,False,True,True,True
7112,True,True,False,False,False,False,False,True
7113,True,True,True,True,False,True,True,True
7114,False,False,False,False,False,True,True,True
7115,True,True,True,True,True,True,True,True
7116,True,True,True,True,True,True,True,True
7117,True,False,False,False,False,True,True,True
7118,True,True,True,False,False,False,False,True
7119,False,False,False,False,False,True,True,True
7120,True,True,False,False,False,True,True,True
7121,True,True,True,True,False,False,False,False
7122,True,False,False,False,False,False,False,True
7123,False,False,False,False,False,False,False,False
7124,True,True,True,True,True,True,True,True
7125,True,True,False,False,False,True,True,True
7126,True,True,True,True,True,True,True,True
7127,True,False,False,False,False,True,True,True
7128,True,True,False,False,False,False,False,True
7129,False,False,False,False,False,True,False,True
7130,True,True,True,True,True,True,True,True
7131,False,False,False,False,False,False,False,True
7132,True,True,False,False,False,False,False,False
7133,True,False,False,False,False,False,False,False
7134,False,False,False,False,False,False,False,False
7135,True,True,True,True,True,True,True,True
7136,True,False,False,False,False,True,True,True
7137,True,True,True,False,False,True,True,True
7138,True,True,True,True,True,True,True,True
7139,True,True,True,True,False,False,True,True
7140,True,False,False,False,False,True,True,True
7141,True,True,True,False,False,True,True,True
7142,True,False,False,False,False,False,False,True
7143,True,False,False,False,False,True,True,True
7144,True,True,True,True,True,True,True,True
7145,True,True,False,False,False,False,False,True
7146,True,True,True,True,False,False,False,False
7147,False,False,False,False,False,False,True,True
7148,False,False,False,False,False,True,True,True
7149,True,True,True,True,True,True,True,True
7150,True,True,True,False,False,True,True,True
7151,True,True,True,True,False,False,False,True
7152,True,True,True,False,False,True,True,True
7153,True,False,False,False,False,True,True,True
7154,True,True,False,False,False,False,False,False
7155,True,True,False,False,False,False,False,False
7156,True,True,True,True,True,True,True,True
7157,True,False,False,False,False,True,True,True
7158,True,True,True,True,True,True,True,True
7159,True,True,True,True,True,True,True,True
7160,True,True,True,True,True,True,True,True
7161,True,False,False,False,False,False,False,False
7162,False,False,False,False,False,True,True,True
7163,True,True,True,True,False,False,False,True
7164,True,True,True,False,False,True,True,True
7165,True,True,True,True,False,False,True,True
7166,True,True,True,False,False,True,True,True
7167,True,True,False,False,False,True,True,True
7168,True,True,False,False,False,True,True,True
7169,True,True,True,True,True,True,True,True
7170,True,True,True,True,True,True,True,True
7171,True,True,True,True,True,True,True,True
7172,True,True,True,True,False,False,False,True
7173,True,True,True,False,False,False,False,False
7174,True,True,True,True,False,False,True,True
7175,False,False,False,False,False,False,False,False
7176,True,True,False,False,False,False,False,True
7177,True,False,False,False,False,True,True,True
7178,True,True,True,True,False,False,False,False
7179,True,True,True,False,False,True,True,True
7180,True,True,True,False,False,False,False,False
7181,False,False,False,False,False,True,True,True
7182,True,False,False,False,False,True,True,True
7183,True,True,True,True,True,True,True,True
7184,True,True,False,False,False,True,True,True
7185,True,True,True,True,True,True,True,True
7186,False,False,False,False,False,True,True,True
7187,True,True,True,True,False,False,False,False
7188,True,False,False,False,False,False,False,True
7189,True,True,False,False,False,True,True,True
7190,True,True,True,True,False,False,True,True
7191,True,True,False,False,False,False,True,True
7192,True,True,True,True,True,True,True,True
7193,True,True,True,True,False,False,False,False
7194,True,True,True,False,False,False,False,False
7195,True,True,True,True,True,True,True,True
7196,True,True,True,True,True,True,True,True
7197,False,False,False,False,False,True,True,True
7198,True,True,True,True,True,True,True,True
7199,True,False,False,False,False,False,False,True
7200,True,True,False,False,False,True,True,True
7201,False,False,False,False,False,False,False,True
7202,True,True,True,False,False,True,True,True
7203,False,False,False,False,False,False,False,False
7204,True,True,True,True,True,True,True,True
7205,True,True,True,True,True,True,True,True
7206,False,False,False,False,False,False,True,True
7207,True,True,True,True,False,False,False,False
7208,True,True,True,True,True,True,True,True
7209,True,True,True,True,False,False,False,True
7210,True,True,True,True,False,False,True,True
7211,False,False,False,False,False,False,True,True
7212,True,True,True,False,False,True,True,True
7213,True,False,False,False,False,True,True,True
7214,True,True,False,False,False,False,False,False
7215,True,True,True,True,False,False,False,False
7216,True,True,True,True,True,True,True,True
7217,True,True,True,True,True,True,True,True
7218,True,True,False,False,False,False,False,False
7219,True,False,False,False,False,True,True,True
7220,True,True,True,True,True,True,True,True
7221,True,True,True,True,False,False,True,True
7222,True,True,True,True,True,True,True,True
7223,True,True,True,True,False,True,True,True
7224,True,True,False,False,False,True,True,True
7225,True,False,False,False,False,False,False,False
7226,True,True,True,True,True,True,True,True
7227,False,False,False,False,False,False,False,False
7228,True,True,True,True,True,True,True,True
7229,True,False,False,False,False,True,True,True
7230,False,False,False,False,False,False,False,True
7231,True,True,True,True,True,True,True,True
7232,True,True,True,False,False,True,True,True
7233,True,True,True,True,False,False,True,True
7234,True,True,True,True,False,False,False,False
7235,True,True,True,True,True,True,True,True
7236,True,True,False,False,False,False,False,True
7237,True,True,False,False,False,True,True,True
7238,True,True,True,False,False,False,False,True
7239,True,True,True,True,True,True,True,True
7240,False,False,False,False,False,True,True,True
7241,True,False,False,False,False,True,True,True
7242,True,True,True,True,False,False,True,True
7243,True,True,True,True,True,True,True,True
7244,True,True,False,False,False,True,True,True
7245,True,True,True,True,True,True,True,True
7246,True,True,False,False,False,False,False,False
7247,True,True,False,False,False,False,True,True
7248,True,True,True,True,True,True,True,True
7249,True,False,False,False,False,False,False,False
7250,True,True,False,False,False,True,True,True
7251,True,True,True,True,True,True,True,True
7252,True,True,True,False,False,False,False,True
7253,False,False,False,False,False,True,True,True
7254,True,True,True,True,False,False,False,True
7255,True,False,False,False,False,True,True,True
7256,False,False,False,False,False,True,True,True
7257,True,False,False,False,False,True,True,True
7258,True,True,True,False,False,False,False,False
7259,False,False,False,False,False,True,True,True
7260,True,True,True,True,True,True,True,True
7261,False,False,False,False,False,False,False,True
7262,True,True,True,True,False,False,False,False
7263,True,True,True,False,False,True,True,True
7264,True,True,True,True,False,True,False,False
7265,True,True,False,False,False,False,False,False
7266,True,True,True,False,False,True,True,True
7267,True,False,False,False,False,False,False,False
7268,True,True,True,True,False,True,True,True
7269,True,True,True,True,False,False,False,False
7270,True,True,False,False,False,True,True,True
7271,True,False,False,False,False,True,True,True
7272,True,True,True,True,False,False,False,True
7273,False,False,False,False,False,True,True,True
7274,True,True,True,True,False,True,True,True
7275,True,True,True,False,False,False,True,True
7276,False,False,False,False,False,False,True,True
7277,True,True,True,True,True,True,True,True
7278,True,False,False,False,False,False,False,False
7279,True,True,True,False,False,True,True,True
7280,True,True,False,False,False,False,False,True
7281,True,True,True,True,False,False,True,True
7282,True,True,True,True,False,False,True,True
7283,False,False,False,False,False,False,False,False
7284,False,False,False,False,False,False,False,False
7285,False,False,False,False,False,False,True,True
7286,True,False,False,False,False,True,True,True
7287,True,False,False,False,False,False,False,True
7288,True,True,True,True,True,True,True,True
7289,True,True,True,True,False,False,False,False
7290,True,True,True,False,False,True,True,True
7291,True,True,False,False,False,False,False,False
7292,True,False,False,False,False,True,True,True
7293,True,True,True,True,True,True,True,True
7294,True,True,True,True,True,True,True,True
7295,False,False,False,False,False,True,True,True
7296,True,True,False,False,False,False,True,True
7297,False,False,False,False,False,False,False,True
7298,False,False,False,False,False,True,True,True
7299,True,True,True,True,False,False,False,True
7300,True,False,False,False,False,True,True,True
7301,False,False,False,False,False,True,True,True
7302,True,True,False,False,False,False,False,False
7303,True,True,False,False,False,False,False,True
7304,True,True,True,False,False,False,False,True
7305,True,False,False,False,False,True,True,True
7306,True,True,False,False,False,False,False,False
7307,True,True,True,True,False,False,False,False
7308,False,False,False,False,False,True,True,True
7309,False,False,False,False,False,False,False,True
7310,True,False,False,False,False,True,True,True
7311,True,False,False,False,False,False,True,True
7312,True,True,True,True,True,True,True,True
7313,True,True,True,False,False,False,False,True
7314,True,True,False,False,False,False,False,False
7315,True,False,False,False,False,True,True,True
7316,True,True,False,False,False,False,False,True
7317,True,True,True,True,False,False,False,False
7318,True,True,True,False,False,False,False,True
7319,True,True,True,False,False,False,True,True
7320,True,True,True,True,True,True,True,True
7321,True,True,True,True,False,False,True,True
7322,False,False,False,False,False,False,False,False
7323,True,True,True,True,False,False,False,False
7324,False,False,False,False,False,True,False,False
7325,True,False,False,False,False,False,False,True
7326,False,False,False,False,False,False,False,False
7327,False,False,False,False,False,False,False,True
7328,True,True,True,True,False,False,False,True
7329,True,True,False,False,False,False,False,True
7330,False,False,False,False,False,False,False,True
7331,True,True,False,False,False,True,True,True
7332,False,False,False,False,False,False,False,False
7333,True,True,True,True,False,True,True,True
7334,False,False,False,False,False,True,True,True
7335,True,True,True,True,False,False,False,True
7336,True,True,True,True,False,False,False,False
7337,True,True,True,True,True,True,True,True
7338,True,True,True,False,False,False,True,True
7339,True,True,True,True,False,False,False,False
7340,True,False,False,False,False,False,False,False
7341,True,True,True,False,False,True,True,True
7342,True,True,True,False,False,True,True,True
7343,True,True,True,True,True,True,True,True
7344,False,False,False,False,False,True,True,True
7345,True,True,True,False,False,False,False,False
7346,True,True,True,True,False,False,False,True
7347,True,True,True,True,True,True,True,True
7348,True,True,True,True,True,True,True,True
7349,True,True,False,False,False,False,False,True
7350,True,True,True,True,True,True,True,True
7351,True,True,True,True,True,True,True,True
7352,True,False,False,False,False,False,True,True
7353,False,False,False,False,False,False,True,True
7354,True,True,True,False,False,True,True,True
7355,True,True,True,True,False,False,False,False
7356,True,True,True,True,True,True,True,True
7357,True,False,False,False,False,True,True,True
7358,True,True,True,False,False,False,False,False
7359,True,True,True,True,False,True,True,True
7360,True,True,True,True,True,True,True,True
7361,False,False,False,False,False,True,False,False
7362,True,True,True,True,True,True,True,True
7363,True,True,False,False,False,True,True,True
7364,True,True,True,True,True,True,True,True
7365,False,False,False,False,False,True,True,True
7366,False,False,False,False,False,True,True,True
7367,True,True,False,False,False,True,True,True
7368,True,True,True,True,False,False,False,False
7369,False,False,False,False,False,True,True,True
7370,True,True,True,False,False,False,False,True
7371,True,True,True,True,True,True,True,True
7372,True,True,False,False,False,True,True,True
7373,True,True,True,False,False,False,False,True
7374,True,True,True,False,False,False,True,True
7375,True,True,True,False,False,False,False,True
7376,True,True,True,True,False,False,True,True
7377,True,False,False,False,False,False,False,False
7378,True,True,True,True,True,True,True,True
7379,False,False,False,False,False,False,False,True
7380,False,False,False,False,False,True,True,True
7381,True,True,False,False,False,True,True,True
7382,True,False,False,False,False,True,True,True
7383,True,False,False,False,False,False,True,True
7384,False,False,False,False,False,True,True,True
7385,True,False,False,False,False,False,False,False
7386,True,False,False,False,False,False,False,True
7387,True,True,True,True,False,False,False,False
7388,True,True,True,True,True,True,True,True
7389,True,True,True,True,True,True,True,True
7390,True,True,False,False,False,False,True,True
7391,True,True,True,True,True,True,True,True
7392,True,True,True,True,True,True,True,True
7393,False,False,False,False,False,False,False,False
7394,True,False,False,False,False,False,True,True
7395,True,False,False,False,False,False,True,True
7396,False,False,False,False,False,True,True,True
7397,False,False,False,False,False,False,False,False
7398,True,False,False,False,False,True,True,True
7399,True,False,False,False,False,True,True,True
7400,True,True,True,False,False,False,False,True
7401,False,False,False,False,False,True,True,True
7402,False,False,False,False,False,True,True,True
7403,True,False,False,False,False,False,False,False
7404,True,True,False,False,False,False,False,True
7405,True,True,True,False,False,True,True,True
7406,True,True,True,True,True,True,True,True
7407,True,True,False,False,False,True,True,True
7408,True,True,True,True,False,False,False,False
7409,True,True,True,True,True,True,True,True
7410,True,True,True,False,False,False,False,False
7411,True,True,True,True,False,False,True,True
7412,False,False,False,False,False,True,True,True
7413,True,False,False,False,False,False,True,True
7414,True,True,False,False,False,True,True,True
7415,True,False,False,False,False,True,True,True
7416,True,True,True,False,False,True,True,True
7417,False,False,False,False,False,False,False,False
7418,True,True,True,True,False,True,True,True
7419,True,False,False,False,False,False,False,False
7420,True,True,False,False,False,True,True,True
7421,True,True,True,False,False,True,True,True
7422,False,False,False,False,False,False,True,True
7423,True,False,False,False,False,False,False,True
7424,True,True,False,False,False,False,False,False
7425,True,True,True,True,False,True,True,True
7426,True,True,False,False,False,True,True,True
7427,True,True,True,True,True,True,True,True
7428,True,True,True,False,False,True,True,True
7429,True,True,True,True,True,True,True,True
7430,True,True,True,False,False,False,True,True
7431,True,False,False,False,False,True,True,True
7432,True,False,False,False,False,True,True,True
7433,True,True,True,True,False,False,True,True
7434,False,False,False,False,False,True,False,False
7435,True,True,True,False,False,False,False,False
7436,True,True,False,False,False,False,False,False
7437,True,True,True,True,True,True,True,True
7438,True,True,False,False,False,True,True,True
7439,False,False,False,False,False,True,True,True
7440,True,False,False,False,False,False,True,True
7441,True,True,True,True,False,False,False,True
7442,True,True,False,False,False,False,False,False
7443,True,False,False,False,False,True,True,True
7444,True,True,False,False,False,False,True,True
7445,True,True,False,False,False,True,True,True
7446,True,True,True,True,False,False,True,True
7447,False,False,False,False,False,True,True,True
7448,True,False,True,False,False,True,True,True
7449,True,False,False,False,False,False,True,True
7450,True,True,True,True,False,False,False,True
7451,True,True,True,True,False,False,False,False
7452,True,True,False,False,False,False,False,False
7453,True,True,False,False,False,True,True,True
7454,True,True,False,False,False,False,False,True
7455,True,True,True,True,True,True,True,True
7456,True,True,False,False,False,False,False,False
7457,True,False,False,False,False,True,True,True
7458,True,True,True,True,True,True,True,True
7459,True,False,False,False,False,True,True,True
7460,False,False,False,False,False,True,True,True
7461,True,True,False,False,False,False,True,True
7462,False,False,False,False,False,True,True,True
7463,True,False,False,False,False,False,True,True
7464,False,False,False,False,False,True,True,True
7465,True,True,False,False,False,True,True,True
7466,True,True,True,True,False,False,False,False
7467,True,True,True,True,True,True,True,True
7468,False,False,False,False,False,True,True,True
7469,True,False,False,False,False,False,False,True
7470,True,True,True,True,True,True,True,True
7471,True,True,True,False,False,False,False,False
7472,True,True,True,False,False,False,False,False
7473,True,True,True,True,True,True,True,True
7474,True,True,False,False,False,True,True,True
7475,False,False,False,False,False,True,True,True
7476,False,False,False,False,False,True,True,True
7477,True,False,False,False,False,True,True,True
7478,True,False,False,False,False,True,True,True
7479,True,False,False,False,False,False,False,True
7480,True,False,False,False,False,False,False,False
7481,True,False,False,False,False,False,False,True
7482,False,False,False,False,False,True,True,True
7483,True,True,True,True,False,False,False,True
7484,True,True,True,True,False,False,True,True
7485,True,False,False,False,False,True,True,True
7486,True,True,False,False,False,True,True,True
7487,True,False,False,False,False,True,True,True
7488,True,True,False,False,False,True,True,True
7489,False,False,False,False,False,False,False,False
7490,False,False,False,False,False,False,True,True
7491,True,True,True,False,False,False,False,True
7492,False,False,False,False,False,False,False,False
7493,True,True,True,True,False,False,True,True
7494,True,True,True,True,True,True,True,True
7495,False,False,False,False,False,True,True,True
7496,True,True,True,True,True,True,True,True
7497,True,True,True,True,True,True,True,True
7498,True,False,False,False,False,True,True,True
7499,True,False,False,False,False,False,False,True
7500,True,True,True,True,False,False,True,True
7501,False,False,False,False,False,True,False,True
7502,True,True,True,True,False,False,False,False
7503,False,False,False,False,False,True,True,True
7504,False,False,False,False,False,False,False,True
7505,True,True,True,False,False,True,True,True
7506,True,False,False,False,False,False,True,True
7507,False,False,False,False,False,True,True,True
7508,True,True,True,True,False,False,False,True
7509,False,False,False,False,False,False,False,True
7510,True,False,False,False,False,True,True,True
7511,True,False,False,False,False,True,True,True
7512,True,False,False,False,False,True,True,True
7513,False,False,False,False,False,True,True,True
7514,True,True,True,False,False,True,True,True
7515,True,True,True,False,False,True,True,True
7516,True,True,True,False,False,True,True,True
7517,True,True,True,False,False,False,False,False
7518,True,True,True,True,False,False,True,True
7519,False,False,False,False,False,True,False,True
7520,True,True,True,True,False,True,True,True
7521,False,False,False,False,False,True,True,True
7522,False,False,False,False,False,True,True,True
7523,True,False,False,False,False,False,False,True
7524,True,True,False,False,False,False,False,False
7525,True,True,False,False,False,True,True,True
7526,True,True,True,True,True,True,True,True
7527,True,True,True,True,True,True,True,True
7528,True,True,True,True,True,True,True,True
7529,True,True,True,True,False,False,False,True
7530,True,False,False,False,False,True,True,True
7531,True,True,True,True,True,True,True,True
7532,True,False,False,False,False,False,False,False
7533,True,True,True,False,False,False,False,False
7534,True,True,True,False,False,False,True,True
7535,True,False,False,False,False,True,True,True
7536,True,True,True,True,False,False,True,True
7537,True,True,True,True,False,False,False,True
7538,True,True,True,True,False,False,True,True
7539,True,True,True,True,False,False,False,False
7540,True,True,True,False,False,True,True,True
7541,True,True,True,True,False,False,False,True
7542,False,False,False,False,False,True,True,True
7543,False,False,False,False,False,True,True,True
7544,True,False,False,False,False,False,False,False
7545,True,False,False,False,False,True,True,True
7546,True,True,False,False,False,True,True,True
7547,True,True,True,False,False,False,False,False
7548,True,True,False,False,False,False,False,False
7549,True,True,False,False,False,True,True,True
7550,True,False,False,False,False,False,False,False
7551,True,True,True,True,True,True,True,True
7552,True,True,True,False,False,False,False,False
7553,True,False,False,False,False,False,False,False
7554,True,True,True,False,False,False,True,True
7555,True,True,False,False,False,False,False,False
7556,True,False,False,False,False,True,True,True
7557,False,False,False,False,False,True,True,True
7558,True,True,True,False,False,False,False,False
7559,False,False,False,False,False,True,True,True
7560,True,True,True,False,False,False,False,True
7561,False,False,False,False,False,True,True,True
7562,True,True,True,True,False,False,True,True
7563,True,True,True,True,True,True,True,True
7564,True,True,True,False,False,False,False,False
7565,True,False,False,False,False,True,True,True
7566,True,False,False,False,False,True,True,True
7567,True,False,False,False,False,False,False,False
7568,True,True,True,False,False,False,True,True
7569,True,True,False,False,False,True,True,True
7570,True,True,True,True,True,True,True,True
7571,True,True,True,True,False,False,False,True
7572,True,True,True,False,False,False,False,True
7573,True,True,True,False,False,False,True,True
7574,True,False,False,False,False,True,False,False
7575,False,False,False,False,False,False,False,False
7576,True,True,True,True,True,True,True,True
7577,True,False,False,False,False,False,True,True
7578,True,True,True,False,False,True,True,True
7579,True,False,False,False,False,True,True,True
7580,True,True,True,True,True,True,True,True
7581,True,True,True,False,False,True,True,True
7582,True,True,True,True,False,False,True,True
7583,True,True,False,False,False,False,False,False
7584,False,False,False,False,False,True,True,True
7585,True,True,False,False,False,False,False,False
7586,True,True,True,True,False,True,True,True
7587,True,True,False,False,False,False,False,False
7588,False,False,False,False,False,True,True,True
7589,True,True,True,True,False,False,True,True
7590,True,True,True,False,False,True,True,True
7591,True,False,False,False,False,False,False,False
7592,True,True,True,False,False,True,True,True
7593,True,True,True,True,False,True,True,True
7594,False,False,False,False,False,False,False,False
7595,True,True,False,False,False,False,True,True
7596,True,True,True,True,True,True,True,True
7597,True,True,True,True,True,True,True,True
7598,False,False,False,False,False,True,True,True
7599,True,True,True,False,False,True,True,True
7600,True,True,False,False,False,False,False,False
7601,True,True,True,True,True,True,True,True
7602,False,True,False,False,False,False,False,False
7603,True,True,True,True,True,True,True,True
7604,True,False,False,False,False,True,False,True
7605,True,True,True,True,True,True,True,True
7606,False,False,False,False,False,False,False,True
7607,True,True,True,True,True,True,True,True
7608,False,False,False,False,False,True,True,True
7609,True,True,False,False,False,True,True,True
7610,True,True,True,False,False,True,True,True
7611,True,True,True,True,True,True,True,True
7612,True,True,True,True,False,True,True,True
7613,False,False,False,False,False,False,True,True
7614,True,True,False,False,False,True,True,True
7615,True,True,True,True,True,True,True,True
7616,True,True,True,True,False,False,True,True
7617,True,True,True,False,False,True,True,True
7618,True,True,False,False,False,True,True,True
7619,False,False,False,False,False,True,True,True
7620,True,True,True,True,True,True,True,True
7621,False,False,False,False,False,False,True,True
7622,True,True,True,False,False,False,True,True
7623,True,True,True,True,False,False,False,False
7624,True,True,True,True,False,False,False,False
7625,True,True,True,True,False,False,True,True
7626,True,True,True,False,False,True,True,True
7627,False,False,False,False,False,True,True,True
7628,True,True,True,True,True,True,True,True
7629,True,True,True,False,False,True,True,True
7630,False,False,False,False,False,False,False,True
7631,True,True,False,False,False,True,True,True
7632,True,True,True,True,False,True,True,True
7633,True,True,True,False,False,False,False,True
7634,True,True,True,True,False,False,True,True
7635,True,True,True,False,False,False,False,False
7636,True,False,False,False,False,True,True,True
7637,True,True,True,True,True,True,True,True
7638,True,True,True,True,False,True,True,True
7639,True,True,True,True,False,False,False,True
7640,True,True,True,True,False,False,False,True
7641,False,False,False,False,False,True,True,True
7642,False,False,False,False,False,False,False,False
7643,False,False,False,False,False,True,True,True
7644,True,True,True,True,False,False,False,False
7645,True,True,True,False,False,True,True,True
7646,True,True,True,False,False,False,False,False
7647,True,False,False,False,False,False,False,False
7648,False,False,False,False,False,False,False,False
7649,True,True,True,True,False,False,False,True
7650,True,True,True,True,True,True,True,True
7651,True,True,True,False,False,True,True,True
7652,False,False,False,False,False,True,True,True
7653,True,True,True,False,False,True,True,True
7654,True,False,False,False,False,True,True,True
7655,True,True,True,False,False,False,False,False
7656,True,True,True,True,False,False,False,False
7657,True,True,True,True,False,True,True,True
7658,True,True,True,True,False,False,False,True
7659,True,True,True,False,False,False,False,True
7660,True,True,True,True,False,False,False,True
7661,False,False,False,False,False,True,True,True
7662,True,True,False,False,False,False,True,True
7663,False,False,False,False,False,False,False,True
7664,True,False,False,False,False,True,True,True
7665,True,True,False,False,False,True,True,True
7666,True,True,True,False,False,False,False,False
7667,True,False,False,False,False,True,True,True
7668,True,False,False,False,False,True,True,True
7669,True,True,True,False,False,False,False,True
7670,False,False,False,False,False,False,False,False
7671,True,True,True,True,True,True,True,True
7672,True,True,False,False,False,False,True,True
7673,False,False,False,False,False,False,True,True
7674,True,True,True,False,False,False,True,True
7675,True,True,True,True,False,False,False,True
7676,True,True,True,False,False,False,True,True
7677,True,True,True,False,False,False,True,True
7678,True,True,True,False,False,True,True,True
7679,True,False,False,False,False,False,False,True
7680,True,True,False,False,False,False,False,False
7681,True,True,True,True,False,False,False,False
7682,False,False,False,False,False,False,False,True
7683,True,True,True,True,True,True,True,True
7684,True,False,False,False,False,False,False,True
7685,True,True,False,False,False,False,False,True
7686,True,True,True,True,True,True,True,True
7687,False,False,False,False,False,True,True,True
7688,True,False,False,False,False,True,True,True
7689,True,False,False,False,False,True,True,True
7690,False,False,False,False,False,True,True,True
7691,True,False,False,False,False,True,True,True
7692,True,True,True,True,True,True,True,True
7693,True,True,True,True,False,False,True,True
7694,False,False,False,False,False,True,True,True
7695,True,True,True,False,False,True,True,True
7696,True,True,True,True,True,True,True,True
7697,True,True,True,False,False,False,False,False
7698,True,True,True,False,False,False,False,True
7699,False,False,False,False,False,False,False,True
7700,False,False,False,False,False,False,False,True
7701,True,True,True,True,True,True,True,True
7702,True,True,True,True,False,False,True,True
7703,True,True,True,False,False,False,False,False
7704,True,True,True,True,True,True,True,True
7705,True,True,True,True,True,True,True,True
7706,True,True,False,False,False,False,False,False
7707,False,False,False,False,False,False,False,True
7708,True,False,False,False,False,False,False,True
7709,True,True,True,True,False,True,True,True
7710,True,True,True,True,True,True,True,True
7711,False,False,False,False,False,True,True,True
7712,True,True,False,False,False,True,True,True
7713,False,False,False,False,False,True,True,True
7714,False,False,False,False,False,True,True,True
7715,True,True,True,False,False,False,False,True
7716,True,True,True,False,False,False,False,True
7717,True,True,True,False,False,False,False,False
7718,True,True,True,True,False,False,False,False
7719,True,True,True,True,False,False,True,True
7720,False,False,False,False,False,True,True,True
7721,True,True,False,False,False,False,True,True
7722,True,True,True,True,True,True,True,True
7723,True,False,False,False,False,False,True,True
7724,True,True,True,False,False,True,True,True
7725,True,True,True,True,False,False,True,True
7726,True,True,False,False,False,False,False,True
7727,True,True,True,False,False,False,False,False
7728,True,False,False,False,False,True,True,True
7729,True,True,False,False,False,True,True,True
7730,False,False,False,False,False,False,True,True
7731,True,True,True,True,True,True,True,True
7732,True,True,True,False,False,False,False,False
7733,True,True,False,False,False,True,True,True
7734,True,True,True,False,False,False,True,True
7735,True,True,True,True,True,True,True,True
7736,True,True,True,True,True,True,True,True
7737,True,True,True,True,False,False,True,True
7738,False,False,False,False,False,True,True,True
7739,False,False,False,False,False,True,True,True
7740,True,True,False,False,False,True,True,True
7741,True,True,False,False,False,False,True,True
7742,False,False,False,False,False,True,True,True
7743,True,True,False,False,False,False,False,True
7744,True,True,True,True,False,False,False,False
7745,True,False,False,False,False,False,False,False
7746,True,True,True,True,False,True,True,True
7747,True,True,True,True,True,True,True,True
7748,True,True,False,False,False,True,True,True
7749,True,True,False,False,False,True,True,True
7750,True,True,True,True,False,True,True,True
7751,True,True,False,False,False,True,True,True
7752,False,False,False,False,False,True,False,True
7753,True,True,True,True,False,False,False,True
7754,True,True,True,True,False,False,False,True
7755,False,False,False,False,False,False,False,True
7756,True,True,True,True,False,False,True,True
7757,True,False,False,False,False,False,False,False
7758,True,True,True,False,False,False,True,True
7759,False,False,False,False,False,True,True,True
7760,True,False,False,False,False,True,True,True
7761,True,True,True,True,True,True,True,True
7762,True,True,True,True,True,True,True,True
7763,True,False,False,False,False,True,True,True
7764,False,False,False,False,False,True,True,True
7765,False,False,False,False,False,True,True,True
7766,False,False,False,False,False,False,False,True
7767,True,True,True,True,True,True,True,True
7768,True,True,True,True,True,True,True,True
7769,True,False,False,False,False,True,False,False
7770,True,False,False,False,False,True,True,True
7771,False,False,False,False,False,False,False,True
7772,True,True,True,True,False,False,True,True
7773,True,False,False,False,False,True,False,False
7774,True,True,True,True,True,True,True,True
7775,True,True,False,False,False,False,False,True
7776,True,True,True,True,False,False,True,True
7777,True,True,False,False,False,False,True,True
7778,True,False,False,False,False,True,True,True
7779,True,True,False,False,False,True,True,True
7780,True,True,True,False,False,True,True,True
7781,True,False,False,False,False,False,False,True
7782,True,False,False,False,False,True,True,True
7783,True,True,True,True,True,True,True,True
7784,True,True,True,True,True,True,True,True
7785,True,False,False,False,False,False,False,False
7786,True,True,True,True,True,True,True,True
7787,False,False,False,False,False,True,True,True
7788,True,False,False,False,False,False,True,True
7789,False,False,False,False,False,False,True,True
7790,True,False,False,False,False,True,True,True
7791,True,True,True,True,False,False,True,True
7792,True,True,True,False,False,False,False,False
7793,True,False,False,False,False,True,True,True
7794,True,True,True,True,True,True,True,True
7795,True,True,True,True,False,False,True,True
7796,True,True,True,False,False,False,False,True
7797,True,True,True,True,False,False,True,True
7798,True,True,True,True,True,True,True,True
7799,True,True,True,False,False,True,True,True
7800,True,True,True,False,False,True,True,True
7801,True,False,False,False,False,True,True,True
7802,True,True,True,True,False,False,False,False
7803,True,True,True,True,False,False,False,True
7804,True,True,True,True,True,True,True,True
7805,False,False,False,False,False,True,False,True
7806,True,True,True,True,True,True,True,True
7807,True,True,True,True,True,True,True,True
7808,True,True,True,True,False,False,True,True
7809,False,False,False,False,False,True,True,True
7810,False,False,False,False,False,False,False,True
7811,False,False,False,False,False,False,False,True
7812,True,True,True,True,False,False,True,True
7813,True,True,False,False,False,False,True,True
7814,False,False,False,False,False,True,True,True
7815,True,False,False,False,False,False,True,True
7816,True,True,True,False,False,False,False,True
7817,False,False,False,False,False,True,True,True
7818,False,False,False,False,False,True,True,True
7819,True,True,False,False,False,True,True,True
7820,False,False,False,False,False,True,True,True
7821,True,True,False,False,False,False,True,True
7822,True,True,True,False,False,False,False,False
7823,True,False,False,False,False,True,True,True
7824,True,True,True,True,False,False,False,False
7825,True,True,True,True,False,True,True,True
7826,False,False,False,False,False,True,True,True
7827,False,False,False,False,False,True,True,True
7828,True,True,True,True,True,True,True,True
7829,True,True,False,False,False,False,True,True
7830,False,False,False,False,False,False,False,False
7831,True,True,True,True,False,False,False,False
7832,True,True,True,True,True,True,True,True
7833,True,True,True,True,False,False,False,True
7834,True,False,False,False,False,True,True,True
7835,True,True,True,True,True,True,True,True
7836,False,False,False,False,False,False,False,False
7837,True,False,False,False,False,False,False,True
7838,True,True,True,True,True,True,True,True
7839,False,False,False,False,False,False,False,False
7840,True,True,True,True,False,False,False,False
7841,True,True,True,False,False,True,True,True
7842,True,True,True,True,True,True,True,True
7843,True,True,True,True,True,True,True,True
7844,False,False,False,False,False,False,False,True
7845,True,False,False,False,False,False,False,False
7846,True,True,True,True,False,True,True,True
7847,True,True,False,False,False,True,True,True
7848,True,True,True,True,True,True,True,True
7849,True,True,False,False,False,True,True,True
7850,True,False,False,False,False,True,True,True
7851,True,True,True,True,True,True,True,True
7852,False,False,False,False,False,True,True,True
7853,True,True,True,True,False,False,True,True
7854,True,False,False,False,False,False,False,False
7855,True,True,True,False,False,False,False,False
7856,True,True,True,True,True,True,True,True
7857,True,False,False,False,False,True,True,True
7858,False,False,False,False,False,True,True,True
7859,True,True,True,True,True,True,True,True
7860,True,True,True,False,False,True,True,True
7861,False,False,False,False,False,False,False,True
7862,True,True,True,False,False,False,False,False
7863,False,False,False,False,False,False,False,False
7864,True,True,True,True,True,True,True,True
7865,True,True,True,True,True,True,True,True
7866,False,False,False,False,False,False,False,False
7867,False,False,False,False,False,False,False,False
7868,True,True,True,True,True,True,True,True
7869,False,False,False,False,False,True,True,True
7870,False,False,False,False,False,True,True,True
7871,False,False,False,False,False,False,True,True
7872,True,True,False,False,False,True,True,True
7873,True,False,False,False,False,True,True,True
7874,True,True,True,True,False,False,False,True
7875,False,False,False,False,False,False,True,True
7876,False,False,False,False,False,True,True,True
7877,False,False,False,False,False,False,False,True
7878,True,True,True,True,True,True,True,True
7879,False,False,False,False,False,False,False,True
7880,True,True,False,False,False,False,False,True
7881,True,True,True,True,True,True,True,True
7882,False,False,False,False,False,True,True,True
7883,True,True,True,True,True,True,True,True
7884,True,True,True,False,False,False,False,True
7885,True,False,False,False,False,True,True,True
7886,True,True,True,True,False,True,True,True
7887,True,True,False,False,False,True,True,True
7888,True,False,False,False,False,False,False,False
7889,False,False,False,False,False,False,False,False
7890,True,True,True,False,False,False,True,True
7891,True,True,True,True,True,True,True,True
7892,True,True,False,False,False,True,True,True
7893,True,False,False,False,False,False,False,False
7894,True,True,True,True,False,True,True,True
7895,True,True,True,True,True,True,True,True
7896,True,True,True,True,True,True,True,True
7897,True,True,True,True,False,False,False,True
7898,True,True,True,True,False,False,False,True
7899,True,True,False,False,False,True,True,True
7900,True,False,False,False,False,True,True,True
7901,True,True,True,True,False,False,True,True
7902,True,True,False,False,False,True,True,True
7903,True,True,True,False,False,False,False,False
7904,False,False,False,False,False,True,True,True
7905,True,True,True,False,False,False,False,True
7906,False,False,False,False,False,False,True,True
7907,True,True,True,True,False,False,True,True
7908,False,False,False,False,False,True,True,True
7909,False,False,False,False,False,False,False,True
7910,True,False,False,False,False,True,True,True
7911,True,True,True,False,False,False,False,False
7912,True,True,True,True,False,False,False,True
7913,True,True,False,False,False,False,False,True
7914,True,True,False,False,False,False,True,True
7915,True,False,False,False,False,True,True,True
7916,True,True,True,True,False,False,False,True
7917,False,False,False,False,False,True,True,True
7918,True,True,True,True,True,True,True,True
7919,True,True,True,True,True,True,True,True
7920,True,False,False,False,False,False,False,True
7921,True,False,False,False,False,True,True,True
7922,True,True,True,False,False,False,False,True
7923,False,False,False,False,False,True,True,True
7924,True,True,True,False,False,False,False,False
7925,True,True,True,True,True,True,True,True
7926,True,True,True,False,False,False,False,False
7927,True,True,True,True,False,False,False,False
7928,True,False,False,False,False,True,True,True
7929,True,False,False,False,False,True,True,True
7930,False,False,False,False,False,False,False,False
7931,False,False,False,False,False,True,True,True
7932,True,True,True,True,True,True,True,True
7933,True,True,True,False,False,False,False,True
7934,True,True,True,True,True,True,True,True
7935,False,False,False,False,False,True,True,True
7936,False,False,False,False,False,False,False,True
7937,False,False,False,False,False,False,False,False
7938,True,True,True,True,False,False,True,True
7939,True,True,True,True,True,True,True,True
7940,False,False,False,False,False,False,False,True
7941,True,True,False,False,False,False,False,False
7942,False,False,False,False,False,False,False,True
7943,False,False,False,False,False,True,True,True
7944,False,False,False,False,False,True,True,True
7945,True,True,True,True,True,True,True,True
7946,True,False,False,False,False,False,False,False
7947,True,True,True,True,False,True,True,True
7948,True,False,False,False,False,True,False,False
7949,True,True,True,True,True,True,True,True
7950,True,False,False,False,False,True,True,True
7951,True,True,True,False,False,True,True,True
7952,True,True,True,True,True,True,True,True
7953,False,False,False,False,False,False,False,False
7954,True,True,True,False,False,False,True,True
7955,True,False,False,False,False,True,False,False
7956,True,True,True,True,False,False,True,True
7957,False,False,False,False,False,False,True,True
7958,True,False,False,False,False,True,True,True
7959,True,True,False,False,False,True,True,True
7960,True,False,False,False,False,False,False,False
7961,False,False,False,False,False,True,True,True
7962,True,True,True,True,False,False,False,True
7963,False,False,False,False,False,False,False,True
7964,True,True,True,True,False,False,False,False
7965,True,True,True,True,False,True,True,True
7966,True,True,True,True,True,True,True,True
7967,True,True,True,False,False,True,True,True
7968,False,False,False,False,False,False,True,True
7969,True,True,False,False,False,True,True,True
7970,True,True,True,True,False,True,True,True
7971,True,True,False,False,False,False,False,False
7972,True,True,True,True,True,True,True,True
7973,True,True,True,False,False,True,True,True
7974,True,True,True,True,True,True,True,True
7975,True,True,False,False,False,False,False,False
7976,True,True,True,False,False,False,False,False
7977,True,True,True,True,True,True,True,True
7978,True,True,False,False,False,True,True,True
7979,True,True,False,False,False,True,True,True
7980,True,True,True,True,False,False,False,True
7981,True,True,True,True,False,True,True,True
7982,True,True,True,True,True,True,True,True
7983,True,True,True,False,False,False,False,False
7984,True,True,True,True,True,True,True,True
7985,True,True,False,False,False,True,True,True
7986,True,True,True,False,False,True,True,True
7987,True,True,True,True,False,True,True,True
7988,False,False,False,False,False,False,False,False
7989,True,True,True,True,True,True,True,True
7990,True,True,False,False,False,False,False,False
7991,True,True,True,True,True,True,True,True
7992,False,False,False,False,False,False,False,False
7993,True,True,True,True,False,False,False,True
7994,False,False,False,False,False,False,False,True
7995,True,False,False,False,False,False,False,True
7996,False,False,False,False,False,False,True,True
7997,True,True,True,True,True,True,True,True
7998,False,False,False,False,False,False,False,False
7999,False,False,False,False,False,False,False,True
8000,True,True,True,True,True,True,True,True
8001,True,False,False,False,False,True,True,True
8002,True,True,True,True,False,False,True,True
8003,True,True,False,False,False,True,True,True
8004,True,True,True,False,False,False,False,False
8005,False,False,False,False,False,True,True,True
8006,True,True,True,True,True,True,True,True
8007,True,True,True,False,False,False,False,False
8008,True,True,False,False,False,False,False,False
8009,True,True,True,True,False,True,True,True
8010,True,False,False,False,False,False,False,False
8011,True,True,False,False,False,True,True,True
8012,True,False,False,False,False,True,True,True
8013,True,True,True,False,False,True,True,True
8014,True,True,True,True,True,True,True,True
8015,False,False,False,False,False,False,True,True
8016,True,False,False,False,False,False,True,True
8017,False,False,False,False,False,False,False,False
8018,False,False,False,False,False,True,True,True
8019,True,True,True,False,False,False,False,False
8020,True,True,True,True,True,True,True,True
8021,True,True,True,True,False,True,True,True
8022,False,False,False,False,False,True,True,True
8023,True,True,True,True,False,False,False,False
8024,True,False,False,False,False,False,False,False
8025,False,False,False,False,False,False,False,False
8026,False,False,False,False,False,False,False,False
8027,False,False,False,False,False,True,True,True
8028,False,False,False,False,False,False,True,True
8029,True,True,True,False,False,False,False,False
8030,False,False,False,False,False,True,True,True
8031,True,True,False,False,False,False,True,True
8032,True,True,True,True,False,False,True,True
8033,True,True,True,False,False,False,False,True
8034,True,True,True,True,True,True,True,True
8035,True,True,True,True,False,True,True,True
8036,True,True,True,True,False,False,True,True
8037,True,False,False,False,False,True,True,True
8038,True,True,False,False,False,False,False,False
8039,True,True,True,False,False,False,False,True
8040,True,True,True,False,False,False,False,False
8041,True,False,False,False,False,False,False,False
8042,True,True,False,False,False,False,False,False
8043,True,True,False,False,False,False,False,False
8044,False,False,False,False,False,True,True,True
8045,True,False,False,False,False,False,False,False
8046,False,False,False,False,False,False,False,False
8047,True,True,True,True,False,False,True,True
8048,True,True,True,True,False,True,True,True
8049,True,True,True,False,False,True,True,True
8050,False,False,False,False,False,True,True,True
8051,True,True,False,False,False,False,False,False
8052,True,False,False,False,False,False,True,True
8053,True,True,True,False,False,True,True,True
8054,True,True,True,True,True,True,True,True
8055,True,True,False,False,False,False,False,False
8056,False,False,False,False,False,True,True,True
8057,True,False,False,False,False,True,True,True
8058,True,True,True,True,True,True,True,True
8059,True,False,False,False,False,True,True,True
8060,True,True,True,True,False,True,True,True
8061,True,True,False,False,False,False,False,False
8062,True,True,True,True,True,True,True,True
8063,False,False,False,False,False,True,True,True
8064,True,True,True,False,False,False,True,True
8065,False,False,False,False,False,True,True,True
8066,True,True,True,False,False,False,False,True
8067,True,False,False,False,False,True,True,True
8068,True,False,False,False,False,True,True,True
8069,True,True,True,True,False,True,True,True
8070,True,True,True,False,False,True,True,True
8071,True,True,True,True,False,False,False,True
8072,True,False,False,False,False,False,False,False
8073,False,False,False,False,False,False,False,False
8074,True,True,True,True,False,False,False,True
8075,False,False,False,False,False,False,True,True
8076,True,True,True,True,True,True,True,True
8077,False,False,False,False,False,True,True,True
8078,True,True,True,False,False,False,True,True
8079,False,False,False,False,False,True,True,True
8080,False,False,False,False,False,False,True,True
8081,True,True,True,True,True,True,True,True
8082,True,True,False,False,False,True,True,True
8083,True,True,True,False,False,False,False,True
8084,False,False,False,False,False,True,True,True
8085,False,False,False,False,False,False,False,False
8086,True,False,False,False,False,True,True,True
8087,True,True,False,False,False,False,False,False
8088,True,True,True,False,False,False,False,False
8089,True,True,True,True,False,True,True,True
8090,False,False,False,False,False,True,True,True
8091,True,True,False,False,False,False,False,False
8092,False,False,False,False,False,True,False,False
8093,True,True,False,False,False,True,True,True
8094,False,False,False,False,False,False,False,False
8095,False,False,False,False,False,True,True,True
8096,False,False,False,False,False,True,True,True
8097,False,False,False,False,False,False,False,False
8098,True,True,False,False,False,True,True,True
8099,True,True,True,True,False,False,False,False
8100,False,False,False,False,False,True,True,True
8101,True,True,True,True,True,True,True,True
8102,False,False,False,False,False,True,True,True
8103,True,True,True,True,True,True,True,True
8104,True,True,True,True,False,True,True,True
8105,True,True,True,False,False,True,True,True
8106,True,True,False,False,False,True,True,True
8107,True,True,False,False,False,False,False,False
8108,True,True,True,False,False,True,True,True
8109,True,True,False,False,False,False,False,False
8110,False,True,False,False,False,True,True,True
8111,False,False,False,False,False,True,True,True
8112,False,False,False,False,False,True,True,True
8113,True,True,True,True,False,False,True,True
8114,True,True,True,True,True,True,True,True
8115,True,True,True,False,False,True,True,True
8116,True,True,False,False,False,False,False,False
8117,True,True,False,False,False,False,False,False
8118,True,True,True,False,False,True,True,True
8119,True,False,False,False,False,True,True,True
8120,True,True,True,False,False,False,False,True
8121,True,True,True,True,True,True,True,True
8122,True,False,False,False,False,False,True,True
8123,True,False,False,False,False,False,False,True
8124,True,True,True,True,True,True,True,True
8125,True,False,False,False,False,False,False,False
8126,True,True,True,True,True,True,True,True
8127,True,True,False,False,False,True,True,True
8128,True,False,False,False,False,True,True,True
8129,True,True,True,True,True,True,True,True
8130,False,False,False,False,False,True,True,True
8131,True,True,True,True,False,False,True,True
8132,True,True,True,True,True,True,True,True
8133,True,True,True,True,True,True,True,True
8134,False,False,False,False,False,True,True,True
8135,True,True,True,False,False,True,True,True
8136,True,True,True,True,False,False,False,True
8137,False,False,False,False,False,True,False,True
8138,True,True,True,False,False,False,False,False
8139,True,True,False,False,False,False,False,False
8140,True,True,False,False,False,True,True,True
8141,True,True,False,False,False,False,False,False
8142,True,True,False,False,False,True,True,True
8143,True,True,True,True,False,False,False,False
8144,True,True,True,True,True,True,True,True
8145,False,False,False,False,False,True,True,True
8146,False,False,False,False,False,False,False,False
8147,True,True,True,True,False,False,False,True
8148,False,False,False,False,False,False,False,False
8149,True,False,False,False,False,True,True,True
8150,True,True,True,True,False,False,False,True
8151,True,True,False,False,False,False,True,True
8152,True,True,False,False,False,False,False,False
8153,True,False,False,False,False,False,False,True
8154,True,True,False,False,False,False,False,False
8155,True,True,True,True,False,False,True,True
8156,True,True,True,True,True,True,True,True
8157,True,True,True,False,False,False,False,False
8158,True,True,True,True,False,False,True,True
8159,True,True,True,False,False,False,False,False
8160,True,True,False,False,False,False,False,False
8161,True,True,True,True,False,True,True,True
8162,True,True,True,True,True,True,True,True
8163,True,True,True,True,False,False,False,True
8164,True,True,True,True,False,False,True,True
8165,True,True,True,True,False,True,True,True
8166,False,False,False,False,False,True,True,True
8167,True,True,False,False,False,True,True,True
8168,True,True,True,True,True,True,True,True
8169,False,False,False,False,False,True,True,True
8170,True,False,False,False,False,False,False,False
8171,True,True,False,False,False,False,False,False
8172,True,True,False,False,False,False,False,True
8173,True,False,False,False,False,True,True,True
8174,True,True,True,True,False,False,False,True
8175,False,False,False,False,False,False,False,False
8176,False,False,False,False,False,False,False,False
8177,True,True,False,False,False,True,True,True
8178,True,True,True,False,False,False,False,True
8179,True,True,False,False,False,True,True,True
8180,True,True,False,False,False,False,True,True
8181,True,True,True,True,True,True,True,True
8182,False,False,False,False,False,True,True,True
8183,True,True,False,False,False,True,True,True
8184,False,False,False,False,False,True,True,True
8185,True,True,True,True,False,False,False,True
8186,True,True,True,True,True,True,True,True
8187,True,False,False,False,False,True,True,True
8188,True,True,False,False,False,False,False,True
8189,False,False,False,False,False,True,True,True
8190,True,True,True,True,True,True,True,True
8191,True,True,True,False,False,False,False,False
8192,True,False,False,False,False,False,False,True
8193,True,False,False,False,False,True,True,True
8194,True,True,True,True,False,False,True,True
8195,True,True,True,True,True,True,True,True
8196,True,True,True,True,True,True,True,True
8197,False,False,False,False,False,False,False,True
8198,False,False,False,False,False,True,True,True
8199,True,True,True,False,False,False,False,False
8200,True,True,False,False,False,False,False,True
8201,True,True,True,False,False,False,False,False
8202,False,False,False,False,False,False,False,False
8203,True,True,False,False,False,True,True,True
8204,True,True,True,True,True,True,True,True
8205,False,False,False,False,False,True,True,True
8206,True,False,False,False,False,False,False,True
8207,True,True,True,True,False,True,True,True
8208,True,True,False,False,False,True,True,True
8209,True,True,True,False,False,True,True,True
8210,True,True,False,False,False,False,False,False
8211,True,True,True,True,True,True,True,True
8212,True,True,True,True,False,False,True,True
8213,False,False,False,False,False,True,True,True
8214,False,False,False,False,False,True,True,True
8215,False,False,False,False,False,True,True,True
8216,False,False,False,False,False,False,False,True
8217,False,False,False,False,False,True,False,False
8218,True,True,True,False,False,False,True,True
8219,True,False,False,False,False,False,True,True
8220,True,True,True,True,False,False,False,True
8221,True,True,True,True,False,False,True,True
8222,True,True,True,True,True,True,True,True
8223,True,True,True,True,True,True,True,True
8224,True,True,False,False,False,False,False,False
8225,True,True,False,False,False,True,True,True
8226,True,True,True,False,False,True,True,True
8227,True,True,True,True,True,True,True,True
8228,False,False,False,False,False,True,True,True
8229,True,True,True,False,False,True,True,True
8230,True,True,False,False,False,False,False,False
8231,True,True,True,True,False,False,True,True
8232,True,True,False,False,False,False,False,True
8233,True,True,False,False,False,False,False,True
8234,True,True,True,True,False,False,False,True
8235,True,True,False,False,False,False,False,True
8236,False,False,False,False,False,True,True,True
8237,True,True,True,False,False,False,False,False
8238,True,True,True,True,False,True,True,True
8239,False,False,False,False,False,True,True,True
8240,True,True,False,False,False,True,True,True
8241,False,False,False,False,False,True,True,True
8242,False,False,False,False,False,True,True,True
8243,False,False,False,False,False,False,False,False
8244,True,True,True,True,False,False,False,True
8245,True,True,True,True,False,False,False,False
8246,False,False,False,False,False,True,True,True
8247,True,False,False,False,False,True,True,True
8248,True,True,False,False,False,True,True,True
8249,True,True,True,True,False,False,False,True
8250,True,True,True,True,False,False,True,True
8251,True,True,True,False,False,True,True,True
8252,True,False,False,False,False,True,True,True
8253,False,False,False,False,False,True,True,True
8254,False,False,False,False,False,False,False,False
8255,True,True,False,False,False,True,True,True
8256,True,False,False,False,False,False,False,True
8257,False,False,False,False,False,True,True,True
8258,True,True,True,False,False,True,True,True
8259,False,False,False,False,False,True,True,True
8260,False,False,False,False,False,False,False,False
8261,True,True,True,False,False,False,False,False
8262,True,True,False,False,False,False,False,False
8263,True,True,True,True,True,True,True,True
8264,True,True,True,True,False,False,True,True
8265,True,False,False,False,False,True,True,True
8266,True,True,False,False,False,False,True,True
8267,True,True,False,False,False,False,False,True
8268,True,False,False,False,False,True,True,True
8269,True,True,True,True,True,True,True,True
8270,True,True,False,False,False,True,True,True
8271,True,False,False,False,False,False,False,False
8272,True,True,True,True,True,True,True,True
8273,False,False,False,False,False,False,False,False
8274,True,False,False,False,False,True,True,True
8275,True,True,True,True,False,True,True,True
8276,True,True,True,False,False,False,False,True
8277,False,False,False,False,False,False,False,False
8278,True,True,True,False,False,False,False,False
8279,True,True,True,True,True,True,True,True
8280,False,False,False,False,False,False,False,False
8281,True,False,False,False,False,False,False,True
8282,True,True,True,False,False,False,False,False
8283,True,True,True,False,False,False,True,True
8284,False,False,False,False,False,True,False,False
8285,False,False,False,False,False,True,True,True
8286,True,True,True,False,False,False,True,True
8287,True,False,False,False,False,True,True,True
8288,True,False,False,False,False,True,True,True
8289,True,True,True,False,False,False,True,True
8290,True,True,False,False,False,True,True,True
8291,True,True,False,False,False,False,False,False
8292,True,True,False,False,False,True,True,True
8293,True,True,True,True,True,True,True,True
8294,True,True,True,True,False,False,True,True
8295,True,False,False,False,False,False,False,True
8296,True,False,False,False,False,True,True,True
8297,True,False,False,False,False,True,True,True
8298,True,True,True,True,False,False,False,True
8299,True,True,False,False,False,True,True,True
8300,True,True,True,False,False,True,True,True
8301,True,True,True,True,True,True,True,True
8302,True,True,True,False,False,True,True,True
8303,False,False,False,False,False,False,False,True
8304,True,True,True,True,False,False,True,True
8305,True,False,False,False,False,True,True,True
8306,True,True,False,False,False,True,True,True
8307,True,True,True,False,False,False,False,True
8308,False,False,False,False,False,True,False,True
8309,True,True,False,False,False,False,True,True
8310,True,True,True,True,True,True,True,True
8311,True,True,False,False,False,True,True,True
8312,True,False,False,False,False,False,False,True
8313,True,True,True,True,True,True,True,True
8314,True,True,True,True,True,True,True,True
8315,True,False,False,False,False,True,True,True
8316,True,True,True,True,False,False,False,False
8317,True,True,True,False,False,False,False,False
8318,True,True,True,True,True,True,True,True
8319,True,True,True,False,False,False,True,True
8320,True,False,False,False,False,False,True,True
8321,True,True,True,False,False,True,True,True
8322,True,True,False,False,False,True,True,True
8323,True,True,True,True,True,True,True,True
8324,True,True,True,False,False,False,False,False
8325,True,False,False,False,False,False,False,False
8326,True,True,True,True,False,False,False,True
8327,True,True,True,True,True,True,True,True
8328,True,True,False,False,False,True,True,True
8329,False,False,False,False,False,False,False,False
8330,False,False,False,False,False,False,False,True
8331,True,True,True,True,False,False,False,False
8332,False,False,False,False,False,False,True,True
8333,True,True,True,True,True,True,True,True
8334,True,True,False,False,False,False,False,True
8335,True,True,True,True,True,True,True,True
8336,True,True,True,False,False,False,False,False
8337,False,False,False,False,False,True,True,True
8338,True,True,True,True,True,True,True,True
8339,True,True,True,True,True,True,True,True
8340,True,True,False,False,False,True,True,True
8341,False,False,False,False,False,True,True,True
8342,True,True,True,True,True,True,True,True
8343,True,True,False,False,False,True,True,True
8344,False,False,False,False,False,True,True,True
8345,True,True,False,False,False,True,True,True
8346,True,False,False,False,False,True,True,True
8347,True,True,True,True,True,True,True,True
8348,True,True,True,False,False,False,False,False
8349,True,True,True,True,False,False,False,False
8350,False,False,False,False,False,False,True,True
8351,True,True,True,True,False,False,False,False
8352,True,True,True,False,False,False,False,True
8353,True,True,True,False,False,True,True,True
8354,False,False,False,False,False,True,True,True
8355,True,False,False,False,False,True,True,True
8356,True,True,True,True,False,False,False,False
8357,True,True,True,False,False,True,True,True
8358,True,False,False,False,False,True,True,True
8359,False,False,False,False,False,False,False,False
8360,True,True,False,False,False,False,False,True
8361,True,True,False,False,False,False,False,False
8362,True,True,True,False,False,False,False,False
8363,False,False,False,False,False,True,True,True
8364,True,True,False,False,False,False,False,False
8365,True,True,True,True,True,True,True,True
8366,True,True,True,False,False,False,False,False
8367,True,True,True,True,False,True,True,True
8368,True,True,True,True,True,True,True,True
8369,True,True,False,False,False,True,True,True
8370,False,False,False,False,False,False,False,False
8371,True,True,True,False,False,False,False,False
8372,True,False,False,False,False,True,True,True
8373,True,True,True,True,False,True,True,True
8374,True,True,True,True,True,True,True,True
8375,True,True,False,False,False,False,False,False
8376,True,False,False,False,False,False,True,True
8377,True,True,False,False,False,False,False,False
8378,True,True,False,False,False,True,True,True
8379,True,True,True,True,True,True,True,True
8380,True,True,True,True,True,True,True,True
8381,True,True,True,False,False,False,False,False
8382,True,False,False,False,False,True,True,True
8383,True,True,True,False,False,False,True,True
8384,True,True,True,False,False,False,False,True
8385,True,True,False,False,False,True,True,True
8386,True,False,False,False,False,False,True,True
8387,True,True,True,True,False,False,True,True
8388,True,True,True,True,False,True,True,True
8389,True,True,True,True,False,True,True,True
8390,True,True,True,True,True,True,True,True
8391,True,True,False,False,False,False,False,False
8392,True,False,False,False,False,False,False,False
8393,True,True,True,True,False,False,False,False
8394,True,True,False,False,False,False,False,True
8395,True,True,True,True,False,False,False,False
8396,True,True,True,True,False,False,False,True
8397,True,True,True,True,True,True,True,True
8398,True,True,True,True,True,True,True,True
8399,True,True,True,True,True,True,True,True
8400,True,False,False,False,False,True,True,True
8401,False,False,False,False,False,False,False,False
8402,True,True,True,True,True,True,True,True
8403,False,False,False,False,False,True,True,True
8404,True,False,False,False,False,True,True,True
8405,True,False,False,False,False,True,True,True
8406,True,True,True,True,True,True,True,True
8407,True,False,False,False,False,True,True,True
8408,False,False,False,False,False,True,True,True
8409,True,True,False,False,False,False,False,True
8410,True,True,False,False,False,True,True,True
8411,True,False,False,False,False,False,False,False
8412,True,True,True,False,False,False,False,True
8413,False,False,False,False,False,False,False,False
8414,True,True,True,True,False,False,True,True
8415,True,False,False,False,False,True,True,True
8416,False,False,False,False,False,False,False,False
8417,True,True,True,False,False,False,False,True
8418,True,True,False,False,False,True,True,True
8419,True,True,True,False,False,True,True,True
8420,True,True,True,False,False,False,False,False
8421,True,True,False,False,False,True,True,True
8422,True,True,True,True,True,True,True,True
8423,True,True,True,False,False,False,False,False
8424,True,False,False,False,False,True,True,True
8425,True,True,True,True,True,True,True,True
8426,True,False,False,False,False,False,False,False
8427,True,True,True,False,False,True,True,True
8428,False,False,False,False,False,False,False,False
8429,True,True,False,False,False,False,False,False
8430,True,True,True,False,False,True,True,True
8431,True,True,True,False,False,True,True,True
8432,False,False,False,False,False,True,True,True
8433,True,True,False,False,False,True,True,True
8434,True,False,False,False,False,True,True,True
8435,True,True,True,True,True,True,True,True
8436,True,True,False,False,False,False,False,False
8437,False,False,False,False,False,True,True,True
8438,True,True,True,True,False,False,False,False
8439,False,False,False,False,False,False,True,True
8440,True,True,True,True,False,False,True,True
8441,True,False,False,False,False,True,False,False
8442,True,False,False,False,False,True,True,True
8443,True,False,False,False,False,True,True,True
8444,True,True,True,True,True,True,True,True
8445,True,True,True,True,True,True,True,True
8446,True,True,False,False,False,False,False,False
8447,True,True,True,True,True,True,True,True
8448,True,False,False,False,False,True,True,True
8449,True,True,True,True,True,True,True,True
8450,True,True,False,False,False,True,True,True
8451,True,True,True,True,True,True,True,True
8452,True,True,True,True,True,True,True,True
8453,True,True,True,True,False,False,True,True
8454,True,True,True,True,True,True,True,True
8455,True,True,True,True,False,False,False,False
8456,True,True,False,False,False,False,False,False
8457,True,True,True,True,True,True,True,True
8458,True,True,False,False,False,False,False,True
8459,True,False,False,False,False,False,False,True
8460,True,True,False,False,False,True,True,True
8461,True,True,True,True,True,True,True,True
8462,False,False,False,False,False,True,False,True
8463,True,False,False,False,False,True,True,True
8464,True,True,True,False,False,True,True,True
8465,False,False,False,False,False,True,True,True
8466,True,True,True,True,False,False,False,True
8467,False,False,False,False,False,True,True,True
8468,True,True,True,True,True,True,True,True
8469,True,True,False,False,False,True,True,True
8470,True,False,False,False,False,True,True,True
8471,True,True,True,True,False,False,False,False
8472,True,True,True,True,False,False,True,True
8473,True,True,False,False,False,True,True,True
8474,True,False,False,False,False,True,True,True
8475,False,False,False,False,False,True,True,True
8476,True,True,True,True,True,True,True,True
8477,False,False,False,False,False,False,True,True
8478,True,True,True,False,False,False,False,False
8479,True,True,False,False,False,False,False,True
8480,True,False,False,False,False,False,False,True
8481,True,True,True,True,False,False,True,True
8482,True,True,False,False,False,False,False,False
8483,False,False,False,False,False,True,True,True
8484,True,True,True,True,False,False,True,True
8485,True,True,True,True,True,True,True,True
8486,True,True,True,False,False,True,True,True
8487,True,True,True,True,False,False,False,True
8488,True,True,True,True,True,True,True,True
8489,True,True,True,True,False,False,True,True
8490,True,False,False,False,False,False,False,True
8491,True,True,True,True,True,True,True,True
8492,True,True,True,False,False,False,False,False
8493,True,False,False,False,False,False,True,True
8494,True,True,False,False,False,False,False,True
8495,True,True,False,False,False,False,False,False
8496,True,True,True,True,True,True,True,True
8497,False,False,False,False,False,False,False,False
8498,True,True,True,True,True,True,True,True
8499,True,True,True,True,True,True,True,True
8500,True,True,True,False,False,False,False,False
8501,True,False,False,False,False,False,False,False
8502,True,True,True,False,False,False,False,False
8503,True,False,False,False,False,True,True,True
8504,True,True,True,True,True,True,True,True
8505,False,False,False,False,False,False,False,False
8506,True,True,True,False,False,True,True,True
8507,True,True,True,True,True,True,True,True
8508,True,True,True,True,True,True,True,True
8509,False,False,False,False,False,True,True,True
8510,True,True,True,True,False,True,True,True
8511,True,True,True,True,True,True,True,True
8512,True,True,True,False,False,True,True,True
8513,True,True,True,True,False,False,True,True
8514,True,True,True,True,False,False,False,False
8515,True,True,False,False,False,False,False,True
8516,True,True,False,False,False,False,False,False
8517,False,False,False,False,False,True,True,True
8518,False,False,False,False,False,True,True,True
8519,True,False,False,False,False,False,False,False
8520,False,False,False,False,False,False,False,False
8521,True,True,False,False,False,False,False,False
8522,False,False,False,False,False,True,True,True
8523,True,True,True,True,True,True,True,True
8524,True,True,True,True,True,True,True,True
8525,True,False,False,False,False,True,True,True
8526,True,False,False,False,False,False,True,True
8527,True,True,True,True,False,False,False,False
8528,False,False,False,False,False,False,False,True
8529,False,False,False,False,False,True,True,True
8530,True,True,True,True,True,True,True,True
8531,False,False,False,False,False,False,False,False
8532,True,False,False,False,False,False,True,True
8533,True,True,True,True,True,True,True,True
8534,True,False,False,False,False,True,True,True
8535,True,True,False,False,False,True,True,True
8536,True,False,False,False,False,False,False,False
8537,True,True,True,True,False,False,False,False
8538,False,False,False,False,False,True,True,True
8539,True,True,True,True,False,False,False,True
8540,False,False,False,False,False,True,True,True
8541,True,True,False,False,False,False,False,False
8542,False,False,False,False,False,True,True,True
8543,True,True,True,False,False,False,False,True
8544,True,True,False,False,False,False,True,True
8545,True,True,True,True,True,True,True,True
8546,True,False,False,False,False,False,False,True
8547,True,True,True,False,False,False,False,True
8548,True,False,False,False,False,False,True,True
8549,True,False,False,False,False,False,False,True
8550,True,False,False,False,False,True,True,True
8551,False,False,False,False,False,False,True,True
8552,True,True,True,False,False,False,False,False
8553,True,True,True,True,True,True,True,True
8554,False,False,False,False,False,False,False,True
8555,True,True,True,True,True,True,True,True
8556,True,True,False,False,False,True,True,True
8557,True,True,True,True,True,True,True,True
8558,True,True,True,False,False,False,False,True
8559,True,True,True,True,True,True,True,True
8560,True,True,True,True,True,True,True,True
8561,True,True,True,True,False,False,False,True
8562,True,True,True,True,True,True,True,True
8563,True,True,True,False,False,False,False,True
8564,True,False,False,False,False,False,False,True
8565,False,False,False,False,False,True,True,True
8566,True,False,False,False,False,False,False,True
8567,False,False,False,False,False,True,True,True
8568,False,False,False,False,False,False,False,False
8569,True,False,False,False,False,False,False,False
8570,True,False,False,False,False,False,False,False
8571,False,False,False,False,False,True,True,True
8572,True,True,True,True,True,True,True,True
8573,False,False,False,False,False,False,False,False
8574,False,False,False,False,False,False,False,False
8575,True,False,False,False,False,False,False,False
8576,True,True,True,True,False,True,True,True
8577,True,True,False,False,False,False,True,True
8578,True,True,True,True,True,True,True,True
8579,False,False,False,False,False,False,True,True
8580,True,True,True,True,True,True,True,True
8581,True,True,True,False,False,True,True,True
8582,True,True,True,True,False,False,False,False
8583,True,True,True,True,False,False,False,True
8584,True,True,True,False,False,False,False,False
8585,True,True,True,True,False,True,True,True
8586,True,True,False,False,False,True,True,True
8587,True,True,True,True,True,True,True,True
8588,True,True,True,True,False,False,False,True
8589,False,False,False,False,False,True,True,True
8590,True,True,False,False,False,True,True,True
8591,True,True,True,False,False,False,False,True
8592,True,True,True,False,False,False,False,False
8593,True,True,True,True,True,True,True,True
8594,True,True,True,True,False,False,False,True
8595,False,False,False,False,False,True,True,True
8596,True,True,True,True,True,True,True,True
8597,True,True,True,True,False,False,False,False
8598,True,True,False,False,False,True,True,True
8599,True,True,True,True,True,True,True,True
8600,True,True,True,True,True,True,True,True
8601,True,True,False,False,False,True,True,True
8602,True,True,True,True,True,True,True,True
8603,True,True,True,False,False,False,True,True
8604,True,False,False,False,False,True,True,True
8605,True,True,False,False,False,False,False,True
8606,True,False,False,False,False,True,True,True
8607,True,True,True,True,True,True,True,True
8608,False,False,False,False,False,False,False,False
8609,True,True,True,True,False,False,True,True
8610,True,True,True,True,True,True,True,True
8611,True,True,True,False,False,True,True,True
8612,True,True,False,False,False,False,False,True
8613,True,True,True,True,False,False,True,True
8614,True,True,False,False,False,True,True,True
8615,True,True,False,False,False,False,False,True
8616,True,True,True,True,True,True,True,True
8617,True,True,True,True,False,True,True,True
8618,True,False,False,False,False,True,True,True
8619,True,True,True,True,True,True,True,True
8620,False,False,False,False,False,True,False,True
8621,True,True,True,False,False,False,True,True
8622,False,False,False,False,False,False,False,False
8623,False,False,False,False,False,True,False,True
8624,True,True,True,True,False,False,False,True
8625,True,True,True,True,True,True,True,True
8626,True,True,True,True,True,True,True,True
8627,True,True,True,False,False,True,True,True
8628,True,False,False,False,False,False,False,False
8629,True,True,False,False,False,True,True,True
8630,True,True,True,False,False,True,True,True
8631,True,True,False,False,False,False,True,True
8632,False,False,False,False,False,True,True,True
8633,True,True,False,False,False,False,False,False
8634,True,False,False,False,False,False,True,True
8635,True,True,False,False,False,True,True,True
8636,False,False,False,False,False,False,False,False
8637,True,True,True,True,True,True,True,True
8638,True,False,False,False,False,True,True,True
8639,True,False,False,False,False,True,True,True
8640,True,True,True,True,True,True,True,True
8641,True,True,True,False,False,False,False,False
8642,True,True,True,True,False,False,False,False
8643,False,False,False,False,False,True,True,True
8644,True,True,True,False,False,False,False,True
8645,True,True,True,True,False,True,True,True
8646,True,True,True,False,False,True,True,True
8647,False,False,False,False,False,True,True,True
8648,True,True,True,True,False,True,True,True
8649,True,True,True,True,True,True,True,True
8650,False,False,False,False,False,False,False,True
8651,True,True,True,True,True,True,True,True
8652,True,True,True,True,True,True,True,True
8653,True,True,True,True,True,True,True,True
8654,True,True,True,True,True,True,True,True
8655,True,True,True,True,False,True,True,True
8656,True,True,True,True,False,False,False,True
8657,True,True,True,True,False,False,False,True
8658,True,True,True,False,False,True,True,True
8659,True,True,True,False,False,False,False,False
8660,True,True,True,True,True,True,True,True
8661,False,False,False,False,False,True,True,True
8662,True,True,True,True,True,True,True,True
8663,True,False,False,False,False,False,False,True
8664,True,False,False,False,False,True,True,True
8665,True,True,False,False,False,False,False,False
8666,False,True,False,False,False,True,True,True
8667,True,True,True,False,False,True,True,True
8668,True,True,True,True,False,False,False,False
8669,True,True,True,False,False,False,False,False
8670,False,False,False,False,False,True,True,True
8671,True,True,True,True,True,True,True,True
8672,True,True,False,False,False,False,False,True
8673,True,True,False,False,False,False,False,True
8674,True,False,False,False,False,True,True,True
8675,True,True,True,False,False,False,False,True
8676,True,True,True,True,True,True,True,True
8677,True,True,True,True,False,False,False,False
8678,True,True,True,True,False,False,True,True
8679,False,False,False,False,False,True,True,True
8680,True,True,False,False,False,True,True,True
8681,True,True,True,True,False,False,False,False
8682,True,False,False,False,False,False,True,True
8683,False,False,False,False,False,False,False,True
8684,True,True,True,True,False,False,True,True
8685,True,True,True,False,False,True,True,True
8686,True,True,True,False,False,False,False,False
8687,True,False,False,False,False,False,False,True
8688,True,True,True,True,True,True,True,True
8689,True,False,False,False,False,False,False,False
8690,True,True,False,False,False,False,True,True
8691,True,True,False,False,False,False,True,True
8692,True,True,False,False,False,False,False,False
8693,True,True,False,False,False,True,True,True
8694,True,True,False,False,False,False,False,True
8695,False,False,False,False,False,True,True,True
8696,True,False,False,False,False,True,True,True
8697,True,True,True,True,True,True,True,True
8698,True,True,True,True,True,True,True,True
8699,True,True,True,True,True,True,True,True
8700,False,False,False,False,False,True,True,True
8701,False,False,False,False,False,False,False,False
8702,True,False,False,False,False,False,False,False
8703,False,False,False,False,False,True,True,True
8704,True,False,False,False,False,False,True,True
8705,False,False,False,False,False,False,True,True
8706,True,True,True,True,True,True,True,True
8707,True,False,False,False,False,False,False,True
8708,True,True,False,False,False,True,True,True
8709,True,True,True,True,True,True,True,True
8710,True,True,True,True,True,True,True,True
8711,True,True,True,True,False,False,False,False
8712,False,False,False,False,False,False,True,True
8713,True,True,True,True,False,True,True,True
8714,True,True,True,False,False,True,True,True
8715,False,False,False,False,False,False,False,False
8716,True,True,True,True,False,False,False,False
8717,True,True,True,True,False,False,False,True
8718,True,True,True,True,False,False,False,False
8719,True,True,True,False,False,True,True,True
8720,False,False,False,False,False,True,True,True
8721,False,False,False,False,False,True,True,True
8722,True,True,False,False,False,False,False,True
8723,True,False,False,False,False,False,False,True
8724,True,True,True,True,True,True,True,True
8725,True,False,False,False,False,False,False,False
8726,True,True,True,False,False,True,True,True
8727,True,False,False,False,False,False,False,True
8728,True,True,True,True,True,True,True,True
8729,True,True,True,True,False,False,False,False
8730,True,True,True,True,False,False,True,True
8731,True,True,True,True,True,True,True,True
8732,True,False,False,False,False,True,True,True
8733,True,True,False,False,False,True,True,True
8734,True,True,True,True,True,True,True,True
8735,True,True,True,True,True,True,True,True
8736,False,False,False,False,False,False,False,True
8737,False,False,False,False,False,True,False,False
8738,False,False,False,False,False,True,True,True
8739,False,False,False,False,False,True,True,True
8740,False,False,False,False,False,True,True,True
8741,False,False,False,False,False,True,False,True
8742,True,True,False,False,False,False,False,False
8743,True,True,True,True,False,False,True,True
8744,False,False,False,False,False,True,True,True
8745,True,True,True,True,True,True,True,True
8746,True,False,False,False,False,True,True,True
8747,True,False,False,False,False,False,False,False
8748,True,True,True,True,False,False,False,True
8749,False,False,False,False,False,False,False,True
8750,True,False,False,False,False,True,True,True
8751,True,True,False,False,False,False,True,True
8752,True,True,True,False,False,False,False,True
8753,True,False,False,False,False,True,True,True
8754,True,True,False,False,False,True,True,True
8755,True,True,True,True,False,False,True,True
8756,False,False,False,False,False,False,False,False
8757,True,True,True,False,False,False,False,False
8758,True,True,False,False,False,True,True,True
8759,True,False,False,False,False,True,True,True
8760,True,False,False,False,False,True,True,True
8761,True,True,True,True,False,True,True,True
8762,True,True,True,True,True,True,True,True
8763,False,False,False,False,False,True,True,True
8764,True,True,True,True,True,True,True,True
8765,True,True,True,False,False,False,False,False
8766,True,True,True,False,False,True,True,True
8767,False,False,False,False,False,True,True,True
8768,True,False,False,False,False,True,True,True
8769,True,True,True,True,False,False,False,True
8770,True,True,False,False,False,False,False,False
8771,True,False,False,False,False,True,False,True
8772,True,False,False,False,False,False,False,False
8773,True,True,True,True,False,False,False,False
8774,True,True,True,False,False,True,True,True
8775,True,True,True,True,True,True,True,True
8776,True,False,False,False,False,False,False,False
8777,True,True,True,True,True,True,True,True
8778,True,True,True,True,False,True,True,True
8779,True,False,False,False,False,True,True,True
8780,True,True,False,False,False,True,True,True
8781,True,True,True,True,True,True,True,True
8782,True,True,True,True,True,True,True,True
8783,True,True,True,True,False,False,True,True
8784,True,True,False,False,False,False,True,True
8785,True,True,True,False,False,False,True,True
8786,False,False,False,False,False,False,False,False
8787,True,True,True,False,False,False,True,True
8788,False,False,False,False,False,False,False,True
8789,True,False,False,False,False,True,True,True
8790,True,False,False,False,False,False,True,True
8791,True,True,False,False,False,True,True,True
8792,True,True,True,False,False,False,False,True
8793,False,False,False,False,False,True,True,True
8794,True,True,True,True,False,False,False,False
8795,True,True,True,False,False,False,True,True
8796,False,False,False,False,False,True,True,True
8797,True,True,True,False,False,False,False,False
8798,True,False,False,False,False,True,True,True
8799,False,False,False,False,False,True,True,True
8800,True,True,True,False,False,False,False,True
8801,True,True,False,False,False,True,True,True
8802,True,True,True,True,True,True,True,True
8803,False,False,False,False,False,False,False,False
8804,True,True,False,False,False,True,True,True
8805,True,False,False,False,False,True,True,True
8806,True,True,True,True,False,True,True,True
8807,True,True,False,False,False,True,True,True
8808,True,True,True,True,False,False,True,True
8809,True,True,True,False,False,False,False,False
8810,True,True,True,True,True,True,True,True
8811,True,True,True,True,False,False,True,True
8812,False,False,False,False,False,True,True,True
8813,True,False,False,False,False,True,True,True
8814,True,True,True,True,True,True,True,True
8815,True,False,False,False,False,False,True,True
8816,False,False,False,False,False,True,False,True
8817,True,False,False,False,False,True,False,True
8818,True,True,False,False,False,True,True,True
8819,True,True,True,False,False,False,True,True
8820,True,False,False,False,False,False,False,False
8821,True,True,True,True,False,True,False,False
8822,False,False,False,False,False,False,False,True
8823,True,True,True,False,False,False,False,True
8824,True,True,False,False,False,False,False,False
8825,True,True,True,False,False,True,True,True
8826,True,True,False,False,False,True,True,True
8827,False,False,False,False,False,False,True,True
8828,True,True,True,True,True,True,True,True
8829,True,False,False,False,False,True,True,True
8830,True,True,True,False,False,False,False,True
8831,True,False,False,False,False,True,True,True
8832,True,False,False,False,False,False,True,True
8833,True,True,True,True,False,False,False,False
8834,True,True,True,False,False,False,False,True
8835,False,False,False,False,False,False,False,True
8836,True,False,False,False,False,False,False,True
8837,True,True,True,False,False,True,True,True
8838,True,False,False,False,False,False,False,True
8839,True,True,True,True,False,False,False,False
8840,True,True,True,True,False,False,True,True
8841,True,True,True,True,False,False,False,False
8842,True,True,False,False,False,False,False,False
8843,True,True,False,False,False,False,False,True
8844,True,True,True,True,False,False,False,False
8845,True,True,True,True,False,False,True,True
8846,True,True,False,False,False,True,True,True
8847,True,True,True,False,False,False,False,False
8848,True,True,False,False,False,True,True,True
8849,False,False,False,False,False,False,False,True
8850,True,True,True,True,False,False,True,True
8851,True,True,True,True,True,True,True,True
8852,False,False,False,False,False,False,False,True
8853,True,True,False,False,False,False,False,True
8854,False,False,False,False,False,True,True,True
8855,True,True,True,True,True,True,True,True
8856,True,True,True,True,True,True,True,True
8857,True,True,True,False,False,True,True,True
8858,False,False,False,False,False,True,True,True
8859,True,True,True,False,False,False,True,True
8860,True,True,True,True,True,True,True,True
8861,True,True,False,False,False,False,False,False
8862,True,True,True,True,True,True,True,True
8863,True,True,True,False,False,False,True,True
8864,True,True,True,True,False,False,False,True
8865,True,False,False,False,False,True,True,True
8866,True,False,False,False,False,False,False,True
8867,True,False,False,False,False,True,True,True
8868,True,True,True,True,True,True,True,True
8869,True,False,False,False,False,False,False,True
8870,True,True,True,True,True,True,True,True
8871,True,True,True,True,False,False,False,False
8872,True,True,True,True,False,False,False,False
8873,False,False,False,False,False,True,False,False
8874,False,False,False,False,False,True,True,True
8875,False,False,False,False,False,True,True,True
8876,True,False,False,False,False,False,False,False
8877,False,False,False,False,False,False,True,True
8878,True,True,True,False,False,False,False,False
8879,False,False,False,False,False,False,False,False
8880,False,False,False,False,False,True,True,True
8881,True,True,True,False,False,False,False,False
8882,True,True,True,True,False,False,False,False
8883,True,True,True,True,False,False,True,True
8884,False,False,False,False,False,True,True,True
8885,True,True,True,True,True,True,True,True
8886,True,True,True,True,False,False,False,True
8887,True,True,True,False,False,True,True,True
8888,True,True,True,True,True,True,True,True
8889,True,True,False,False,False,True,True,True
8890,True,True,True,True,True,True,True,True
8891,False,False,False,False,False,False,True,True
8892,False,False,False,False,False,True,True,True
8893,True,True,True,False,False,False,False,False
8894,True,True,True,False,False,False,False,False
8895,False,False,False,False,False,True,True,True
8896,True,True,True,True,False,False,False,True
8897,True,True,True,True,False,False,True,True
8898,True,True,True,True,False,False,False,False
8899,True,True,True,True,False,False,False,False
8900,True,False,False,False,False,True,True,True
8901,True,True,True,True,True,True,True,True
8902,True,True,True,True,True,True,True,True
8903,True,True,True,True,False,False,False,False
8904,True,True,False,False,False,False,True,True
8905,False,False,False,False,False,True,True,True
8906,True,True,True,True,True,True,True,True
8907,True,True,True,True,False,False,True,True
8908,True,True,True,True,False,False,False,False
8909,False,False,False,False,False,True,True,True
8910,True,False,False,False,False,False,False,False
8911,False,False,False,False,False,False,True,True
8912,True,True,True,False,False,False,True,True
8913,True,True,True,True,False,False,False,True
8914,True,True,True,True,False,True,True,True
8915,True,True,True,True,False,False,True,True
8916,True,True,True,False,False,False,False,False
8917,True,False,False,False,False,False,False,False
8918,True,True,True,True,False,False,False,True
8919,True,True,True,False,False,False,False,False
8920,True,False,False,False,False,True,True,True
8921,False,False,False,False,False,False,False,False
8922,True,False,False,False,False,False,False,True
8923,True,True,False,False,False,False,True,True
8924,False,False,False,True,False,True,True,True
8925,True,True,True,True,False,True,True,True
8926,False,False,False,False,False,True,True,True
8927,True,True,True,True,False,True,True,True
8928,True,True,True,True,False,False,True,True
8929,True,True,True,True,False,False,False,False
8930,True,False,False,False,False,True,True,True
8931,True,True,True,True,False,False,True,True
8932,True,True,False,False,False,False,True,True
8933,True,True,True,True,False,False,True,True
8934,True,True,True,True,False,False,False,True
8935,True,True,False,False,False,False,False,False
8936,True,True,False,False,False,False,False,True
8937,True,False,False,False,False,False,True,True
8938,False,False,False,False,False,False,False,True
8939,True,True,True,True,True,True,True,True
8940,True,True,True,False,False,False,False,False
8941,True,True,True,True,True,True,True,True
8942,True,True,True,True,True,True,True,True
8943,True,True,True,True,True,True,True,True
8944,True,False,False,False,False,True,True,True
8945,False,False,False,False,False,False,False,False
8946,True,True,True,False,False,False,False,False
8947,True,True,True,False,False,True,True,True
8948,True,False,False,False,False,False,False,False
8949,True,True,False,False,False,False,True,True
8950,True,True,True,True,True,True,True,True
8951,True,True,True,False,False,False,False,True
8952,True,False,False,False,False,False,False,True
8953,False,False,False,False,False,False,False,False
8954,True,True,False,False,False,True,True,True
8955,True,True,True,True,True,True,True,True
8956,True,True,True,True,True,True,True,True
8957,True,True,False,False,False,True,True,True
8958,True,True,True,True,True,True,True,True
8959,True,True,True,True,False,False,False,False
8960,True,True,False,False,False,True,True,True
8961,True,True,False,False,False,False,False,False
8962,False,False,False,False,False,True,True,True
8963,True,False,False,False,False,True,True,True
8964,True,False,False,False,False,True,True,True
8965,True,True,False,False,False,True,True,True
8966,True,True,True,True,True,True,True,True
8967,True,True,True,False,False,False,True,True
8968,False,False,False,False,False,True,True,True
8969,True,True,True,True,False,False,False,False
8970,True,True,True,True,False,False,False,True
8971,True,True,True,True,True,True,True,True
8972,False,False,False,False,False,False,True,True
8973,True,False,False,False,False,True,True,True
8974,True,True,True,True,False,False,False,False
8975,True,True,True,True,True,True,True,True
8976,False,False,False,False,False,False,True,True
8977,False,False,False,False,False,True,True,True
8978,True,True,True,False,False,True,True,True
8979,False,False,False,False,False,True,True,True
8980,True,True,True,True,True,True,True,True
8981,True,True,False,False,False,True,True,True
8982,True,True,True,False,False,False,False,False
8983,True,True,False,False,False,True,True,True
8984,True,True,True,True,True,True,True,True
8985,True,True,True,False,False,False,False,False
8986,True,False,False,False,False,False,True,True
8987,False,False,False,False,False,False,False,False
8988,True,False,False,False,False,False,True,True
8989,True,True,False,False,False,False,True,True
8990,True,True,True,True,True,True,True,True
8991,True,True,True,False,False,False,False,False
8992,True,True,False,False,False,True,True,True
8993,True,False,False,False,False,False,False,False
8994,False,False,False,False,False,True,True,True
8995,True,True,True,False,False,False,False,False
8996,True,True,True,False,False,False,False,False
8997,True,True,False,False,False,False,True,True
8998,True,True,False,False,False,True,True,True
8999,False,False,False,False,False,False,False,False
9000,True,True,True,True,False,True,True,True
9001,True,True,True,False,False,True,True,True
9002,True,True,True,True,True,True,True,True
9003,True,True,True,True,True,True,True,True
9004,True,True,True,True,True,True,True,True
9005,True,True,True,True,False,True,True,True
9006,True,True,True,True,False,False,False,False
9007,True,True,False,False,False,True,True,True
9008,True,True,True,True,False,False,False,True
9009,False,False,False,False,False,False,False,False
9010,True,True,True,True,False,False,True,True
9011,True,True,True,True,True,True,True,True
9012,False,False,False,False,False,True,True,True
9013,True,True,True,True,False,False,False,False
9014,True,True,True,False,False,True,True,True
9015,True,False,False,False,False,False,True,True
9016,True,True,True,True,True,True,True,True
9017,True,True,True,True,False,False,False,False
9018,False,False,False,False,False,True,True,True
9019,False,False,False,False,False,False,False,True
9020,True,True,True,True,True,True,True,True
9021,True,True,True,True,True,True,True,True
9022,True,True,True,True,True,True,True,True
9023,True,True,True,False,False,True,True,True
9024,True,False,False,False,False,True,True,True
9025,True,True,False,False,False,True,True,True
9026,True,True,True,False,False,True,True,True
9027,True,True,True,True,True,True,True,True
9028,False,False,False,False,False,False,False,False
9029,True,True,True,True,True,True,True,True
9030,True,True,True,True,False,True,True,True
9031,True,False,False,False,False,False,False,False
9032,True,True,False,False,False,True,True,True
9033,True,True,True,True,True,True,True,True
9034,True,True,True,True,True,True,True,True
9035,True,True,False,False,False,True,True,True
9036,True,False,False,False,False,False,False,False
9037,True,True,True,True,True,True,True,True
9038,True,True,False,False,False,False,False,False
9039,True,True,True,False,False,True,True,True
9040,True,True,True,True,False,False,False,True
9041,True,True,False,False,False,True,True,True
9042,True,True,True,True,False,False,False,True
9043,False,False,False,False,False,False,False,True
9044,False,False,False,False,False,False,False,False
9045,True,True,True,True,False,True,True,True
9046,True,True,True,True,True,True,True,True
9047,True,True,True,True,True,True,True,True
9048,False,False,False,False,False,True,True,True
9049,True,True,True,False,False,False,False,True
9050,True,True,False,False,False,True,True,True
9051,True,True,True,True,True,True,True,True
9052,True,True,True,True,True,True,True,True
9053,True,True,True,True,False,True,False,False
9054,False,False,False,False,False,True,True,True
9055,True,True,True,True,False,False,False,False
9056,False,False,False,False,False,False,False,False
9057,True,True,True,True,True,True,True,True
9058,True,True,True,True,True,True,True,True
9059,False,False,False,False,False,False,False,False
9060,True,True,False,False,False,False,False,True
9061,True,True,False,False,False,False,True,True
9062,True,True,True,True,True,True,True,True
9063,True,True,False,False,False,False,False,True
9064,True,True,True,True,True,True,True,True
9065,True,True,False,False,False,False,False,True
9066,True,True,True,True,True,True,True,True
9067,True,True,False,False,False,True,True,True
9068,True,True,True,True,False,False,True,True
9069,False,False,False,False,False,True,True,True
9070,False,False,False,False,False,True,False,False
9071,True,True,True,True,False,False,False,True
9072,False,False,False,False,False,False,False,False
9073,True,True,True,True,False,True,True,True
9074,True,True,True,True,True,True,True,True
9075,True,True,True,False,False,False,False,False
9076,True,True,False,False,False,False,True,True
9077,False,False,False,False,False,False,True,True
9078,True,True,True,True,False,True,True,True
9079,False,False,False,False,False,False,False,False
9080,True,True,True,True,False,False,False,True
9081,True,True,True,True,True,True,True,True
9082,False,False,False,False,False,True,False,True
9083,True,True,False,False,False,True,True,True
9084,True,False,False,False,False,True,True,True
9085,True,True,True,False,False,False,False,True
9086,True,True,True,True,True,True,True,True
9087,True,True,True,True,True,True,True,True
9088,True,True,True,False,False,False,False,False
9089,True,True,True,True,False,False,False,False
9090,True,False,False,False,False,True,True,True
9091,True,True,True,False,False,True,True,True
9092,True,True,True,False,False,True,True,True
9093,True,True,True,True,True,True,True,True
9094,True,True,True,True,True,True,True,True
9095,True,True,True,False,False,False,False,False
9096,True,False,False,False,False,True,True,True
9097,True,True,True,True,False,False,False,False
9098,False,False,False,False,False,True,True,True
9099,True,True,True,True,False,False,True,True
9100,True,True,True,True,True,True,True,True
9101,True,True,True,True,True,True,True,True
9102,False,False,False,False,False,False,False,False
9103,True,True,True,True,True,True,True,True
9104,True,True,True,True,False,True,True,True
9105,True,True,True,True,False,False,True,True
9106,True,False,False,False,False,True,True,True
9107,True,False,False,False,False,False,False,False
9108,True,True,False,False,False,True,True,True
9109,True,True,False,False,False,False,True,True
9110,True,True,True,False,False,False,False,False
9111,False,False,False,False,False,False,False,True
9112,True,False,False,False,False,False,False,False
9113,False,False,False,False,False,False,False,False
9114,True,True,True,False,False,False,False,False
9115,True,True,True,True,True,True,True,True
9116,True,False,False,False,False,False,False,False
9117,True,True,True,True,True,True,True,True
9118,True,True,True,False,False,False,False,True
9119,True,False,False,False,False,False,True,True
9120,True,True,False,False,False,True,True,True
9121,True,True,True,True,False,False,False,True
9122,True,False,False,False,False,True,True,True
9123,True,True,True,True,True,True,True,True
9124,True,False,False,False,False,True,True,True
9125,False,False,False,False,False,True,True,True
9126,True,True,False,False,False,True,True,True
9127,True,True,True,True,True,True,True,True
9128,False,False,False,False,False,False,True,True
9129,True,True,False,False,False,True,True,True
9130,True,True,True,False,False,False,True,True
9131,True,True,False,False,False,False,False,False
9132,True,True,True,True,True,True,True,True
9133,True,False,False,False,False,True,True,True
9134,True,True,True,False,False,False,False,True
9135,True,True,True,False,False,True,True,True
9136,True,True,True,True,False,False,True,True
9137,True,True,True,True,False,False,False,True
9138,False,False,False,False,False,False,False,False
9139,True,True,False,False,False,False,True,True
9140,True,True,True,False,False,False,False,False
9141,True,True,False,False,False,True,True,True
9142,True,True,False,False,False,True,True,True
9143,True,True,False,False,False,False,False,False
9144,True,False,False,False,False,False,False,False
9145,True,True,True,True,True,True,True,True
9146,True,True,False,False,False,True,True,True
9147,True,False,False,False,False,True,True,True
9148,True,True,True,True,False,False,True,True
9149,True,True,True,False,False,False,False,True
9150,True,True,True,True,False,False,False,False
9151,True,True,True,True,True,True,True,True
9152,False,False,False,False,False,True,True,True
9153,False,False,False,False,False,False,False,True
9154,True,True,True,True,False,False,False,False
9155,True,True,False,False,False,True,True,True
9156,True,False,False,False,False,False,False,True
9157,True,True,True,True,False,True,True,True
9158,False,False,False,False,False,True,True,True
9159,True,True,True,True,False,False,True,True
9160,True,True,True,False,False,False,False,False
9161,True,True,True,False,False,True,True,True
9162,True,False,False,False,False,False,False,False
9163,False,False,False,False,False,False,True,True
9164,True,True,True,True,False,False,False,False
9165,True,False,False,False,False,True,True,True
9166,True,True,True,True,True,True,True,True
9167,True,True,True,True,False,False,True,True
9168,True,True,True,False,False,True,True,True
9169,False,False,False,False,False,True,True,True
9170,True,True,False,False,False,True,True,True
9171,True,True,True,True,True,True,True,True
9172,True,False,False,False,False,True,True,True
9173,True,True,True,True,False,False,False,True
9174,True,True,True,True,True,True,True,True
9175,True,True,True,True,False,True,True,True
9176,False,False,False,False,False,True,True,True
9177,True,True,True,True,False,False,True,True
9178,True,True,False,False,False,False,False,True
9179,True,True,True,True,False,False,True,True
9180,True,True,True,True,False,True,True,True
9181,True,True,False,False,False,True,True,True
9182,True,False,False,False,False,False,False,True
9183,True,True,False,False,False,True,True,True
9184,True,True,True,True,True,True,True,True
9185,True,False,False,False,False,True,True,True
9186,False,False,False,False,False,False,True,True
9187,True,True,True,True,False,False,True,True
9188,True,True,True,True,True,True,True,True
9189,True,False,False,False,False,False,False,False
9190,True,False,False,False,False,False,False,True
9191,True,True,False,False,False,True,True,True
9192,True,True,False,False,False,True,True,True
9193,True,True,True,False,False,False,False,True
9194,True,True,True,False,False,True,True,True
9195,True,False,False,False,False,True,True,True
9196,True,True,False,False,False,False,False,True
9197,True,True,True,False,False,True,True,True
9198,True,True,True,True,False,False,False,True
9199,True,True,True,True,True,True,True,True
9200,True,False,False,False,False,False,True,True
9201,False,False,False,False,False,False,True,True
9202,True,True,True,False,False,True,True,True
9203,False,False,False,False,False,True,True,True
9204,True,True,True,False,False,False,False,True
9205,True,True,True,True,False,True,True,True
9206,False,False,False,False,False,False,False,False
9207,True,False,False,False,False,True,True,True
9208,True,True,False,False,False,False,False,False
9209,False,False,False,False,False,True,True,True
9210,True,True,False,False,False,True,True,True
9211,True,True,True,False,False,True,True,True
9212,True,True,False,False,False,False,True,True
9213,True,False,False,False,False,False,False,True
9214,True,True,False,False,False,False,False,True
9215,True,True,True,True,False,False,False,True
9216,True,True,True,True,False,False,False,False
9217,True,True,False,False,False,True,True,True
9218,True,True,True,True,False,True,True,True
9219,True,True,True,True,False,False,False,True
9220,False,False,False,False,False,False,False,True
9221,True,True,True,True,False,False,True,True
9222,True,True,True,True,True,True,True,True
9223,True,True,True,True,True,True,True,True
9224,True,True,True,True,False,False,True,True
9225,True,True,True,True,True,True,True,True
9226,True,True,True,False,False,False,True,True
9227,True,False,False,False,False,True,True,True
9228,True,True,True,True,True,True,True,True
9229,False,False,False,False,False,False,False,True
9230,False,False,False,False,False,False,False,True
9231,True,True,True,False,False,False,False,True
9232,True,True,False,False,False,False,False,False
9233,True,True,False,False,False,False,False,True
9234,True,True,False,False,False,True,True,True
9235,False,False,False,False,False,True,True,True
9236,True,True,True,True,False,True,True,True
9237,True,True,True,True,True,True,True,True
9238,True,True,True,False,False,True,True,True
9239,False,False,False,False,False,True,True,True
9240,True,True,True,True,False,False,False,True
9241,True,True,True,False,False,False,True,True
9242,True,True,False,False,False,True,True,True
9243,True,True,False,False,False,False,True,True
9244,True,True,True,False,False,False,True,True
9245,True,True,True,True,True,True,True,True
9246,True,True,False,False,False,False,True,True
9247,True,True,True,True,True,True,True,True
9248,True,True,True,False,False,False,False,False
9249,False,False,False,False,False,True,True,True
9250,True,True,True,True,True,True,True,True
9251,True,True,True,False,False,False,True,True
9252,True,True,True,True,False,False,True,True
9253,True,True,False,False,False,False,True,True
9254,False,False,False,False,False,False,False,False
9255,True,True,True,True,False,False,False,False
9256,True,False,False,False,False,True,True,True
9257,False,False,False,False,False,True,True,True
9258,False,False,False,False,False,True,True,True
9259,True,True,True,False,False,True,True,True
9260,False,False,False,False,False,False,False,False
9261,True,True,True,True,False,False,True,True
9262,True,True,False,False,False,False,True,True
9263,True,True,True,False,False,False,False,False
9264,False,False,False,False,False,False,False,False
9265,False,False,False,False,False,False,False,True
9266,True,True,True,True,True,True,True,True
9267,False,False,False,False,False,False,False,False
9268,True,True,False,False,False,False,False,False
9269,True,True,True,True,False,False,False,False
9270,True,False,False,False,False,True,True,True
9271,True,True,True,True,True,True,True,True
9272,True,True,True,True,True,True,True,True
9273,True,True,False,False,False,False,True,True
9274,True,True,True,False,False,True,True,True
9275,False,False,False,False,False,True,True,True
9276,True,True,False,False,False,False,False,False
9277,True,True,True,True,True,True,True,True
9278,True,True,True,False,False,True,True,True
9279,True,False,False,False,False,True,True,True
9280,True,True,True,True,True,True,True,True
9281,False,False,False,False,False,True,True,True
9282,True,True,True,True,True,True,True,True
9283,True,False,False,False,False,True,True,True
9284,True,True,True,True,False,False,False,False
9285,True,True,True,False,False,True,True,True
9286,True,True,True,True,True,True,True,True
9287,True,True,True,False,False,False,False,True
9288,True,True,True,False,False,False,False,False
9289,False,False,True,False,False,True,True,True
9290,True,False,False,False,False,False,False,True
9291,True,True,True,False,False,True,True,True
9292,True,True,False,False,False,False,False,True
9293,True,True,True,True,True,True,True,True
9294,True,False,False,False,False,False,False,True
9295,True,True,True,True,False,True,True,True
9296,True,True,True,True,True,True,True,True
9297,True,False,False,False,False,False,False,False
9298,True,False,False,False,False,False,False,False
9299,False,False,False,False,False,False,False,True
9300,True,True,True,True,False,False,True,True
9301,True,False,False,False,False,False,False,True
9302,True,True,True,True,True,True,True,True
9303,False,False,False,False,False,False,False,False
9304,True,False,False,False,False,False,False,False
9305,False,False,False,False,False,True,True,True
9306,True,True,True,False,False,False,True,True
9307,True,False,False,False,False,True,True,True
9308,True,True,True,True,True,True,True,True
9309,True,True,True,True,False,False,False,True
9310,False,False,False,False,False,False,False,True
9311,True,False,False,False,False,True,True,True
9312,True,True,True,True,True,True,True,True
9313,False,False,False,False,False,True,True,True
9314,True,True,False,False,False,True,True,True
9315,False,False,False,False,False,True,True,True
9316,False,False,False,False,False,True,True,True
9317,True,True,False,False,False,False,False,True
9318,True,False,False,False,False,True,True,True
9319,False,False,False,False,False,True,True,True
9320,True,True,True,True,True,True,True,True
9321,True,True,False,False,False,False,True,True
9322,True,True,False,False,False,False,False,True
9323,True,True,False,False,False,False,False,False
9324,True,True,True,True,True,True,True,True
9325,True,True,True,False,False,False,False,True
9326,False,False,False,False,False,True,True,True
9327,True,True,True,False,False,False,False,False
9328,True,False,False,False,False,True,True,True
9329,True,True,False,False,False,True,True,True
9330,False,False,False,False,False,True,True,True
9331,True,False,False,False,False,False,True,True
9332,True,False,False,False,False,False,False,True
9333,False,False,False,False,False,False,True,True
9334,False,False,False,False,False,True,True,True
9335,False,False,False,False,False,True,True,True
9336,True,True,True,True,False,False,False,False
9337,True,True,True,True,False,False,False,True
9338,True,True,True,False,False,False,False,False
9339,True,True,True,True,False,False,True,True
9340,True,True,True,False,False,True,True,True
9341,False,False,False,False,False,True,True,True
9342,True,True,True,False,False,False,False,True
9343,True,True,True,True,True,True,True,True
9344,True,True,True,True,True,True,True,True
9345,True,True,True,False,False,False,False,True
9346,True,True,True,True,False,True,True,True
9347,False,False,False,False,False,False,False,False
9348,False,False,False,False,False,True,True,True
9349,True,True,True,True,True,True,True,True
9350,True,True,True,True,True,True,True,True
9351,False,False,False,False,False,False,True,True
9352,False,False,False,False,False,True,True,True
9353,True,True,True,True,True,True,True,True
9354,True,False,False,False,False,False,True,True
9355,False,False,False,False,False,True,True,True
9356,True,True,True,True,True,True,True,True
9357,False,False,False,False,False,False,True,True
9358,True,True,True,True,False,False,False,True
9359,False,False,False,False,False,True,True,True
9360,True,True,True,True,False,False,False,False
9361,False,False,False,False,False,False,False,False
9362,True,True,False,False,False,False,True,True
9363,True,True,True,True,False,False,False,True
9364,False,False,False,False,False,True,True,True
9365,False,False,False,False,False,False,False,True
9366,True,False,False,False,False,True,True,True
9367,True,False,False,False,False,True,True,True
9368,True,True,True,True,True,True,True,True
9369,True,True,False,False,False,False,False,True
9370,True,False,False,False,False,True,True,True
9371,False,False,False,False,False,False,False,False
9372,True,True,True,False,False,True,True,True
9373,True,True,True,True,True,True,True,True
9374,True,True,True,False,False,False,False,False
9375,True,True,False,False,False,False,False,True
9376,True,True,True,True,True,True,True,True
9377,True,True,True,False,False,False,False,True
9378,True,False,False,False,False,False,True,True
9379,True,True,True,True,False,False,True,True
9380,True,True,True,True,False,False,False,True
9381,True,True,True,True,True,True,True,True
9382,True,False,False,False,False,False,False,False
9383,True,True,False,False,False,True,True,True
9384,True,True,False,False,False,True,True,True
9385,True,True,False,False,False,False,False,True
9386,True,True,True,True,True,True,True,True
9387,True,True,True,False,False,False,True,True
9388,True,False,False,False,False,False,False,False
9389,True,True,True,True,True,True,True,True
9390,True,True,True,True,True,True,True,True
9391,False,False,False,False,False,True,True,True
9392,True,False,False,False,False,True,True,True
9393,True,True,False,False,False,False,False,False
9394,True,False,False,False,False,True,True,True
9395,False,False,False,False,False,False,True,True
9396,False,False,False,False,False,False,False,True
9397,True,True,True,True,True,True,True,True
9398,True,True,True,False,False,False,True,True
9399,True,True,True,False,False,False,True,True
9400,True,False,False,False,False,True,True,True
9401,False,False,False,False,False,True,True,True
9402,True,True,False,False,False,False,False,True
9403,True,True,True,True,False,False,False,False
9404,True,True,True,True,True,True,True,True
9405,True,True,False,False,False,True,True,True
9406,True,True,True,True,False,False,False,True
9407,False,False,False,False,False,True,True,True
9408,True,True,True,False,False,True,True,True
9409,False,False,False,False,False,False,False,True
9410,True,False,False,False,False,True,True,True
9411,True,True,True,True,False,True,True,True
9412,True,True,True,True,False,False,False,True
9413,True,True,True,True,False,False,True,True
9414,True,True,True,True,False,True,True,True
9415,True,True,True,True,True,True,True,True
9416,True,True,True,False,False,False,False,True
9417,True,True,True,True,False,True,True,True
9418,True,True,False,False,False,False,False,True
9419,True,True,True,True,False,True,True,True
9420,True,False,False,False,False,False,False,False
9421,True,True,True,False,False,False,False,True
9422,True,True,True,False,False,True,True,True
9423,True,True,True,False,False,True,True,True
9424,True,True,False,False,False,True,True,True
9425,True,True,True,False,False,False,True,True
9426,True,True,True,False,False,False,False,False
9427,True,False,False,False,False,True,True,True
9428,True,True,True,True,True,True,True,True
9429,False,False,False,False,False,False,False,False
9430,True,False,False,False,False,True,True,True
9431,True,True,True,True,False,True,True,True
9432,True,False,False,False,False,False,True,True
9433,True,True,True,True,False,False,False,False
9434,True,True,True,True,True,True,True,True
9435,True,True,True,True,True,True,True,True
9436,True,True,True,True,True,True,True,True
9437,True,False,False,False,False,False,False,True
9438,True,True,True,True,True,True,True,True
9439,True,False,False,False,False,True,True,True
9440,True,True,False,False,False,True,True,True
9441,False,False,False,False,False,True,False,False
9442,False,False,False,False,False,True,True,True
9443,True,True,True,True,False,False,False,False
9444,True,True,False,False,False,True,False,True
9445,True,True,False,False,False,False,False,True
9446,True,True,True,False,False,True,True,True
9447,True,True,True,True,True,True,True,True
9448,False,False,False,False,False,False,False,False
9449,True,True,True,True,True,True,True,True
9450,True,True,True,False,False,True,True,True
9451,True,True,True,True,False,False,False,False
9452,True,True,True,False,False,True,True,True
9453,True,True,False,False,False,False,True,True
9454,True,True,False,False,False,False,False,False
9455,True,True,False,False,False,False,True,True
9456,True,False,False,False,False,False,False,False
9457,True,False,False,False,False,True,False,False
9458,True,True,False,False,False,True,True,True
9459,True,True,True,True,False,False,False,False
9460,True,True,False,False,False,False,True,True
9461,True,True,True,False,False,False,True,True
9462,True,True,False,False,False,True,True,True
9463,True,True,True,True,False,False,False,True
9464,True,True,True,True,False,False,True,True
9465,False,False,False,False,False,True,True,True
9466,False,False,False,False,False,True,True,True
9467,True,True,True,False,False,True,True,True
9468,True,True,True,True,True,True,True,True
9469,True,False,False,False,False,False,False,False
9470,False,False,False,False,False,True,True,True
9471,True,True,True,True,True,True,True,True
9472,True,False,False,False,False,False,False,True
9473,True,False,False,False,False,True,True,True
9474,True,False,False,False,False,True,False,False
9475,True,True,True,True,False,False,False,True
9476,True,False,False,False,False,False,False,False
9477,True,False,False,False,False,True,True,True
9478,True,True,True,True,True,True,True,True
9479,True,True,True,True,False,False,True,True
9480,False,False,False,False,False,False,True,True
9481,True,True,True,False,False,False,False,False
9482,True,True,True,False,False,False,False,False
9483,True,True,True,False,False,True,True,True
9484,False,False,False,False,False,True,True,True
9485,True,False,False,False,False,False,False,False
9486,False,False,False,False,False,False,False,True
9487,True,False,False,False,False,True,True,True
9488,True,True,True,True,True,True,True,True
9489,True,True,False,False,False,False,True,True
9490,True,True,True,True,True,True,True,True
9491,True,True,True,False,False,True,True,True
9492,True,True,True,True,False,False,False,True
9493,True,True,True,False,False,False,False,False
9494,False,False,False,False,False,True,True,True
9495,True,True,True,False,False,False,False,False
9496,False,False,False,False,False,False,True,True
9497,False,False,False,False,False,True,True,True
9498,True,True,True,False,False,False,False,False
9499,True,True,True,True,False,False,True,True
9500,True,True,True,True,True,True,True,True
9501,True,True,False,False,False,False,False,False
9502,False,False,False,False,False,True,True,True
9503,False,False,False,False,False,False,False,True
9504,True,True,True,True,True,True,True,True
9505,True,True,True,False,False,False,False,False
9506,True,False,False,False,False,True,False,False
9507,True,True,False,False,False,True,True,True
9508,True,True,True,True,False,False,False,False
9509,True,False,False,False,False,False,False,False
9510,True,True,True,False,False,True,True,True
9511,False,False,False,False,False,True,True,True
9512,True,True,False,False,False,False,True,True
9513,False,False,False,False,False,True,True,True
9514,True,False,False,False,False,False,True,True
9515,True,True,False,False,False,True,True,True
9516,True,True,True,True,False,True,True,True
9517,True,True,False,False,False,False,False,True
9518,True,True,True,False,False,False,True,True
9519,False,False,False,False,False,False,False,True
9520,True,False,False,False,False,False,False,True
9521,False,False,False,False,False,False,False,False
9522,False,False,False,False,False,True,True,True
9523,True,False,False,False,False,False,True,True
9524,True,True,True,False,False,False,False,True
9525,True,True,False,False,False,False,False,True
9526,True,True,True,True,True,True,True,True
9527,True,False,False,False,False,True,True,True
9528,True,True,True,False,False,True,True,True
9529,True,True,True,True,True,True,True,True
9530,True,True,True,True,False,True,True,True
9531,True,True,True,False,False,False,True,True
9532,True,False,False,False,False,True,True,True
9533,True,True,False,False,False,True,True,True
9534,True,True,True,True,False,False,False,True
9535,False,False,False,False,False,True,True,True
9536,True,False,False,False,False,False,False,True
9537,True,True,True,False,False,False,False,False
9538,True,True,True,False,False,True,True,True
9539,True,False,False,False,False,True,True,True
9540,True,True,False,False,False,False,False,False
9541,True,True,True,True,True,True,True,True
9542,True,True,False,False,False,False,False,True
9543,True,False,False,False,False,True,True,True
9544,False,False,False,False,False,True,False,True
9545,True,True,True,False,False,True,True,True
9546,False,False,False,False,False,True,True,True
9547,True,False,False,False,False,False,True,True
9548,True,True,False,False,False,False,False,True
9549,True,False,False,False,False,False,False,False
9550,False,False,False,False,False,False,False,True
9551,True,True,True,True,True,True,True,True
9552,False,False,False,False,False,False,False,True
9553,False,False,False,False,False,True,True,True
9554,True,True,False,False,False,False,False,False
9555,False,False,False,False,False,False,False,True
9556,False,False,False,False,False,True,True,True
9557,True,True,True,False,False,False,False,False
9558,True,False,False,False,False,False,False,False
9559,False,False,False,False,False,False,False,True
9560,False,False,False,False,False,False,False,True
9561,True,True,True,True,True,True,True,True
9562,True,True,True,True,False,True,True,True
9563,False,False,False,False,False,False,False,True
9564,True,True,True,True,False,False,False,False
9565,True,True,False,False,False,False,False,False
9566,True,True,True,True,True,True,True,True
9567,True,True,True,True,False,True,True,True
9568,False,False,False,False,False,False,True,True
9569,True,False,False,False,False,False,False,False
9570,True,True,False,False,False,True,True,True
9571,True,True,True,False,False,True,True,True
9572,True,False,False,False,False,False,False,True
9573,False,False,False,False,False,True,True,True
9574,True,True,True,True,False,False,True,True
9575,True,True,False,False,False,False,False,False
9576,True,True,True,False,False,True,True,True
9577,True,True,True,True,True,True,True,True
9578,True,True,True,True,True,True,True,True
9579,True,True,True,False,False,False,True,True
9580,True,False,False,False,False,False,True,True
9581,True,True,True,True,True,True,True,True
9582,True,True,True,True,False,True,True,True
9583,True,False,False,False,False,True,True,True
9584,True,True,False,False,False,False,False,False
9585,True,True,False,False,False,True,True,True
9586,True,True,True,True,False,False,True,True
9587,True,False,False,False,False,True,True,True
9588,True,True,True,False,False,False,False,False
9589,False,False,False,False,False,False,False,True
9590,False,False,False,False,False,False,False,True
9591,True,True,True,True,True,True,True,True
9592,True,True,True,True,True,True,True,True
9593,True,True,True,False,False,False,True,True
9594,True,True,True,True,False,True,True,True
9595,False,False,False,False,False,True,True,True
9596,True,True,False,False,False,False,True,True
9597,True,False,False,False,False,False,False,True
9598,True,True,True,True,True,True,True,True
9599,True,True,False,False,False,True,True,True
9600,True,False,False,False,False,True,True,True
9601,True,True,True,True,False,False,False,True
9602,True,False,False,False,False,True,True,True
9603,True,True,True,True,True,True,True,True
9604,True,False,False,False,False,False,False,False
9605,True,True,True,True,False,False,False,False
9606,False,False,False,False,False,True,True,True
9607,False,False,False,False,False,False,False,False
9608,True,True,False,False,False,True,True,True
9609,True,True,False,False,False,False,False,False
9610,True,True,True,False,False,False,False,False
9611,True,True,True,True,True,True,True,True
9612,True,True,True,True,False,False,False,False
9613,True,True,False,False,False,False,False,True
9614,True,True,True,True,True,True,True,True
9615,True,True,False,False,False,False,True,True
9616,False,False,False,False,False,False,False,True
9617,True,False,False,False,False,True,True,True
9618,True,True,True,True,True,True,True,True
9619,True,False,False,False,False,True,True,True
9620,False,False,False,False,False,False,False,True
9621,True,True,True,True,False,False,False,True
9622,True,True,True,True,False,True,True,True
9623,True,True,False,False,False,True,True,True
9624,True,True,False,False,False,False,True,True
9625,True,True,True,False,False,False,False,False
9626,True,True,True,False,False,False,False,False
9627,True,True,False,False,False,False,False,False
9628,True,True,True,False,False,True,True,True
9629,False,False,False,False,False,False,False,False
9630,False,False,False,False,False,True,True,True
9631,True,True,False,False,False,False,False,True
9632,True,True,False,False,False,False,False,False
9633,True,True,True,True,True,True,True,True
9634,True,True,True,True,True,True,True,True
9635,False,False,False,False,False,False,False,True
9636,True,False,False,False,False,True,True,True
9637,True,False,False,False,False,True,True,True
9638,True,True,True,True,True,True,True,True
9639,True,True,True,False,False,True,True,True
9640,True,True,True,True,True,True,True,True
9641,False,False,False,False,False,False,False,True
9642,True,True,False,False,False,True,True,True
9643,False,False,False,False,False,True,True,True
9644,True,True,True,False,False,False,False,False
9645,True,False,False,False,False,True,True,True
9646,True,True,True,True,False,False,True,True
9647,True,False,False,False,False,True,True,True
9648,False,False,False,False,False,True,True,True
9649,True,True,True,True,False,False,False,False
9650,True,True,False,False,False,False,False,True
9651,True,True,False,False,False,False,True,True
9652,True,True,True,True,False,True,True,True
9653,True,True,True,True,False,False,True,True
9654,True,False,False,False,False,True,True,True
9655,True,True,True,True,False,True,True,True
9656,True,True,True,True,True,True,True,True
9657,True,True,True,True,False,True,True,True
9658,True,True,True,True,False,True,True,True
9659,True,True,True,True,False,False,True,True
9660,True,True,False,False,False,False,False,True
9661,True,True,True,True,True,True,True,True
9662,False,False,False,False,False,True,True,True
9663,True,False,False,False,False,False,True,True
9664,False,False,False,False,False,True,True,True
9665,True,True,True,True,False,False,True,True
9666,True,True,False,False,False,False,False,True
9667,True,True,False,False,False,True,True,True
9668,False,False,False,False,False,False,True,True
9669,True,True,True,True,True,True,True,True
9670,True,True,True,True,False,False,True,True
9671,False,False,False,False,False,False,False,True
9672,True,True,True,False,False,False,True,True
9673,False,False,False,False,False,False,False,False
9674,False,False,False,False,False,True,True,True
9675,True,True,True,True,True,True,True,True
9676,True,False,False,False,False,False,True,True
9677,True,True,True,True,True,True,True,True
9678,True,False,False,False,False,True,True,True
9679,True,True,True,False,False,False,False,False
9680,True,False,False,False,False,False,False,False
9681,True,True,False,False,False,False,True,True
9682,True,True,True,False,False,True,True,True
9683,True,True,True,True,False,False,True,True
9684,True,True,False,False,False,False,True,True
9685,False,False,False,False,False,True,True,True
9686,True,True,False,False,False,True,True,True
9687,True,True,True,False,False,True,True,True
9688,True,True,True,True,False,False,False,False
9689,True,True,False,False,False,True,True,True
9690,True,True,False,False,False,True,True,True
9691,False,False,False,False,False,True,True,True
9692,True,True,True,True,False,False,False,False
9693,False,False,False,False,False,True,True,True
9694,False,False,False,False,False,True,True,True
9695,True,True,True,True,True,True,True,True
9696,True,True,True,True,True,True,True,True
9697,False,False,False,False,False,True,True,True
9698,True,True,True,True,False,False,False,False
9699,True,True,True,False,False,False,True,True
9700,True,False,False,False,False,True,True,True
9701,True,True,True,True,True,True,True,True
9702,True,True,True,True,True,True,True,True
9703,True,True,True,True,True,True,True,True
9704,True,True,True,True,True,True,True,True
9705,True,True,False,False,False,False,False,False
9706,False,False,False,False,False,True,True,True
9707,True,True,True,True,True,True,True,True
9708,False,False,False,False,False,True,True,True
9709,True,True,True,True,False,False,False,True
9710,True,True,True,True,True,True,True,True
9711,False,False,False,False,False,False,True,True
9712,False,False,False,False,False,True,True,True
9713,False,False,False,False,False,True,True,True
9714,True,True,True,True,True,True,True,True
9715,True,False,False,False,False,True,True,True
9716,True,True,True,True,False,False,False,True
9717,True,True,True,False,False,False,False,False
9718,True,True,False,False,False,True,True,True
9719,True,True,True,True,False,True,True,True
9720,True,True,True,True,False,False,True,True
9721,True,True,True,True,False,False,True,True
9722,False,False,False,False,False,False,False,True
9723,True,True,True,True,False,True,True,True
9724,True,True,True,True,False,False,False,True
9725,False,False,False,False,False,False,False,False
9726,True,True,False,False,False,False,False,True
9727,True,True,False,False,False,True,True,True
9728,True,False,False,False,False,True,True,True
9729,True,True,False,False,False,True,True,True
9730,False,False,False,False,False,True,True,True
9731,True,True,True,False,False,True,True,True
9732,False,False,False,False,False,False,False,False
9733,True,True,True,True,False,False,False,True
9734,True,True,True,True,True,True,True,True
9735,True,True,True,True,False,False,False,False
9736,False,False,False,False,False,True,True,True
9737,False,False,False,False,False,False,True,True
9738,True,True,True,True,True,True,True,True
9739,True,True,True,True,False,False,False,False
9740,False,False,False,False,False,True,True,True
9741,True,True,True,True,False,True,True,True
9742,True,True,True,True,True,True,True,True
9743,True,True,True,True,False,False,True,True
9744,True,True,False,False,False,False,False,False
9745,True,True,True,True,False,False,False,True
9746,True,True,False,False,False,False,True,True
9747,False,False,False,False,False,False,False,True
9748,True,True,True,True,False,False,False,True
9749,False,False,False,False,False,True,True,True
9750,True,True,True,False,False,True,True,True
9751,True,True,True,False,False,True,True,True
9752,True,False,False,False,False,True,True,True
9753,True,True,True,False,False,True,True,True
9754,False,False,False,False,False,False,False,True
9755,True,True,True,False,False,False,False,True
9756,True,True,True,True,True,True,True,True
9757,True,True,True,False,False,False,True,True
9758,True,True,False,False,False,True,True,True
9759,True,True,False,False,False,True,True,True
9760,False,False,False,False,False,True,True,True
9761,True,True,False,False,False,False,False,False
9762,True,True,True,True,False,False,True,True
9763,True,False,False,False,False,True,True,True
9764,False,False,False,False,False,False,False,False
9765,True,False,False,False,False,True,True,True
9766,True,True,True,True,True,True,True,True
9767,False,False,False,False,False,True,True,True
9768,True,True,True,True,True,True,True,True
9769,False,False,False,False,False,False,False,True
9770,True,True,True,True,True,True,True,True
9771,False,False,False,False,False,True,True,True
9772,True,False,False,False,False,False,False,True
9773,True,True,False,False,False,True,True,True
9774,True,True,True,True,True,True,True,True
9775,True,True,True,True,True,True,True,True
9776,True,True,False,False,False,False,False,True
9777,True,True,False,False,False,True,True,True
9778,True,False,False,False,False,True,True,True
9779,True,True,True,True,False,False,True,True
9780,True,True,True,True,False,True,True,True
9781,False,False,False,False,False,False,False,True
9782,False,False,False,False,False,True,True,True
9783,True,True,True,True,False,True,False,True
9784,True,True,False,False,False,False,False,True
9785,False,False,False,False,False,True,True,True
9786,True,True,True,True,True,True,True,True
9787,True,True,True,True,True,True,True,True
9788,True,True,True,True,False,False,False,True
9789,False,False,False,False,False,False,False,False
9790,True,True,True,True,True,True,True,True
9791,False,False,False,False,False,True,True,True
9792,True,True,True,False,False,True,True,True
9793,True,True,True,True,True,True,True,True
9794,False,False,False,False,False,True,True,True
9795,True,True,True,False,False,True,True,True
9796,True,True,True,True,True,True,True,True
9797,True,True,False,False,False,True,True,True
9798,True,True,True,False,False,False,False,True
9799,False,False,False,False,False,True,True,True
9800,True,False,False,False,False,True,True,True
9801,True,True,True,True,True,True,True,True
9802,False,False,False,False,False,False,False,True
9803,True,True,False,False,False,True,True,True
9804,True,False,False,False,False,True,True,True
9805,True,True,True,True,False,False,False,True
9806,True,True,True,True,True,True,True,True
9807,True,True,True,False,False,False,False,False
9808,True,True,False,False,False,True,True,True
9809,True,True,True,True,True,True,True,True
9810,True,True,False,False,False,False,False,True
9811,True,True,True,False,False,False,True,True
9812,False,False,False,False,False,True,True,True
9813,False,False,False,False,False,True,True,True
9814,True,False,False,False,False,True,True,True
9815,True,True,True,True,True,True,True,True
9816,True,True,True,True,True,True,True,True
9817,True,True,False,False,False,False,False,True
9818,True,True,True,False,False,True,True,True
9819,True,True,True,True,True,True,True,True
9820,True,True,True,True,True,True,True,True
9821,True,True,False,False,False,True,True,True
9822,True,True,True,False,False,False,False,True
9823,True,False,False,False,False,False,False,True
9824,True,True,True,True,True,True,True,True
9825,True,False,False,False,False,True,True,True
9826,False,False,False,False,False,True,True,True
9827,True,False,False,False,False,True,True,True
9828,True,False,False,False,False,True,True,True
9829,False,False,False,False,False,False,False,False
9830,False,False,False,False,False,True,True,True
9831,True,True,False,False,False,False,False,True
9832,True,True,True,True,False,True,True,True
9833,True,True,True,True,True,True,True,True
9834,False,False,False,False,False,False,False,True
9835,True,True,False,False,False,False,False,False
9836,True,True,True,False,False,True,True,True
9837,False,False,False,False,False,False,False,True
9838,True,True,True,True,True,True,True,True
9839,True,True,False,False,False,True,True,True
9840,True,False,False,False,False,False,False,False
9841,True,True,True,True,False,False,True,True
9842,True,True,False,False,False,True,True,True
9843,True,True,True,True,True,True,True,True
9844,True,True,False,False,False,False,False,True
9845,True,True,True,True,False,False,False,True
9846,False,False,False,False,False,True,True,True
9847,False,False,False,False,False,False,False,False
9848,True,True,False,False,False,True,True,True
9849,True,True,True,True,True,True,True,True
9850,False,False,False,False,False,False,True,True
9851,True,False,False,False,False,True,True,True
9852,True,True,True,True,False,True,True,True
9853,True,False,False,False,False,True,True,True
9854,True,True,True,True,True,True,True,True
9855,False,False,False,False,False,False,False,False
9856,True,True,True,True,False,False,False,True
9857,True,True,False,False,False,False,True,True
9858,True,True,True,True,True,True,True,True
9859,True,False,False,False,False,True,True,True
9860,True,True,True,False,False,False,False,False
9861,True,False,False,False,False,False,False,True
9862,True,True,True,True,False,False,False,False
9863,True,True,False,False,False,False,False,False
9864,True,True,True,True,True,True,True,True
9865,False,False,False,False,False,True,True,True
9866,True,True,True,True,True,True,True,True
9867,False,False,False,False,False,True,True,True
9868,False,False,False,False,False,True,True,True
9869,True,True,True,False,False,True,True,True
9870,True,True,True,False,False,False,False,True
9871,True,False,False,False,False,True,True,True
9872,True,True,True,True,True,True,True,True
9873,True,True,True,True,False,False,False,False
9874,False,False,False,False,False,False,False,False
9875,False,False,False,False,False,True,True,True
9876,False,False,False,False,False,False,False,True
9877,True,True,False,False,False,False,False,False
9878,True,False,False,False,False,True,True,True
9879,True,True,True,False,False,True,True,True
9880,True,True,True,True,True,True,True,True
9881,False,False,False,False,False,True,False,False
9882,True,True,True,False,False,False,True,True
9883,False,False,False,False,False,True,True,True
9884,True,True,True,False,False,False,False,True
9885,True,True,False,False,False,False,False,True
9886,True,True,False,False,False,False,True,True
9887,True,True,True,True,False,False,False,False
9888,True,True,False,False,False,True,True,True
9889,True,True,True,True,False,True,True,True
9890,True,True,True,True,True,True,True,True
9891,True,True,False,False,False,False,False,False
9892,True,True,True,True,True,True,True,True
9893,True,True,True,True,False,False,True,True
9894,False,False,False,False,False,True,True,True
9895,True,True,True,True,False,False,False,True
9896,False,False,False,False,False,False,False,False
9897,True,True,True,True,False,False,False,True
9898,True,False,False,False,False,True,True,True
9899,True,True,True,False,False,False,False,True
9900,True,True,True,True,False,False,True,True
9901,True,True,True,True,True,True,True,True
9902,True,False,False,False,False,True,True,True
9903,True,True,True,True,False,False,False,False
9904,True,False,False,False,False,False,False,False
9905,True,True,False,False,False,True,True,True
9906,True,True,True,False,False,False,False,True
9907,True,False,False,False,False,True,True,True
9908,False,False,False,False,False,False,True,True
9909,False,False,False,False,False,True,True,True
9910,False,False,False,False,False,True,True,True
9911,False,False,False,False,False,True,True,True
9912,True,True,True,True,True,True,True,True
9913,True,True,True,True,False,False,False,False
9914,False,False,False,False,False,True,True,True
9915,True,False,False,False,False,True,True,True
9916,True,True,True,False,False,False,False,False
9917,True,True,False,False,False,False,False,True
9918,True,True,False,False,False,True,True,True
9919,True,True,True,False,False,True,True,True
9920,True,False,False,False,False,False,False,True
9921,True,True,False,False,False,True,True,True
9922,True,True,True,True,True,True,True,True
9923,True,True,True,True,False,False,False,True
9924,True,True,True,False,False,False,False,False
9925,False,False,False,False,False,False,False,True
9926,True,True,True,False,False,False,False,False
9927,False,False,False,False,False,False,False,True
9928,True,True,False,False,False,False,True,True
9929,True,True,False,False,False,True,True,True
9930,True,True,True,True,True,True,True,True
9931,False,False,False,False,False,True,True,True
9932,True,True,False,False,False,False,True,True
9933,True,False,False,False,False,False,True,True
9934,True,True,True,True,True,True,True,True
9935,False,False,False,False,False,False,False,True
9936,False,False,False,False,False,False,False,True
9937,True,True,True,False,False,True,True,True
9938,True,False,False,False,False,False,False,False
9939,True,True,True,True,False,False,True,True
9940,True,True,True,True,False,False,False,False
9941,True,True,True,False,False,False,False,True
9942,True,True,True,True,False,False,True,True
9943,False,False,False,False,False,True,False,True
9944,True,True,False,False,False,True,True,True
9945,True,False,False,False,False,False,False,True
9946,False,False,False,False,False,True,False,True
9947,True,True,True,True,True,True,True,True
9948,True,True,True,True,True,True,True,True
9949,True,True,True,True,False,False,False,True
9950,True,True,True,True,True,True,True,True
9951,True,True,False,False,False,False,False,False
9952,False,False,False,False,False,False,False,True
9953,True,True,True,False,False,False,True,True
9954,True,True,True,False,False,True,True,True
9955,True,True,True,False,False,True,True,True
9956,False,False,False,False,False,True,True,True
9957,True,True,False,False,False,False,False,False
9958,False,False,False,False,False,False,False,True
9959,True,True,False,False,False,True,True,True
9960,False,False,False,False,False,False,False,False
9961,True,True,True,False,False,False,False,True
9962,True,True,True,True,False,False,True,True
9963,True,False,False,False,False,True,True,True
9964,True,True,True,True,False,False,False,False
9965,True,True,True,True,True,True,True,True
9966,True,True,True,False,False,False,False,False
9967,True,True,False,False,False,True,True,True
9968,False,False,False,False,False,True,True,True
9969,True,True,False,False,False,True,True,True
9970,True,True,False,False,False,False,False,True
9971,True,True,False,False,False,True,True,True
9972,True,True,False,False,False,False,False,False
9973,True,True,True,True,True,True,True,True
9974,True,True,False,False,False,False,False,False
9975,True,True,True,True,True,True,True,True
9976,True,True,True,True,False,False,True,True
9977,True,True,True,False,False,True,True,True
9978,False,False,False,False,False,True,True,True
9979,True,True,False,False,False,True,True,True
9980,True,False,False,False,False,True,True,True
9981,True,True,True,True,True,True,True,True
9982,True,False,False,False,False,False,True,True
9983,True,False,False,False,False,True,True,True
9984,False,False,False,False,False,True,True,True
9985,False,False,False,False,False,True,True,True
9986,True,True,True,True,False,False,True,True
9987,True,True,True,False,False,False,False,True
9988,True,True,True,False,False,True,True,True
9989,True,True,False,False,False,True,True,True
9990,True,True,True,True,False,False,False,False
9991,False,False,False,False,False,True,True,True
9992,True,True,False,False,False,True,True,True
9993,True,False,False,False,False,True,True,True
9994,False,False,False,False,False,True,True,True
9995,True,True,True,True,False,True,True,True
9996,True,True,True,False,False,False,False,False
9997,True,True,False,False,False,False,False,True
9998,False,False,False,False,False,True,True,True
9999,True,False,False,False,False,True,True,True
