,0,1,2,3,4,5,6,7
0,True,True,False,True,True,True,False,True
1,True,True,True,False,False,False,True,True
2,False,True,True,True,True,True,True,True
3,True,False,True,True,False,False,True,False
4,True,False,True,True,True,False,True,True
5,False,False,True,True,False,True,True,True
6,True,True,False,True,False,True,True,False
7,True,True,True,False,True,True,False,True
8,False,False,True,False,True,True,False,False
9,False,True,True,True,True,False,False,True
10,False,False,True,True,True,True,True,True
11,True,False,True,True,True,False,True,True
12,True,True,True,True,True,False,False,True
13,True,True,False,True,True,True,True,True
14,True,True,True,True,False,False,True,True
15,True,False,True,True,False,True,True,False
16,True,True,True,True,True,True,True,True
17,True,True,True,False,True,False,True,False
18,True,True,False,True,True,True,True,True
19,True,True,True,True,True,False,True,True
20,True,False,True,True,True,True,True,True
21,True,False,True,True,True,True,True,True
22,True,True,True,False,True,True,True,True
23,False,False,True,False,True,False,True,False
24,True,True,True,True,False,True,True,True
25,True,False,False,True,False,True,False,True
26,True,True,False,True,True,False,False,False
27,True,False,True,True,False,True,False,True
28,True,True,True,True,False,True,True,True
29,True,False,True,False,True,False,True,True
30,True,False,False,False,False,False,True,True
31,True,False,True,False,False,True,True,True
32,True,False,True,True,True,True,False,False
33,False,True,False,True,False,True,True,True
34,False,True,True,True,True,True,True,True
35,False,True,False,True,True,True,True,True
36,False,False,True,False,True,True,False,True
37,True,True,False,True,False,True,False,True
38,True,True,True,True,True,False,True,True
39,True,True,True,True,True,True,False,True
40,False,False,True,True,True,False,True,True
41,True,False,True,True,True,False,True,False
42,True,True,True,True,True,True,True,False
43,True,False,True,True,True,True,True,True
44,True,True,True,True,True,True,False,False
45,True,True,False,True,True,True,False,True
46,False,False,False,True,True,True,True,True
47,True,True,False,True,True,True,True,True
48,True,True,True,True,True,True,True,False
49,False,True,True,True,True,True,True,True
50,True,False,True,True,True,True,True,False
51,True,True,True,True,True,False,False,True
52,False,True,False,True,False,True,True,False
53,False,False,False,True,True,True,True,True
54,True,True,True,True,True,True,True,False
55,True,True,True,False,True,False,True,True
56,True,True,True,True,False,True,False,True
57,True,True,False,True,True,True,True,True
58,True,True,True,True,True,False,False,True
59,True,True,True,True,True,True,True,True
60,True,False,True,True,True,True,False,False
61,True,True,True,False,False,True,True,True
62,False,False,True,True,True,True,True,False
63,True,True,False,True,True,True,True,True
64,False,False,False,False,True,False,False,True
65,False,True,True,True,True,True,False,False
66,True,True,False,True,False,False,True,True
67,True,False,True,True,True,True,True,True
68,True,True,True,False,True,True,True,False
69,True,True,False,True,False,True,True,True
70,True,True,True,True,True,True,False,False
71,False,False,False,True,True,False,False,True
72,True,True,True,False,True,True,True,True
73,True,True,True,False,False,True,True,True
74,True,True,True,False,False,True,True,False
75,True,False,True,True,True,False,True,True
76,True,True,True,True,True,True,True,True
77,True,False,True,True,True,True,True,True
78,True,False,False,True,True,True,True,True
79,True,True,True,False,True,False,True,True
80,True,True,False,True,False,True,False,True
81,False,True,False,True,True,False,True,False
82,True,False,True,False,False,True,True,True
83,True,True,False,True,False,False,True,True
84,False,True,True,True,True,True,False,False
85,False,True,False,True,True,True,False,True
86,False,True,True,True,False,True,True,True
87,True,False,False,True,True,True,False,True
88,False,False,True,True,True,False,True,True
89,True,True,True,False,True,True,True,False
90,True,True,True,True,False,True,False,True
91,False,True,True,True,False,True,True,False
92,True,False,True,True,True,True,False,True
93,True,False,True,True,False,True,True,True
94,True,True,True,True,True,True,False,False
95,True,False,True,True,True,True,False,True
96,True,True,True,True,True,True,True,False
97,True,True,False,True,True,True,True,False
98,True,True,True,False,True,True,False,False
99,True,True,True,True,True,True,True,False
100,True,False,True,True,True,False,True,True
101,True,False,True,False,True,True,False,True
102,False,True,True,True,True,True,True,True
103,False,True,True,True,True,True,True,False
104,True,True,False,True,True,True,True,False
105,False,True,False,True,True,True,False,True
106,False,True,True,False,True,False,False,True
107,True,True,True,True,True,True,True,False
108,True,True,True,False,True,True,True,True
109,True,True,False,True,True,True,True,True
110,True,False,True,False,True,True,True,True
111,True,True,True,True,True,True,True,True
112,True,True,False,True,True,True,False,True
113,False,False,True,False,False,True,False,True
114,False,True,True,True,True,True,True,True
115,True,True,False,True,False,True,False,False
116,True,True,True,True,True,True,True,False
117,False,True,False,True,False,False,False,False
118,True,True,True,False,True,True,True,False
119,False,True,True,False,False,True,False,False
120,False,True,False,True,False,False,True,True
121,True,False,True,True,True,True,True,True
122,True,True,False,True,False,True,True,False
123,False,False,True,True,False,True,True,True
124,True,True,True,True,True,True,False,True
125,False,False,True,True,False,True,True,True
126,True,False,False,True,True,True,True,True
127,True,True,True,True,True,True,True,True
128,True,False,True,False,False,True,False,True
129,True,True,True,True,False,True,True,False
130,True,False,True,True,True,True,True,False
131,True,True,False,True,True,False,False,True
132,True,True,True,False,True,False,False,False
133,True,True,True,True,True,False,True,True
134,True,True,True,True,True,False,True,True
135,True,True,True,True,True,True,False,True
136,True,True,False,True,True,True,True,True
137,False,True,True,False,True,True,False,True
138,True,False,True,False,True,True,True,True
139,True,True,True,True,True,True,True,True
140,True,True,True,True,False,False,False,False
141,True,True,True,True,False,True,True,True
142,False,False,False,True,True,True,False,False
143,True,True,True,True,True,False,False,False
144,False,True,True,False,True,False,True,True
145,True,True,True,True,False,True,True,True
146,True,True,False,False,True,True,True,True
147,True,True,True,True,True,True,False,True
148,True,True,True,True,True,True,False,True
149,False,True,False,True,True,False,False,False
150,False,True,True,False,False,True,True,True
151,True,False,True,True,True,False,True,True
152,True,False,True,True,True,True,True,True
153,False,True,True,True,True,False,True,False
154,False,True,True,False,False,True,False,False
155,False,True,False,True,False,True,False,True
156,True,False,False,False,True,False,True,True
157,True,True,True,False,True,True,True,True
158,False,True,False,True,True,True,False,True
159,False,False,True,True,False,True,True,True
160,True,False,True,True,True,False,True,True
161,True,True,True,True,True,False,True,True
162,True,False,True,False,False,False,True,True
163,False,True,True,True,False,False,True,True
164,True,False,False,False,True,False,True,True
165,True,False,True,True,True,True,True,False
166,False,True,True,True,True,True,True,True
167,False,False,True,True,True,False,True,False
168,True,False,True,True,False,True,False,False
169,False,False,False,True,True,True,False,True
170,False,True,False,True,True,False,True,True
171,True,False,True,False,True,False,False,True
172,False,False,True,True,True,True,True,True
173,False,True,True,False,True,False,True,True
174,True,True,True,True,False,False,True,True
175,False,True,False,True,True,False,True,True
176,True,True,True,False,False,True,False,False
177,True,False,False,True,True,True,False,False
178,False,True,True,True,False,False,False,True
179,True,True,False,False,True,True,False,True
180,True,False,True,False,True,True,True,True
181,True,True,True,True,True,True,False,True
182,True,True,True,True,False,True,True,False
183,True,False,False,False,True,True,False,True
184,True,False,False,False,True,True,True,True
185,False,True,True,True,False,False,False,True
186,True,True,True,False,True,True,False,True
187,True,False,False,False,False,False,True,False
188,True,True,True,True,True,True,True,True
189,True,True,True,False,True,True,True,False
190,False,True,True,False,False,True,True,True
191,True,False,True,False,True,False,True,True
192,False,False,False,True,False,False,True,True
193,True,False,True,True,True,True,True,True
194,True,True,False,True,False,False,False,True
195,False,True,True,True,True,True,True,False
196,True,True,False,True,True,True,True,True
197,False,True,True,True,False,True,True,True
198,True,False,True,False,True,True,False,True
199,True,True,False,False,False,False,True,True
200,True,True,True,True,False,False,True,True
201,True,False,True,False,True,True,True,True
202,False,True,True,True,False,True,True,True
203,True,True,True,True,True,True,True,False
204,True,True,True,False,True,False,True,True
205,False,True,True,False,True,True,True,True
206,True,True,True,False,False,False,False,True
207,False,False,False,True,True,False,True,False
208,True,True,True,True,False,False,True,False
209,True,False,True,True,True,True,False,True
210,True,False,True,False,False,True,True,True
211,False,True,True,False,True,True,True,True
212,False,True,True,True,False,True,True,True
213,False,True,True,True,False,True,True,True
214,True,False,True,True,True,True,True,True
215,True,True,True,False,False,True,True,False
216,False,False,False,False,True,True,True,False
217,True,True,True,True,True,False,True,True
218,True,False,True,True,True,True,False,True
219,False,True,True,True,True,True,True,False
220,False,True,False,True,True,True,False,True
221,True,True,True,True,True,False,True,False
222,True,True,True,True,True,True,True,True
223,False,False,True,True,True,True,True,True
224,True,False,True,True,False,True,True,True
225,False,True,True,True,False,False,False,True
226,True,True,True,True,True,True,True,True
227,True,True,True,True,True,True,True,True
228,True,True,True,True,False,True,True,False
229,False,False,True,True,True,True,True,True
230,True,True,True,True,False,False,False,False
231,True,True,False,True,False,True,True,False
232,True,False,True,True,False,False,False,True
233,True,True,True,True,True,False,False,True
234,True,False,False,True,False,False,True,True
235,True,False,True,True,True,False,True,True
236,False,True,False,True,False,True,False,False
237,True,True,True,False,True,False,True,True
238,False,True,True,True,True,True,True,False
239,True,True,False,True,True,True,True,False
240,True,False,True,False,False,False,True,True
241,True,True,False,True,True,True,True,True
242,True,True,True,False,True,True,False,True
243,True,False,False,True,True,True,False,True
244,False,False,True,True,True,True,True,True
245,True,False,False,True,False,True,False,False
246,True,True,True,True,True,True,True,True
247,False,True,True,False,True,False,True,False
248,True,True,True,True,True,False,False,False
249,True,True,True,False,False,True,True,True
250,True,True,True,False,True,True,True,True
251,True,True,True,True,True,True,False,True
252,True,True,True,True,False,True,True,True
253,True,True,True,True,False,False,False,True
254,True,True,True,True,True,True,False,False
255,True,True,False,True,False,False,True,True
256,True,True,False,True,True,True,False,True
257,True,False,True,True,True,True,True,True
258,False,True,True,True,True,False,False,False
259,True,True,True,True,True,False,True,True
260,False,False,True,True,False,True,True,True
261,False,False,True,True,True,True,True,False
262,True,True,True,True,True,False,True,True
263,True,True,True,True,True,True,True,True
264,True,True,True,True,True,True,True,True
265,False,True,True,False,True,False,True,True
266,False,True,True,False,True,True,False,False
267,True,True,True,True,True,True,False,True
268,True,False,True,False,False,False,True,True
269,False,True,True,False,False,False,True,False
270,True,True,True,True,True,True,False,False
271,False,False,True,True,True,True,False,False
272,True,False,True,True,False,False,True,True
273,True,True,True,True,True,False,True,True
274,False,False,True,True,True,True,True,False
275,True,True,False,True,True,True,True,False
276,True,True,False,False,False,False,True,False
277,True,True,False,True,False,False,True,True
278,True,True,True,True,True,True,True,True
279,True,True,True,True,True,True,True,True
280,True,True,False,True,False,True,False,True
281,True,False,False,True,True,False,True,True
282,False,True,True,True,True,True,False,True
283,False,True,True,True,True,True,False,True
284,True,True,True,True,False,False,False,False
285,True,True,True,False,True,True,True,True
286,True,True,True,False,True,True,True,True
287,True,True,False,True,True,False,True,False
288,True,True,True,False,False,False,True,False
289,True,True,True,True,False,True,True,False
290,True,True,True,True,True,False,True,True
291,True,True,True,True,True,True,True,False
292,False,False,True,False,True,True,False,True
293,False,True,False,False,False,False,True,False
294,False,True,True,True,True,True,False,True
295,False,True,True,True,True,True,True,True
296,True,True,True,True,True,True,True,True
297,True,False,True,True,False,False,True,True
298,False,True,True,False,True,False,True,True
299,False,True,True,True,True,True,True,True
300,True,True,True,False,True,False,True,True
301,True,False,False,True,True,True,True,True
302,False,True,False,False,False,True,False,True
303,True,False,True,True,True,True,False,False
304,False,False,True,False,False,True,False,True
305,True,True,True,False,False,True,True,False
306,True,True,True,False,False,True,True,False
307,True,False,True,True,False,False,True,True
308,True,True,True,True,False,True,False,True
309,False,True,True,False,True,False,True,False
310,True,True,True,True,True,True,True,True
311,False,True,True,False,True,True,True,True
312,False,True,False,False,True,True,True,True
313,True,True,True,False,True,True,True,True
314,True,True,True,False,True,False,True,True
315,True,True,True,True,True,True,True,False
316,True,True,True,False,True,False,True,False
317,False,True,False,True,True,False,False,True
318,True,True,True,True,True,True,True,True
319,False,True,False,True,True,True,True,False
320,True,True,True,False,True,True,False,True
321,False,True,False,True,False,True,True,False
322,True,False,False,False,False,False,True,False
323,True,True,True,True,True,True,True,False
324,True,False,True,False,True,True,False,False
325,True,False,True,False,True,False,True,True
326,True,False,True,True,True,False,True,True
327,False,True,False,False,True,False,True,False
328,False,True,True,True,False,True,False,True
329,True,True,True,False,True,True,True,True
330,False,True,True,False,False,False,True,True
331,True,True,True,False,True,True,True,True
332,False,False,True,True,False,True,False,True
333,True,False,True,True,True,True,True,True
334,True,False,True,True,True,True,True,True
335,False,True,True,False,True,True,True,True
336,False,True,True,False,False,True,False,True
337,False,True,True,False,False,False,True,False
338,True,True,True,True,True,True,False,False
339,True,True,False,True,True,True,True,True
340,True,False,True,True,False,True,True,False
341,True,True,True,True,True,True,True,False
342,False,True,True,True,True,True,True,True
343,True,True,False,False,True,True,False,True
344,True,False,True,True,True,True,True,False
345,True,True,False,False,True,False,True,True
346,True,True,False,True,True,True,True,True
347,False,True,True,True,False,True,False,True
348,True,True,False,True,True,True,True,True
349,False,False,False,False,True,True,True,True
350,True,False,True,False,True,True,True,False
351,True,True,False,True,False,False,True,True
352,True,False,True,True,False,True,False,False
353,True,False,True,True,True,True,True,True
354,False,True,True,False,True,False,True,True
355,True,False,True,True,False,True,False,False
356,True,False,False,False,True,True,True,True
357,False,False,True,False,False,True,False,True
358,False,True,True,True,False,True,False,True
359,True,True,False,False,True,True,True,False
360,True,True,True,True,True,False,True,True
361,True,True,False,False,True,True,True,True
362,False,True,True,True,True,False,False,True
363,True,True,True,True,True,True,True,True
364,True,True,True,True,True,False,True,True
365,True,True,True,True,True,True,True,False
366,False,True,False,True,True,True,True,True
367,False,False,False,True,True,True,True,True
368,False,False,True,True,True,True,False,True
369,True,True,True,True,False,False,True,True
370,False,True,True,True,False,False,True,False
371,False,True,True,True,False,False,False,False
372,True,True,True,True,True,False,False,False
373,True,False,True,True,False,True,True,True
374,True,True,True,True,True,True,True,True
375,True,True,False,True,True,True,False,False
376,True,True,True,False,True,True,False,True
377,True,True,True,False,True,False,True,True
378,True,True,False,True,True,False,False,True
379,True,True,False,True,False,True,True,True
380,False,False,False,True,True,True,True,False
381,True,True,False,False,True,False,False,False
382,True,True,True,True,False,True,True,False
383,True,True,True,False,True,True,True,True
384,True,True,True,True,True,False,True,True
385,True,True,True,True,True,False,False,True
386,True,False,True,False,True,True,True,True
387,True,False,True,True,True,False,True,False
388,False,False,False,False,True,False,True,True
389,True,False,True,True,False,True,True,True
390,True,True,True,True,True,True,True,False
391,True,False,False,True,True,False,True,True
392,False,False,True,True,False,False,True,True
393,True,True,True,False,False,True,True,True
394,False,True,True,False,True,True,True,True
395,True,True,False,True,True,True,False,True
396,True,True,True,False,True,True,True,True
397,True,True,True,True,False,True,True,True
398,True,False,True,False,False,True,False,True
399,True,True,True,True,True,True,True,True
400,False,True,True,False,True,False,True,True
401,False,False,True,False,False,True,True,True
402,True,True,True,True,True,True,False,False
403,True,True,True,True,True,True,False,True
404,True,False,False,True,True,True,True,True
405,True,True,False,True,True,True,True,True
406,True,True,True,True,True,True,True,True
407,False,True,False,False,True,True,False,True
408,True,True,False,True,False,True,True,True
409,False,True,True,False,True,True,False,True
410,True,True,True,True,True,False,False,True
411,False,False,True,False,True,True,False,False
412,False,True,True,True,False,True,False,True
413,True,False,True,True,True,False,True,True
414,True,False,True,True,False,True,True,True
415,True,False,True,True,True,False,False,True
416,True,False,True,True,True,False,True,False
417,True,False,False,False,True,True,False,False
418,False,True,True,True,False,False,True,True
419,True,True,True,True,True,False,False,True
420,False,False,True,True,True,False,True,False
421,True,False,True,True,False,True,False,True
422,False,False,True,False,True,False,True,True
423,True,True,True,False,True,False,True,True
424,True,True,True,False,False,True,False,True
425,True,True,True,True,True,False,True,False
426,True,False,True,False,True,True,True,True
427,True,True,True,True,True,True,True,True
428,True,True,False,True,False,True,True,False
429,True,True,False,False,True,True,True,True
430,True,True,True,True,True,False,True,True
431,True,False,True,False,True,True,True,True
432,False,True,False,True,False,True,True,True
433,True,True,True,True,True,False,True,True
434,True,True,False,True,False,True,True,False
435,False,True,True,False,True,True,True,True
436,False,True,False,True,True,True,True,True
437,True,True,True,True,True,True,False,True
438,True,True,True,True,True,False,True,True
439,True,True,True,True,True,True,False,True
440,True,True,True,False,True,True,True,False
441,True,False,True,False,False,True,True,False
442,True,True,True,False,True,True,False,True
443,False,True,False,True,False,True,True,True
444,False,True,True,True,True,False,True,False
445,True,False,False,True,True,False,False,False
446,False,True,True,False,True,True,False,True
447,True,True,False,True,True,False,True,True
448,False,True,True,False,True,True,True,True
449,True,True,True,True,True,True,True,True
450,False,True,True,True,True,True,False,True
451,True,True,True,True,True,False,False,True
452,False,True,True,True,True,True,True,False
453,True,False,True,True,False,True,False,True
454,True,True,False,True,False,True,False,True
455,False,True,True,False,True,True,True,True
456,True,True,True,True,True,False,False,True
457,True,True,True,True,False,False,False,True
458,False,True,True,False,True,True,True,True
459,False,True,False,False,False,True,True,True
460,True,True,True,False,True,True,True,False
461,True,True,False,True,False,True,True,False
462,True,False,True,False,False,True,True,True
463,True,True,True,False,True,True,True,True
464,True,True,False,False,False,True,False,False
465,True,True,True,True,False,True,False,True
466,True,True,False,False,False,True,True,False
467,True,False,True,True,True,False,True,True
468,True,True,False,True,True,True,False,False
469,True,False,False,True,False,True,True,False
470,True,True,False,True,False,False,True,True
471,False,True,True,False,True,True,True,True
472,False,True,False,True,False,False,True,True
473,False,True,False,False,True,True,True,True
474,True,True,True,True,True,False,False,False
475,False,False,True,True,True,True,True,True
476,True,False,True,True,True,True,True,True
477,True,True,True,True,True,True,True,False
478,True,True,True,False,True,False,True,True
479,True,True,True,False,False,False,False,False
480,False,True,False,True,True,True,True,True
481,True,False,False,True,False,False,True,True
482,True,False,False,False,True,False,True,False
483,False,False,True,False,True,True,True,True
484,True,True,False,False,True,True,False,True
485,True,True,False,False,False,False,True,True
486,True,True,True,True,False,True,False,True
487,False,True,True,False,True,True,True,True
488,False,False,True,True,False,True,True,False
489,True,True,True,True,True,True,True,False
490,False,True,True,True,False,True,True,True
491,False,True,False,True,False,True,True,False
492,True,False,True,True,True,True,False,True
493,True,True,True,True,False,True,False,False
494,True,True,False,True,True,False,True,False
495,True,True,True,False,True,True,True,False
496,True,False,False,True,True,True,False,True
497,True,False,True,True,False,True,True,True
498,True,False,True,True,True,True,False,False
499,True,True,True,True,False,True,True,False
500,True,True,False,False,False,False,True,False
501,True,False,True,True,True,True,True,True
502,False,True,True,True,True,False,True,True
503,False,False,True,True,True,True,False,False
504,False,False,True,True,False,True,True,False
505,True,False,False,False,True,True,True,True
506,True,True,False,False,False,True,True,True
507,True,True,False,True,True,False,False,False
508,True,True,False,True,True,True,False,True
509,True,True,True,True,False,True,False,True
510,False,True,True,True,True,True,False,True
511,True,False,False,True,False,True,True,True
512,True,True,False,False,True,True,False,True
513,True,True,True,True,True,False,False,True
514,False,True,True,True,False,True,True,True
515,True,True,True,True,True,True,False,False
516,True,True,True,False,False,True,True,True
517,True,False,False,True,True,True,True,False
518,True,False,True,True,False,True,True,False
519,True,False,True,False,True,True,True,True
520,True,True,True,False,True,True,True,False
521,True,True,True,False,False,True,True,False
522,False,True,True,True,True,True,False,True
523,True,True,False,True,False,True,True,False
524,True,False,False,False,False,False,True,True
525,True,True,True,False,True,False,False,True
526,True,False,False,True,False,True,False,True
527,True,True,False,False,False,False,False,True
528,True,True,True,True,True,True,False,True
529,False,True,True,True,True,True,False,True
530,False,False,True,True,True,False,False,True
531,False,True,True,True,False,True,True,True
532,True,True,True,True,True,False,True,True
533,True,True,False,False,False,False,True,True
534,True,True,True,False,True,False,True,True
535,True,True,True,True,True,True,True,False
536,True,False,True,False,False,True,True,True
537,False,True,False,False,True,True,True,True
538,True,False,True,False,True,True,False,True
539,False,False,True,False,True,True,True,True
540,False,True,False,False,False,True,False,True
541,True,True,True,False,False,True,False,True
542,True,True,True,True,True,True,False,False
543,True,True,False,True,True,True,True,True
544,True,True,False,True,True,True,True,False
545,True,False,True,True,False,False,True,False
546,True,False,True,True,True,False,True,False
547,False,True,True,True,True,True,True,True
548,True,False,True,True,False,True,False,True
549,True,True,False,True,True,True,True,True
550,False,True,True,False,False,False,False,True
551,True,True,True,False,True,True,True,False
552,True,False,True,True,True,True,True,False
553,True,True,True,True,True,False,False,False
554,True,True,False,False,False,True,False,False
555,True,True,True,True,True,True,True,True
556,True,True,True,True,True,True,True,True
557,True,False,True,False,True,True,False,True
558,False,False,False,True,True,True,True,False
559,True,True,False,False,True,True,True,True
560,True,False,True,True,False,True,False,True
561,False,True,True,True,False,False,False,False
562,False,True,True,False,False,True,True,False
563,False,False,True,True,True,True,True,True
564,True,True,True,True,False,False,False,True
565,False,True,True,False,False,True,False,True
566,True,True,True,True,True,True,True,False
567,False,True,True,True,True,True,True,True
568,True,True,True,False,True,True,True,False
569,True,True,True,True,True,False,True,True
570,False,True,True,True,True,False,True,False
571,True,True,False,True,False,True,True,True
572,True,True,False,True,True,True,False,False
573,True,False,True,False,True,False,False,False
574,True,True,False,True,True,False,True,True
575,False,True,False,False,False,False,False,True
576,False,False,True,False,True,True,True,True
577,False,True,True,True,True,True,True,True
578,True,True,True,False,True,True,False,True
579,True,True,False,True,False,True,True,True
580,False,True,True,True,True,True,True,True
581,True,True,False,False,False,False,True,True
582,False,True,False,False,True,False,True,False
583,True,False,True,True,True,True,True,False
584,True,False,False,True,False,False,True,True
585,True,False,True,True,True,True,True,False
586,True,False,True,True,True,False,True,True
587,False,True,True,True,True,True,True,True
588,True,True,False,True,True,True,True,True
589,True,False,True,True,True,True,True,True
590,True,True,True,True,False,True,False,True
591,True,True,True,True,False,True,True,True
592,False,True,True,True,True,True,False,False
593,True,True,True,True,True,False,True,True
594,False,True,True,True,False,True,True,True
595,True,True,True,True,True,True,True,False
596,True,True,True,True,False,True,True,False
597,True,False,True,True,True,True,True,False
598,True,True,True,True,False,True,True,True
599,True,True,True,False,False,True,True,True
600,False,True,False,True,True,True,True,True
601,False,False,True,False,False,True,True,True
602,True,False,False,True,True,True,True,False
603,True,True,True,True,False,True,True,False
604,False,True,True,False,False,True,True,False
605,True,True,True,True,True,True,True,False
606,True,True,False,False,True,True,True,False
607,True,True,False,True,True,False,True,True
608,True,True,False,False,False,False,False,False
609,True,False,True,True,False,True,False,True
610,True,True,True,False,True,True,True,False
611,True,True,False,True,True,False,False,False
612,True,True,True,True,True,False,False,False
613,True,True,False,True,True,False,True,True
614,True,True,True,False,False,False,False,True
615,True,False,True,True,True,True,True,True
616,False,True,False,True,True,False,True,True
617,False,False,True,False,True,True,False,True
618,True,False,True,False,False,True,True,False
619,True,True,True,False,True,True,False,False
620,False,True,True,True,True,True,True,True
621,False,True,True,True,True,True,False,False
622,True,True,True,True,False,True,True,True
623,True,True,True,True,True,True,True,True
624,False,True,True,True,False,True,False,True
625,True,False,True,True,True,True,False,False
626,True,True,False,False,False,False,False,False
627,True,False,True,True,True,False,False,False
628,True,True,True,False,False,True,False,True
629,True,True,False,False,False,False,True,True
630,True,True,True,True,True,True,False,False
631,False,True,True,True,True,True,False,True
632,True,True,False,True,True,False,False,False
633,True,True,False,True,True,True,True,True
634,True,True,True,False,True,True,False,True
635,True,True,True,False,True,True,True,True
636,False,True,True,True,True,True,False,True
637,True,True,True,True,False,True,True,True
638,True,False,False,True,True,False,True,False
639,True,False,True,True,True,True,True,False
640,False,True,True,True,True,True,True,True
641,True,True,True,True,True,True,True,True
642,True,True,False,False,True,True,True,True
643,False,False,True,True,False,False,True,True
644,True,True,True,True,True,False,True,True
645,True,True,True,True,True,True,True,True
646,True,True,True,True,True,True,False,True
647,False,True,False,True,False,True,True,True
648,True,True,True,False,True,True,False,False
649,True,True,False,True,True,False,True,False
650,True,True,True,True,True,True,False,True
651,True,True,True,True,False,False,True,False
652,True,True,True,False,False,False,False,True
653,True,True,True,True,True,True,True,True
654,True,True,True,True,True,False,True,True
655,True,False,True,True,True,False,False,False
656,False,True,True,False,False,False,True,True
657,True,True,True,True,True,False,False,False
658,True,True,True,True,True,True,True,True
659,False,True,True,False,True,True,False,True
660,False,False,True,True,False,True,True,True
661,True,True,True,False,False,True,True,True
662,True,True,True,True,True,True,True,True
663,True,False,False,True,True,True,True,True
664,True,True,False,True,True,False,True,True
665,True,True,True,False,False,True,True,True
666,True,True,False,True,False,True,True,True
667,True,True,False,True,False,True,True,True
668,True,False,True,False,True,True,True,False
669,True,True,True,True,True,False,False,False
670,True,True,True,True,True,True,False,True
671,True,True,True,True,False,False,True,False
672,True,True,True,False,True,True,False,True
673,False,True,False,True,True,False,True,True
674,True,False,True,True,True,True,True,True
675,False,True,True,True,True,True,False,True
676,True,True,False,False,False,True,False,True
677,True,True,False,True,False,True,False,True
678,False,True,True,True,True,True,False,True
679,False,True,True,True,False,True,False,True
680,False,False,True,True,False,True,True,False
681,True,False,False,False,True,False,False,False
682,True,True,True,False,False,False,True,False
683,True,True,False,False,True,True,True,True
684,False,True,True,True,True,True,True,True
685,False,True,False,False,True,False,True,True
686,True,True,True,True,True,True,True,True
687,False,True,False,True,True,False,True,True
688,True,True,True,True,True,True,False,True
689,True,False,False,False,False,True,True,False
690,True,False,True,False,True,True,True,False
691,False,True,True,True,True,True,True,True
692,True,True,True,True,True,False,True,True
693,True,True,True,True,True,False,False,True
694,True,True,True,False,False,True,True,True
695,True,False,True,True,False,False,False,False
696,True,True,True,True,True,True,False,True
697,False,True,False,True,True,True,False,True
698,True,True,True,False,True,True,True,True
699,True,True,True,True,False,False,True,True
700,True,False,False,True,False,False,True,True
701,False,True,False,False,False,True,True,True
702,True,True,False,False,True,True,False,False
703,False,True,False,True,True,True,False,True
704,True,True,True,True,False,True,True,True
705,True,True,True,True,True,True,True,False
706,False,True,True,True,True,False,True,False
707,True,False,True,True,True,True,True,False
708,True,True,False,False,False,True,False,True
709,True,True,False,False,False,False,True,False
710,False,False,True,True,True,True,True,True
711,True,False,True,False,True,True,True,True
712,False,True,False,True,True,True,True,True
713,True,False,True,True,True,False,True,True
714,True,True,True,True,True,False,True,True
715,False,False,True,True,False,False,True,True
716,True,True,True,True,True,False,False,False
717,False,True,False,True,False,False,True,True
718,True,False,True,True,False,True,False,True
719,True,False,False,True,True,True,False,False
720,True,False,False,True,True,False,True,True
721,True,True,True,True,False,True,True,True
722,True,False,False,True,True,False,False,True
723,True,True,True,True,True,True,True,True
724,True,True,True,True,True,True,True,False
725,True,True,False,False,True,True,True,False
726,False,True,True,False,True,False,True,True
727,True,False,True,True,True,True,True,True
728,False,True,True,True,True,True,False,False
729,True,True,False,True,True,True,False,True
730,True,True,True,True,True,True,True,False
731,True,True,False,True,False,True,True,True
732,True,True,True,False,True,True,False,True
733,True,True,True,True,True,True,False,True
734,True,True,True,True,False,True,True,False
735,False,False,True,False,False,False,True,True
736,True,False,True,True,True,True,False,True
737,False,False,True,True,True,True,True,True
738,True,True,True,False,False,True,False,False
739,False,True,True,True,False,False,True,True
740,False,False,True,True,True,True,False,False
741,False,True,True,True,True,False,False,False
742,True,False,True,False,True,True,True,False
743,False,True,True,False,False,True,True,False
744,False,True,True,True,True,False,True,True
745,True,True,False,True,False,True,False,False
746,True,False,True,True,True,False,True,True
747,True,False,True,False,True,True,False,False
748,False,False,True,False,True,True,False,False
749,False,False,True,True,True,True,False,True
750,True,True,False,True,True,False,False,False
751,True,True,True,False,True,True,True,True
752,True,True,False,False,True,True,True,False
753,True,False,True,False,True,False,True,True
754,False,True,True,True,True,True,True,True
755,False,False,True,False,True,True,True,True
756,True,True,False,True,False,True,False,True
757,False,True,True,True,True,False,False,True
758,True,False,True,True,True,True,True,True
759,False,True,True,False,True,True,True,True
760,True,False,True,True,True,False,True,True
761,True,False,False,False,False,True,True,True
762,True,True,True,True,True,False,True,False
763,True,True,True,True,True,True,False,True
764,False,False,False,True,False,True,False,False
765,False,False,True,False,True,True,True,False
766,True,True,False,False,False,True,True,True
767,True,True,True,False,True,True,False,False
768,True,True,True,True,True,True,True,True
769,False,False,True,False,True,True,True,True
770,True,True,False,False,True,True,True,True
771,True,True,False,False,True,True,True,True
772,True,False,True,True,True,False,False,False
773,False,True,True,True,False,True,True,True
774,True,False,True,True,True,True,False,True
775,True,True,False,True,True,False,True,False
776,True,True,True,False,False,False,True,True
777,True,True,True,True,True,False,True,True
778,True,True,True,False,True,False,True,True
779,True,True,True,False,True,False,True,True
780,True,True,True,True,True,True,True,True
781,True,True,True,True,True,True,True,True
782,False,True,True,True,True,False,True,True
783,True,False,False,False,False,True,True,True
784,True,True,True,True,True,False,False,False
785,True,True,True,True,True,True,True,True
786,True,True,True,True,False,True,True,False
787,False,False,False,False,True,True,True,True
788,False,True,True,True,True,True,True,True
789,True,True,True,True,False,True,True,True
790,True,True,True,True,False,True,True,True
791,False,False,True,True,True,True,False,True
792,False,True,True,True,True,True,False,False
793,True,True,False,False,True,True,True,True
794,True,True,False,True,True,True,True,True
795,True,True,False,True,True,False,True,True
796,False,True,True,True,False,True,True,True
797,True,True,True,True,True,True,False,True
798,False,False,False,True,True,False,False,True
799,True,False,True,False,False,True,True,True
800,False,True,True,True,False,True,True,True
801,True,True,False,True,True,True,True,True
802,False,False,True,True,False,True,False,False
803,True,False,True,True,True,True,True,True
804,True,True,True,True,False,False,True,True
805,False,True,True,True,True,False,False,True
806,True,True,True,True,True,True,False,False
807,False,True,False,True,True,True,True,True
808,True,True,True,False,True,True,True,True
809,False,True,False,True,True,False,True,False
810,True,True,False,False,True,True,True,False
811,False,True,True,True,True,True,True,True
812,True,True,True,True,True,True,True,True
813,True,True,True,True,False,True,False,True
814,True,True,True,True,True,True,True,True
815,False,True,True,False,True,True,True,True
816,False,False,True,True,True,False,True,True
817,True,True,True,True,False,True,True,True
818,False,True,True,True,True,True,True,True
819,True,True,True,True,True,True,True,True
820,False,False,False,True,True,True,True,False
821,True,False,False,False,True,True,True,True
822,False,False,True,True,True,True,True,False
823,False,True,True,True,True,True,True,True
824,True,False,True,False,True,False,True,True
825,True,True,True,True,False,True,True,False
826,False,True,True,True,False,True,False,True
827,True,True,True,True,True,False,True,True
828,False,False,True,True,True,True,True,True
829,True,True,True,True,False,True,False,False
830,True,True,True,True,False,False,False,True
831,True,False,False,False,True,False,True,False
832,False,True,True,True,False,True,True,False
833,False,True,True,True,True,False,True,True
834,False,True,True,True,False,True,True,True
835,True,True,True,False,False,True,False,True
836,True,True,True,True,False,False,True,False
837,True,False,True,False,True,True,True,True
838,True,False,True,True,False,False,True,True
839,True,True,True,True,True,True,False,True
840,True,True,False,True,True,False,True,True
841,True,True,True,True,False,True,True,True
842,True,True,True,False,True,True,True,False
843,False,True,True,True,False,True,True,True
844,True,False,True,True,True,True,True,True
845,True,True,False,False,True,False,True,True
846,True,True,False,False,True,True,True,False
847,True,True,True,True,True,True,True,True
848,False,True,True,True,False,True,True,False
849,True,True,True,True,False,False,False,True
850,True,True,True,True,True,True,True,True
851,True,True,True,False,False,True,True,True
852,True,True,True,True,True,False,True,True
853,True,False,True,True,True,False,True,True
854,True,True,True,True,False,False,False,True
855,True,True,True,True,False,False,True,False
856,True,False,False,True,True,True,False,False
857,False,True,True,False,True,True,True,False
858,True,False,True,False,False,True,False,True
859,True,True,True,True,True,True,True,False
860,True,True,True,False,True,False,True,True
861,True,False,True,False,True,False,False,True
862,True,True,True,False,True,False,True,True
863,True,True,False,True,True,False,False,True
864,True,True,False,True,False,True,False,True
865,False,True,True,True,False,False,True,True
866,False,True,True,False,True,False,False,True
867,True,True,False,True,True,True,True,True
868,True,True,True,True,False,True,True,True
869,True,True,False,True,True,True,False,True
870,False,True,True,True,True,True,False,True
871,True,True,True,False,True,True,False,True
872,False,True,True,True,True,True,False,False
873,True,True,True,True,True,False,False,True
874,True,True,True,True,False,True,True,True
875,True,True,True,False,True,True,False,True
876,True,True,False,False,False,True,True,False
877,True,False,True,True,False,True,False,True
878,False,False,False,True,True,False,False,True
879,True,True,True,True,True,True,True,True
880,True,True,True,True,False,True,True,True
881,False,True,True,True,True,True,False,True
882,False,False,True,True,True,True,False,True
883,False,True,True,False,False,False,True,True
884,True,True,True,True,True,False,True,True
885,True,True,False,True,True,True,True,True
886,False,True,True,True,False,True,True,True
887,True,True,True,False,True,True,True,True
888,True,False,True,True,True,True,False,False
889,True,True,False,False,False,False,True,False
890,True,False,True,True,True,True,True,True
891,True,True,True,True,True,True,True,True
892,False,True,True,False,True,False,False,False
893,False,True,True,True,False,True,True,True
894,False,False,True,True,True,True,True,False
895,False,True,True,True,True,True,True,True
896,True,True,True,False,True,False,True,True
897,True,False,True,True,True,True,True,True
898,True,True,False,True,False,True,True,True
899,True,True,False,True,False,True,True,True
900,True,True,True,False,False,False,True,True
901,False,True,True,True,True,True,False,True
902,True,True,True,True,True,True,True,True
903,True,True,True,True,True,True,False,False
904,False,True,False,False,False,True,True,True
905,True,True,True,True,False,True,False,True
906,False,True,False,True,True,True,True,False
907,False,False,True,False,False,True,True,False
908,True,False,False,True,False,False,False,False
909,True,False,True,True,True,True,True,False
910,False,True,True,True,True,True,False,True
911,True,True,True,True,True,True,False,False
912,True,True,True,True,False,True,True,False
913,True,False,True,False,False,True,False,True
914,True,False,True,True,True,True,True,True
915,False,False,True,True,True,False,True,True
916,True,False,True,False,True,False,True,False
917,True,True,False,False,False,True,False,False
918,False,True,False,True,True,True,True,False
919,True,True,True,True,False,True,False,True
920,True,True,True,False,True,False,True,True
921,False,False,True,True,False,True,True,True
922,True,True,True,True,True,True,True,True
923,True,True,True,False,False,True,True,True
924,False,True,True,True,True,False,False,True
925,True,True,True,True,False,True,True,True
926,True,True,True,False,False,True,False,True
927,True,True,True,True,True,True,True,True
928,False,True,True,True,True,True,True,True
929,True,True,False,False,True,False,True,False
930,True,False,True,True,True,True,True,False
931,False,True,False,True,True,True,False,True
932,True,True,True,True,True,True,True,True
933,True,True,True,True,True,True,True,True
934,False,True,True,True,True,False,True,True
935,True,True,True,False,True,True,True,True
936,False,True,True,False,False,True,False,False
937,True,False,True,False,False,False,False,True
938,True,True,True,True,True,True,True,False
939,False,True,True,True,True,False,True,True
940,True,False,True,True,True,False,False,True
941,False,True,True,True,False,True,True,True
942,True,True,True,True,True,True,False,True
943,True,True,True,True,True,True,True,False
944,True,True,True,False,True,True,True,True
945,False,True,True,False,False,True,True,True
946,False,False,False,True,False,True,True,True
947,True,False,False,False,True,True,False,True
948,True,True,True,True,False,True,True,False
949,True,True,True,True,False,True,True,True
950,True,True,False,True,True,True,True,True
951,True,False,True,True,True,False,False,False
952,True,False,True,True,True,False,False,False
953,False,True,False,True,True,True,True,True
954,False,True,True,False,False,True,True,True
955,True,True,True,True,True,True,False,True
956,True,True,True,True,True,False,False,False
957,True,True,True,False,False,True,True,False
958,False,False,True,True,True,False,True,True
959,False,True,True,False,True,True,False,False
960,True,True,True,True,True,True,False,True
961,True,True,True,True,True,True,False,False
962,True,False,True,True,True,True,True,True
963,False,True,True,False,False,False,False,True
964,True,True,True,False,False,True,True,True
965,True,False,True,True,True,True,True,True
966,False,True,True,True,False,True,True,True
967,True,True,False,True,False,False,True,True
968,False,True,True,False,True,True,True,True
969,True,False,False,True,True,True,True,True
970,False,True,True,True,False,False,True,False
971,True,False,True,True,True,False,True,True
972,True,False,True,True,True,True,True,True
973,True,True,True,True,True,True,False,True
974,True,True,True,True,False,True,True,True
975,True,True,True,True,True,True,True,False
976,False,True,False,True,False,True,False,True
977,False,True,True,False,True,True,True,True
978,True,True,False,True,True,False,True,False
979,False,True,True,False,True,True,True,False
980,True,True,True,True,False,True,True,False
981,True,False,False,True,True,True,True,True
982,False,True,True,True,False,True,False,True
983,True,True,False,False,False,True,True,True
984,True,True,True,True,False,True,True,True
985,True,False,True,True,True,True,False,True
986,False,True,True,True,True,True,False,True
987,False,False,True,True,False,True,False,True
988,True,True,True,True,True,True,False,True
989,True,False,True,True,False,False,True,True
990,True,True,True,True,True,False,True,True
991,True,True,False,True,True,True,False,True
992,False,True,False,True,True,False,True,True
993,True,True,True,True,False,True,False,False
994,True,True,False,False,False,False,True,False
995,True,True,True,True,False,False,False,True
996,False,True,False,True,True,True,True,True
997,True,True,False,True,True,True,False,True
998,False,True,False,True,True,False,True,True
999,True,True,False,False,True,True,True,False
1000,True,False,True,True,True,True,True,True
1001,True,True,True,True,False,True,True,False
1002,False,True,True,True,True,False,False,True
1003,True,True,True,False,True,True,False,True
1004,True,True,False,False,True,False,True,True
1005,True,True,False,True,False,False,False,True
1006,True,False,True,True,False,True,True,True
1007,False,False,True,True,False,True,False,True
1008,True,True,False,True,False,True,True,True
1009,False,True,False,True,True,False,True,True
1010,False,False,True,True,False,True,True,True
1011,True,True,True,False,True,True,True,True
1012,True,True,True,True,False,True,True,True
1013,True,True,True,True,True,True,True,True
1014,True,False,False,False,True,False,False,True
1015,True,True,True,False,True,False,False,False
1016,True,True,False,False,True,True,True,True
1017,True,True,False,True,True,True,True,False
1018,True,True,False,True,True,True,True,True
1019,True,True,True,True,True,True,True,True
1020,True,True,True,False,True,False,True,True
1021,True,True,False,True,False,False,True,False
1022,True,True,True,False,True,True,False,False
1023,False,False,True,False,True,True,False,True
1024,True,True,True,False,True,True,True,True
1025,True,False,False,False,True,False,True,False
1026,True,True,True,False,False,True,False,True
1027,True,True,True,True,True,False,False,True
1028,True,True,True,True,False,True,False,False
1029,True,True,False,True,False,True,False,False
1030,True,True,True,True,False,True,True,True
1031,True,False,True,True,False,True,False,True
1032,False,True,False,True,True,False,True,True
1033,False,True,False,True,True,True,True,True
1034,True,True,True,True,False,True,True,True
1035,True,True,False,False,True,True,True,True
1036,True,False,True,False,True,False,True,True
1037,False,True,False,True,True,True,True,True
1038,False,True,True,True,True,True,True,False
1039,True,False,True,True,True,True,True,True
1040,True,False,True,True,True,False,True,False
1041,True,True,True,True,True,True,True,False
1042,True,False,True,False,True,False,True,True
1043,False,False,True,True,True,True,False,False
1044,True,True,True,True,True,False,True,True
1045,False,True,True,False,False,False,False,True
1046,True,True,True,True,True,True,True,True
1047,False,True,False,False,True,True,True,True
1048,False,True,False,True,True,True,False,False
1049,True,False,True,True,False,True,True,False
1050,True,False,True,False,True,False,True,True
1051,True,True,True,True,False,True,False,True
1052,True,True,True,True,True,True,True,True
1053,True,False,True,False,True,True,True,True
1054,False,True,True,True,False,True,True,True
1055,True,True,True,False,True,False,True,True
1056,True,False,True,True,True,False,True,True
1057,False,True,False,False,True,False,False,False
1058,True,True,False,True,True,True,True,True
1059,False,True,True,False,True,False,False,True
1060,True,True,True,True,False,True,True,True
1061,True,True,False,False,False,True,True,True
1062,True,True,True,True,False,True,False,True
1063,True,False,True,False,True,False,True,True
1064,True,False,False,True,True,True,True,False
1065,False,False,False,True,True,False,True,True
1066,True,True,True,False,False,True,True,True
1067,True,True,True,True,False,False,True,True
1068,True,False,True,True,False,False,True,False
1069,True,True,False,True,True,True,True,True
1070,True,False,True,False,True,True,True,True
1071,True,False,True,True,True,True,True,False
1072,True,False,True,True,True,True,True,True
1073,True,True,False,True,False,False,True,True
1074,True,True,True,False,True,True,True,True
1075,True,True,True,False,True,False,True,True
1076,False,False,False,True,False,True,False,False
1077,True,True,True,True,True,True,False,False
1078,True,True,True,True,True,True,True,True
1079,True,False,True,False,True,True,True,True
1080,True,True,True,True,True,True,True,True
1081,False,False,False,False,True,True,True,False
1082,True,True,True,True,True,True,True,True
1083,True,True,False,False,False,True,True,True
1084,True,True,True,True,True,True,True,True
1085,False,True,True,True,True,True,True,True
1086,True,True,True,True,True,True,True,True
1087,False,False,False,True,True,False,True,False
1088,True,False,True,False,True,True,False,False
1089,True,True,True,True,True,True,True,False
1090,True,True,True,True,True,True,True,True
1091,True,True,True,False,True,False,False,False
1092,True,False,False,False,True,True,True,False
1093,False,False,True,True,False,False,False,True
1094,True,True,True,True,True,True,False,True
1095,True,True,False,True,True,True,True,True
1096,True,True,True,True,True,True,True,True
1097,False,True,True,True,False,False,True,True
1098,True,False,True,True,False,True,False,False
1099,True,True,True,False,True,True,True,True
1100,True,True,False,True,False,True,False,True
1101,True,False,True,True,True,True,False,True
1102,False,True,True,True,False,True,True,False
1103,True,True,True,True,False,True,False,False
1104,True,True,False,True,True,False,True,False
1105,False,True,True,True,True,True,False,True
1106,True,True,False,True,False,True,True,True
1107,False,False,True,True,True,True,True,False
1108,True,True,True,True,True,False,True,True
1109,True,True,True,False,True,True,True,True
1110,False,True,True,True,True,True,True,True
1111,False,False,False,False,False,False,True,False
1112,True,False,True,True,True,True,False,True
1113,True,True,True,False,False,False,True,False
1114,False,True,True,True,True,True,False,True
1115,False,False,False,True,True,True,False,True
1116,True,False,False,False,True,True,True,True
1117,True,True,True,True,False,True,True,True
1118,False,True,True,True,True,True,False,True
1119,False,True,False,True,True,True,True,True
1120,False,False,False,True,False,True,True,False
1121,True,False,False,True,True,True,False,True
1122,True,True,True,False,True,False,True,True
1123,True,True,True,False,True,True,True,True
1124,True,False,True,True,False,False,False,False
1125,False,True,True,True,False,False,True,True
1126,True,True,True,True,True,False,False,True
1127,False,True,True,True,True,True,False,True
1128,True,False,True,True,False,False,True,False
1129,True,True,False,True,False,False,True,True
1130,True,True,True,True,True,True,False,True
1131,True,True,True,False,False,True,True,True
1132,True,False,True,False,False,True,True,False
1133,True,True,True,True,True,True,True,True
1134,True,False,True,True,False,True,True,True
1135,True,False,True,True,True,False,True,True
1136,True,True,True,True,False,True,True,True
1137,False,True,True,True,False,True,False,True
1138,False,True,True,True,True,False,True,True
1139,True,True,True,False,True,True,False,True
1140,True,True,True,False,True,False,True,True
1141,True,True,True,True,False,True,True,False
1142,True,True,False,True,True,False,True,True
1143,True,False,False,True,True,True,True,False
1144,True,True,True,True,True,True,True,True
1145,True,False,True,True,True,True,True,False
1146,True,True,False,True,False,True,False,True
1147,True,True,True,True,True,True,False,True
1148,True,False,True,True,False,True,True,False
1149,True,True,False,False,True,True,False,True
1150,True,False,False,True,True,False,True,True
1151,True,False,True,False,True,True,False,False
1152,True,True,True,True,False,False,True,True
1153,True,True,True,False,True,True,True,True
1154,True,True,True,True,False,False,True,True
1155,True,True,True,False,False,True,True,True
1156,True,False,False,True,True,True,True,False
1157,True,True,False,False,True,False,False,True
1158,False,True,True,True,True,False,True,True
1159,True,True,True,True,True,True,True,True
1160,True,True,True,True,False,False,False,False
1161,True,True,False,False,True,True,True,True
1162,True,False,True,True,False,True,False,True
1163,False,True,False,True,True,False,True,False
1164,True,True,True,True,True,True,True,True
1165,True,True,False,False,True,False,True,False
1166,True,True,True,True,True,True,True,True
1167,True,True,False,True,True,True,True,False
1168,False,True,True,False,True,True,True,True
1169,True,True,True,True,False,True,True,True
1170,False,False,True,False,False,True,True,True
1171,True,True,True,True,False,True,True,True
1172,True,True,False,True,True,True,True,True
1173,True,True,False,True,True,True,True,False
1174,True,False,True,False,False,True,True,True
1175,True,True,True,True,True,False,True,False
1176,False,True,True,True,False,True,True,True
1177,True,True,True,False,False,True,False,True
1178,False,True,False,True,False,True,False,True
1179,False,True,True,False,False,True,True,True
1180,True,True,True,True,True,True,True,True
1181,True,True,True,True,True,True,True,True
1182,False,True,True,True,False,True,True,False
1183,False,True,True,True,False,True,True,False
1184,True,True,False,True,True,True,True,True
1185,False,True,True,True,False,False,False,True
1186,False,True,True,True,True,True,False,False
1187,True,True,True,True,True,True,True,False
1188,False,False,False,True,True,True,True,True
1189,True,False,True,True,True,True,True,True
1190,True,True,True,True,False,True,True,True
1191,True,True,False,True,True,False,False,True
1192,True,True,True,False,True,False,False,True
1193,False,False,True,False,False,True,True,True
1194,True,False,True,False,True,False,True,True
1195,True,True,False,True,True,True,True,False
1196,True,False,False,True,True,True,True,True
1197,True,False,False,True,True,True,False,False
1198,False,True,True,False,False,True,False,False
1199,True,True,True,False,False,True,True,True
1200,True,True,True,True,True,True,False,True
1201,True,True,False,True,True,True,True,True
1202,True,True,False,True,True,True,False,True
1203,False,False,True,False,True,True,True,True
1204,True,False,False,True,False,True,True,True
1205,False,False,True,False,False,True,True,True
1206,True,False,False,True,True,True,True,True
1207,True,True,True,True,False,True,True,True
1208,False,True,False,True,False,True,True,True
1209,True,False,True,True,True,True,True,False
1210,True,True,True,True,True,True,True,False
1211,False,True,False,False,True,False,True,False
1212,False,False,True,False,True,True,True,False
1213,True,True,False,True,True,True,True,True
1214,True,False,True,True,True,True,True,True
1215,False,True,True,True,True,False,True,True
1216,True,True,False,True,False,True,False,True
1217,True,False,False,True,True,True,False,False
1218,True,True,True,False,True,True,True,True
1219,True,True,True,True,True,True,True,True
1220,True,True,False,False,True,True,True,False
1221,False,True,False,True,False,True,True,True
1222,True,True,True,True,False,True,True,True
1223,True,True,True,True,True,False,True,True
1224,False,False,True,True,True,False,False,True
1225,True,False,True,False,True,True,False,True
1226,True,True,True,True,True,False,False,True
1227,True,True,False,True,False,False,False,True
1228,True,True,True,True,True,False,True,True
1229,True,True,True,False,True,True,True,True
1230,True,True,True,True,True,True,True,True
1231,True,True,True,True,True,True,True,False
1232,True,True,True,True,True,False,True,True
1233,True,True,True,True,True,True,False,False
1234,True,True,False,True,True,True,False,True
1235,True,True,False,True,True,True,True,False
1236,True,True,False,True,True,True,False,True
1237,True,True,True,True,True,True,True,False
1238,True,True,True,True,True,True,True,True
1239,True,True,True,True,True,True,True,True
1240,False,True,True,False,True,False,True,False
1241,False,True,True,True,True,True,True,False
1242,True,True,True,True,True,True,True,False
1243,False,False,True,False,True,False,False,False
1244,False,True,False,False,True,True,True,False
1245,True,True,True,True,True,True,True,True
1246,False,True,True,False,True,True,False,True
1247,True,True,True,False,False,True,True,True
1248,True,True,False,False,True,True,True,False
1249,True,False,False,True,True,True,False,True
1250,True,True,True,True,True,True,True,True
1251,True,True,False,False,True,True,False,False
1252,True,False,False,True,True,True,False,False
1253,True,False,False,False,True,True,True,False
1254,True,True,False,True,True,False,True,False
1255,False,True,True,True,True,True,True,True
1256,True,True,True,True,True,True,True,False
1257,True,False,True,True,True,True,True,False
1258,True,True,True,False,True,False,False,False
1259,True,True,True,False,True,True,True,True
1260,False,True,False,True,True,True,True,False
1261,True,True,True,True,True,True,True,True
1262,False,True,False,True,True,True,True,False
1263,True,True,True,False,True,True,True,False
1264,True,True,False,True,True,False,False,False
1265,False,True,True,True,True,True,True,True
1266,False,True,True,True,True,True,True,True
1267,True,True,True,True,True,True,True,False
1268,False,True,True,True,True,False,True,False
1269,False,True,True,True,True,False,True,False
1270,True,True,False,False,True,True,True,True
1271,False,False,False,True,True,False,True,True
1272,True,False,True,False,True,True,False,True
1273,True,False,True,True,True,True,False,True
1274,True,True,True,False,True,False,True,True
1275,True,False,False,True,True,False,False,False
1276,True,True,True,True,True,True,True,False
1277,True,True,False,True,True,True,False,True
1278,True,False,False,True,True,True,True,True
1279,True,True,True,True,True,False,True,False
1280,False,False,True,False,True,True,True,False
1281,True,True,True,True,False,True,True,True
1282,True,False,True,False,True,True,False,True
1283,True,True,True,True,False,True,True,False
1284,True,True,True,True,True,True,False,False
1285,True,True,True,True,True,False,True,True
1286,True,False,True,True,True,False,False,True
1287,False,True,True,True,False,False,False,True
1288,True,True,False,True,True,True,False,True
1289,False,True,False,True,True,True,True,True
1290,False,True,False,False,True,True,True,True
1291,True,True,False,True,False,True,True,False
1292,True,True,True,True,True,True,True,False
1293,False,True,True,True,True,True,False,True
1294,True,True,True,True,False,False,False,True
1295,True,True,True,True,True,True,True,True
1296,False,True,True,False,True,True,False,True
1297,False,False,True,True,True,True,False,False
1298,False,True,True,True,True,False,False,False
1299,False,True,False,True,True,True,False,False
1300,True,True,False,False,True,True,True,False
1301,False,False,True,False,False,True,True,True
1302,True,False,True,False,True,True,True,False
1303,True,False,True,True,False,True,True,False
1304,True,True,True,True,True,False,False,False
1305,True,True,False,True,False,True,True,True
1306,False,True,False,False,True,True,True,False
1307,True,True,False,True,True,True,True,True
1308,True,False,True,True,True,True,True,True
1309,False,True,False,False,False,True,True,False
1310,True,True,True,False,True,False,True,True
1311,True,False,True,True,True,True,True,True
1312,True,False,True,True,True,True,True,True
1313,False,True,True,True,True,True,False,True
1314,False,True,True,True,True,True,False,True
1315,True,True,True,True,False,False,False,True
1316,False,True,False,False,True,True,True,True
1317,True,True,True,True,False,False,False,False
1318,False,True,True,True,False,True,False,False
1319,False,True,True,True,False,True,True,True
1320,False,False,True,True,True,False,False,False
1321,True,False,True,True,True,True,False,True
1322,False,True,True,True,True,True,False,False
1323,False,True,True,True,False,True,True,True
1324,True,True,False,False,False,True,True,True
1325,True,False,True,True,True,True,True,True
1326,True,True,False,True,True,True,True,True
1327,True,True,True,True,True,False,True,False
1328,False,False,True,True,True,False,True,False
1329,True,False,True,False,True,True,True,True
1330,True,True,False,True,False,False,False,False
1331,True,True,True,False,False,False,False,True
1332,True,False,True,False,True,True,True,True
1333,False,True,False,False,True,True,False,True
1334,False,True,True,True,True,True,False,False
1335,True,True,False,True,True,True,True,True
1336,True,True,True,True,True,True,True,True
1337,True,True,True,False,False,True,True,False
1338,False,True,True,True,False,False,True,False
1339,True,True,True,False,True,False,True,True
1340,True,True,True,True,False,False,False,True
1341,True,True,True,True,True,True,False,False
1342,False,True,False,True,False,True,True,True
1343,True,True,True,True,True,True,True,True
1344,False,False,False,True,False,True,False,False
1345,True,False,True,True,True,True,True,True
1346,False,True,True,True,True,False,True,True
1347,True,True,True,True,False,False,False,True
1348,True,True,True,False,True,False,False,True
1349,False,True,True,True,True,True,True,False
1350,False,True,False,True,True,False,False,False
1351,False,True,True,True,False,True,True,True
1352,True,False,True,False,False,False,True,True
1353,True,True,False,False,True,True,False,True
1354,True,True,False,True,False,True,False,True
1355,False,True,True,True,True,False,True,True
1356,False,True,True,True,False,True,True,False
1357,False,True,True,True,False,True,True,True
1358,True,True,True,True,True,False,True,True
1359,False,True,True,False,False,False,False,True
1360,True,False,True,True,True,False,False,False
1361,True,True,True,True,False,False,True,True
1362,False,True,False,True,True,False,True,True
1363,True,True,True,False,True,True,True,False
1364,True,False,True,False,True,True,False,False
1365,True,True,True,True,False,False,True,True
1366,True,True,False,True,True,True,False,True
1367,True,False,False,True,True,True,True,True
1368,True,True,False,True,False,True,True,True
1369,True,True,True,True,False,True,False,True
1370,True,False,True,False,True,True,True,False
1371,True,True,True,True,True,True,True,True
1372,True,True,True,False,True,True,True,False
1373,True,True,False,True,True,False,True,False
1374,True,True,False,False,True,True,True,True
1375,True,True,True,True,False,True,True,True
1376,True,True,True,False,True,True,True,True
1377,True,False,True,True,True,True,False,True
1378,False,False,False,True,True,True,False,True
1379,True,True,True,True,False,True,True,True
1380,False,False,True,False,True,True,False,False
1381,True,True,False,True,True,True,True,True
1382,True,True,True,True,True,True,False,True
1383,True,True,True,True,False,True,True,False
1384,False,True,True,True,True,True,True,True
1385,False,True,False,True,False,True,True,True
1386,True,True,True,True,True,False,False,True
1387,True,True,False,True,True,True,True,True
1388,False,True,True,False,True,True,True,True
1389,True,True,True,True,False,True,True,True
1390,True,True,True,False,True,True,True,True
1391,True,True,True,True,True,False,True,True
1392,False,False,True,True,True,True,True,False
1393,True,True,False,True,True,False,True,True
1394,True,True,True,True,True,True,False,True
1395,False,True,True,True,True,True,True,False
1396,True,False,True,False,False,False,True,True
1397,True,False,True,True,True,False,False,True
1398,False,True,True,True,True,False,True,True
1399,True,False,True,True,True,False,True,True
1400,False,True,False,True,False,True,True,False
1401,True,False,True,False,False,True,True,True
1402,True,False,True,False,True,True,True,True
1403,True,True,True,True,True,True,True,True
1404,False,True,True,False,True,False,False,True
1405,True,True,True,False,False,True,True,True
1406,True,False,True,True,True,False,False,True
1407,True,True,True,True,True,True,False,True
1408,True,False,True,False,False,True,True,False
1409,True,True,True,True,True,False,True,True
1410,True,False,False,True,True,True,False,False
1411,True,False,False,True,True,False,True,True
1412,True,False,True,True,True,True,True,True
1413,False,True,False,True,False,True,True,True
1414,True,False,False,False,True,True,True,True
1415,True,True,True,False,True,False,True,False
1416,True,True,True,True,True,True,True,True
1417,True,True,True,True,False,True,True,True
1418,True,True,True,True,True,True,True,True
1419,False,True,True,True,False,True,True,True
1420,True,True,True,False,False,True,True,False
1421,False,True,True,True,True,True,True,True
1422,True,True,True,True,True,False,False,True
1423,False,False,True,False,True,True,False,False
1424,True,False,False,False,True,True,True,False
1425,True,True,True,True,True,False,False,True
1426,False,True,False,False,True,True,True,True
1427,True,True,True,True,True,True,True,False
1428,True,True,True,True,True,False,False,True
1429,True,True,True,False,True,False,True,True
1430,True,True,True,True,False,True,False,False
1431,True,True,True,True,True,True,True,True
1432,False,True,True,True,True,True,False,True
1433,False,True,True,True,True,False,True,True
1434,False,False,True,False,True,True,True,True
1435,True,True,True,True,False,True,True,True
1436,True,True,True,False,True,True,False,False
1437,False,True,False,True,True,True,False,True
1438,False,True,True,True,False,True,False,True
1439,False,True,True,True,True,True,True,True
1440,True,True,True,True,True,True,False,True
1441,False,True,True,True,False,True,True,True
1442,False,True,True,True,True,False,True,True
1443,True,True,False,True,True,True,True,False
1444,True,False,True,False,True,False,False,False
1445,True,True,True,False,False,True,False,True
1446,True,True,True,True,False,True,False,False
1447,False,True,False,True,True,False,True,True
1448,True,False,False,True,False,False,False,True
1449,True,False,False,True,False,True,True,False
1450,True,False,False,True,False,True,True,True
1451,True,True,True,True,True,False,False,False
1452,False,True,False,True,True,True,True,True
1453,True,False,True,False,True,True,True,False
1454,True,True,True,True,False,True,True,True
1455,True,True,True,False,True,False,True,True
1456,True,True,False,False,True,True,False,True
1457,True,False,True,True,True,True,True,True
1458,True,True,True,True,False,False,True,True
1459,True,False,True,False,True,False,True,True
1460,False,True,False,True,False,True,True,True
1461,True,True,True,True,True,True,True,True
1462,True,True,True,False,True,True,False,False
1463,True,True,True,False,True,False,False,False
1464,True,True,False,True,False,True,True,True
1465,False,True,True,False,False,True,True,True
1466,True,True,True,True,True,True,True,True
1467,False,False,True,False,False,True,True,True
1468,True,False,True,True,True,False,False,True
1469,True,True,True,False,True,True,True,False
1470,False,False,False,True,True,True,True,True
1471,True,True,True,True,True,True,True,True
1472,True,False,False,True,True,True,True,True
1473,False,False,True,False,True,True,False,False
1474,True,False,True,False,False,True,True,True
1475,True,False,True,True,True,True,True,True
1476,False,True,True,True,False,True,True,False
1477,True,True,True,True,True,False,True,True
1478,True,True,True,True,True,False,True,True
1479,True,False,False,False,True,True,True,True
1480,False,True,False,True,True,True,False,True
1481,True,True,True,True,False,False,False,True
1482,True,True,False,True,False,False,True,False
1483,True,False,True,True,True,True,False,True
1484,False,False,True,False,True,True,True,False
1485,True,True,True,True,True,True,True,True
1486,False,True,False,True,False,True,True,True
1487,True,True,True,True,True,False,True,True
1488,True,False,True,True,True,False,True,False
1489,True,True,True,False,True,True,True,True
1490,True,True,True,True,True,True,True,True
1491,False,False,False,True,True,False,False,False
1492,True,False,True,True,True,True,True,True
1493,True,True,True,True,True,True,True,True
1494,True,True,False,True,True,True,False,True
1495,False,True,True,True,False,True,True,True
1496,True,True,True,True,True,False,True,True
1497,False,True,True,True,False,True,False,True
1498,True,True,False,True,True,False,True,False
1499,True,False,True,False,True,True,True,False
1500,True,True,False,True,False,False,False,False
1501,True,True,True,True,True,True,True,True
1502,True,True,True,False,True,True,True,True
1503,True,True,True,False,True,False,True,True
1504,False,True,False,False,False,True,True,True
1505,False,True,True,True,True,False,True,True
1506,False,True,True,False,True,False,True,False
1507,False,True,False,True,True,True,True,True
1508,True,True,True,False,True,True,True,False
1509,False,True,True,True,True,True,False,True
1510,True,True,False,False,False,True,True,True
1511,True,True,True,False,True,True,True,True
1512,False,True,False,False,True,True,True,True
1513,True,True,True,True,False,True,False,True
1514,False,False,False,False,True,False,True,False
1515,True,True,True,True,True,True,False,True
1516,True,True,True,False,True,True,True,False
1517,True,True,True,True,True,True,True,True
1518,False,True,True,True,True,True,True,False
1519,True,False,True,True,True,True,True,True
1520,False,True,False,False,True,False,True,True
1521,True,True,True,True,False,False,False,False
1522,True,True,True,True,True,True,False,True
1523,True,True,True,True,False,True,False,True
1524,False,True,False,False,False,True,False,True
1525,True,True,False,True,True,True,True,True
1526,False,True,True,True,False,True,True,False
1527,True,True,False,True,True,True,True,True
1528,True,True,True,True,True,True,True,True
1529,False,True,True,True,True,True,False,True
1530,False,False,True,True,True,True,True,True
1531,True,True,True,True,False,True,True,True
1532,True,True,True,False,False,True,False,True
1533,False,False,True,True,False,True,True,True
1534,False,True,True,False,True,True,True,False
1535,True,True,False,True,True,True,True,True
1536,True,True,True,True,True,True,True,True
1537,True,True,False,True,True,True,True,False
1538,False,True,False,False,False,True,True,True
1539,False,True,True,False,False,False,True,True
1540,True,True,True,False,True,True,True,True
1541,True,True,True,False,True,True,False,False
1542,True,True,True,False,False,True,True,False
1543,False,True,True,True,False,True,True,True
1544,True,False,True,False,True,True,True,True
1545,True,True,False,False,True,False,True,True
1546,True,True,False,True,True,True,True,True
1547,True,True,True,True,True,True,True,True
1548,True,True,False,True,True,True,True,True
1549,False,True,True,True,True,True,True,True
1550,False,False,False,True,True,True,False,True
1551,False,True,True,True,True,True,True,False
1552,True,False,True,True,False,False,False,False
1553,True,False,True,True,False,True,True,True
1554,True,False,True,True,True,False,True,True
1555,False,False,False,True,True,True,True,False
1556,True,True,True,False,False,True,False,False
1557,False,True,True,True,True,True,True,True
1558,True,False,True,False,False,True,True,True
1559,True,True,True,False,True,False,True,False
1560,True,True,True,False,False,True,True,True
1561,True,True,True,True,True,True,True,True
1562,True,False,False,True,False,True,True,True
1563,False,True,False,False,True,False,True,True
1564,False,True,True,False,True,True,True,True
1565,False,True,False,False,True,False,True,True
1566,True,False,True,True,True,True,False,True
1567,True,True,False,True,True,False,True,True
1568,True,True,False,True,False,True,True,False
1569,False,True,True,True,True,False,False,False
1570,True,True,True,True,True,True,False,True
1571,True,False,False,True,True,False,True,True
1572,False,True,False,True,False,False,False,True
1573,True,True,True,True,True,True,True,False
1574,True,True,True,True,True,True,True,True
1575,True,True,True,True,True,False,True,False
1576,True,True,True,True,True,True,False,True
1577,True,True,False,False,False,True,True,True
1578,True,True,True,True,False,False,True,False
1579,True,True,False,True,False,True,False,False
1580,True,True,True,False,False,False,True,True
1581,True,True,False,True,False,True,True,True
1582,True,True,False,True,True,True,True,True
1583,True,False,False,False,True,False,True,True
1584,False,True,True,False,True,True,True,True
1585,True,False,False,False,True,True,False,True
1586,True,True,True,True,True,True,True,False
1587,True,False,False,False,True,True,True,False
1588,True,True,True,True,False,True,True,True
1589,True,True,True,True,False,True,True,True
1590,True,True,True,False,True,True,True,True
1591,True,False,False,False,False,True,True,True
1592,True,True,True,True,True,True,False,False
1593,False,True,False,True,True,True,False,False
1594,True,False,True,True,True,False,True,True
1595,True,True,False,False,False,True,False,True
1596,True,True,True,True,False,False,False,False
1597,False,False,True,False,True,False,True,True
1598,True,True,True,True,True,False,True,True
1599,True,True,True,True,False,False,True,True
1600,True,False,True,True,True,False,True,True
1601,False,True,False,True,True,False,True,True
1602,True,True,False,False,True,True,False,True
1603,False,True,True,True,True,True,True,False
1604,True,False,True,True,False,True,False,True
1605,False,True,True,False,False,True,True,True
1606,True,False,True,False,True,True,False,True
1607,True,False,True,False,False,True,True,True
1608,True,True,True,True,True,True,False,False
1609,False,False,True,False,True,False,True,True
1610,True,True,False,True,True,True,False,False
1611,True,True,True,True,True,True,True,True
1612,True,False,False,False,True,False,True,True
1613,False,True,True,False,False,True,False,True
1614,True,True,True,True,True,False,True,True
1615,True,True,True,True,False,True,True,True
1616,True,False,False,False,True,True,True,False
1617,True,False,True,False,True,True,True,False
1618,True,False,True,True,True,True,False,True
1619,True,True,False,False,False,True,True,False
1620,False,True,True,True,True,False,True,False
1621,False,False,True,True,False,False,True,True
1622,True,False,False,True,False,True,True,True
1623,True,False,True,True,True,True,False,False
1624,True,False,False,False,True,True,True,False
1625,False,True,False,True,True,True,False,True
1626,False,True,True,False,False,True,False,False
1627,False,False,True,True,False,True,True,True
1628,True,True,True,True,True,True,True,True
1629,True,True,False,True,True,True,True,True
1630,True,True,False,False,False,True,True,True
1631,True,True,True,False,True,False,True,True
1632,False,True,True,True,True,True,False,False
1633,True,False,True,True,True,False,False,True
1634,True,True,False,True,True,True,False,True
1635,False,False,True,True,True,True,False,True
1636,False,False,False,True,True,True,True,False
1637,False,True,False,False,True,True,True,True
1638,True,True,False,True,False,True,True,True
1639,False,True,False,True,True,False,True,False
1640,True,False,True,True,True,True,True,False
1641,True,True,True,False,False,True,True,True
1642,True,True,True,False,False,False,True,True
1643,True,True,False,False,True,False,True,True
1644,True,True,True,True,True,True,False,True
1645,True,False,True,False,True,True,True,True
1646,True,True,True,True,False,True,False,True
1647,False,True,True,False,True,True,True,True
1648,True,True,False,True,True,True,False,True
1649,True,False,True,True,True,False,True,True
1650,True,True,True,False,False,True,True,True
1651,True,True,False,False,True,True,True,True
1652,True,False,True,True,False,True,True,False
1653,True,True,True,False,True,True,True,False
1654,True,True,False,True,True,False,False,True
1655,True,False,True,True,True,True,True,True
1656,True,True,True,False,True,True,True,True
1657,True,False,True,True,True,False,True,True
1658,True,False,True,True,True,True,False,True
1659,False,False,True,True,True,True,True,True
1660,False,True,True,True,False,False,True,False
1661,False,True,True,True,True,True,True,True
1662,True,True,True,False,True,False,True,True
1663,True,True,True,False,False,True,True,False
1664,True,True,False,True,False,False,True,True
1665,False,True,True,True,True,True,False,True
1666,False,True,True,False,True,False,True,True
1667,True,True,False,True,False,False,True,True
1668,True,True,False,True,True,True,True,True
1669,True,False,False,False,True,True,True,False
1670,False,True,True,True,False,True,False,True
1671,True,True,True,True,False,False,True,False
1672,True,True,True,True,True,True,True,True
1673,True,True,True,True,True,True,False,True
1674,False,False,True,True,True,True,True,False
1675,True,True,False,False,True,True,True,False
1676,True,True,True,True,False,True,False,True
1677,True,True,True,True,True,True,True,True
1678,False,True,True,False,True,True,True,True
1679,False,False,True,True,True,True,True,True
1680,True,True,True,True,True,True,True,False
1681,True,True,False,False,True,True,True,True
1682,True,True,False,False,False,True,True,False
1683,True,False,True,False,True,False,False,False
1684,False,False,True,False,False,True,False,False
1685,True,True,True,False,False,False,True,False
1686,True,True,False,True,True,True,False,True
1687,True,True,True,True,False,True,False,True
1688,False,True,True,True,False,True,True,True
1689,False,True,True,False,True,True,False,True
1690,False,True,True,True,True,False,True,True
1691,True,False,True,True,True,False,False,False
1692,False,False,True,True,False,False,True,True
1693,False,True,True,True,True,False,True,True
1694,False,False,False,False,True,True,True,True
1695,True,True,True,True,False,False,True,True
1696,True,False,False,False,True,True,True,True
1697,True,False,False,False,True,True,False,True
1698,True,True,True,False,True,True,True,True
1699,True,True,True,True,True,True,True,True
1700,False,True,False,True,True,True,True,True
1701,True,False,True,True,True,True,False,False
1702,True,True,True,False,True,True,True,True
1703,True,False,True,False,True,True,True,False
1704,True,True,True,True,True,True,True,True
1705,True,False,True,True,False,True,True,True
1706,True,True,True,False,True,True,True,True
1707,True,True,True,True,False,True,True,True
1708,True,False,True,True,True,True,True,True
1709,False,True,False,False,True,False,True,False
1710,False,True,True,False,True,False,True,True
1711,True,True,True,False,True,False,True,True
1712,True,True,True,True,True,True,False,False
1713,False,True,True,True,True,True,False,True
1714,False,True,True,False,False,True,True,False
1715,True,True,True,True,True,True,True,True
1716,True,True,True,True,True,True,False,False
1717,True,True,True,False,True,False,True,False
1718,True,True,True,True,False,True,True,False
1719,True,True,True,True,True,True,True,False
1720,True,True,True,True,True,True,True,True
1721,True,True,True,True,True,True,True,True
1722,True,False,True,False,True,True,False,False
1723,False,True,False,True,False,True,True,True
1724,True,True,True,False,False,True,True,True
1725,True,True,True,True,True,False,True,False
1726,True,True,True,True,True,False,True,True
1727,True,True,True,True,True,True,True,False
1728,True,True,False,True,True,False,True,True
1729,False,True,True,True,True,True,True,True
1730,False,False,True,False,True,True,True,True
1731,False,False,True,False,False,True,False,True
1732,True,True,False,True,True,True,False,True
1733,True,True,True,True,True,True,True,False
1734,True,True,False,False,True,False,False,True
1735,True,False,True,True,True,False,True,True
1736,False,True,False,True,False,False,False,True
1737,True,False,False,False,True,True,True,True
1738,True,True,True,True,True,True,True,True
1739,True,True,True,True,True,True,True,False
1740,True,True,True,True,True,True,True,True
1741,False,True,True,True,True,False,True,True
1742,False,False,True,True,True,True,True,True
1743,True,True,True,True,True,True,False,True
1744,False,True,True,True,True,True,True,True
1745,True,True,True,False,False,False,False,False
1746,True,True,False,True,True,False,True,True
1747,True,True,True,False,False,True,True,True
1748,True,True,True,False,True,True,True,False
1749,True,True,False,True,True,False,False,True
1750,True,False,False,True,True,True,False,False
1751,False,True,True,True,False,True,False,True
1752,True,True,True,True,False,False,False,True
1753,True,True,False,False,True,True,True,False
1754,True,False,False,False,False,False,True,False
1755,False,True,True,True,True,True,True,True
1756,True,True,False,True,True,False,True,False
1757,True,True,False,False,False,True,True,False
1758,True,False,False,True,True,True,True,True
1759,False,True,True,True,True,True,True,False
1760,True,True,False,True,False,True,True,True
1761,True,False,True,False,True,False,False,True
1762,False,True,True,True,True,True,True,True
1763,False,False,True,True,True,True,True,True
1764,False,True,False,True,True,True,True,True
1765,True,False,True,True,False,True,False,True
1766,True,True,True,True,True,True,False,False
1767,True,False,True,True,True,True,True,True
1768,False,True,False,False,True,False,True,False
1769,True,True,True,False,True,False,True,True
1770,False,True,True,True,True,True,True,True
1771,False,True,True,True,True,True,True,True
1772,True,True,True,False,True,True,True,True
1773,True,False,False,False,False,True,False,True
1774,True,True,True,True,True,True,True,True
1775,True,True,True,True,True,False,False,True
1776,True,False,False,True,True,True,True,False
1777,False,True,True,True,True,False,True,True
1778,True,True,True,False,True,False,True,True
1779,True,True,False,False,True,False,True,True
1780,True,True,True,True,False,True,True,True
1781,True,False,True,True,True,True,True,True
1782,True,True,False,False,True,True,True,False
1783,False,False,False,True,True,True,True,True
1784,False,True,True,True,True,True,False,True
1785,True,False,True,True,False,True,True,True
1786,True,False,True,False,True,True,False,False
1787,True,True,True,True,False,True,True,True
1788,True,True,False,True,False,True,True,True
1789,True,True,True,True,True,True,False,True
1790,True,False,False,False,True,True,True,True
1791,True,True,True,False,False,False,True,False
1792,False,False,True,False,True,True,False,True
1793,True,False,True,True,False,False,False,False
1794,True,True,True,True,True,False,True,True
1795,False,True,False,True,False,True,True,True
1796,True,True,False,True,False,False,True,False
1797,True,False,False,True,False,True,False,True
1798,False,True,False,True,False,True,False,True
1799,False,False,True,True,True,False,True,True
1800,True,True,True,False,True,True,True,True
1801,True,True,True,True,False,False,True,True
1802,True,False,True,False,True,False,True,True
1803,False,True,True,False,False,True,True,True
1804,True,False,True,True,True,True,True,False
1805,True,True,True,True,True,False,True,False
1806,True,True,True,False,True,True,True,True
1807,True,False,True,False,False,True,False,True
1808,False,True,True,False,True,True,False,True
1809,True,True,False,True,True,False,True,False
1810,True,True,True,True,False,True,True,False
1811,True,False,True,True,False,False,True,True
1812,True,False,True,False,False,True,True,True
1813,True,True,False,False,True,True,True,False
1814,True,True,False,True,True,True,True,False
1815,True,False,True,True,True,True,True,False
1816,True,True,False,True,True,True,False,False
1817,True,False,True,False,False,True,True,True
1818,True,True,False,True,True,False,True,False
1819,True,False,False,True,True,True,False,False
1820,False,True,True,True,True,True,False,True
1821,False,True,False,True,True,False,False,False
1822,False,True,False,False,True,True,True,True
1823,True,True,True,False,True,True,False,True
1824,False,True,False,True,False,False,True,True
1825,True,True,False,False,True,True,True,True
1826,False,True,True,False,True,True,True,True
1827,True,True,True,True,True,True,False,True
1828,True,False,True,True,True,True,True,False
1829,True,False,True,False,True,False,False,True
1830,False,False,True,True,True,True,True,True
1831,True,True,True,True,True,True,True,True
1832,False,False,True,True,True,True,False,True
1833,True,True,True,True,True,True,True,True
1834,True,True,True,True,True,True,True,True
1835,False,False,True,True,True,True,True,False
1836,True,True,False,True,True,True,True,False
1837,True,True,True,False,False,True,True,True
1838,False,False,True,True,False,True,True,True
1839,False,True,False,True,True,True,False,True
1840,False,True,True,True,True,True,True,True
1841,True,False,False,True,True,True,False,True
1842,True,True,True,True,True,True,False,True
1843,True,True,False,True,False,False,False,True
1844,False,True,True,True,False,True,True,True
1845,True,True,True,False,False,False,True,True
1846,True,True,True,True,True,True,True,True
1847,True,True,True,True,False,True,False,False
1848,False,True,True,True,True,True,True,False
1849,True,True,True,False,True,True,True,False
1850,False,False,False,True,True,True,True,True
1851,False,True,True,False,True,True,True,True
1852,True,True,False,True,True,False,False,False
1853,True,False,True,True,False,True,False,True
1854,True,True,True,False,True,False,False,True
1855,False,False,True,True,True,False,True,True
1856,True,False,False,False,True,True,True,False
1857,True,False,True,True,True,True,False,False
1858,True,True,True,True,True,True,True,True
1859,True,True,False,False,True,True,True,True
1860,True,True,False,False,False,True,True,False
1861,True,False,True,True,True,False,False,False
1862,True,False,True,True,True,True,True,True
1863,False,False,True,False,False,True,True,True
1864,False,True,True,False,True,False,False,False
1865,True,True,True,False,True,True,True,True
1866,True,True,False,True,True,True,False,True
1867,True,True,False,True,True,True,True,True
1868,True,True,True,True,True,False,True,False
1869,True,False,True,True,True,True,True,False
1870,True,True,True,False,True,True,True,True
1871,False,True,True,True,True,True,True,True
1872,True,True,True,False,True,False,False,True
1873,True,True,True,True,False,True,False,False
1874,True,False,True,False,True,False,True,True
1875,True,False,False,False,True,True,True,True
1876,False,True,True,True,True,True,False,True
1877,False,True,True,False,False,False,True,False
1878,True,True,True,True,True,False,True,False
1879,False,False,True,False,True,True,True,True
1880,True,True,True,True,True,True,True,False
1881,True,True,True,True,True,True,False,False
1882,True,True,True,False,True,True,True,False
1883,False,False,False,True,False,True,False,True
1884,True,True,True,True,True,True,True,False
1885,False,False,True,False,False,False,True,False
1886,True,True,True,True,True,False,True,True
1887,True,True,False,True,True,True,True,True
1888,True,False,True,True,True,True,True,True
1889,True,False,True,False,True,False,True,True
1890,False,True,True,False,True,True,True,False
1891,True,False,True,False,False,True,True,False
1892,True,True,False,True,True,True,False,False
1893,True,True,False,True,False,False,False,False
1894,False,False,True,True,True,False,True,False
1895,True,False,False,True,True,True,True,True
1896,True,True,True,True,False,True,True,True
1897,False,True,False,True,True,True,True,True
1898,True,True,False,True,True,True,True,True
1899,True,True,False,False,False,False,False,False
1900,True,True,False,True,False,False,True,True
1901,True,True,True,True,True,True,True,True
1902,True,False,True,True,True,False,False,True
1903,True,True,False,True,True,False,True,True
1904,True,False,True,True,True,False,True,True
1905,True,False,True,False,True,False,False,False
1906,True,True,True,True,True,True,False,False
1907,True,True,False,True,True,False,True,True
1908,True,False,True,False,True,False,True,True
1909,True,False,True,True,True,True,True,True
1910,True,False,True,True,True,True,False,True
1911,True,False,True,True,True,False,True,False
1912,True,True,True,False,True,False,False,False
1913,False,False,True,True,True,False,True,True
1914,False,False,False,True,False,False,True,True
1915,True,True,True,True,False,True,True,True
1916,False,True,False,True,False,True,True,True
1917,True,True,True,True,True,True,True,False
1918,True,False,True,False,True,False,True,True
1919,True,False,True,True,False,False,False,False
1920,True,True,True,True,True,False,False,False
1921,True,False,True,True,True,True,False,True
1922,True,False,False,False,False,True,True,True
1923,True,False,True,True,False,True,True,True
1924,False,True,False,True,False,True,True,True
1925,False,True,True,False,False,True,True,True
1926,True,False,True,True,False,True,True,True
1927,False,False,True,True,False,True,True,True
1928,False,True,False,True,False,True,True,False
1929,True,False,False,True,False,True,False,False
1930,True,False,True,True,True,False,True,True
1931,False,True,True,False,False,True,True,False
1932,True,True,True,True,True,True,True,True
1933,True,True,True,True,False,False,True,False
1934,False,True,False,False,True,True,True,True
1935,True,True,True,True,True,True,True,True
1936,False,True,True,True,True,False,True,False
1937,True,True,False,True,False,False,True,True
1938,True,True,False,False,True,False,False,True
1939,True,False,True,False,False,True,True,False
1940,True,False,True,False,False,True,True,True
1941,True,False,True,True,True,True,True,False
1942,False,True,True,True,True,False,True,False
1943,False,False,True,True,False,True,True,False
1944,False,False,True,False,True,True,False,False
1945,True,False,True,False,True,True,True,False
1946,False,False,True,True,True,True,False,True
1947,False,True,False,False,True,True,True,True
1948,True,True,True,False,False,True,False,True
1949,False,True,True,False,True,True,True,False
1950,False,True,False,True,True,True,True,True
1951,True,True,False,True,True,True,True,False
1952,True,False,True,False,True,False,False,False
1953,True,True,False,True,True,True,True,True
1954,False,True,False,True,True,True,True,True
1955,True,True,False,True,True,False,False,False
1956,True,True,True,True,True,True,True,True
1957,True,True,True,False,False,False,True,True
1958,True,True,False,True,True,False,True,True
1959,False,False,True,True,False,False,True,True
1960,False,True,False,True,True,False,True,True
1961,True,True,True,True,True,True,True,False
1962,False,False,False,True,True,True,True,True
1963,True,False,True,False,True,True,False,False
1964,True,True,True,False,False,False,False,True
1965,True,True,False,False,False,False,False,False
1966,True,False,True,False,True,False,True,True
1967,False,False,True,True,True,True,False,True
1968,False,True,False,True,True,True,True,True
1969,False,True,True,False,True,False,True,True
1970,False,True,True,True,True,True,False,True
1971,False,True,True,False,False,True,True,True
1972,True,False,True,True,True,True,False,True
1973,True,True,True,True,True,True,False,False
1974,True,True,True,False,False,False,True,True
1975,False,True,True,False,True,False,True,True
1976,True,True,True,True,True,True,True,True
1977,True,True,True,True,True,True,True,True
1978,True,True,True,True,True,False,False,True
1979,True,True,True,True,True,True,True,True
1980,False,False,False,True,True,False,False,True
1981,False,False,True,True,False,True,True,True
1982,True,False,True,True,True,True,True,True
1983,True,True,True,True,True,True,True,True
1984,True,True,False,False,True,True,True,True
1985,True,True,True,False,False,True,True,True
1986,True,False,False,True,True,True,True,True
1987,False,True,True,True,True,True,True,True
1988,True,True,True,False,True,False,True,True
1989,False,True,False,True,True,True,True,True
1990,True,True,False,True,True,False,True,False
1991,True,True,True,True,True,True,False,True
1992,True,True,True,False,False,True,True,True
1993,True,True,True,False,True,True,True,True
1994,False,False,True,False,True,True,True,True
1995,True,True,False,True,True,True,True,True
1996,True,False,True,False,False,True,True,True
1997,False,True,True,True,True,True,True,True
1998,True,True,True,True,True,True,True,False
1999,True,True,False,True,True,True,False,False
2000,True,False,False,True,False,True,True,True
2001,True,True,True,True,True,True,True,True
2002,True,True,True,True,False,False,True,False
2003,True,True,True,False,True,True,False,True
2004,True,True,True,True,False,False,True,True
2005,False,True,True,True,True,True,True,True
2006,True,True,True,True,False,True,True,False
2007,False,True,True,True,True,True,True,True
2008,True,False,True,True,True,True,True,True
2009,True,False,False,True,False,True,True,False
2010,True,True,True,False,True,True,True,True
2011,True,True,True,True,True,True,False,True
2012,True,True,True,True,False,True,True,True
2013,False,True,True,True,True,False,True,True
2014,True,True,False,True,True,True,False,True
2015,False,True,True,True,True,False,False,False
2016,False,False,True,True,True,True,True,True
2017,True,True,True,False,True,False,False,False
2018,False,False,True,True,False,False,True,True
2019,True,True,True,False,True,False,False,True
2020,True,True,True,True,True,True,True,True
2021,False,True,False,True,False,True,False,True
2022,True,False,True,True,False,False,False,True
2023,False,True,True,True,True,True,True,False
2024,True,False,False,True,False,True,False,False
2025,True,False,True,False,True,True,True,False
2026,False,False,True,True,True,True,True,True
2027,True,False,False,True,True,True,True,True
2028,True,False,True,True,True,False,True,True
2029,True,True,True,True,True,True,False,False
2030,True,True,True,False,True,False,False,False
2031,True,True,True,True,True,True,True,True
2032,True,False,True,True,False,True,True,True
2033,False,True,True,True,False,False,False,True
2034,True,True,True,True,True,True,False,True
2035,False,True,False,False,True,True,True,True
2036,True,False,True,True,True,True,False,False
2037,True,True,True,True,True,False,True,False
2038,True,True,False,False,True,True,True,False
2039,False,True,False,False,True,True,True,True
2040,False,False,True,True,True,False,False,False
2041,True,False,True,True,False,True,True,False
2042,True,False,True,False,False,True,True,True
2043,True,True,True,True,True,True,True,False
2044,True,True,True,True,True,True,True,False
2045,False,True,True,True,False,True,True,False
2046,False,True,False,True,True,True,False,False
2047,False,False,True,True,False,False,True,True
2048,True,False,True,True,True,True,True,False
2049,True,True,True,False,True,True,True,True
2050,False,True,True,True,True,True,True,True
2051,True,False,True,True,True,True,True,False
2052,False,True,True,True,False,True,True,False
2053,False,False,True,True,True,True,True,False
2054,True,True,True,True,True,True,True,True
2055,True,True,False,False,False,True,True,True
2056,True,False,True,True,True,False,True,True
2057,True,True,True,True,False,False,False,False
2058,True,True,True,True,False,True,False,True
2059,False,True,True,True,False,True,True,True
2060,False,False,True,True,True,True,False,False
2061,True,False,False,False,True,False,True,True
2062,False,False,True,False,False,False,True,False
2063,True,True,True,True,True,True,True,False
2064,True,True,True,True,False,True,False,False
2065,False,True,True,False,False,True,False,True
2066,True,True,True,True,True,True,False,True
2067,False,True,False,False,True,True,True,True
2068,True,True,False,True,True,True,True,False
2069,True,False,False,True,True,True,False,True
2070,True,True,True,True,False,False,True,False
2071,True,True,False,True,False,False,False,True
2072,False,False,True,False,False,True,True,True
2073,False,True,True,False,True,True,True,True
2074,False,True,True,True,True,True,False,True
2075,True,False,True,False,True,False,False,True
2076,False,False,True,False,True,True,True,False
2077,True,True,True,True,True,True,True,False
2078,True,True,False,False,True,True,True,False
2079,False,False,True,False,True,True,True,True
2080,True,False,True,False,False,False,True,True
2081,True,True,True,True,True,True,True,False
2082,True,True,False,True,True,True,True,False
2083,True,True,True,True,False,False,True,True
2084,True,False,False,True,True,True,True,False
2085,True,True,False,True,True,False,True,True
2086,True,True,True,True,True,True,True,False
2087,True,False,True,True,False,True,True,True
2088,True,False,False,True,True,True,True,True
2089,True,True,True,True,True,True,False,False
2090,False,True,True,False,False,False,True,True
2091,True,False,True,True,True,True,False,False
2092,True,False,True,True,False,True,True,True
2093,True,True,True,True,True,True,False,True
2094,True,True,True,True,True,True,True,False
2095,True,False,True,True,True,False,True,True
2096,False,True,True,True,True,True,False,True
2097,True,True,True,True,True,True,True,False
2098,True,True,True,True,True,True,True,True
2099,True,True,False,True,True,True,True,False
2100,False,True,False,True,True,True,True,True
2101,False,True,True,False,False,True,True,True
2102,True,False,True,False,True,False,True,True
2103,True,True,False,True,True,True,False,True
2104,True,True,True,True,True,True,True,True
2105,False,False,False,False,False,True,True,True
2106,True,False,False,True,True,True,True,True
2107,True,True,True,True,True,True,True,True
2108,True,True,True,True,True,False,True,False
2109,True,False,True,True,False,True,True,False
2110,True,False,True,False,True,True,False,True
2111,True,True,True,True,True,True,False,True
2112,True,True,True,False,False,False,True,False
2113,True,True,True,True,True,True,True,True
2114,True,False,True,True,True,True,True,True
2115,True,True,False,False,True,True,True,False
2116,True,True,True,True,True,True,True,True
2117,True,True,True,True,False,True,False,True
2118,True,True,True,True,True,True,True,True
2119,False,True,True,False,True,True,False,True
2120,True,False,True,False,True,True,True,True
2121,False,True,True,True,True,True,True,False
2122,True,False,True,False,False,True,True,True
2123,True,True,False,True,True,True,True,True
2124,False,True,True,True,True,True,False,False
2125,False,True,True,False,False,True,False,True
2126,True,True,True,False,True,True,True,True
2127,False,True,True,True,True,False,True,True
2128,True,True,False,False,False,True,False,True
2129,True,True,True,True,True,True,True,True
2130,False,False,True,True,True,True,True,False
2131,True,True,False,True,False,True,True,True
2132,True,True,True,False,True,False,True,True
2133,True,True,True,True,True,True,True,False
2134,True,True,True,True,True,True,True,False
2135,True,True,True,True,True,False,True,True
2136,True,False,True,True,True,True,True,True
2137,True,True,True,True,True,False,True,True
2138,True,True,False,True,True,False,False,False
2139,False,True,True,False,True,True,True,True
2140,True,True,True,False,True,True,True,False
2141,True,True,False,True,False,True,True,True
2142,False,False,True,True,False,False,False,False
2143,True,False,False,False,True,True,True,True
2144,True,True,True,False,True,True,False,True
2145,True,True,True,True,True,False,False,False
2146,True,True,True,True,True,True,False,False
2147,True,False,False,True,True,True,True,True
2148,False,False,True,True,False,False,False,True
2149,True,True,True,True,True,True,True,True
2150,True,False,True,True,False,True,True,False
2151,True,True,False,False,True,True,True,True
2152,True,False,True,False,True,True,True,True
2153,True,True,False,True,True,True,False,True
2154,True,True,True,False,False,True,True,True
2155,True,True,True,True,False,False,True,False
2156,True,True,True,True,True,False,True,True
2157,False,True,True,True,False,True,True,True
2158,True,True,True,True,True,False,True,True
2159,True,True,True,True,False,True,False,False
2160,True,True,True,True,True,True,False,False
2161,True,False,True,True,True,True,True,True
2162,True,True,True,True,True,True,True,False
2163,False,True,False,False,False,True,False,True
2164,True,True,False,True,True,True,True,True
2165,True,True,True,True,False,True,True,True
2166,True,True,True,False,True,True,True,False
2167,False,False,True,False,True,True,True,False
2168,False,True,True,True,True,True,True,False
2169,True,True,True,True,True,True,True,True
2170,True,True,False,True,True,True,False,False
2171,False,True,True,True,True,False,True,True
2172,False,True,True,True,True,True,True,True
2173,False,True,True,True,True,False,True,False
2174,False,True,True,True,False,True,True,True
2175,False,False,True,True,True,False,False,True
2176,True,True,True,False,False,True,True,False
2177,False,True,False,True,True,True,True,True
2178,True,False,False,True,True,True,True,False
2179,True,True,False,True,True,False,False,True
2180,True,False,True,False,True,False,True,False
2181,False,False,True,True,True,False,True,True
2182,True,True,True,False,True,True,False,True
2183,False,True,True,True,True,True,True,True
2184,True,True,False,True,True,True,False,True
2185,True,True,True,False,False,False,False,True
2186,True,True,False,True,False,False,True,True
2187,True,True,True,True,False,True,False,False
2188,True,True,True,True,True,True,True,False
2189,True,True,True,True,True,False,False,False
2190,True,True,False,False,True,True,False,True
2191,False,True,True,True,True,True,False,False
2192,False,True,False,True,True,True,True,False
2193,False,False,False,True,False,True,False,False
2194,True,False,True,False,False,True,True,False
2195,False,False,False,True,True,True,True,True
2196,True,True,True,True,True,True,True,True
2197,True,True,True,True,True,True,True,True
2198,True,True,True,True,False,True,False,False
2199,True,False,True,True,True,True,True,True
2200,False,False,True,True,False,False,False,False
2201,True,True,False,False,False,True,True,True
2202,True,True,False,True,True,True,True,True
2203,True,False,False,True,True,True,False,True
2204,True,True,False,False,False,True,True,True
2205,True,True,True,False,False,True,True,True
2206,False,True,True,True,True,True,True,True
2207,True,True,True,False,True,False,True,True
2208,False,True,True,False,True,True,True,False
2209,True,True,False,True,True,False,True,False
2210,True,False,True,True,False,True,False,True
2211,False,True,True,True,True,True,True,False
2212,True,False,True,True,True,True,True,False
2213,True,False,True,True,True,False,False,True
2214,True,True,False,False,True,True,False,True
2215,False,False,True,True,True,False,True,True
2216,True,False,False,True,False,True,False,False
2217,True,False,True,True,True,True,True,True
2218,True,True,True,True,False,False,False,True
2219,False,False,True,True,True,True,True,True
2220,False,True,True,True,True,True,True,True
2221,True,True,True,True,True,True,False,True
2222,True,True,True,True,False,True,True,True
2223,True,True,False,True,True,False,True,True
2224,False,True,True,False,True,False,True,True
2225,False,True,True,True,True,True,True,False
2226,True,True,True,True,True,True,True,True
2227,False,False,True,True,True,False,True,False
2228,True,True,True,True,True,True,True,True
2229,True,False,True,False,True,False,False,True
2230,False,True,True,False,True,True,True,False
2231,True,True,False,True,True,True,True,True
2232,True,True,True,False,True,True,True,True
2233,False,True,True,True,True,True,False,False
2234,False,True,False,True,True,True,True,True
2235,False,True,False,False,True,True,True,False
2236,True,True,True,False,True,True,True,True
2237,False,False,True,True,False,True,True,False
2238,True,True,True,False,True,False,False,True
2239,True,True,False,True,True,True,False,True
2240,False,True,True,True,True,True,True,True
2241,True,True,False,False,True,True,False,True
2242,True,False,True,True,True,False,True,True
2243,True,False,True,True,True,False,False,False
2244,False,True,True,True,False,False,True,True
2245,True,True,False,True,True,False,False,False
2246,True,False,False,True,True,True,False,True
2247,True,True,False,False,False,True,True,True
2248,False,True,False,False,True,True,False,True
2249,False,True,True,True,True,True,False,True
2250,True,True,True,False,True,True,True,False
2251,False,True,True,True,True,True,True,True
2252,True,True,True,False,True,False,True,True
2253,False,True,True,True,True,True,True,False
2254,True,True,True,True,True,True,True,True
2255,False,False,True,True,True,True,True,True
2256,True,False,True,True,True,True,False,True
2257,True,False,True,True,True,True,True,True
2258,True,True,True,False,False,False,True,False
2259,True,True,True,True,True,True,True,True
2260,True,False,True,False,True,True,False,True
2261,False,True,True,True,False,True,True,False
2262,False,True,True,True,True,True,False,True
2263,False,True,True,True,True,True,True,True
2264,True,False,True,True,True,False,False,True
2265,False,True,True,True,True,False,False,True
2266,False,True,True,True,True,True,False,True
2267,True,False,True,True,True,True,True,True
2268,True,True,False,True,True,True,True,True
2269,True,True,True,False,True,True,True,False
2270,True,True,False,True,True,True,True,True
2271,True,False,False,True,True,True,True,True
2272,True,True,True,True,True,True,False,False
2273,True,True,True,True,True,True,False,True
2274,False,False,True,True,True,True,False,True
2275,True,False,True,False,False,True,True,True
2276,True,True,True,False,False,True,True,False
2277,False,True,False,True,True,True,True,True
2278,True,True,True,False,False,True,True,True
2279,True,True,False,True,True,True,True,True
2280,False,False,True,True,True,False,True,True
2281,True,True,True,True,True,True,True,False
2282,True,True,False,True,True,True,True,True
2283,True,False,True,True,False,True,True,True
2284,True,True,True,False,True,True,False,True
2285,True,False,True,False,False,False,True,True
2286,True,False,True,False,True,False,True,True
2287,False,True,False,True,True,True,True,False
2288,True,True,True,True,False,True,True,True
2289,True,False,True,False,False,True,False,True
2290,True,True,True,True,True,True,True,True
2291,False,True,False,False,False,False,True,True
2292,True,True,True,True,False,True,True,False
2293,True,True,True,True,True,True,True,True
2294,False,True,True,True,False,True,True,True
2295,True,True,True,True,True,True,False,True
2296,True,True,True,True,False,False,True,False
2297,False,True,True,True,True,True,True,False
2298,True,True,False,True,True,True,True,True
2299,False,True,True,False,False,False,True,False
2300,True,False,True,True,True,True,False,True
2301,True,True,True,True,False,True,True,True
2302,False,True,False,False,True,True,True,True
2303,True,False,True,False,False,True,True,True
2304,True,True,False,True,True,True,False,False
2305,True,True,True,True,True,True,True,True
2306,True,True,True,False,False,True,True,True
2307,True,True,False,True,True,True,False,True
2308,True,False,False,False,False,False,True,False
2309,False,True,True,True,True,False,True,False
2310,True,True,True,True,True,False,True,True
2311,True,False,True,True,True,True,True,True
2312,True,False,False,True,True,True,True,False
2313,False,False,False,True,False,True,True,False
2314,False,True,True,False,True,False,False,True
2315,True,True,False,True,True,True,True,True
2316,True,True,False,True,False,True,True,True
2317,True,False,True,True,True,True,True,True
2318,True,True,True,True,True,True,False,False
2319,True,True,True,False,True,True,True,False
2320,True,False,True,True,True,False,True,False
2321,False,True,True,True,False,False,True,True
2322,True,True,False,True,True,False,False,True
2323,True,True,True,True,True,True,True,True
2324,True,True,True,False,False,False,True,True
2325,True,True,True,True,True,True,True,True
2326,True,False,True,True,True,False,False,False
2327,False,True,False,True,True,True,True,True
2328,False,False,True,False,False,True,True,True
2329,True,False,True,True,True,True,False,True
2330,True,True,True,True,True,False,False,False
2331,False,True,True,True,False,False,True,True
2332,False,True,False,False,False,True,True,True
2333,False,True,True,True,True,False,True,True
2334,True,True,False,True,True,True,True,True
2335,True,True,False,True,True,True,False,True
2336,True,False,True,True,True,True,False,True
2337,False,True,False,False,True,True,True,True
2338,False,False,False,False,True,True,False,True
2339,True,True,True,True,True,False,True,False
2340,True,False,True,True,True,True,True,True
2341,False,True,True,True,True,False,True,False
2342,False,True,True,True,False,False,True,True
2343,False,False,True,True,True,False,False,True
2344,True,True,False,False,True,True,True,True
2345,True,True,False,False,True,True,False,True
2346,False,True,True,True,True,True,True,True
2347,True,True,True,False,False,False,True,True
2348,False,False,True,True,True,False,True,True
2349,True,True,False,True,True,True,True,True
2350,False,True,False,True,True,False,True,False
2351,True,True,False,True,True,False,True,True
2352,True,True,False,True,True,True,True,False
2353,False,True,True,False,True,True,True,True
2354,True,True,True,True,True,False,True,True
2355,False,True,True,True,True,True,True,True
2356,True,True,True,True,True,False,False,False
2357,False,True,True,False,True,False,False,False
2358,False,True,False,True,True,True,False,True
2359,True,True,True,False,True,True,False,True
2360,True,True,False,True,True,True,True,True
2361,False,True,True,False,True,True,True,True
2362,True,True,True,True,False,True,True,True
2363,True,False,True,False,False,True,False,False
2364,False,True,False,False,True,True,True,False
2365,False,True,False,False,True,False,True,True
2366,True,False,False,False,False,False,True,False
2367,False,True,True,True,True,True,True,True
2368,True,True,True,True,True,True,True,True
2369,True,True,True,True,False,False,True,True
2370,True,True,False,True,False,True,True,True
2371,True,False,False,True,True,True,True,True
2372,False,False,False,True,True,False,True,True
2373,False,False,True,False,False,False,True,False
2374,False,True,False,True,True,True,True,True
2375,True,False,True,True,True,True,True,True
2376,True,True,True,False,True,True,True,True
2377,True,False,True,True,True,True,True,True
2378,True,True,True,True,True,False,False,True
2379,False,True,True,True,True,True,True,True
2380,True,False,False,True,False,True,True,True
2381,False,True,True,True,True,True,True,True
2382,False,False,True,True,True,False,True,True
2383,False,True,True,True,True,True,True,True
2384,False,False,True,True,True,True,True,True
2385,True,False,False,True,True,True,True,True
2386,True,True,True,True,True,False,False,True
2387,True,False,True,True,True,True,True,True
2388,True,True,True,True,False,True,True,False
2389,True,True,True,True,True,False,True,False
2390,True,False,True,True,False,True,False,True
2391,True,True,True,True,True,True,True,True
2392,True,True,True,True,False,True,True,True
2393,True,True,False,True,True,True,True,True
2394,True,True,True,True,True,True,True,True
2395,True,False,True,False,True,True,True,True
2396,False,False,True,True,True,True,False,True
2397,True,True,False,False,True,False,True,True
2398,True,True,True,True,True,True,True,True
2399,True,True,True,True,True,False,False,True
2400,False,True,True,False,True,True,True,True
2401,True,True,True,True,True,True,True,True
2402,False,True,True,False,True,True,True,True
2403,True,True,False,True,True,True,True,False
2404,True,True,True,True,True,False,True,True
2405,True,False,True,True,True,True,True,True
2406,False,True,True,True,True,True,True,True
2407,True,True,True,True,True,True,False,True
2408,False,True,True,False,True,True,False,False
2409,True,False,False,False,True,True,True,True
2410,True,True,True,True,True,True,True,True
2411,True,True,True,True,True,True,True,False
2412,True,False,True,True,True,True,True,True
2413,False,True,True,False,False,False,True,True
2414,False,True,True,True,True,False,True,True
2415,True,True,True,True,False,True,True,False
2416,True,True,True,True,False,True,True,True
2417,True,True,True,True,False,True,True,True
2418,False,True,True,False,False,False,True,True
2419,True,False,True,False,True,True,True,True
2420,False,True,True,False,False,False,True,False
2421,True,True,True,True,False,True,True,False
2422,True,True,False,False,True,True,True,True
2423,True,False,True,True,True,True,True,True
2424,False,False,True,True,True,True,True,False
2425,True,True,True,True,False,False,True,True
2426,True,True,True,True,True,True,True,True
2427,True,False,True,True,True,False,True,True
2428,True,False,False,True,False,True,True,False
2429,False,False,True,True,True,True,True,True
2430,True,False,True,True,True,False,True,True
2431,True,True,False,True,False,True,False,True
2432,False,True,True,True,True,False,True,False
2433,True,False,True,True,True,True,True,True
2434,True,False,True,True,True,True,True,False
2435,False,False,False,True,True,True,True,True
2436,True,True,True,False,True,False,True,False
2437,True,True,False,False,False,True,True,True
2438,False,True,True,True,False,False,False,True
2439,True,True,False,True,True,True,False,True
2440,True,True,True,True,True,False,True,True
2441,False,False,True,True,True,True,False,True
2442,True,False,True,True,True,True,True,True
2443,False,True,True,False,False,True,True,False
2444,True,False,True,False,True,True,True,False
2445,False,True,True,True,True,True,True,True
2446,True,True,True,True,True,True,True,True
2447,True,True,True,True,True,False,False,True
2448,True,False,False,True,True,True,True,False
2449,False,True,True,False,False,True,False,True
2450,False,True,True,True,False,False,True,False
2451,False,True,True,False,True,True,True,True
2452,True,False,True,True,False,True,True,True
2453,False,True,True,True,True,False,True,True
2454,False,True,False,True,True,True,True,False
2455,True,True,True,True,True,True,False,True
2456,True,True,True,True,False,False,True,True
2457,False,True,False,False,False,True,True,True
2458,True,True,False,True,False,True,True,True
2459,True,True,False,True,False,False,True,True
2460,True,True,True,True,False,True,True,False
2461,True,True,False,True,True,False,True,True
2462,True,True,False,False,True,True,False,False
2463,False,False,True,True,True,True,False,True
2464,True,True,False,True,False,True,True,False
2465,False,True,True,True,True,True,True,True
2466,True,False,True,True,True,True,True,True
2467,False,False,True,False,True,False,True,False
2468,False,True,False,True,True,False,True,True
2469,True,False,False,True,False,False,False,True
2470,True,False,True,False,True,False,True,True
2471,True,False,True,False,False,True,True,True
2472,True,True,True,True,False,True,False,True
2473,True,True,True,True,True,False,False,True
2474,True,True,True,True,False,True,False,False
2475,True,True,True,True,True,True,False,True
2476,False,False,False,False,True,False,False,True
2477,True,True,False,True,False,True,True,True
2478,False,False,False,True,True,True,True,True
2479,True,True,False,True,True,False,False,True
2480,True,False,True,True,True,True,True,False
2481,True,False,False,False,True,True,False,True
2482,True,False,False,False,True,True,False,True
2483,True,False,True,True,False,False,True,True
2484,False,True,False,True,True,True,True,False
2485,True,True,True,True,True,True,False,True
2486,True,False,True,True,True,True,True,True
2487,True,True,True,False,True,True,False,True
2488,True,True,False,True,False,True,False,False
2489,False,False,False,True,True,False,True,True
2490,True,True,False,True,True,True,False,True
2491,False,False,True,True,True,True,True,True
2492,False,True,True,False,True,False,False,True
2493,True,False,True,True,False,True,True,True
2494,False,True,True,True,True,True,True,True
2495,False,True,True,False,False,True,False,True
2496,False,True,True,True,True,False,False,True
2497,True,True,False,True,True,False,False,True
2498,False,True,True,False,False,True,False,True
2499,True,False,False,True,False,True,True,False
2500,False,False,False,True,False,True,False,True
2501,False,True,False,False,True,True,False,True
2502,True,True,True,True,True,True,True,True
2503,True,False,True,True,True,True,True,True
2504,True,True,False,True,False,True,False,False
2505,True,True,False,True,True,False,True,True
2506,True,False,True,True,True,True,True,True
2507,True,True,True,False,False,True,True,False
2508,True,True,True,True,True,True,True,False
2509,True,True,True,True,False,False,False,False
2510,True,True,True,True,False,True,True,False
2511,False,True,True,True,True,True,True,True
2512,False,True,True,False,False,False,False,False
2513,True,True,False,True,True,True,True,True
2514,True,False,True,True,True,True,False,True
2515,False,True,True,True,True,True,True,True
2516,True,True,True,True,True,True,True,True
2517,True,True,True,False,False,True,True,True
2518,True,False,True,False,True,True,False,True
2519,True,True,True,False,True,False,True,False
2520,False,True,True,True,True,False,True,True
2521,True,True,True,True,True,False,False,True
2522,False,True,False,True,True,True,False,True
2523,False,False,False,True,True,True,True,True
2524,True,True,False,True,True,False,False,True
2525,True,True,True,False,True,True,True,False
2526,True,True,True,True,True,False,True,True
2527,True,False,True,True,False,True,False,True
2528,True,True,True,True,True,False,True,True
2529,True,True,True,True,False,True,True,True
2530,True,True,False,True,True,True,True,True
2531,False,False,True,True,True,False,False,True
2532,False,True,True,True,True,False,True,False
2533,True,True,False,True,True,True,True,True
2534,False,True,True,True,False,True,False,True
2535,False,False,False,True,True,True,False,True
2536,True,True,True,True,True,True,True,True
2537,True,True,False,True,False,False,True,True
2538,True,False,False,True,False,False,True,True
2539,True,True,True,True,True,True,True,True
2540,True,True,True,True,True,True,True,False
2541,False,True,True,True,False,True,True,False
2542,True,False,True,True,False,True,True,False
2543,True,True,True,False,False,True,True,True
2544,True,True,True,False,True,True,True,True
2545,False,True,False,False,True,True,True,True
2546,True,False,True,True,True,True,True,True
2547,False,False,True,True,True,False,True,True
2548,False,True,True,True,False,True,True,True
2549,True,False,True,False,False,True,True,False
2550,True,True,True,False,True,True,True,True
2551,True,True,True,True,True,True,True,False
2552,True,False,False,True,True,True,True,True
2553,False,True,True,True,False,True,True,False
2554,False,True,True,True,False,True,True,True
2555,True,True,False,True,False,True,True,False
2556,False,False,False,True,True,True,True,True
2557,False,True,True,True,True,True,False,False
2558,False,False,True,False,False,True,True,True
2559,False,True,False,True,True,True,False,True
2560,False,False,True,True,False,True,True,True
2561,False,False,False,True,True,True,False,True
2562,True,True,True,True,True,True,False,False
2563,False,True,True,False,False,True,False,True
2564,True,True,True,False,True,True,True,True
2565,True,True,True,True,True,True,True,True
2566,False,True,True,True,True,False,True,True
2567,True,True,False,True,False,False,True,True
2568,True,True,True,False,True,True,True,True
2569,True,True,True,False,False,False,False,True
2570,True,False,False,True,True,False,True,True
2571,True,True,True,True,False,False,True,True
2572,True,False,True,True,False,True,True,True
2573,True,True,False,True,True,False,True,True
2574,True,False,True,False,False,True,True,True
2575,True,True,False,True,True,True,False,True
2576,True,True,False,False,False,False,False,False
2577,True,True,True,False,True,False,False,True
2578,True,True,False,False,False,True,True,True
2579,True,True,False,True,False,True,True,True
2580,True,True,True,True,True,False,False,False
2581,True,True,True,True,False,False,False,False
2582,True,False,True,True,True,False,False,False
2583,False,True,False,True,False,True,False,True
2584,False,True,True,True,True,True,True,True
2585,False,False,False,True,True,False,False,False
2586,True,True,True,False,True,False,True,True
2587,True,True,True,True,True,True,True,True
2588,True,True,True,True,False,False,True,True
2589,True,True,False,True,True,True,True,True
2590,False,True,False,True,False,True,True,True
2591,False,False,True,True,True,False,False,True
2592,True,True,False,True,True,True,True,False
2593,True,True,True,True,True,True,True,True
2594,False,True,False,True,True,False,False,True
2595,True,False,True,True,True,False,True,True
2596,False,True,True,False,False,True,True,True
2597,True,True,True,False,False,True,True,True
2598,False,True,False,True,False,True,True,True
2599,False,True,True,True,False,False,False,True
2600,True,True,False,True,True,False,True,False
2601,False,False,True,False,True,True,False,False
2602,False,True,False,False,True,True,True,True
2603,True,True,False,True,True,False,False,True
2604,True,True,True,True,False,False,True,True
2605,True,True,False,True,True,True,True,True
2606,False,True,True,True,True,False,False,True
2607,True,True,False,True,True,True,True,True
2608,True,True,True,True,False,True,True,True
2609,True,False,True,True,True,False,True,True
2610,False,False,True,True,False,True,True,True
2611,True,True,False,True,True,True,True,False
2612,True,True,True,True,True,False,False,True
2613,False,False,True,True,False,False,False,True
2614,True,False,True,False,False,True,False,False
2615,True,False,True,True,True,True,True,False
2616,False,True,False,True,True,False,True,True
2617,True,False,True,True,True,True,False,True
2618,True,True,True,True,True,True,True,True
2619,True,True,True,True,True,True,True,True
2620,True,True,True,False,False,True,True,True
2621,True,True,True,True,True,True,True,False
2622,True,False,True,False,True,True,True,True
2623,True,True,True,True,True,True,False,False
2624,False,False,False,False,True,True,False,True
2625,False,True,False,False,True,True,True,True
2626,True,False,False,False,True,False,False,True
2627,True,True,True,True,True,True,True,True
2628,True,False,False,False,True,True,False,False
2629,True,True,True,False,True,True,True,False
2630,True,True,False,False,True,False,False,True
2631,True,True,True,True,True,True,False,True
2632,True,True,False,False,True,False,True,True
2633,True,True,False,False,True,False,True,True
2634,False,True,True,True,True,False,True,True
2635,False,True,True,True,True,True,True,True
2636,False,True,False,True,True,True,True,True
2637,False,True,False,True,True,True,True,True
2638,False,False,False,True,True,False,True,True
2639,True,True,False,False,True,True,True,True
2640,True,True,True,False,True,False,False,False
2641,True,True,False,True,True,False,True,True
2642,False,True,True,True,True,False,False,True
2643,True,False,False,True,True,True,False,True
2644,True,True,False,True,False,True,False,True
2645,True,True,True,True,True,True,True,True
2646,True,True,True,True,False,False,False,False
2647,False,True,True,False,True,True,True,True
2648,False,False,True,False,True,True,True,True
2649,False,True,False,True,True,True,False,True
2650,True,True,True,True,True,True,False,True
2651,False,True,False,True,True,True,True,True
2652,True,True,True,True,True,True,True,True
2653,True,False,True,False,True,True,True,True
2654,True,True,True,True,True,False,True,True
2655,True,True,False,False,True,True,True,False
2656,True,True,True,True,True,True,False,True
2657,True,True,False,True,True,False,False,True
2658,True,True,False,True,False,True,True,True
2659,True,False,True,True,False,False,False,True
2660,True,True,True,True,True,True,False,True
2661,True,True,True,True,True,False,True,False
2662,True,False,True,True,False,True,True,True
2663,False,True,True,True,True,True,True,True
2664,True,True,True,True,True,True,True,True
2665,True,True,True,True,True,True,False,False
2666,True,False,True,False,True,True,False,False
2667,True,False,True,True,False,True,True,True
2668,True,True,True,True,False,False,False,True
2669,False,False,True,True,True,False,False,False
2670,True,True,True,False,False,True,True,False
2671,True,True,True,False,False,True,True,True
2672,True,True,False,True,True,True,True,True
2673,False,True,True,True,True,True,True,False
2674,True,True,True,True,True,True,True,False
2675,False,False,True,False,True,True,True,True
2676,True,True,True,True,True,False,False,True
2677,True,True,True,False,True,True,False,True
2678,False,True,True,True,True,True,False,False
2679,True,True,False,True,True,True,True,True
2680,True,True,False,True,True,True,True,False
2681,True,True,True,True,True,True,True,True
2682,True,False,True,False,True,True,False,True
2683,True,False,True,True,True,False,True,False
2684,True,False,True,False,True,True,True,True
2685,True,True,False,True,True,False,False,False
2686,True,True,False,True,False,True,True,True
2687,True,True,True,True,False,False,True,True
2688,True,False,False,True,False,True,False,True
2689,True,True,True,True,True,True,True,False
2690,True,False,True,False,True,True,False,False
2691,False,True,True,True,True,True,True,False
2692,False,True,False,True,True,True,True,False
2693,True,False,True,True,True,True,False,True
2694,False,True,False,False,True,True,True,False
2695,True,True,True,True,True,True,True,False
2696,True,True,False,True,False,False,True,True
2697,False,False,True,False,True,True,False,False
2698,False,True,False,True,True,True,True,True
2699,True,True,True,True,True,True,False,True
2700,True,False,False,True,False,True,False,False
2701,True,True,True,True,True,True,False,True
2702,True,True,True,True,True,True,True,True
2703,True,True,False,True,False,True,True,True
2704,True,True,False,True,True,True,True,False
2705,True,True,True,False,False,False,True,True
2706,True,True,True,True,True,True,False,True
2707,False,False,True,False,True,True,True,False
2708,True,True,True,True,True,True,True,False
2709,True,False,False,False,True,True,False,True
2710,True,True,True,True,True,False,True,True
2711,False,True,False,False,True,False,True,True
2712,True,True,True,True,True,True,True,True
2713,True,True,True,False,True,True,True,True
2714,True,True,True,False,True,False,True,True
2715,True,True,False,False,True,True,False,False
2716,False,True,True,True,True,True,True,True
2717,False,False,True,True,True,True,True,True
2718,False,True,True,True,True,True,True,True
2719,True,False,False,True,True,False,True,True
2720,True,True,True,True,True,False,False,True
2721,True,True,True,True,True,True,True,True
2722,True,True,True,False,True,True,False,True
2723,True,False,True,False,True,True,True,False
2724,False,True,True,True,True,True,True,True
2725,False,False,False,False,False,True,False,False
2726,True,False,False,True,True,False,True,True
2727,True,True,False,True,True,True,True,True
2728,False,True,False,True,False,True,True,False
2729,True,False,True,True,False,True,True,True
2730,True,True,False,True,True,True,False,True
2731,True,True,False,True,True,False,True,False
2732,False,True,False,True,False,True,True,True
2733,False,True,True,True,True,False,False,True
2734,False,True,True,True,True,True,False,True
2735,True,True,True,True,True,True,True,False
2736,True,True,True,True,True,True,True,True
2737,True,False,True,True,True,False,True,True
2738,False,False,True,False,True,True,True,True
2739,True,True,True,False,False,True,False,True
2740,True,True,True,True,True,True,True,False
2741,True,True,False,True,False,True,False,True
2742,True,True,True,True,True,False,False,True
2743,True,True,True,True,False,True,True,True
2744,True,True,True,False,True,True,True,True
2745,True,True,False,True,False,False,True,True
2746,True,True,False,True,False,True,True,True
2747,True,True,True,True,True,True,True,True
2748,True,True,True,True,True,True,False,True
2749,True,False,False,True,True,True,True,False
2750,True,False,True,False,True,False,True,True
2751,True,False,True,False,True,False,True,True
2752,True,False,True,True,False,True,True,False
2753,True,False,True,True,False,True,True,False
2754,False,True,True,True,True,False,True,True
2755,True,True,True,False,True,True,False,True
2756,True,False,True,True,True,True,True,True
2757,True,False,False,True,True,True,True,True
2758,True,False,True,False,True,True,True,True
2759,True,True,True,True,False,False,True,True
2760,True,True,False,True,True,True,False,False
2761,True,True,False,True,True,False,True,False
2762,True,True,True,True,False,True,True,True
2763,True,True,False,True,True,True,True,True
2764,False,True,False,True,True,False,True,True
2765,True,True,False,True,True,True,True,True
2766,False,True,True,True,True,True,True,False
2767,True,True,True,False,True,True,True,False
2768,True,False,True,True,True,True,True,True
2769,True,False,True,True,True,True,True,True
2770,False,False,False,True,True,True,True,True
2771,True,False,False,True,True,False,True,True
2772,False,False,True,True,True,False,False,True
2773,True,False,False,False,True,True,True,False
2774,True,True,False,False,False,True,False,False
2775,True,False,True,True,True,True,True,True
2776,True,False,True,True,True,False,True,False
2777,False,True,False,True,True,True,False,True
2778,False,True,False,True,True,True,True,True
2779,True,False,False,True,False,True,False,True
2780,True,False,False,True,True,True,True,True
2781,True,True,False,False,False,True,True,True
2782,True,True,True,True,False,False,True,True
2783,True,True,True,True,True,True,False,True
2784,True,False,False,True,True,False,True,True
2785,True,True,False,True,True,True,True,True
2786,True,True,False,True,True,True,True,False
2787,True,False,False,True,False,False,True,False
2788,True,True,True,True,True,True,True,True
2789,True,True,False,False,True,False,False,True
2790,True,True,True,False,True,True,False,True
2791,True,True,False,True,True,True,True,False
2792,False,False,True,True,True,True,False,True
2793,True,False,True,True,True,True,False,True
2794,False,False,True,False,True,True,True,True
2795,False,False,True,False,True,True,True,False
2796,False,True,True,False,False,True,True,True
2797,False,False,False,True,True,True,True,False
2798,True,False,True,False,False,True,True,True
2799,True,True,True,True,True,True,True,False
2800,True,True,True,True,False,True,True,True
2801,True,True,True,True,True,True,True,True
2802,True,True,True,False,True,True,False,True
2803,True,True,False,True,True,False,True,True
2804,True,False,True,True,False,False,False,True
2805,True,False,True,False,True,False,True,True
2806,False,True,False,False,True,False,False,True
2807,True,False,True,True,True,True,False,True
2808,True,True,True,True,True,False,True,True
2809,True,False,False,True,True,True,False,True
2810,True,True,True,True,True,False,True,True
2811,True,True,True,True,False,False,False,False
2812,False,False,True,True,True,True,True,True
2813,True,False,False,True,False,False,True,True
2814,True,False,True,True,True,True,False,True
2815,True,True,True,True,True,False,False,True
2816,False,True,True,True,True,True,True,True
2817,True,False,False,True,True,True,False,True
2818,False,True,True,False,False,False,True,True
2819,True,True,False,False,False,True,True,False
2820,True,False,True,True,False,True,True,False
2821,True,True,True,True,False,False,True,True
2822,True,True,False,True,True,True,True,True
2823,True,True,False,True,True,False,True,True
2824,True,True,False,False,True,False,False,True
2825,False,True,False,True,True,True,True,True
2826,True,True,False,False,True,True,True,False
2827,True,False,False,True,True,True,False,True
2828,True,False,True,True,True,True,False,True
2829,True,True,False,True,True,True,True,True
2830,True,False,True,False,True,True,False,False
2831,True,False,True,True,False,False,True,True
2832,False,True,False,False,True,True,True,True
2833,False,True,True,True,True,True,True,True
2834,True,False,True,True,False,False,True,False
2835,False,False,True,False,False,True,False,False
2836,True,True,False,True,True,False,True,True
2837,False,True,False,True,False,True,True,True
2838,False,True,False,True,False,False,True,False
2839,True,True,False,True,True,True,True,False
2840,True,True,False,True,False,False,True,True
2841,False,True,False,False,True,False,False,True
2842,True,True,True,False,False,True,True,True
2843,True,True,True,False,True,False,True,True
2844,True,True,True,True,False,True,True,True
2845,True,True,True,True,True,True,True,True
2846,True,True,False,True,True,True,False,False
2847,True,False,True,True,True,True,True,True
2848,True,True,False,True,True,True,True,True
2849,True,False,False,False,False,False,True,False
2850,True,True,False,True,True,True,False,True
2851,True,True,True,True,True,True,True,True
2852,False,True,False,True,True,True,False,False
2853,False,False,True,True,True,False,False,False
2854,False,False,True,False,True,True,True,True
2855,True,True,False,False,True,True,True,True
2856,True,False,True,False,True,True,True,True
2857,True,True,False,False,True,True,False,True
2858,False,True,True,True,True,False,True,False
2859,False,True,True,True,True,False,True,False
2860,True,True,False,True,True,False,True,False
2861,True,True,True,True,True,True,False,True
2862,False,True,True,False,True,True,False,False
2863,True,True,True,True,True,False,True,True
2864,True,True,True,True,True,True,True,True
2865,True,True,True,True,True,False,True,True
2866,True,True,True,False,True,True,False,True
2867,True,True,True,True,True,False,True,False
2868,False,True,True,True,False,False,False,True
2869,True,True,True,True,True,False,True,False
2870,True,True,True,True,True,True,True,False
2871,True,True,True,True,True,True,True,True
2872,False,True,True,False,False,True,True,True
2873,True,True,True,True,True,True,False,False
2874,True,False,False,False,False,False,False,True
2875,False,True,False,False,False,True,False,True
2876,True,False,True,True,True,True,True,False
2877,True,True,False,True,False,False,False,True
2878,True,False,False,True,True,True,False,False
2879,True,True,False,True,False,False,True,False
2880,True,False,True,True,True,True,True,True
2881,False,True,True,True,True,True,False,True
2882,True,True,False,True,False,True,True,False
2883,True,True,False,False,True,True,False,True
2884,False,True,True,True,True,True,True,True
2885,True,False,True,False,True,True,True,False
2886,True,True,False,True,False,True,False,False
2887,False,True,True,True,False,True,True,True
2888,True,True,True,True,True,True,True,True
2889,False,True,True,True,False,False,True,True
2890,True,True,True,True,True,False,True,True
2891,True,True,False,True,True,False,False,True
2892,True,True,True,False,False,False,True,False
2893,False,True,True,False,True,False,True,True
2894,False,True,False,False,True,True,True,False
2895,True,False,True,True,False,True,True,True
2896,True,True,True,True,False,True,True,True
2897,True,True,False,True,True,True,True,True
2898,True,True,True,False,False,False,True,True
2899,True,True,True,True,True,True,False,True
2900,False,True,True,True,True,False,True,False
2901,True,True,False,True,True,True,True,False
2902,True,True,False,False,True,True,True,True
2903,False,False,True,True,True,True,True,False
2904,False,False,True,True,False,True,False,True
2905,False,False,True,True,False,True,True,True
2906,True,True,False,False,False,True,False,False
2907,True,False,False,True,False,False,False,False
2908,True,True,False,False,False,False,False,True
2909,True,True,True,True,True,True,True,True
2910,False,True,True,True,False,True,False,True
2911,False,True,False,True,False,False,True,True
2912,True,False,True,True,True,True,True,True
2913,True,True,True,True,True,True,True,True
2914,False,True,True,True,True,True,True,True
2915,False,True,True,True,True,True,True,True
2916,False,False,True,True,False,True,False,False
2917,True,False,True,True,True,True,True,True
2918,True,True,True,True,True,True,False,False
2919,True,True,False,True,True,True,True,True
2920,False,True,False,True,True,True,False,True
2921,False,True,True,False,True,False,True,False
2922,True,True,True,True,True,True,False,True
2923,True,True,False,True,True,True,True,True
2924,True,False,False,True,False,True,False,True
2925,False,False,True,True,True,True,False,True
2926,True,False,False,True,True,False,False,True
2927,True,False,True,True,False,True,True,True
2928,True,True,True,False,True,False,True,True
2929,True,False,True,True,True,False,True,True
2930,False,True,True,True,True,True,True,True
2931,True,False,False,True,True,True,True,True
2932,False,True,True,True,False,True,True,True
2933,True,True,False,True,False,True,True,True
2934,False,True,True,True,False,True,True,True
2935,False,True,False,False,True,True,False,True
2936,True,True,True,True,True,True,True,True
2937,False,False,False,False,True,False,False,True
2938,False,True,True,True,False,True,False,True
2939,True,False,True,True,True,False,False,False
2940,False,True,False,True,False,True,False,False
2941,True,False,True,True,False,False,True,True
2942,False,True,False,True,True,True,True,False
2943,False,True,True,True,False,True,True,True
2944,True,True,True,False,True,True,True,False
2945,False,True,True,True,True,True,False,False
2946,True,True,False,True,True,False,True,True
2947,True,True,False,False,True,False,True,True
2948,True,False,True,True,True,True,True,True
2949,True,True,False,False,True,True,False,False
2950,True,True,True,False,True,False,True,True
2951,True,True,True,True,False,True,True,False
2952,False,False,True,True,True,True,True,False
2953,False,True,True,False,False,True,True,True
2954,True,False,True,True,False,True,True,True
2955,True,True,True,False,True,True,True,False
2956,True,True,True,True,True,False,True,False
2957,True,True,True,True,True,True,False,True
2958,True,False,True,True,True,True,True,False
2959,True,True,False,True,False,True,False,True
2960,True,False,False,True,True,False,False,False
2961,True,True,True,True,True,True,True,False
2962,False,False,False,False,False,False,True,True
2963,True,True,False,False,True,True,False,True
2964,True,True,True,False,True,True,False,False
2965,False,True,True,True,True,True,True,False
2966,False,True,False,False,True,False,True,True
2967,False,True,True,False,True,False,True,True
2968,False,True,True,True,False,True,True,True
2969,False,True,True,False,True,True,True,True
2970,False,True,True,False,False,True,True,True
2971,True,True,True,False,True,True,True,True
2972,False,True,False,True,False,True,False,False
2973,True,True,False,False,True,False,True,True
2974,False,False,False,True,True,True,True,True
2975,True,True,True,True,True,False,True,True
2976,False,False,False,True,False,True,False,True
2977,True,True,True,True,True,False,False,True
2978,False,False,False,True,True,True,True,False
2979,False,False,True,False,False,True,False,True
2980,True,False,True,True,True,True,False,True
2981,True,False,True,True,True,True,False,True
2982,True,True,False,True,True,True,True,True
2983,True,False,True,True,False,True,True,True
2984,True,True,True,True,True,True,True,True
2985,False,True,False,False,True,True,True,True
2986,True,True,False,False,True,True,False,False
2987,True,False,True,True,True,True,True,False
2988,False,True,True,False,True,True,True,True
2989,False,False,True,True,False,True,True,True
2990,False,True,True,True,True,True,True,True
2991,False,False,True,True,False,True,True,False
2992,True,True,True,True,True,True,False,True
2993,True,False,True,False,True,True,True,True
2994,True,False,True,True,True,True,True,True
2995,True,True,False,True,False,True,False,True
2996,True,True,False,True,True,True,True,False
2997,True,True,False,True,False,True,True,True
2998,False,True,False,True,True,False,True,False
2999,True,True,True,True,False,True,False,False
3000,False,False,True,True,True,True,True,False
3001,True,True,False,False,True,True,True,False
3002,True,False,True,True,False,False,False,False
3003,True,False,False,True,False,True,True,True
3004,True,True,False,True,True,False,True,True
3005,True,False,True,True,True,True,True,True
3006,True,True,True,True,True,False,True,True
3007,False,True,False,False,False,True,True,True
3008,True,False,True,True,True,True,True,False
3009,True,True,True,True,True,True,True,False
3010,True,True,False,True,True,False,False,False
3011,False,False,False,True,True,True,False,True
3012,False,True,False,True,False,True,False,True
3013,True,True,True,True,True,True,True,True
3014,True,True,True,True,False,False,True,True
3015,True,True,True,False,False,True,False,True
3016,True,True,False,True,False,False,True,True
3017,True,False,False,False,True,False,True,True
3018,False,False,False,True,True,True,True,True
3019,True,False,True,True,False,True,True,False
3020,False,True,True,False,True,True,True,True
3021,True,False,True,True,True,True,False,True
3022,True,True,True,False,True,True,True,True
3023,True,False,False,True,True,False,True,True
3024,True,True,False,True,True,True,True,False
3025,False,True,False,True,True,True,True,True
3026,True,True,False,True,False,True,True,False
3027,True,False,True,True,True,False,True,True
3028,True,False,False,True,False,False,True,False
3029,True,False,True,False,False,True,True,True
3030,True,False,True,False,True,True,True,True
3031,True,True,True,True,True,False,False,False
3032,True,False,True,True,True,True,True,False
3033,True,True,True,False,True,True,True,False
3034,True,False,True,True,True,True,True,True
3035,True,True,True,True,True,True,True,True
3036,True,True,True,True,True,True,True,False
3037,False,True,False,False,True,False,True,True
3038,True,True,True,False,True,False,True,False
3039,True,True,True,True,True,True,False,False
3040,False,True,True,False,True,True,True,False
3041,True,True,True,True,True,True,False,False
3042,True,False,True,True,True,True,False,True
3043,False,True,True,True,False,False,False,False
3044,False,True,True,False,False,False,False,True
3045,True,False,True,True,False,True,False,False
3046,True,False,True,True,True,True,False,False
3047,True,True,False,True,False,False,False,True
3048,False,True,True,True,True,False,True,True
3049,True,False,True,True,True,True,True,True
3050,True,False,True,True,True,True,True,False
3051,False,True,True,True,False,False,True,False
3052,False,True,True,False,True,True,True,False
3053,False,False,False,True,True,True,True,False
3054,True,False,True,True,True,True,True,True
3055,False,True,False,False,True,True,False,True
3056,True,True,False,False,True,True,True,True
3057,False,False,False,True,True,False,True,True
3058,True,False,True,True,True,True,True,True
3059,False,True,True,True,True,True,True,False
3060,False,True,True,True,True,False,True,False
3061,False,False,True,True,True,True,True,True
3062,True,False,False,False,True,False,True,True
3063,True,False,True,True,True,True,True,False
3064,True,True,False,False,True,True,True,True
3065,False,True,False,True,True,True,False,False
3066,True,True,True,True,True,False,False,True
3067,True,True,False,False,True,False,True,False
3068,True,True,True,True,True,True,True,True
3069,False,True,True,True,True,True,True,True
3070,True,False,False,True,False,True,True,False
3071,True,False,True,True,True,True,False,True
3072,True,False,False,False,True,False,True,True
3073,True,True,False,True,True,True,False,False
3074,True,True,True,True,False,True,False,False
3075,True,True,False,True,False,False,True,True
3076,True,True,True,True,False,False,True,False
3077,True,True,True,False,True,True,True,True
3078,True,True,False,True,True,True,True,True
3079,True,True,False,True,True,True,True,True
3080,True,False,True,True,False,True,False,True
3081,True,False,True,True,True,True,False,True
3082,True,True,True,False,True,True,True,True
3083,True,True,True,True,True,True,False,True
3084,True,False,True,True,True,True,False,False
3085,True,True,True,False,True,True,True,True
3086,True,False,True,False,True,True,True,True
3087,False,True,True,False,False,True,True,True
3088,True,False,True,True,True,True,True,False
3089,True,True,True,False,True,False,False,True
3090,True,True,True,True,True,True,False,False
3091,False,False,True,True,False,True,True,True
3092,False,True,True,True,True,False,False,True
3093,True,True,True,True,False,False,True,False
3094,False,True,True,True,False,False,True,True
3095,True,False,True,True,False,True,False,True
3096,True,True,True,False,True,True,False,True
3097,False,True,True,False,True,False,True,True
3098,True,True,True,True,False,False,False,True
3099,True,True,True,True,False,False,False,False
3100,False,False,True,True,True,True,True,True
3101,True,True,True,True,True,False,True,True
3102,True,True,False,False,True,False,True,False
3103,False,False,True,True,True,True,True,True
3104,False,False,True,True,True,True,True,True
3105,True,True,True,True,False,False,True,True
3106,True,False,False,True,True,True,True,True
3107,True,True,True,True,True,True,False,True
3108,True,True,False,True,True,True,False,True
3109,True,True,True,True,True,False,True,True
3110,True,False,True,True,True,False,True,True
3111,True,True,True,True,True,True,True,False
3112,True,False,True,False,False,True,True,False
3113,True,False,False,True,False,False,True,True
3114,False,True,False,False,True,True,True,True
3115,False,True,True,False,True,False,True,True
3116,False,True,True,True,True,False,False,True
3117,True,False,False,False,True,False,True,True
3118,True,False,False,True,True,True,True,True
3119,True,True,True,False,True,True,True,True
3120,False,True,True,True,True,False,True,False
3121,False,False,True,False,True,False,True,True
3122,True,False,True,True,False,False,True,True
3123,True,False,True,True,True,True,True,True
3124,True,True,True,False,True,True,False,True
3125,False,False,True,True,True,False,True,False
3126,False,False,False,False,False,True,True,True
3127,True,False,True,False,True,True,True,True
3128,False,False,True,False,False,False,True,True
3129,False,True,True,False,False,True,True,False
3130,True,True,False,True,True,False,True,False
3131,True,False,True,True,True,False,False,True
3132,True,True,True,True,True,True,True,False
3133,False,True,False,False,False,True,True,True
3134,True,True,True,True,True,True,False,True
3135,True,True,True,True,True,True,True,True
3136,True,True,True,True,True,False,True,False
3137,False,True,False,True,True,True,False,False
3138,True,True,True,True,False,True,True,True
3139,False,True,False,True,True,False,True,True
3140,True,True,False,False,False,True,False,True
3141,True,True,True,False,False,True,True,True
3142,False,True,True,True,True,True,True,True
3143,True,True,False,False,True,True,True,True
3144,False,False,True,False,True,False,True,True
3145,True,True,True,True,True,True,False,True
3146,True,False,False,True,True,True,True,True
3147,True,True,True,True,False,False,True,False
3148,True,False,True,True,True,True,True,True
3149,True,True,True,True,False,False,True,True
3150,True,True,True,True,False,True,True,True
3151,True,True,True,False,True,True,False,True
3152,True,False,True,True,True,True,True,True
3153,True,True,False,True,True,True,False,True
3154,True,True,True,True,False,False,True,True
3155,True,False,True,True,True,True,True,True
3156,True,False,True,True,True,True,True,True
3157,True,False,True,True,True,True,True,True
3158,False,True,False,True,True,True,False,True
3159,True,False,False,False,True,True,True,True
3160,True,True,True,True,True,True,True,True
3161,True,True,True,True,True,True,True,True
3162,True,True,True,True,True,False,False,True
3163,True,True,False,True,True,False,False,True
3164,True,False,True,True,True,True,False,True
3165,False,False,True,True,True,False,False,True
3166,True,True,True,False,True,False,False,False
3167,True,True,True,False,True,True,True,True
3168,True,True,False,True,True,True,True,False
3169,True,True,True,True,False,False,True,True
3170,False,True,True,False,True,True,True,True
3171,True,False,True,False,True,True,True,True
3172,True,False,True,False,False,True,True,True
3173,True,True,True,True,True,True,True,False
3174,True,False,True,True,False,True,True,True
3175,False,True,True,False,True,False,True,True
3176,True,True,True,True,False,True,False,True
3177,True,False,False,False,True,True,True,True
3178,True,True,False,False,True,True,True,True
3179,True,True,True,True,True,True,False,True
3180,True,True,False,False,True,True,True,True
3181,False,True,True,False,True,False,True,True
3182,True,True,True,False,False,False,True,False
3183,False,True,True,True,True,False,True,False
3184,False,True,True,True,False,True,False,True
3185,True,False,True,True,True,False,True,True
3186,False,True,True,True,True,True,False,True
3187,False,False,True,True,True,False,True,False
3188,True,True,False,True,True,True,True,True
3189,True,False,False,True,True,True,True,True
3190,True,True,True,True,False,False,True,True
3191,False,False,True,True,False,True,True,True
3192,True,True,True,True,True,True,True,False
3193,True,True,True,False,True,True,True,True
3194,True,True,True,False,True,True,False,True
3195,False,True,False,True,True,False,True,True
3196,True,True,True,True,True,True,True,True
3197,True,True,True,False,False,True,True,True
3198,True,True,False,True,True,True,True,False
3199,True,True,False,True,True,True,True,False
3200,False,True,False,False,False,True,True,True
3201,True,True,True,True,True,False,True,True
3202,False,True,True,False,True,False,True,True
3203,True,False,False,True,True,True,True,False
3204,True,True,True,True,True,True,False,False
3205,False,False,False,False,True,False,False,True
3206,True,True,False,True,False,True,True,True
3207,True,True,True,True,True,True,False,True
3208,True,True,True,True,False,False,True,False
3209,False,False,True,True,True,False,True,False
3210,True,True,False,True,True,True,False,True
3211,False,False,True,True,True,True,True,True
3212,True,True,True,True,True,True,True,True
3213,True,True,True,False,True,False,True,True
3214,False,False,True,True,True,True,False,True
3215,False,True,True,True,True,True,True,True
3216,True,False,False,True,True,True,True,False
3217,True,False,True,True,True,True,True,True
3218,False,False,True,False,True,True,True,False
3219,False,True,False,True,False,True,True,True
3220,False,True,True,False,True,True,False,True
3221,True,False,True,False,True,True,True,False
3222,True,True,True,False,False,True,True,True
3223,False,True,False,True,False,True,True,False
3224,False,False,True,True,True,False,True,True
3225,False,True,False,True,True,True,True,True
3226,True,False,True,True,True,False,True,True
3227,True,True,True,False,False,True,True,False
3228,True,True,True,True,False,True,True,True
3229,True,True,True,False,True,True,True,False
3230,True,False,True,True,True,False,True,False
3231,True,True,False,True,False,True,True,False
3232,True,True,True,True,True,False,False,True
3233,True,True,True,True,False,True,True,True
3234,False,True,True,True,True,True,False,True
3235,True,True,True,False,False,True,True,True
3236,True,False,True,True,True,True,True,True
3237,False,True,True,False,True,True,False,True
3238,True,True,True,True,True,True,True,False
3239,True,False,True,True,False,True,True,True
3240,True,True,True,True,False,False,False,True
3241,False,False,False,True,True,True,True,True
3242,True,True,True,True,True,True,False,False
3243,True,True,True,True,True,True,False,True
3244,True,False,True,True,True,True,True,False
3245,False,True,True,True,True,False,True,False
3246,False,False,False,True,False,False,True,False
3247,True,True,False,True,False,True,True,True
3248,True,True,True,True,True,False,True,False
3249,True,False,False,True,True,True,True,True
3250,True,True,True,True,True,True,False,False
3251,True,True,False,False,True,False,True,True
3252,True,True,True,True,False,True,True,True
3253,True,True,True,True,True,True,True,True
3254,True,False,True,False,True,True,True,False
3255,True,True,True,True,True,True,False,True
3256,False,True,False,True,True,True,True,True
3257,True,False,True,False,True,True,True,True
3258,True,True,False,False,True,False,True,True
3259,False,True,True,True,True,True,True,True
3260,True,True,True,True,True,False,True,True
3261,False,True,True,True,False,True,True,True
3262,True,True,True,False,False,True,True,True
3263,True,True,True,True,True,True,False,False
3264,True,True,False,True,True,True,True,True
3265,False,True,True,True,False,True,False,True
3266,False,True,True,True,True,True,True,False
3267,True,True,True,True,True,True,True,True
3268,True,True,False,False,False,True,True,True
3269,True,True,True,True,True,True,False,True
3270,True,False,True,False,False,True,True,True
3271,True,True,True,False,False,True,True,False
3272,True,True,True,True,True,False,False,True
3273,False,False,True,True,True,True,False,True
3274,True,True,False,True,True,True,True,True
3275,False,True,False,True,True,True,True,True
3276,False,True,True,True,True,False,False,True
3277,True,True,True,True,True,True,False,True
3278,True,True,True,True,True,False,True,True
3279,True,False,True,True,True,False,False,True
3280,True,False,True,True,True,True,True,True
3281,True,True,False,True,True,False,False,True
3282,False,True,True,False,True,True,True,True
3283,True,True,True,False,True,True,True,True
3284,True,True,True,True,False,True,True,True
3285,False,False,False,True,False,True,True,True
3286,True,False,True,False,True,True,True,True
3287,True,False,True,True,False,True,True,False
3288,True,False,True,True,True,True,True,True
3289,True,False,True,True,False,True,True,True
3290,False,False,True,True,False,False,True,True
3291,False,True,True,False,True,True,True,True
3292,True,True,True,True,False,True,True,False
3293,False,False,True,False,True,True,True,True
3294,False,True,True,True,False,True,False,True
3295,True,True,True,False,False,True,True,True
3296,False,True,True,False,True,True,True,True
3297,False,False,True,True,False,True,False,True
3298,True,False,True,True,True,True,True,True
3299,False,True,False,True,True,True,True,True
3300,True,False,True,False,False,False,False,True
3301,True,True,True,True,True,False,True,True
3302,False,True,False,False,True,True,True,False
3303,False,True,True,True,True,True,True,False
3304,True,True,True,True,True,False,True,True
3305,True,True,True,True,True,True,True,True
3306,True,True,True,True,True,True,True,True
3307,True,True,True,False,False,True,True,False
3308,True,True,False,True,True,True,True,True
3309,True,False,False,True,True,True,True,False
3310,True,True,True,False,True,False,True,True
3311,True,True,True,False,True,True,True,True
3312,True,True,True,True,False,True,True,True
3313,True,False,True,False,True,True,True,True
3314,False,True,True,True,True,True,True,False
3315,True,False,False,True,True,True,True,True
3316,True,True,True,True,False,False,True,True
3317,False,True,False,False,False,True,True,False
3318,True,False,True,False,True,True,False,True
3319,True,True,True,True,False,True,False,True
3320,True,True,False,False,True,True,True,True
3321,True,True,True,False,True,True,True,False
3322,True,False,False,False,False,True,True,True
3323,False,False,True,True,False,True,True,False
3324,True,False,True,True,False,True,True,True
3325,True,True,True,False,True,True,True,True
3326,False,False,False,False,False,False,True,True
3327,True,False,True,True,True,False,False,False
3328,True,False,True,True,True,False,True,False
3329,True,True,True,True,False,False,True,True
3330,True,False,True,True,True,True,False,True
3331,False,True,True,True,True,True,True,True
3332,True,True,True,True,False,True,True,False
3333,True,True,False,True,True,False,True,True
3334,True,True,False,False,True,False,True,True
3335,True,True,True,True,True,True,False,False
3336,True,True,False,True,True,False,False,True
3337,True,False,False,True,True,True,True,False
3338,True,True,False,False,True,True,False,True
3339,False,True,True,True,False,True,True,False
3340,False,False,False,False,False,True,True,False
3341,True,True,True,True,True,False,False,False
3342,True,True,True,False,False,True,True,True
3343,True,False,True,False,True,False,True,True
3344,True,True,True,True,False,True,True,True
3345,False,False,False,True,False,True,False,True
3346,False,True,True,True,True,True,False,True
3347,True,True,True,False,True,False,True,True
3348,False,False,True,False,True,True,True,False
3349,True,True,False,True,True,True,True,False
3350,True,False,False,False,True,True,False,True
3351,True,True,True,True,False,True,True,False
3352,True,True,False,False,False,False,False,True
3353,True,False,False,True,True,False,True,False
3354,True,True,False,True,False,True,True,True
3355,True,True,True,True,True,True,True,True
3356,True,False,False,True,False,True,True,True
3357,True,False,True,True,True,True,True,False
3358,True,True,True,True,True,True,True,True
3359,False,True,True,True,False,False,True,True
3360,False,True,False,True,False,True,False,False
3361,False,True,True,True,True,False,True,True
3362,False,True,True,True,True,False,True,True
3363,True,True,True,False,True,False,False,True
3364,True,True,True,False,True,True,True,True
3365,True,False,False,True,False,False,True,True
3366,False,False,True,False,False,True,True,True
3367,True,False,True,True,True,True,False,True
3368,False,True,True,True,False,True,True,False
3369,True,False,True,True,True,False,False,True
3370,True,False,True,True,True,False,False,False
3371,False,True,True,False,True,True,True,True
3372,True,True,False,False,True,True,True,True
3373,True,True,True,True,True,False,True,True
3374,True,True,False,True,True,True,True,True
3375,True,True,False,False,True,True,False,True
3376,True,True,False,True,True,True,True,True
3377,True,True,True,True,True,False,True,True
3378,True,True,True,True,False,False,True,True
3379,False,True,True,False,True,True,True,True
3380,True,True,False,True,True,True,True,True
3381,True,True,False,False,True,True,True,True
3382,True,False,True,True,False,True,False,True
3383,True,True,True,True,True,False,True,False
3384,True,True,True,True,True,True,True,True
3385,True,True,False,True,True,True,True,False
3386,False,False,False,False,True,False,True,False
3387,True,False,True,False,True,False,True,False
3388,True,False,False,True,False,True,False,True
3389,True,True,True,False,True,True,False,True
3390,True,False,False,True,True,True,False,False
3391,True,True,False,True,True,True,True,True
3392,True,True,True,True,True,True,False,False
3393,True,True,True,True,True,False,True,True
3394,True,True,True,True,True,True,False,False
3395,False,False,False,False,True,True,True,True
3396,False,False,False,True,True,True,False,False
3397,True,True,False,True,True,True,False,True
3398,True,True,False,False,True,False,True,True
3399,True,True,True,False,False,True,False,False
3400,False,True,False,False,True,False,False,False
3401,True,True,True,True,True,True,True,True
3402,False,True,True,True,True,True,False,True
3403,True,False,True,True,True,True,False,True
3404,False,False,True,True,False,True,True,False
3405,True,True,False,True,False,True,False,False
3406,True,True,True,True,False,True,True,False
3407,False,False,True,True,True,True,False,True
3408,True,True,True,True,False,True,False,True
3409,False,True,True,True,False,False,False,False
3410,True,False,True,True,True,True,True,False
3411,False,True,False,True,True,True,True,False
3412,False,True,True,True,True,True,True,True
3413,True,True,False,False,True,False,True,False
3414,True,True,True,False,False,True,True,False
3415,False,True,True,False,True,True,True,True
3416,False,False,True,True,True,True,True,True
3417,True,True,True,True,True,True,True,True
3418,True,True,False,True,False,True,False,True
3419,True,True,True,True,True,True,True,True
3420,True,True,True,True,True,True,True,True
3421,True,True,True,True,True,False,True,True
3422,False,False,False,True,True,True,True,False
3423,False,True,True,True,True,True,True,True
3424,True,True,False,False,True,True,True,True
3425,True,True,False,True,False,True,False,True
3426,True,False,False,False,False,True,True,True
3427,True,False,False,True,True,True,False,True
3428,False,True,True,False,True,True,True,False
3429,True,False,True,True,True,True,False,False
3430,True,True,True,False,True,True,True,True
3431,True,True,True,True,False,False,True,True
3432,True,True,True,True,True,True,True,False
3433,True,False,True,True,True,True,True,True
3434,False,False,True,True,True,True,True,False
3435,False,False,True,True,True,True,True,True
3436,True,False,True,True,True,True,True,False
3437,True,True,True,True,True,True,False,False
3438,False,False,True,False,False,True,True,False
3439,False,False,True,True,True,True,True,True
3440,True,False,True,True,True,False,True,True
3441,False,False,True,False,False,True,False,True
3442,True,True,True,False,True,True,True,False
3443,False,False,True,False,True,True,True,True
3444,True,True,True,False,False,True,False,False
3445,False,True,True,False,True,True,True,False
3446,False,True,False,False,True,True,True,True
3447,True,True,False,True,False,True,False,True
3448,True,True,True,True,True,True,True,True
3449,False,True,True,True,True,True,True,False
3450,True,True,True,True,True,True,True,False
3451,True,True,True,True,True,True,False,True
3452,True,True,False,True,False,True,True,True
3453,True,True,False,True,False,True,True,True
3454,False,False,False,False,False,True,True,True
3455,True,True,False,True,True,True,True,True
3456,True,True,False,True,True,False,True,True
3457,False,True,True,False,True,False,False,True
3458,True,True,True,False,False,True,False,True
3459,True,False,True,False,False,True,True,False
3460,True,True,True,True,True,True,False,True
3461,True,True,False,True,True,False,True,False
3462,True,False,True,True,True,True,True,False
3463,True,False,False,True,True,True,True,True
3464,True,True,True,False,True,True,False,True
3465,False,True,False,False,True,True,True,True
3466,True,False,True,True,True,True,False,True
3467,True,True,False,False,True,True,False,True
3468,True,False,False,True,True,True,True,True
3469,True,False,True,False,False,True,False,True
3470,True,True,False,True,False,False,False,False
3471,True,True,True,True,False,True,False,False
3472,True,True,True,True,True,True,False,True
3473,True,True,True,True,False,True,True,False
3474,False,True,True,False,True,False,False,True
3475,False,True,True,True,True,True,True,True
3476,False,True,True,True,False,True,False,True
3477,False,True,False,True,True,True,True,True
3478,True,True,False,True,True,True,False,True
3479,True,True,True,True,True,True,True,True
3480,True,True,True,True,True,True,True,False
3481,True,True,False,True,True,True,True,True
3482,True,True,False,False,False,False,True,False
3483,True,True,True,True,True,True,False,True
3484,True,False,True,True,True,True,True,True
3485,True,True,True,True,True,False,True,True
3486,False,True,False,True,True,True,False,False
3487,True,False,True,True,True,False,True,False
3488,True,True,True,False,True,True,True,True
3489,False,True,False,False,True,False,True,False
3490,False,True,True,True,True,False,True,False
3491,False,False,True,False,True,True,True,True
3492,False,True,False,False,True,False,True,False
3493,False,True,True,False,True,True,True,False
3494,True,True,False,False,True,False,False,False
3495,True,True,False,True,False,False,False,True
3496,True,True,False,True,False,True,True,True
3497,True,True,True,True,True,True,True,False
3498,True,True,True,True,True,True,True,True
3499,False,False,True,True,False,True,True,True
3500,True,True,True,True,True,False,True,True
3501,True,False,True,True,True,True,False,False
3502,True,False,True,True,True,False,False,True
3503,True,True,False,False,True,True,True,True
3504,True,True,False,True,False,True,False,False
3505,False,True,True,True,True,True,True,True
3506,True,False,True,True,True,True,False,False
3507,False,True,True,True,True,True,True,True
3508,False,True,False,True,True,True,True,True
3509,False,True,False,True,True,True,True,True
3510,True,True,True,True,True,False,False,True
3511,True,True,True,False,True,True,False,False
3512,True,True,True,True,True,True,True,True
3513,False,True,True,False,True,True,True,False
3514,True,False,True,True,True,True,True,False
3515,False,False,True,True,True,True,True,True
3516,False,False,False,True,True,True,True,True
3517,False,True,True,True,True,True,False,False
3518,True,True,False,True,False,True,True,False
3519,True,True,True,True,True,True,False,False
3520,True,True,True,True,True,False,True,True
3521,True,True,False,True,True,True,True,True
3522,False,True,False,True,False,True,True,True
3523,True,True,True,True,True,False,True,False
3524,True,True,False,True,True,False,True,True
3525,True,False,False,True,True,True,True,True
3526,True,True,False,False,False,True,False,True
3527,True,False,True,True,True,False,True,False
3528,False,True,True,True,True,False,True,True
3529,False,False,True,True,True,True,True,False
3530,True,True,False,True,True,True,False,True
3531,True,False,True,True,True,False,False,True
3532,True,True,True,True,False,True,True,True
3533,True,False,True,True,True,True,False,True
3534,True,True,False,True,True,True,False,True
3535,True,True,False,True,True,False,True,True
3536,True,False,False,False,True,False,True,False
3537,True,True,True,True,True,True,True,True
3538,True,False,True,True,False,True,True,True
3539,True,True,True,False,True,True,True,True
3540,False,True,True,True,True,True,False,True
3541,True,False,False,True,True,True,False,False
3542,True,True,True,False,False,False,False,False
3543,True,True,True,False,True,False,True,True
3544,True,True,True,True,True,False,False,True
3545,True,True,True,False,True,True,True,False
3546,True,True,True,False,False,False,True,False
3547,True,False,False,True,False,True,True,True
3548,False,True,True,True,True,False,False,False
3549,True,True,True,True,False,True,True,True
3550,True,True,False,True,True,True,True,False
3551,False,True,True,False,True,False,True,True
3552,True,False,False,True,True,True,False,False
3553,True,True,False,False,True,True,True,True
3554,True,True,True,True,True,True,True,False
3555,False,True,False,True,True,True,False,False
3556,True,True,True,True,True,False,False,True
3557,True,False,False,True,False,False,True,True
3558,False,True,False,True,True,False,True,True
3559,True,True,True,False,True,True,True,True
3560,False,True,True,False,True,True,True,True
3561,True,True,False,True,False,True,False,False
3562,True,True,True,True,False,True,True,True
3563,False,True,True,True,True,False,False,True
3564,True,True,True,True,True,False,True,True
3565,True,True,True,True,False,False,True,False
3566,False,True,True,True,False,True,True,True
3567,False,True,True,True,False,True,False,True
3568,False,True,False,True,True,True,True,True
3569,False,True,False,True,False,True,True,False
3570,False,False,True,True,True,True,False,True
3571,True,True,False,False,True,True,False,True
3572,True,False,True,True,True,False,True,False
3573,True,True,True,False,True,False,True,False
3574,True,True,True,True,True,False,True,True
3575,True,True,True,True,True,True,True,False
3576,True,True,False,True,True,True,True,True
3577,True,False,True,True,True,True,True,False
3578,False,True,True,True,False,True,True,True
3579,True,True,False,False,True,True,True,True
3580,True,True,True,True,True,True,True,True
3581,True,True,True,True,True,True,True,True
3582,False,True,True,False,True,True,True,False
3583,True,True,False,True,True,True,True,True
3584,True,True,False,False,True,True,True,False
3585,True,False,True,True,False,True,True,False
3586,True,False,True,True,True,False,False,False
3587,False,True,False,True,True,False,True,True
3588,True,False,True,True,True,True,False,True
3589,False,True,True,True,False,False,True,True
3590,True,True,True,False,True,True,False,True
3591,True,True,False,True,True,True,True,True
3592,False,True,True,True,False,True,True,False
3593,False,False,False,True,True,True,False,True
3594,True,True,False,True,True,False,True,True
3595,True,False,True,False,False,False,True,True
3596,False,True,False,False,True,False,False,True
3597,True,True,False,True,True,True,True,False
3598,True,True,False,False,True,True,True,True
3599,True,True,False,False,True,False,False,True
3600,False,True,True,True,False,False,True,False
3601,True,True,True,True,False,True,True,True
3602,True,False,False,True,False,True,False,True
3603,True,True,True,True,False,True,True,True
3604,False,True,True,False,True,True,True,True
3605,False,False,True,True,False,True,False,False
3606,True,True,True,True,True,False,True,False
3607,True,True,True,True,False,True,True,True
3608,True,True,False,True,False,True,True,True
3609,False,True,True,True,True,True,True,True
3610,False,False,True,False,True,False,True,False
3611,True,False,True,True,True,True,True,False
3612,True,True,True,True,True,True,True,False
3613,True,False,False,True,True,True,False,True
3614,True,True,True,True,True,True,False,True
3615,False,True,True,False,True,True,True,True
3616,True,False,False,False,True,False,True,True
3617,True,False,True,False,False,True,True,False
3618,True,True,True,True,True,False,False,False
3619,True,True,True,False,True,True,True,False
3620,False,True,True,True,False,False,True,True
3621,True,True,False,True,True,False,True,True
3622,False,True,False,True,True,False,False,True
3623,True,True,False,True,True,False,True,True
3624,True,True,True,True,True,False,True,True
3625,False,False,False,True,True,False,True,False
3626,True,True,False,True,False,False,True,True
3627,True,True,True,False,True,True,True,True
3628,True,True,True,False,True,True,False,False
3629,True,False,True,False,True,False,True,True
3630,True,True,False,False,False,True,True,True
3631,True,True,True,True,True,True,True,False
3632,False,True,True,True,False,True,True,True
3633,True,False,True,False,True,False,True,True
3634,True,False,True,False,False,True,False,True
3635,True,True,True,True,True,False,True,True
3636,False,True,False,True,False,False,False,True
3637,True,True,True,True,False,True,False,False
3638,True,False,True,True,True,False,False,True
3639,False,True,True,True,True,True,False,False
3640,True,True,True,True,True,True,True,True
3641,True,False,True,True,True,True,True,False
3642,True,True,True,False,False,True,True,True
3643,True,True,False,True,False,False,False,True
3644,False,True,False,True,True,False,True,False
3645,False,True,True,True,True,False,True,False
3646,True,False,False,False,True,True,False,True
3647,True,True,True,True,True,True,True,True
3648,False,True,False,True,True,True,False,False
3649,False,False,True,True,True,False,True,True
3650,True,True,True,False,True,True,False,True
3651,True,False,True,False,True,False,True,True
3652,True,False,True,True,True,True,True,True
3653,True,True,True,True,True,False,True,True
3654,True,False,True,True,True,False,False,True
3655,False,True,False,True,True,True,False,True
3656,True,True,True,True,True,False,True,True
3657,True,False,True,True,True,True,True,True
3658,True,True,True,True,False,True,True,True
3659,True,False,True,False,False,False,True,False
3660,True,True,True,True,True,True,False,True
3661,True,True,True,False,True,True,True,False
3662,True,True,True,False,True,True,True,False
3663,False,True,True,True,True,True,False,True
3664,True,True,True,False,True,True,False,False
3665,True,True,True,True,True,True,True,True
3666,True,True,False,False,True,True,False,False
3667,True,True,False,True,True,True,False,True
3668,True,False,True,True,True,False,True,True
3669,False,True,True,True,True,False,True,True
3670,False,False,True,True,True,True,True,False
3671,True,True,True,True,True,True,False,True
3672,True,False,True,True,False,True,True,False
3673,True,True,True,True,True,True,True,False
3674,True,True,False,False,False,True,True,True
3675,True,False,False,True,True,True,True,True
3676,True,True,True,True,True,True,False,False
3677,False,True,False,False,True,True,False,False
3678,False,True,True,True,True,False,False,False
3679,False,True,True,False,False,False,False,True
3680,False,True,False,True,True,True,False,True
3681,True,False,False,True,True,True,False,True
3682,False,True,True,True,False,True,False,False
3683,False,False,True,False,True,True,False,True
3684,True,True,True,True,False,True,False,False
3685,True,True,True,True,False,False,True,False
3686,False,True,True,True,False,False,True,True
3687,True,False,False,True,True,False,False,True
3688,True,False,False,False,True,False,True,True
3689,True,True,False,True,True,True,True,True
3690,True,False,True,True,False,False,True,True
3691,False,False,True,False,True,True,True,False
3692,True,True,False,False,True,True,True,False
3693,True,False,True,True,False,False,False,True
3694,False,True,True,True,False,False,False,True
3695,True,False,True,True,True,True,True,False
3696,True,False,False,True,True,True,False,True
3697,True,False,True,True,True,True,True,True
3698,True,True,True,True,True,True,True,True
3699,True,True,True,False,True,True,True,True
3700,True,True,False,True,False,False,True,False
3701,True,False,True,False,True,False,False,True
3702,True,False,True,True,True,True,False,True
3703,True,False,False,True,True,False,False,True
3704,False,False,True,True,True,True,True,False
3705,True,True,True,True,True,False,True,True
3706,True,True,False,False,True,False,True,False
3707,True,True,True,True,True,True,True,True
3708,True,True,True,True,False,True,True,False
3709,True,True,True,False,False,True,True,True
3710,True,True,False,True,False,True,False,True
3711,True,True,True,True,False,True,False,True
3712,True,True,True,True,True,True,False,True
3713,True,True,True,True,True,True,True,False
3714,False,True,True,False,False,False,True,True
3715,False,True,True,False,True,False,True,True
3716,True,True,False,True,True,False,True,True
3717,True,False,True,True,True,False,True,False
3718,True,False,False,False,False,True,True,False
3719,False,True,True,True,True,True,True,True
3720,True,True,True,True,False,False,True,True
3721,False,True,True,True,True,True,True,False
3722,True,True,True,True,True,True,True,True
3723,True,True,False,True,True,True,True,False
3724,False,True,True,True,True,True,False,True
3725,True,False,True,True,False,True,True,False
3726,True,True,True,True,False,True,True,True
3727,True,False,True,True,True,True,False,True
3728,False,True,False,True,True,True,False,True
3729,True,False,False,True,True,True,False,True
3730,True,True,True,True,True,True,False,False
3731,True,True,True,True,True,True,True,True
3732,True,True,True,True,False,True,True,True
3733,False,False,False,True,False,True,False,True
3734,True,True,True,True,False,True,True,False
3735,True,False,True,True,True,True,True,False
3736,False,True,True,True,False,True,True,True
3737,True,True,False,True,False,True,True,True
3738,True,False,False,False,True,True,False,True
3739,True,True,True,True,True,True,False,True
3740,True,True,False,False,False,False,False,False
3741,True,True,False,True,True,False,True,True
3742,False,False,True,True,True,False,False,False
3743,False,True,False,False,True,False,True,True
3744,True,True,False,False,True,False,True,True
3745,False,False,True,True,True,True,False,False
3746,False,True,True,True,True,False,True,True
3747,True,True,True,True,True,True,True,False
3748,False,False,False,True,True,True,True,True
3749,True,True,False,False,False,True,True,True
3750,False,True,True,False,True,True,True,False
3751,False,False,True,True,True,True,False,True
3752,True,False,True,True,False,True,False,True
3753,False,False,True,False,True,True,False,False
3754,False,False,True,True,True,True,True,True
3755,True,True,False,True,True,True,False,True
3756,False,True,True,False,False,True,True,True
3757,True,True,True,False,True,True,True,True
3758,False,False,False,False,True,True,False,False
3759,True,False,True,True,True,True,True,True
3760,False,False,True,True,False,True,False,True
3761,False,False,True,False,True,True,True,True
3762,True,True,True,False,True,True,False,True
3763,False,True,True,False,True,True,True,True
3764,True,True,True,False,True,True,False,True
3765,True,True,True,True,False,False,True,True
3766,True,True,True,False,True,True,True,False
3767,True,True,True,False,False,True,True,True
3768,True,True,True,False,True,True,True,False
3769,True,True,True,True,True,False,True,True
3770,True,False,False,True,False,False,True,False
3771,True,True,True,True,True,False,True,True
3772,True,False,False,False,True,True,True,True
3773,True,True,True,False,False,True,True,True
3774,False,True,True,False,True,True,True,True
3775,True,True,True,False,True,True,True,True
3776,True,False,True,True,False,False,True,True
3777,True,True,True,True,False,True,True,True
3778,False,False,True,True,True,True,True,False
3779,True,True,True,False,False,True,True,True
3780,False,True,True,False,True,True,True,False
3781,True,False,True,False,True,True,False,True
3782,True,True,False,True,True,True,True,True
3783,True,True,True,False,True,True,True,True
3784,True,True,False,True,True,True,True,False
3785,True,False,True,True,False,False,True,True
3786,False,True,False,True,False,False,True,True
3787,False,True,True,True,False,True,True,False
3788,False,False,True,False,True,True,True,False
3789,False,True,False,True,True,True,False,True
3790,True,False,True,False,True,False,True,False
3791,True,False,True,True,True,True,True,True
3792,True,True,False,True,True,False,True,True
3793,True,True,True,False,False,True,True,False
3794,False,False,True,True,False,True,False,True
3795,False,False,False,True,True,False,False,True
3796,False,False,False,True,True,True,True,True
3797,True,True,True,False,True,False,True,False
3798,True,False,False,False,False,True,False,True
3799,False,False,False,False,False,True,True,False
3800,True,True,True,True,True,False,True,True
3801,True,True,False,False,False,False,True,True
3802,True,False,True,False,True,True,True,True
3803,True,False,True,True,True,True,True,True
3804,False,True,False,False,True,True,True,False
3805,True,True,True,True,True,False,False,True
3806,False,True,True,False,True,True,False,False
3807,True,False,False,True,False,True,True,True
3808,True,False,True,True,True,False,True,True
3809,True,False,True,True,True,False,True,True
3810,False,False,False,False,True,True,True,True
3811,True,True,True,True,True,True,True,False
3812,True,False,True,True,True,False,True,True
3813,True,False,True,True,True,True,True,True
3814,False,True,False,True,True,True,True,False
3815,True,True,True,True,True,True,True,True
3816,False,True,True,False,True,True,True,False
3817,True,True,True,True,True,True,True,False
3818,True,False,True,True,True,True,True,True
3819,False,True,True,True,False,False,True,True
3820,True,True,True,True,True,True,True,True
3821,False,True,True,False,True,False,False,True
3822,True,True,True,True,True,True,True,True
3823,False,False,False,True,False,True,True,True
3824,True,True,True,False,True,True,True,True
3825,True,True,True,True,False,True,True,True
3826,True,True,True,True,True,True,True,True
3827,True,False,True,True,True,True,False,True
3828,False,True,True,True,True,False,True,True
3829,True,False,False,False,False,True,False,True
3830,True,True,False,True,False,False,True,False
3831,True,True,True,True,True,True,False,False
3832,False,True,False,True,True,False,True,True
3833,False,True,False,False,True,False,False,False
3834,False,True,False,True,False,True,True,True
3835,True,True,True,True,False,True,True,True
3836,True,True,True,True,True,True,True,True
3837,True,True,True,True,True,True,False,True
3838,False,True,True,True,False,True,False,True
3839,False,True,False,False,True,True,False,False
3840,True,False,False,True,True,True,False,True
3841,False,True,False,True,False,False,True,True
3842,True,True,True,False,True,True,True,False
3843,False,False,False,True,True,False,False,False
3844,True,True,True,True,True,True,True,False
3845,True,False,False,True,False,True,True,False
3846,True,True,True,True,True,True,True,False
3847,True,False,False,True,True,True,True,True
3848,True,True,True,True,True,True,False,False
3849,True,True,True,False,True,True,True,True
3850,True,True,True,True,True,True,True,True
3851,True,True,True,True,False,False,False,False
3852,True,True,True,False,True,True,False,True
3853,True,False,True,True,True,False,False,True
3854,False,True,True,False,True,True,True,True
3855,False,False,True,True,True,True,False,False
3856,True,True,True,False,False,False,True,True
3857,False,False,False,True,True,False,True,False
3858,True,False,True,True,False,True,False,True
3859,True,True,True,False,True,False,True,False
3860,True,True,True,True,True,True,True,True
3861,False,False,True,True,True,True,True,True
3862,True,False,True,True,True,True,False,True
3863,True,False,False,True,False,True,False,False
3864,False,True,False,False,False,False,True,True
3865,True,True,True,True,True,True,False,True
3866,True,False,True,False,True,False,True,False
3867,True,True,False,True,True,False,True,False
3868,True,False,True,False,True,True,True,True
3869,False,False,True,True,True,True,True,False
3870,True,True,False,True,True,False,True,True
3871,True,True,True,False,True,True,False,False
3872,False,True,True,True,True,False,True,True
3873,True,True,True,False,True,True,False,True
3874,True,False,True,True,True,False,True,True
3875,True,False,True,False,True,False,False,True
3876,True,True,True,True,True,True,True,False
3877,True,False,True,True,True,True,False,True
3878,True,True,True,False,True,True,True,True
3879,True,False,True,True,True,True,False,True
3880,True,True,True,False,True,False,False,False
3881,False,True,True,False,False,True,True,True
3882,True,True,False,True,True,False,False,True
3883,True,True,True,True,True,True,True,False
3884,True,True,True,True,True,True,True,True
3885,False,False,False,False,False,True,False,True
3886,True,True,True,True,True,True,True,False
3887,False,True,True,False,True,True,True,False
3888,False,False,True,True,True,True,True,True
3889,False,True,False,False,False,True,True,False
3890,True,True,True,False,True,False,True,True
3891,False,True,True,False,True,True,False,False
3892,True,False,True,True,False,False,True,True
3893,True,True,True,False,False,True,False,True
3894,True,True,True,True,True,True,True,True
3895,True,True,True,True,True,True,True,False
3896,True,True,True,True,False,True,True,False
3897,True,True,True,False,False,False,True,True
3898,True,True,False,True,False,False,False,False
3899,True,True,True,False,False,True,False,True
3900,True,True,True,False,True,True,False,True
3901,False,True,True,False,True,False,True,False
3902,False,True,False,True,True,True,True,False
3903,False,True,True,True,True,True,True,True
3904,False,False,True,False,False,True,True,True
3905,False,False,False,True,True,True,True,True
3906,False,False,False,True,True,True,False,True
3907,True,True,False,True,False,True,False,True
3908,False,False,True,True,True,False,True,False
3909,False,True,False,False,True,False,True,True
3910,False,False,False,False,False,False,True,False
3911,False,True,True,True,True,True,True,True
3912,True,False,True,True,True,False,True,True
3913,False,True,True,True,True,False,False,True
3914,True,True,True,True,True,True,False,True
3915,False,True,True,True,True,True,True,False
3916,False,False,True,True,True,True,False,True
3917,True,False,False,False,True,True,False,True
3918,True,True,True,True,True,True,True,True
3919,False,True,False,False,True,True,True,True
3920,False,True,True,True,True,True,True,True
3921,False,True,True,False,False,False,False,True
3922,True,True,False,True,True,True,True,False
3923,False,True,False,True,True,False,True,True
3924,True,False,False,False,True,False,False,True
3925,True,True,False,True,False,False,True,True
3926,False,True,False,False,True,True,True,True
3927,True,False,True,True,True,True,True,True
3928,False,True,False,False,True,False,False,True
3929,False,True,True,False,True,True,False,False
3930,True,True,False,False,True,True,True,True
3931,True,True,False,False,False,True,True,False
3932,True,True,True,True,True,False,True,True
3933,True,True,True,True,True,False,False,True
3934,True,True,False,True,True,False,True,True
3935,True,True,False,True,True,True,False,True
3936,False,True,True,True,True,True,True,True
3937,True,True,True,False,False,False,True,True
3938,False,True,True,False,False,False,True,True
3939,True,True,False,False,True,True,True,True
3940,False,True,True,True,True,True,True,False
3941,True,True,False,False,True,True,True,True
3942,True,False,False,True,True,True,True,True
3943,True,True,True,False,True,True,True,False
3944,True,True,False,False,True,False,True,True
3945,False,True,True,True,True,True,False,True
3946,False,True,True,True,True,True,True,True
3947,False,True,True,True,True,True,False,False
3948,True,True,False,True,True,False,True,True
3949,False,True,True,True,True,False,True,True
3950,True,True,False,True,False,True,True,True
3951,False,True,True,True,False,True,True,True
3952,False,False,True,True,True,False,True,True
3953,True,False,True,True,True,True,False,True
3954,True,True,False,False,False,True,False,True
3955,True,True,True,False,True,True,True,False
3956,True,False,True,True,False,True,True,True
3957,True,True,True,False,False,True,True,False
3958,True,False,True,False,False,True,False,False
3959,False,False,True,False,True,False,True,False
3960,True,True,True,True,False,True,False,True
3961,True,False,True,False,True,True,False,False
3962,False,True,True,True,False,True,True,False
3963,False,False,False,False,True,True,False,True
3964,False,True,False,False,True,True,True,True
3965,True,True,False,False,True,True,True,True
3966,True,True,False,True,True,False,False,True
3967,False,True,False,True,True,True,True,False
3968,True,True,True,True,True,True,True,True
3969,True,False,True,False,True,True,True,True
3970,True,True,False,True,True,True,False,True
3971,False,False,False,False,True,True,True,True
3972,True,True,True,True,False,True,True,False
3973,True,True,True,True,True,False,True,True
3974,True,True,False,True,True,True,False,False
3975,False,False,True,True,True,True,False,True
3976,False,True,True,True,True,True,False,True
3977,True,True,True,False,True,True,True,True
3978,False,True,True,True,True,True,True,False
3979,True,False,True,True,True,True,True,True
3980,True,True,False,False,True,True,True,True
3981,False,False,True,True,False,True,True,True
3982,False,False,True,True,True,False,True,True
3983,True,True,True,True,True,False,True,True
3984,False,True,True,False,False,False,True,True
3985,True,True,True,True,False,True,False,True
3986,True,True,False,True,True,True,True,True
3987,True,True,True,True,True,False,True,True
3988,True,True,True,False,True,False,False,False
3989,False,True,False,True,True,True,True,False
3990,False,True,True,False,False,True,True,True
3991,True,True,True,False,True,True,False,False
3992,True,True,True,True,True,False,True,True
3993,True,False,True,False,True,False,True,True
3994,False,True,False,True,True,False,True,False
3995,False,False,True,True,True,True,True,False
3996,False,False,True,True,True,True,False,True
3997,True,True,True,True,True,True,False,True
3998,False,True,False,True,False,True,True,False
3999,True,False,False,True,False,False,False,True
4000,True,True,False,True,False,False,True,True
4001,True,False,False,True,True,True,False,True
4002,True,False,True,True,True,False,True,True
4003,True,True,True,False,True,True,True,True
4004,True,False,True,False,True,True,True,False
4005,True,True,False,False,True,True,False,True
4006,False,True,True,True,True,True,True,True
4007,False,False,True,False,False,True,True,False
4008,True,True,False,True,True,True,True,True
4009,False,True,True,False,True,False,True,True
4010,False,False,True,False,True,True,True,True
4011,True,True,True,True,True,True,True,False
4012,True,True,False,True,False,True,True,True
4013,True,True,False,True,True,True,False,True
4014,True,True,False,True,True,False,True,True
4015,True,True,False,True,True,False,True,True
4016,True,True,True,False,True,True,True,False
4017,True,True,False,False,True,False,True,True
4018,True,True,True,False,False,True,False,True
4019,True,True,False,True,False,True,False,True
4020,False,True,True,True,True,True,True,True
4021,True,False,True,True,True,True,False,True
4022,True,True,True,False,True,True,True,True
4023,False,True,True,False,True,True,False,True
4024,True,False,True,True,True,True,True,False
4025,True,False,True,False,True,True,False,True
4026,True,False,True,True,True,True,False,False
4027,True,True,True,False,False,True,True,True
4028,True,False,True,True,False,True,False,False
4029,True,True,True,False,True,True,True,False
4030,True,False,True,True,False,True,True,True
4031,True,False,False,True,True,True,True,True
4032,True,True,True,False,True,True,True,True
4033,False,True,True,True,False,False,True,False
4034,True,False,True,True,False,True,True,True
4035,False,True,False,False,True,False,True,True
4036,False,True,True,False,True,False,False,False
4037,False,True,True,True,True,True,True,False
4038,False,False,False,True,True,True,True,True
4039,True,True,True,False,False,True,True,True
4040,False,True,True,True,True,True,True,False
4041,False,True,True,True,False,True,False,True
4042,True,True,True,True,False,True,False,True
4043,True,True,False,True,True,False,True,True
4044,True,True,True,True,True,False,True,False
4045,True,True,False,True,False,True,True,False
4046,False,True,True,False,True,False,True,True
4047,True,True,True,True,True,True,True,True
4048,True,True,True,True,True,False,True,False
4049,False,True,False,False,True,True,True,False
4050,True,False,True,True,True,False,True,True
4051,True,True,True,True,False,True,True,True
4052,True,True,True,True,True,True,False,True
4053,True,True,True,False,False,False,True,True
4054,True,False,True,True,True,True,True,True
4055,True,False,True,True,True,False,True,True
4056,True,True,True,False,True,True,True,False
4057,False,True,False,True,True,False,True,True
4058,False,True,True,False,False,True,True,True
4059,True,True,False,False,True,True,False,False
4060,False,True,False,True,True,False,False,True
4061,True,True,False,True,True,True,True,True
4062,False,False,True,True,True,False,True,False
4063,True,True,True,True,True,True,True,True
4064,False,True,True,False,True,False,True,False
4065,False,False,True,True,True,True,True,False
4066,True,True,False,True,True,False,True,False
4067,False,True,True,False,True,True,True,True
4068,False,True,True,False,True,False,True,True
4069,False,True,True,True,False,False,True,True
4070,True,True,True,False,True,True,True,False
4071,True,True,True,True,False,True,True,True
4072,False,False,False,True,True,True,True,True
4073,False,True,True,False,False,True,True,True
4074,True,False,False,True,True,True,True,False
4075,True,True,True,True,True,True,True,True
4076,False,False,True,False,True,True,False,False
4077,False,False,False,True,True,False,True,False
4078,True,False,True,True,False,False,False,True
4079,True,True,True,False,False,True,False,True
4080,False,True,False,True,False,False,True,False
4081,True,True,True,False,True,False,True,False
4082,True,True,True,True,True,True,False,False
4083,False,False,True,True,True,False,True,False
4084,False,True,False,True,True,True,True,True
4085,True,True,True,False,False,True,False,True
4086,True,False,True,True,True,True,True,True
4087,False,True,False,True,True,False,False,False
4088,True,True,True,False,True,True,True,True
4089,False,False,True,True,True,True,True,True
4090,True,False,False,False,True,True,True,True
4091,True,True,False,True,True,True,True,True
4092,False,True,True,False,True,True,True,False
4093,True,True,False,True,True,True,False,False
4094,True,True,True,True,True,True,True,True
4095,True,True,True,True,True,True,True,True
4096,True,False,False,True,False,True,True,True
4097,True,True,True,True,True,True,False,True
4098,False,True,True,False,False,True,False,True
4099,False,True,True,True,True,True,True,True
4100,False,True,False,True,False,False,True,True
4101,True,False,True,False,False,True,True,False
4102,True,True,True,False,True,False,True,True
4103,False,True,False,False,False,False,True,False
4104,False,True,True,False,True,True,False,True
4105,False,False,False,True,False,False,True,True
4106,True,True,True,True,True,True,True,True
4107,True,True,True,True,True,True,False,False
4108,False,True,True,True,False,True,True,True
4109,True,True,False,False,True,False,True,True
4110,False,False,True,True,True,True,True,True
4111,False,True,True,True,True,False,False,True
4112,False,True,False,True,True,True,True,True
4113,False,True,False,True,False,True,True,True
4114,False,True,True,True,False,False,False,False
4115,True,True,True,False,True,True,True,True
4116,True,True,True,True,True,True,True,True
4117,True,False,True,False,True,True,False,True
4118,False,True,False,True,True,True,True,True
4119,False,False,False,True,False,False,True,False
4120,True,True,True,True,True,False,True,True
4121,True,False,True,True,True,False,True,False
4122,True,True,False,True,True,False,True,True
4123,True,True,False,True,True,False,False,True
4124,True,True,True,True,True,True,True,True
4125,True,True,True,True,True,True,False,True
4126,True,True,True,True,True,True,False,False
4127,True,False,False,True,False,True,True,True
4128,True,True,True,True,True,True,False,True
4129,True,True,False,True,True,True,False,True
4130,False,True,True,True,True,True,False,True
4131,False,False,False,True,True,True,True,False
4132,True,True,True,False,True,False,False,True
4133,True,True,True,True,True,False,False,True
4134,False,False,True,False,True,False,False,False
4135,True,False,True,True,True,False,True,False
4136,True,True,False,True,True,False,True,True
4137,True,True,True,False,True,True,True,False
4138,False,True,True,False,True,False,True,False
4139,True,False,True,True,True,True,True,False
4140,True,True,False,True,True,True,True,True
4141,False,False,True,True,False,True,True,False
4142,True,True,True,True,True,True,False,True
4143,False,True,False,False,False,True,True,True
4144,True,False,False,False,True,True,False,True
4145,True,False,True,True,False,True,True,True
4146,False,True,True,True,True,True,True,False
4147,False,True,True,True,False,True,False,True
4148,True,False,True,True,True,False,True,False
4149,True,False,True,False,False,True,True,True
4150,True,True,False,True,True,True,True,True
4151,True,True,False,True,True,True,True,False
4152,True,True,False,False,False,False,True,True
4153,True,True,False,False,True,False,False,True
4154,True,False,True,True,False,True,False,False
4155,True,True,True,True,True,True,False,False
4156,False,True,True,False,False,True,True,True
4157,True,False,True,True,True,True,True,False
4158,True,True,True,False,True,False,False,False
4159,True,True,False,True,True,True,True,True
4160,False,True,True,True,True,True,True,False
4161,True,True,True,False,True,True,True,False
4162,True,False,True,True,False,True,False,False
4163,True,True,True,False,True,True,False,False
4164,True,True,False,False,False,True,True,True
4165,True,True,True,True,True,True,True,False
4166,False,True,True,True,True,True,True,True
4167,True,True,False,True,False,False,True,False
4168,True,True,True,True,False,True,True,False
4169,True,True,True,True,True,True,False,False
4170,True,False,True,True,True,True,False,True
4171,True,True,False,False,True,True,True,False
4172,True,False,False,True,True,True,True,True
4173,True,True,False,True,False,True,False,True
4174,True,False,True,True,True,True,True,True
4175,True,True,False,True,False,True,True,False
4176,False,True,False,True,True,True,True,False
4177,False,False,True,True,True,False,True,True
4178,True,False,True,True,True,False,True,False
4179,False,False,True,True,True,True,True,True
4180,True,True,True,False,False,True,True,True
4181,False,True,True,False,False,True,False,False
4182,False,True,True,True,True,True,True,True
4183,True,False,True,True,False,True,True,False
4184,False,False,True,False,True,False,True,True
4185,True,True,False,True,False,True,True,True
4186,True,True,True,True,True,True,True,False
4187,True,False,False,False,False,True,True,True
4188,True,True,True,True,False,True,False,True
4189,True,True,True,True,True,False,False,False
4190,True,False,True,False,False,True,True,True
4191,False,False,False,True,False,True,True,False
4192,False,True,True,False,True,True,False,True
4193,True,True,True,True,False,True,True,True
4194,True,False,True,False,False,False,False,False
4195,True,True,True,True,False,False,True,True
4196,True,True,False,True,True,True,False,True
4197,True,False,True,True,True,True,True,True
4198,False,True,False,False,True,True,True,True
4199,True,True,True,False,True,True,False,True
4200,True,True,True,True,False,False,True,True
4201,True,False,True,True,True,True,True,True
4202,True,True,True,True,True,True,False,True
4203,True,False,True,True,False,True,True,True
4204,True,True,True,True,True,True,True,False
4205,True,True,True,True,True,False,False,True
4206,True,True,True,False,True,True,False,False
4207,True,False,False,True,True,True,True,False
4208,True,True,True,True,True,True,True,False
4209,True,True,True,False,False,False,True,True
4210,True,False,True,True,True,True,False,True
4211,True,True,False,True,False,False,True,True
4212,True,True,True,True,False,True,True,True
4213,True,False,False,False,True,False,True,False
4214,True,True,True,True,True,True,True,False
4215,True,True,False,True,True,False,True,False
4216,True,True,True,True,True,True,True,False
4217,True,True,True,True,True,True,True,True
4218,True,True,False,False,False,True,True,False
4219,True,False,True,False,False,True,True,True
4220,False,False,True,True,True,False,False,True
4221,False,True,True,True,True,True,True,False
4222,False,True,True,True,True,True,True,True
4223,True,True,True,False,True,True,True,True
4224,True,True,True,False,True,True,True,False
4225,True,True,True,True,True,True,False,True
4226,True,True,True,True,True,True,True,True
4227,True,True,True,True,True,True,False,True
4228,True,False,False,True,False,True,True,True
4229,False,True,True,True,True,True,True,False
4230,True,True,True,False,True,True,True,True
4231,True,True,True,True,True,True,True,True
4232,True,False,True,True,True,True,True,True
4233,True,False,True,True,True,True,True,False
4234,True,True,True,True,False,False,True,True
4235,True,False,True,True,True,True,True,True
4236,False,True,False,True,False,True,True,False
4237,True,True,True,False,True,False,True,True
4238,True,True,False,True,True,False,True,True
4239,False,True,True,True,True,False,False,True
4240,True,True,True,False,True,True,True,False
4241,True,False,False,True,True,True,True,False
4242,True,True,True,True,True,True,True,True
4243,False,True,True,True,False,True,True,True
4244,False,True,True,True,True,True,True,False
4245,False,True,False,True,True,False,True,False
4246,True,True,True,True,False,True,True,False
4247,True,True,True,False,True,True,True,True
4248,True,False,False,True,False,False,False,True
4249,True,True,True,True,True,False,True,True
4250,False,True,True,True,False,False,False,False
4251,True,True,True,False,True,True,False,True
4252,True,True,True,True,True,True,True,True
4253,True,True,False,True,True,True,True,False
4254,True,False,False,True,True,False,True,True
4255,True,True,False,True,True,True,True,True
4256,True,True,True,False,False,True,True,True
4257,True,False,True,True,True,True,True,True
4258,False,True,True,True,True,True,False,False
4259,True,True,True,False,False,False,False,True
4260,False,True,True,True,True,True,True,False
4261,True,False,False,True,True,False,True,True
4262,False,True,False,True,True,True,True,False
4263,True,False,True,True,True,True,True,True
4264,True,True,True,False,True,True,True,False
4265,True,True,True,True,True,True,True,True
4266,False,False,False,True,True,False,True,False
4267,True,True,True,False,True,True,True,False
4268,True,True,True,True,True,True,True,True
4269,False,True,True,True,True,True,False,True
4270,False,True,True,True,False,False,False,False
4271,True,False,True,True,True,True,True,True
4272,False,True,True,True,True,True,True,True
4273,False,True,True,False,False,True,True,True
4274,True,True,True,True,True,True,True,False
4275,True,True,True,True,True,True,True,True
4276,True,False,False,False,True,False,True,True
4277,False,False,False,False,False,True,True,True
4278,False,True,True,False,False,True,False,True
4279,True,False,False,True,False,True,True,False
4280,False,True,True,False,True,False,False,False
4281,True,False,True,True,True,True,True,True
4282,False,True,True,True,True,False,True,False
4283,True,False,True,True,False,False,True,True
4284,False,False,True,True,False,True,True,False
4285,False,False,False,True,True,True,True,True
4286,False,True,False,False,False,True,True,True
4287,True,True,True,True,True,True,True,False
4288,True,False,False,False,True,True,True,False
4289,True,True,False,True,False,True,False,False
4290,False,True,True,False,False,True,True,True
4291,False,True,True,True,True,True,True,True
4292,False,True,True,False,True,False,False,False
4293,False,True,True,True,True,True,True,False
4294,True,True,False,True,False,True,True,False
4295,True,True,True,False,True,True,True,True
4296,False,True,True,False,True,True,False,False
4297,True,False,True,True,True,True,True,False
4298,False,True,True,False,True,True,True,True
4299,True,True,False,True,True,False,True,True
4300,False,True,False,True,False,True,True,True
4301,True,True,True,True,True,True,True,False
4302,True,False,True,True,False,True,True,True
4303,True,False,True,True,False,True,False,True
4304,False,False,True,True,True,True,True,True
4305,True,True,True,True,True,False,True,True
4306,True,False,True,False,False,True,True,True
4307,True,True,True,True,False,True,False,True
4308,False,True,True,True,True,True,False,True
4309,False,True,True,True,True,False,True,False
4310,True,True,True,True,True,False,True,True
4311,True,True,True,True,False,True,False,True
4312,False,False,False,False,True,False,True,True
4313,True,True,True,False,True,False,True,True
4314,False,True,False,True,True,True,False,False
4315,False,False,True,True,True,False,True,False
4316,True,True,False,True,True,True,True,True
4317,True,True,True,True,False,True,True,False
4318,True,False,True,True,True,False,True,True
4319,False,False,True,True,True,False,True,True
4320,True,True,True,True,True,True,True,False
4321,True,True,True,False,True,False,False,True
4322,False,True,False,True,True,False,True,False
4323,True,True,False,True,False,False,True,True
4324,True,False,False,True,True,False,False,True
4325,True,True,False,True,True,True,True,True
4326,False,True,True,True,True,True,True,False
4327,True,False,False,False,False,False,True,True
4328,True,True,True,True,True,False,True,True
4329,True,True,False,True,True,True,True,False
4330,True,False,True,False,False,True,True,True
4331,True,True,True,True,True,True,True,True
4332,True,True,True,True,True,True,False,True
4333,True,True,False,True,True,True,True,True
4334,False,True,False,True,True,True,True,True
4335,True,True,True,True,True,True,True,True
4336,True,True,True,True,True,True,False,False
4337,True,True,False,False,True,True,False,False
4338,False,True,True,True,True,True,True,True
4339,True,True,False,False,True,False,True,True
4340,True,True,True,True,True,True,True,False
4341,True,True,True,True,True,False,True,False
4342,False,False,True,True,True,False,True,True
4343,False,True,True,False,True,False,True,False
4344,True,True,False,True,True,False,True,True
4345,False,False,False,True,True,True,True,True
4346,True,False,False,True,True,False,True,False
4347,False,True,False,True,True,True,True,True
4348,True,True,False,True,True,True,True,True
4349,False,True,False,True,True,True,False,True
4350,True,True,False,True,True,True,False,True
4351,False,False,True,True,False,True,True,True
4352,True,True,True,True,True,True,True,False
4353,True,False,True,True,False,True,True,True
4354,False,False,False,True,False,True,True,True
4355,False,True,True,True,True,True,False,True
4356,True,True,True,False,True,True,True,True
4357,True,True,False,True,False,True,True,False
4358,False,True,False,True,True,False,True,True
4359,True,False,False,True,True,False,False,True
4360,True,True,True,True,True,True,True,True
4361,True,True,True,True,True,True,False,True
4362,False,True,True,True,True,True,False,True
4363,True,True,True,True,True,True,True,True
4364,True,False,True,True,True,True,False,False
4365,True,False,True,True,True,True,True,True
4366,True,False,True,False,False,True,True,True
4367,True,False,True,True,True,True,True,True
4368,False,False,True,False,False,True,True,True
4369,False,True,True,True,True,True,False,True
4370,True,True,True,True,True,True,True,True
4371,False,True,True,True,True,False,True,True
4372,True,False,True,True,True,False,True,True
4373,True,True,True,True,False,False,True,True
4374,True,True,True,True,True,False,True,True
4375,True,False,True,True,True,False,True,True
4376,False,False,True,True,False,True,True,True
4377,False,False,True,True,False,True,True,False
4378,True,False,True,False,True,True,False,True
4379,False,False,False,True,False,True,True,True
4380,True,True,True,True,True,True,True,True
4381,True,True,True,False,True,True,False,True
4382,True,True,True,False,False,False,True,True
4383,True,False,False,True,False,False,False,False
4384,True,True,False,True,True,True,True,True
4385,True,True,True,False,True,True,True,True
4386,False,True,True,True,True,True,False,False
4387,True,True,True,True,True,True,False,True
4388,True,False,True,True,True,True,True,True
4389,True,True,False,True,False,True,True,True
4390,True,False,True,False,True,True,False,False
4391,False,True,False,True,False,True,True,True
4392,True,True,True,True,False,False,True,True
4393,False,True,True,False,True,True,True,True
4394,True,True,True,True,False,False,True,True
4395,False,True,False,True,False,True,True,True
4396,True,True,True,True,True,False,True,True
4397,True,False,True,True,True,True,False,True
4398,False,True,True,True,True,True,True,True
4399,True,False,True,True,True,True,True,False
4400,False,False,True,True,True,False,True,True
4401,True,False,True,True,True,True,True,True
4402,True,False,True,True,True,True,True,True
4403,True,False,False,True,True,True,True,False
4404,False,False,False,True,True,True,True,True
4405,False,True,True,False,True,True,False,True
4406,True,True,True,True,True,False,True,True
4407,False,True,False,True,False,True,True,True
4408,True,True,False,True,True,False,True,True
4409,True,True,False,False,False,True,True,True
4410,True,True,True,True,True,False,True,False
4411,True,True,True,True,True,True,True,True
4412,True,False,True,True,True,True,True,True
4413,False,True,True,True,True,True,True,True
4414,False,True,True,True,False,False,True,True
4415,True,True,True,True,False,True,False,False
4416,True,True,False,True,True,True,True,True
4417,False,True,False,True,True,True,False,True
4418,False,True,True,True,True,True,True,True
4419,False,True,True,False,True,True,False,True
4420,True,False,True,True,False,True,False,False
4421,True,True,True,True,False,False,True,True
4422,False,True,True,True,False,False,False,False
4423,True,True,True,True,False,False,True,True
4424,True,False,False,True,False,True,True,True
4425,True,False,True,True,True,False,False,True
4426,True,False,True,True,True,True,True,True
4427,False,True,True,False,True,True,False,True
4428,True,True,True,True,True,True,False,True
4429,False,True,False,True,True,True,False,False
4430,False,True,True,True,True,False,True,True
4431,False,False,False,False,True,True,False,False
4432,True,True,True,True,False,False,True,True
4433,True,False,True,True,True,True,True,True
4434,True,True,False,True,True,True,True,True
4435,False,False,True,True,True,True,True,False
4436,False,True,True,False,True,True,True,False
4437,True,True,False,True,True,True,True,False
4438,True,True,True,True,True,False,False,True
4439,False,True,False,True,True,True,False,False
4440,True,True,False,True,True,True,True,True
4441,True,True,True,True,True,True,False,False
4442,False,True,False,True,True,True,True,False
4443,True,True,True,True,True,True,False,False
4444,False,True,True,False,True,True,False,False
4445,False,True,False,False,True,False,True,True
4446,True,True,False,False,False,True,False,True
4447,False,True,True,True,True,False,False,True
4448,False,False,True,False,False,True,False,True
4449,True,False,False,True,True,True,False,True
4450,False,True,True,False,True,True,False,False
4451,True,True,True,False,True,False,True,True
4452,True,True,True,True,True,False,True,True
4453,True,True,False,False,True,True,True,True
4454,True,False,False,False,True,True,False,True
4455,True,False,True,True,True,True,True,False
4456,True,True,True,True,True,False,True,True
4457,True,True,False,False,True,True,True,True
4458,True,True,False,True,True,True,True,True
4459,True,True,True,True,False,True,False,True
4460,True,True,True,True,False,True,True,True
4461,True,True,True,True,False,False,True,True
4462,False,False,False,False,True,False,False,False
4463,True,True,False,True,True,True,True,False
4464,False,True,True,False,True,True,True,True
4465,False,True,True,True,True,True,True,True
4466,True,False,False,False,False,False,True,False
4467,True,False,False,False,True,False,True,True
4468,True,True,False,True,True,True,True,True
4469,True,False,True,False,True,False,True,False
4470,False,True,False,True,True,True,False,True
4471,True,True,False,True,False,True,False,False
4472,True,False,True,False,True,True,False,False
4473,False,False,True,True,True,True,False,False
4474,True,False,True,False,True,True,False,True
4475,True,False,True,True,True,True,True,False
4476,False,False,True,False,True,True,True,True
4477,False,True,True,True,True,True,False,True
4478,True,False,True,True,True,False,True,True
4479,True,True,False,True,True,True,False,False
4480,False,False,False,True,True,True,True,False
4481,True,True,False,True,False,False,True,True
4482,True,True,True,True,True,False,True,True
4483,True,True,True,True,False,True,True,True
4484,False,True,True,True,True,True,True,True
4485,False,True,False,True,True,False,True,True
4486,False,True,True,True,True,True,True,False
4487,False,True,True,False,True,False,False,True
4488,False,True,True,True,True,True,True,False
4489,False,True,True,True,False,False,False,False
4490,False,True,True,True,False,True,True,False
4491,True,False,True,True,False,True,True,True
4492,True,True,False,True,True,False,True,True
4493,True,True,True,False,False,False,True,False
4494,False,True,True,True,False,True,True,False
4495,False,True,True,True,True,False,True,True
4496,True,True,True,False,True,True,True,True
4497,True,True,False,True,False,True,True,True
4498,False,True,True,True,True,True,True,False
4499,True,False,False,False,True,False,True,True
4500,True,False,True,False,False,True,True,True
4501,True,True,True,False,True,True,True,True
4502,True,True,True,False,False,True,True,True
4503,True,True,True,True,False,True,True,False
4504,True,True,True,True,True,True,True,False
4505,True,True,False,True,True,True,True,True
4506,False,True,True,True,True,True,True,True
4507,True,False,True,False,True,True,True,False
4508,True,True,True,False,False,True,False,False
4509,False,True,True,True,True,True,True,True
4510,False,True,True,False,True,True,True,True
4511,True,False,True,False,True,True,True,False
4512,True,True,False,False,False,False,True,True
4513,True,False,False,False,True,False,True,True
4514,True,True,True,True,False,False,False,True
4515,True,False,False,False,True,False,False,True
4516,False,True,True,True,True,True,True,False
4517,False,True,False,False,True,True,True,True
4518,True,True,True,False,True,True,True,True
4519,True,False,False,False,True,True,True,False
4520,True,True,False,False,True,True,True,True
4521,True,True,True,True,True,True,False,False
4522,True,True,True,False,False,True,False,True
4523,True,True,True,True,False,True,True,True
4524,False,False,False,True,False,True,False,False
4525,True,False,True,True,True,True,True,True
4526,True,False,True,True,True,True,True,True
4527,True,True,False,True,True,True,True,True
4528,True,True,False,True,True,True,False,True
4529,False,True,False,False,False,False,True,False
4530,True,True,True,True,True,False,True,False
4531,True,True,True,True,True,True,False,True
4532,True,False,True,True,True,True,True,True
4533,True,True,False,False,True,True,True,True
4534,False,True,True,False,True,True,True,True
4535,False,True,False,False,True,False,True,False
4536,False,False,False,True,False,True,False,True
4537,True,False,True,True,True,False,True,False
4538,True,True,True,True,True,False,True,True
4539,False,True,True,False,False,True,True,True
4540,True,False,False,True,False,False,False,False
4541,True,False,False,True,True,True,False,True
4542,False,True,True,True,False,True,False,True
4543,False,True,True,False,False,False,True,True
4544,True,True,True,True,True,False,True,False
4545,True,False,False,True,True,True,True,True
4546,False,True,True,False,True,True,True,True
4547,True,True,True,True,False,True,True,True
4548,False,True,True,True,True,True,False,True
4549,False,True,True,True,True,True,True,True
4550,True,False,False,True,False,True,True,True
4551,True,True,False,True,True,True,False,True
4552,False,True,False,True,True,False,True,True
4553,True,True,True,True,True,True,False,True
4554,True,True,True,True,True,False,False,True
4555,False,True,False,True,True,False,True,False
4556,True,True,True,False,False,False,True,True
4557,True,False,True,False,True,True,True,True
4558,True,True,False,False,False,False,True,True
4559,True,True,False,True,False,False,False,True
4560,False,False,False,True,True,False,True,True
4561,False,True,False,False,True,False,False,True
4562,True,True,False,False,True,True,True,True
4563,True,False,True,True,False,True,False,False
4564,False,False,True,True,True,True,False,True
4565,True,True,True,False,True,True,True,False
4566,True,True,True,False,True,True,False,True
4567,False,True,True,False,True,False,False,True
4568,True,False,False,True,True,True,True,True
4569,True,True,True,True,False,False,True,True
4570,True,True,True,False,True,True,False,True
4571,True,True,True,False,True,True,False,False
4572,True,True,True,True,True,False,True,True
4573,True,True,True,False,True,True,True,True
4574,False,True,True,True,True,True,True,True
4575,False,False,False,False,False,True,False,True
4576,True,True,True,True,True,False,True,True
4577,True,True,True,True,True,True,True,True
4578,True,False,False,True,False,False,True,True
4579,False,True,True,True,True,False,True,False
4580,True,True,False,True,True,True,False,True
4581,True,True,True,False,False,True,True,True
4582,True,True,True,True,True,True,True,True
4583,False,True,True,True,False,False,False,True
4584,True,True,False,True,False,True,True,False
4585,True,True,False,True,True,True,False,True
4586,True,False,True,True,False,False,True,False
4587,False,True,True,True,True,True,False,True
4588,True,True,True,True,True,True,True,False
4589,True,True,True,False,True,True,True,True
4590,True,True,False,True,False,False,False,True
4591,False,True,True,False,False,True,True,False
4592,True,True,True,True,True,True,False,True
4593,False,True,False,True,True,False,True,False
4594,True,True,False,True,True,True,True,True
4595,True,True,True,False,True,True,True,True
4596,True,True,True,True,False,True,True,True
4597,False,False,True,False,True,True,True,False
4598,True,True,True,True,False,True,True,True
4599,False,True,True,True,True,False,True,True
4600,True,False,True,True,True,False,False,True
4601,True,False,True,True,True,False,True,False
4602,True,True,True,True,True,True,True,True
4603,False,False,False,False,True,True,True,True
4604,True,True,False,True,True,True,True,False
4605,True,False,True,True,True,True,True,True
4606,True,True,False,True,True,True,True,False
4607,True,True,False,True,True,True,False,True
4608,False,True,False,False,False,True,False,True
4609,True,True,True,True,True,False,True,True
4610,False,False,False,True,True,True,True,False
4611,True,True,True,True,False,True,True,True
4612,False,True,False,True,True,True,True,False
4613,True,False,False,True,True,True,True,False
4614,True,True,True,False,False,True,True,False
4615,True,True,True,False,True,True,True,True
4616,False,False,True,True,False,True,False,False
4617,True,True,False,True,True,True,False,False
4618,False,True,False,True,True,True,False,True
4619,False,True,True,False,True,True,True,True
4620,False,True,True,False,True,True,False,False
4621,True,True,True,True,False,True,True,True
4622,True,True,True,True,True,True,True,True
4623,True,True,True,True,True,True,True,False
4624,True,False,True,True,True,True,True,False
4625,False,False,True,False,True,True,False,True
4626,False,True,False,True,True,True,True,False
4627,True,True,True,False,False,False,True,True
4628,True,True,True,False,False,True,False,False
4629,False,False,True,True,True,True,True,True
4630,True,True,True,True,False,False,True,True
4631,True,True,True,True,True,True,True,False
4632,True,False,True,True,True,True,True,True
4633,False,False,False,False,False,False,True,False
4634,True,False,True,True,False,True,True,True
4635,True,True,False,True,False,False,True,True
4636,False,True,True,True,True,False,False,False
4637,True,False,False,True,True,False,False,False
4638,True,True,True,True,False,False,True,True
4639,True,True,False,True,False,True,True,True
4640,True,True,True,False,False,True,True,False
4641,False,True,True,False,False,True,True,True
4642,True,True,True,True,True,True,True,False
4643,False,True,True,True,True,True,True,True
4644,True,True,False,True,True,True,True,False
4645,False,True,False,True,True,True,True,True
4646,False,True,True,False,True,True,True,False
4647,True,False,False,True,True,True,True,False
4648,True,False,True,True,False,True,True,True
4649,True,True,True,True,True,False,True,False
4650,True,False,True,True,True,True,True,True
4651,True,False,False,True,False,True,False,False
4652,False,True,True,True,True,True,True,True
4653,True,True,True,True,True,True,False,False
4654,True,True,False,True,True,True,False,True
4655,False,True,True,True,True,True,True,False
4656,False,True,True,False,False,True,True,False
4657,True,True,False,True,False,False,False,False
4658,False,True,True,False,True,False,True,False
4659,True,True,False,True,False,False,True,False
4660,True,True,True,True,True,True,True,True
4661,True,True,True,False,True,True,True,True
4662,True,True,True,True,False,False,True,False
4663,True,True,False,True,True,False,True,True
4664,True,True,True,True,True,False,True,False
4665,True,True,True,True,True,True,True,True
4666,True,True,False,True,True,False,False,True
4667,False,False,False,False,True,True,True,False
4668,True,True,True,True,False,True,True,False
4669,True,True,True,True,False,False,True,True
4670,True,False,True,True,True,True,False,True
4671,False,True,False,False,True,True,False,True
4672,True,True,True,True,True,True,True,True
4673,False,True,True,True,True,False,True,True
4674,True,True,True,True,False,True,False,True
4675,False,False,True,False,True,True,False,True
4676,True,True,True,True,True,True,True,True
4677,False,True,True,True,True,True,False,True
4678,True,False,False,True,True,True,True,False
4679,True,False,True,True,False,False,False,True
4680,True,True,True,False,True,False,True,True
4681,True,True,False,False,True,True,True,True
4682,True,True,True,True,False,False,True,True
4683,True,True,True,False,True,True,False,False
4684,True,False,True,True,True,True,True,False
4685,True,True,True,True,True,True,True,False
4686,False,True,True,True,False,False,True,True
4687,True,True,True,False,False,True,True,False
4688,False,False,True,True,True,True,True,False
4689,True,True,True,True,True,True,True,False
4690,False,False,False,True,True,False,True,True
4691,True,False,True,False,True,True,True,True
4692,True,True,False,True,True,True,True,True
4693,True,True,False,True,True,True,True,True
4694,True,True,True,True,True,True,True,False
4695,True,False,False,False,True,True,True,False
4696,True,True,True,True,False,False,True,True
4697,True,True,False,True,True,True,False,False
4698,False,True,True,True,False,True,False,True
4699,True,True,True,False,True,True,True,False
4700,True,True,True,True,False,True,True,True
4701,True,True,True,False,True,True,False,True
4702,True,True,True,True,True,False,True,False
4703,True,True,True,False,True,True,True,False
4704,True,True,True,True,True,True,True,True
4705,True,False,True,True,True,False,True,False
4706,True,True,False,False,True,True,True,True
4707,True,True,True,True,True,True,False,True
4708,True,True,True,True,True,True,True,True
4709,False,True,True,False,True,True,True,True
4710,True,True,False,True,True,True,True,False
4711,True,True,True,False,False,True,True,True
4712,True,False,True,True,True,True,True,False
4713,False,True,True,True,True,True,False,True
4714,False,True,True,True,True,True,True,True
4715,True,True,False,True,False,False,True,False
4716,True,False,True,True,True,True,True,True
4717,False,True,True,True,True,True,True,True
4718,False,True,True,True,True,False,True,True
4719,False,True,True,False,True,True,False,False
4720,True,False,True,True,True,True,True,False
4721,True,True,False,True,True,False,True,False
4722,False,True,True,False,False,True,False,False
4723,True,True,True,True,True,True,True,True
4724,True,True,True,True,True,True,False,False
4725,True,False,True,True,True,True,True,True
4726,True,True,True,True,True,True,True,True
4727,True,False,False,True,True,True,True,True
4728,False,False,True,True,True,True,True,True
4729,True,False,True,False,True,False,True,True
4730,True,True,True,False,True,True,True,True
4731,False,True,True,True,False,True,True,False
4732,False,True,False,False,True,True,True,True
4733,False,True,False,True,True,True,False,False
4734,False,True,True,True,True,False,True,True
4735,True,True,True,True,True,True,True,True
4736,True,True,False,False,True,True,True,True
4737,False,True,True,True,True,True,True,False
4738,False,True,False,False,False,False,False,False
4739,True,False,True,True,False,True,False,True
4740,True,True,True,False,False,False,True,True
4741,True,False,False,True,True,False,True,True
4742,False,True,True,True,True,False,True,True
4743,True,True,True,True,True,True,True,True
4744,True,True,True,True,False,False,True,True
4745,True,True,True,True,False,True,True,False
4746,True,True,True,True,False,True,True,False
4747,True,True,True,False,True,True,False,False
4748,True,True,True,False,True,True,False,True
4749,True,False,True,True,True,False,True,True
4750,True,True,True,True,True,True,False,True
4751,True,True,True,True,True,True,True,True
4752,False,True,True,True,True,True,True,True
4753,True,False,True,False,True,True,True,True
4754,True,True,False,False,True,True,True,False
4755,False,False,True,True,True,True,True,True
4756,True,True,True,True,True,True,True,False
4757,True,False,True,True,True,True,True,True
4758,True,False,True,True,True,True,True,False
4759,True,False,True,True,True,True,False,True
4760,False,True,True,True,True,False,True,True
4761,True,False,True,True,True,False,True,True
4762,True,True,True,True,False,True,False,False
4763,True,True,False,True,True,False,False,True
4764,False,False,True,True,False,True,False,False
4765,True,True,True,True,True,False,False,True
4766,True,True,True,True,False,True,True,False
4767,False,True,True,False,True,False,True,True
4768,False,True,True,True,True,True,True,False
4769,True,True,True,False,False,True,False,True
4770,True,True,False,False,False,True,True,True
4771,True,True,True,True,True,True,True,True
4772,True,False,False,True,True,False,True,True
4773,False,True,True,False,True,True,True,True
4774,True,True,True,True,True,False,True,True
4775,True,True,True,True,True,False,True,True
4776,True,False,True,True,False,True,True,False
4777,False,True,True,False,False,False,True,True
4778,False,False,True,False,True,True,True,False
4779,True,True,True,False,False,True,False,True
4780,True,False,True,False,True,False,False,True
4781,True,False,True,True,True,True,True,True
4782,True,False,True,False,False,False,True,True
4783,True,True,True,True,True,True,True,True
4784,True,False,True,False,True,False,True,True
4785,True,True,True,True,True,True,True,True
4786,True,True,True,False,False,True,False,True
4787,False,True,False,True,False,False,True,True
4788,False,True,True,True,True,True,False,True
4789,False,True,True,False,False,False,True,True
4790,False,False,True,True,True,True,True,False
4791,True,True,True,True,True,False,True,True
4792,False,True,True,True,True,True,True,True
4793,True,True,True,False,True,True,True,True
4794,False,False,True,True,True,True,True,True
4795,True,True,True,True,False,True,True,False
4796,True,True,True,True,False,True,False,True
4797,True,True,True,True,True,False,True,True
4798,True,False,True,False,True,True,True,True
4799,True,True,True,True,False,True,False,True
4800,True,False,True,True,True,True,False,True
4801,True,False,True,True,True,True,True,False
4802,False,False,True,False,True,True,True,False
4803,True,True,True,False,True,True,False,True
4804,False,True,False,True,True,True,True,True
4805,False,True,True,True,False,True,True,True
4806,True,True,True,True,True,True,True,False
4807,True,True,True,True,True,True,True,False
4808,True,True,True,False,True,True,False,False
4809,True,True,False,True,True,True,True,True
4810,True,True,True,True,True,True,True,True
4811,True,False,False,False,False,False,True,False
4812,False,False,True,False,False,False,True,True
4813,True,True,True,True,True,True,False,False
4814,True,False,True,False,True,True,True,True
4815,False,True,True,False,False,False,False,True
4816,True,True,False,True,False,True,True,False
4817,True,False,True,True,True,False,True,True
4818,False,True,False,True,True,True,False,True
4819,True,True,True,True,False,True,True,False
4820,False,True,True,True,False,True,False,True
4821,False,True,True,True,True,False,True,True
4822,True,True,True,True,True,False,True,True
4823,True,False,False,True,False,True,True,True
4824,True,True,False,True,False,True,False,False
4825,True,True,False,False,True,False,True,True
4826,False,True,True,True,True,True,True,False
4827,True,True,False,True,True,False,False,False
4828,True,True,False,False,True,True,False,True
4829,False,True,True,True,True,True,True,True
4830,False,True,False,False,True,True,False,True
4831,True,True,False,False,True,False,True,True
4832,False,True,True,True,True,True,True,True
4833,True,False,True,True,True,True,True,False
4834,True,False,True,True,True,False,False,False
4835,True,True,True,True,True,True,True,True
4836,True,False,True,True,False,False,True,False
4837,True,True,False,True,False,True,True,True
4838,True,True,True,True,True,True,True,True
4839,False,True,True,True,False,True,True,False
4840,True,True,False,False,True,False,True,True
4841,False,False,True,True,True,True,False,False
4842,False,False,False,False,True,False,True,False
4843,True,True,True,True,True,False,True,False
4844,True,True,True,False,True,False,True,True
4845,False,True,False,False,True,True,True,True
4846,False,True,True,False,True,True,True,False
4847,True,True,True,True,False,True,False,True
4848,True,True,True,True,False,True,True,True
4849,False,True,True,True,False,True,False,True
4850,True,False,False,True,False,False,True,True
4851,True,True,False,True,False,False,True,True
4852,True,False,True,True,True,True,True,True
4853,True,True,True,True,False,True,True,True
4854,True,False,False,True,True,True,True,True
4855,True,True,False,True,True,True,True,True
4856,True,True,False,True,True,False,True,True
4857,True,False,True,False,True,False,True,True
4858,True,True,True,True,False,False,False,True
4859,True,True,True,False,True,False,False,False
4860,True,True,True,False,True,True,True,False
4861,True,True,False,False,True,True,True,True
4862,True,False,True,True,True,True,True,True
4863,True,True,False,False,True,True,True,True
4864,True,True,True,False,False,True,False,True
4865,True,True,True,True,False,False,True,True
4866,True,True,True,True,True,False,False,True
4867,True,False,True,True,True,True,True,False
4868,False,True,True,False,False,True,True,True
4869,False,True,True,False,False,False,True,True
4870,True,True,False,False,True,True,True,True
4871,False,False,True,True,False,True,True,True
4872,True,True,True,False,False,True,False,True
4873,True,False,True,True,False,False,True,False
4874,True,True,False,True,True,True,True,True
4875,True,False,True,True,False,True,False,True
4876,True,True,False,False,True,True,True,True
4877,True,True,True,False,True,False,False,False
4878,False,False,False,False,True,True,True,True
4879,True,False,False,True,True,True,False,False
4880,True,False,True,False,False,True,True,True
4881,True,False,True,True,True,True,False,True
4882,True,True,True,True,True,True,False,True
4883,True,True,True,True,True,True,True,False
4884,True,False,True,True,True,True,True,False
4885,True,True,True,True,True,False,False,True
4886,False,True,True,True,True,False,True,True
4887,False,True,True,False,True,True,False,False
4888,True,True,True,False,True,False,True,True
4889,False,True,True,True,True,True,True,True
4890,True,False,False,True,True,True,True,False
4891,True,True,True,False,False,True,True,True
4892,True,False,True,True,True,True,True,False
4893,False,True,True,True,True,False,True,True
4894,True,True,True,True,True,False,True,True
4895,True,True,True,True,True,True,False,False
4896,False,True,False,True,True,True,True,True
4897,False,True,False,True,False,False,False,True
4898,False,True,False,False,False,True,True,True
4899,False,False,False,False,False,True,False,True
4900,True,True,False,False,True,True,True,False
4901,True,False,False,True,True,False,True,True
4902,True,False,True,False,True,True,True,True
4903,True,False,False,True,True,True,True,True
4904,False,True,True,False,True,False,False,True
4905,True,False,True,True,True,False,True,True
4906,True,True,True,False,True,False,False,False
4907,False,True,True,True,True,True,True,True
4908,True,True,False,True,True,True,False,True
4909,True,False,True,False,True,True,True,True
4910,False,True,False,True,False,True,True,True
4911,True,True,True,False,True,False,True,True
4912,False,True,True,True,True,True,False,True
4913,True,True,True,False,True,True,True,False
4914,True,True,True,True,False,True,False,True
4915,True,True,True,True,True,False,True,False
4916,True,True,True,False,False,True,False,False
4917,False,True,True,True,True,True,True,True
4918,True,True,False,False,True,True,False,False
4919,True,True,False,False,True,True,False,True
4920,False,False,True,True,True,True,True,False
4921,False,False,True,True,True,True,False,False
4922,False,False,True,True,False,True,False,True
4923,True,False,True,True,True,True,True,True
4924,True,True,False,True,True,True,True,False
4925,False,True,False,False,True,True,True,False
4926,True,True,True,True,False,False,False,True
4927,False,False,True,False,False,False,True,True
4928,True,True,True,True,True,True,True,True
4929,True,False,False,True,True,True,False,True
4930,True,True,False,False,False,True,True,True
4931,True,True,False,True,True,True,True,True
4932,True,False,False,True,True,False,False,True
4933,True,True,False,True,True,True,True,False
4934,True,True,True,True,True,False,True,False
4935,True,True,True,True,False,True,True,True
4936,False,False,False,True,False,True,True,False
4937,True,False,True,True,True,False,True,False
4938,True,True,True,False,True,False,True,True
4939,True,True,True,False,False,True,True,False
4940,False,True,True,True,True,False,True,True
4941,False,False,True,True,False,True,False,True
4942,True,True,True,False,True,True,False,True
4943,True,True,True,True,True,False,True,True
4944,False,True,False,False,True,False,True,True
4945,True,False,True,True,True,True,True,True
4946,True,True,True,False,True,True,True,True
4947,True,True,False,True,False,True,True,True
4948,True,True,True,False,True,True,True,True
4949,True,True,False,True,False,True,True,True
4950,True,True,True,False,False,True,True,False
4951,True,False,True,False,True,True,True,True
4952,True,True,True,False,True,True,False,True
4953,False,False,False,False,True,False,True,False
4954,False,True,False,True,True,False,False,True
4955,True,True,True,False,True,True,True,True
4956,True,False,True,True,True,False,False,False
4957,True,False,True,False,True,False,True,False
4958,True,True,True,True,True,True,True,True
4959,True,False,True,True,True,True,True,False
4960,False,True,False,True,True,True,True,True
4961,False,True,True,True,True,True,True,True
4962,True,True,False,True,True,True,False,True
4963,True,True,False,True,False,False,True,True
4964,False,True,True,False,False,False,False,True
4965,True,True,True,True,True,True,True,True
4966,True,False,True,False,True,True,True,True
4967,False,True,True,True,False,True,True,True
4968,True,True,False,True,True,True,False,True
4969,True,False,True,True,True,False,True,True
4970,True,True,True,True,True,False,True,True
4971,True,False,True,False,True,True,False,True
4972,True,True,True,True,True,True,False,True
4973,False,True,True,True,False,True,True,True
4974,True,True,False,True,True,True,True,False
4975,True,False,False,True,False,False,True,False
4976,True,True,True,False,True,True,True,False
4977,True,True,False,False,True,True,False,True
4978,False,True,True,True,False,True,True,True
4979,True,False,True,True,False,False,True,True
4980,True,True,True,False,True,True,True,True
4981,True,True,True,False,True,True,True,True
4982,True,True,True,True,False,True,True,True
4983,False,False,True,True,True,False,True,True
4984,True,True,False,True,False,False,True,True
4985,True,True,True,False,True,False,True,True
4986,True,True,True,True,True,False,False,True
4987,True,True,True,False,False,True,False,True
4988,True,False,False,True,True,True,True,True
4989,True,False,True,False,True,True,False,False
4990,True,True,True,True,True,True,False,False
4991,True,True,True,False,False,False,True,True
4992,True,True,True,True,True,True,True,True
4993,False,True,True,False,True,True,True,True
4994,False,True,True,False,True,True,False,False
4995,True,True,True,True,True,False,True,True
4996,True,True,True,True,False,True,True,True
4997,True,True,True,True,False,False,True,False
4998,True,True,False,True,False,True,True,True
4999,False,False,True,True,True,True,True,True
5000,False,True,True,False,True,True,False,True
5001,True,True,True,False,True,False,True,True
5002,True,False,False,True,False,True,False,True
5003,True,True,True,True,False,True,True,False
5004,False,False,True,True,False,True,True,True
5005,True,True,True,False,False,True,True,True
5006,True,True,True,False,True,True,True,False
5007,False,True,True,True,False,True,True,True
5008,True,True,True,False,False,False,True,True
5009,False,True,False,True,True,True,True,True
5010,True,True,True,False,True,True,False,True
5011,True,False,True,True,True,True,False,True
5012,True,True,True,True,False,True,True,True
5013,False,True,True,True,False,False,True,True
5014,True,True,True,True,True,False,False,False
5015,False,True,False,False,True,True,True,True
5016,False,True,True,True,False,True,True,True
5017,True,True,False,True,False,True,True,False
5018,False,False,True,True,True,True,False,True
5019,False,True,True,True,True,False,False,True
5020,True,True,True,True,False,True,True,True
5021,True,True,True,False,True,True,True,True
5022,True,True,True,False,True,True,True,True
5023,True,False,True,True,True,False,False,True
5024,True,True,False,True,True,True,False,True
5025,True,True,True,False,False,True,False,True
5026,True,True,False,True,False,False,True,True
5027,True,True,True,False,False,False,True,True
5028,True,False,True,False,True,True,False,True
5029,True,True,True,False,False,True,True,False
5030,True,True,True,True,True,True,True,True
5031,True,True,True,True,True,True,False,False
5032,True,True,True,False,False,True,True,True
5033,False,True,True,True,True,True,True,False
5034,True,True,True,True,True,False,True,True
5035,True,True,True,True,False,False,True,False
5036,False,True,True,True,True,True,False,False
5037,False,False,True,True,False,False,False,False
5038,True,False,True,True,True,True,True,True
5039,True,True,False,True,True,True,True,False
5040,True,True,True,True,True,False,True,True
5041,True,True,True,True,True,False,True,False
5042,False,False,True,True,True,True,True,True
5043,True,True,True,True,True,False,True,True
5044,True,True,False,True,True,True,True,True
5045,True,False,True,True,True,True,True,True
5046,False,True,False,True,False,False,True,False
5047,True,False,True,True,False,True,True,True
5048,True,True,True,True,True,True,True,True
5049,True,False,False,False,False,True,False,False
5050,True,True,False,True,False,True,False,True
5051,False,True,True,True,True,True,True,True
5052,False,True,True,True,True,False,True,True
5053,True,True,True,False,True,True,True,True
5054,True,True,False,True,True,True,True,True
5055,True,True,True,True,True,False,True,True
5056,True,True,True,True,True,True,True,False
5057,True,False,True,False,True,False,True,False
5058,True,True,True,True,False,False,True,False
5059,True,True,True,True,True,True,False,False
5060,False,True,True,True,False,True,True,False
5061,True,True,True,True,True,True,True,True
5062,True,True,False,True,True,True,True,True
5063,True,True,False,True,True,True,False,False
5064,True,True,True,True,True,False,True,False
5065,False,True,True,True,True,True,False,True
5066,True,True,True,False,False,True,True,False
5067,True,True,True,True,False,True,True,True
5068,True,True,True,True,True,True,True,False
5069,True,True,True,True,True,False,True,False
5070,True,True,False,False,False,True,True,True
5071,False,True,True,True,False,True,True,False
5072,False,True,True,False,True,True,True,True
5073,True,False,True,False,True,True,True,True
5074,False,True,True,True,True,True,True,True
5075,True,True,False,True,False,False,True,True
5076,True,True,True,True,False,False,True,True
5077,True,True,True,True,True,True,False,False
5078,False,True,True,True,True,True,True,True
5079,True,False,True,True,True,True,False,True
5080,False,True,False,True,True,True,True,True
5081,False,True,False,False,False,False,False,False
5082,False,False,True,False,True,False,True,True
5083,False,False,False,True,False,True,False,True
5084,True,False,True,True,True,False,True,True
5085,True,True,True,True,True,True,False,False
5086,False,True,True,True,True,True,True,True
5087,True,True,False,False,False,True,False,True
5088,True,True,True,True,False,True,False,True
5089,False,True,True,False,False,True,True,True
5090,True,True,True,True,True,True,True,False
5091,True,False,True,True,True,True,True,True
5092,True,True,True,True,True,True,True,True
5093,True,True,True,True,False,True,False,False
5094,False,True,True,True,True,True,True,False
5095,True,True,False,True,True,True,False,True
5096,True,True,False,True,True,False,False,True
5097,True,True,True,True,True,True,True,False
5098,True,False,False,False,True,True,True,True
5099,True,True,True,True,True,True,True,True
5100,True,True,False,True,True,True,True,True
5101,True,True,True,True,True,False,True,True
5102,True,True,False,False,True,True,True,True
5103,True,True,True,True,True,True,True,True
5104,False,True,False,True,True,True,True,True
5105,True,True,True,True,True,False,False,False
5106,True,True,False,True,True,False,True,True
5107,True,True,True,False,True,True,False,True
5108,True,True,True,True,False,True,False,True
5109,True,True,False,True,False,True,False,True
5110,True,True,False,True,True,False,True,True
5111,True,True,False,True,False,True,False,False
5112,True,False,True,True,True,True,True,True
5113,True,True,True,True,False,False,False,False
5114,False,False,True,False,True,True,False,True
5115,True,False,True,True,True,True,True,True
5116,True,True,True,True,True,False,True,True
5117,True,True,True,True,True,True,True,False
5118,True,True,False,False,True,True,True,True
5119,False,True,False,True,True,False,True,True
5120,True,False,True,True,False,False,True,True
5121,True,True,True,True,False,False,True,True
5122,True,True,False,False,True,True,True,True
5123,False,False,True,True,True,True,True,True
5124,True,False,True,True,False,True,True,True
5125,True,True,True,True,True,True,True,True
5126,True,True,False,True,True,False,True,False
5127,True,True,True,True,True,False,True,False
5128,True,True,True,False,True,True,True,True
5129,True,False,True,False,False,True,False,True
5130,False,True,True,True,True,True,True,True
5131,True,True,False,True,True,True,True,False
5132,True,True,True,False,True,True,True,True
5133,True,True,True,False,False,False,True,True
5134,True,False,True,False,True,True,False,True
5135,False,True,True,True,True,True,False,False
5136,True,True,True,True,True,True,True,True
5137,True,True,True,True,True,False,False,False
5138,False,False,True,True,True,False,True,True
5139,False,True,True,True,True,False,True,True
5140,True,True,False,False,True,True,True,False
5141,True,True,True,True,True,True,True,True
5142,True,True,False,True,True,True,True,True
5143,True,True,True,True,False,False,False,True
5144,True,False,True,True,True,True,True,True
5145,True,True,False,True,False,True,True,True
5146,True,False,True,True,True,True,False,True
5147,True,True,True,True,False,True,True,False
5148,False,True,False,True,False,True,True,False
5149,True,False,True,True,True,False,False,True
5150,True,True,True,True,True,False,True,True
5151,False,True,False,True,False,True,True,True
5152,True,True,False,False,True,False,True,False
5153,True,True,True,False,False,True,True,False
5154,False,True,True,False,True,True,True,False
5155,True,True,True,False,True,True,True,True
5156,True,True,True,True,False,True,True,False
5157,False,True,True,False,True,True,True,True
5158,False,True,True,True,True,True,False,False
5159,False,True,True,True,True,True,True,True
5160,True,True,False,True,False,False,False,False
5161,False,False,False,True,True,True,False,True
5162,True,True,True,True,False,True,False,False
5163,False,True,True,True,True,False,True,True
5164,True,False,False,True,True,True,True,True
5165,False,True,True,True,True,False,True,True
5166,True,False,True,True,True,False,False,False
5167,True,True,False,False,False,True,True,True
5168,True,True,True,True,True,True,True,False
5169,True,False,False,True,True,True,False,True
5170,False,False,True,True,True,True,False,False
5171,True,False,False,True,False,False,True,False
5172,True,True,True,True,False,True,False,True
5173,True,False,True,False,True,True,True,True
5174,True,True,True,False,True,True,False,False
5175,True,True,True,True,True,True,True,False
5176,True,True,True,True,False,False,True,True
5177,False,True,False,True,True,False,True,True
5178,True,True,True,True,True,True,False,True
5179,True,True,True,False,True,True,True,True
5180,True,True,True,True,True,True,True,False
5181,True,False,True,True,False,False,True,True
5182,True,True,True,True,True,False,True,False
5183,True,True,True,False,True,False,False,True
5184,False,True,True,True,True,True,True,True
5185,True,True,True,True,True,True,False,False
5186,True,False,True,False,True,True,True,True
5187,True,True,False,True,True,True,False,True
5188,True,True,True,True,True,True,True,False
5189,True,True,True,True,False,True,True,True
5190,False,True,False,True,False,False,False,True
5191,True,False,True,True,False,False,True,True
5192,False,True,True,True,True,True,False,True
5193,True,True,True,False,True,True,True,False
5194,True,True,False,False,True,False,True,True
5195,True,True,True,True,False,False,False,True
5196,True,False,False,True,False,True,True,False
5197,True,False,True,True,True,True,True,False
5198,False,True,True,False,False,True,False,True
5199,True,True,True,True,True,True,True,True
5200,False,True,False,True,True,True,True,True
5201,True,True,True,True,False,True,True,True
5202,True,True,True,True,True,False,True,True
5203,True,False,True,False,False,False,True,True
5204,True,False,True,True,True,False,True,True
5205,True,True,True,True,True,True,False,False
5206,True,False,True,True,False,True,True,False
5207,True,True,True,True,True,True,False,False
5208,True,True,False,False,True,True,False,True
5209,True,True,True,True,True,True,True,True
5210,True,False,False,True,True,True,True,True
5211,True,True,True,True,True,True,True,False
5212,False,False,False,False,True,True,True,True
5213,True,True,False,False,True,True,True,True
5214,True,True,True,True,True,True,True,True
5215,True,False,True,True,True,False,True,False
5216,True,False,True,True,False,True,True,True
5217,True,True,True,True,True,False,True,True
5218,True,True,False,False,True,False,True,False
5219,False,True,True,True,True,True,True,True
5220,False,True,True,False,True,True,True,True
5221,True,False,True,True,True,True,False,False
5222,True,False,False,False,True,False,True,True
5223,True,True,False,True,True,False,False,True
5224,True,True,True,True,False,True,True,True
5225,True,False,False,True,False,True,True,False
5226,True,True,False,True,True,False,True,False
5227,True,False,False,True,True,False,True,False
5228,True,True,False,True,True,False,True,True
5229,False,True,True,True,False,True,True,True
5230,True,False,True,False,True,True,False,True
5231,False,True,True,True,False,False,True,False
5232,True,False,True,False,True,True,True,False
5233,False,False,True,False,True,True,True,True
5234,True,True,True,True,True,True,False,True
5235,False,True,True,True,True,False,True,False
5236,True,True,True,True,True,True,True,True
5237,True,True,True,False,False,False,True,True
5238,True,False,True,False,True,True,False,False
5239,False,True,True,False,True,True,True,True
5240,True,True,True,True,True,True,True,False
5241,True,True,False,True,True,True,True,False
5242,True,True,True,True,False,True,True,True
5243,False,True,False,False,True,False,False,True
5244,False,True,False,True,False,True,True,True
5245,True,True,True,False,True,False,True,False
5246,True,False,True,True,False,True,False,False
5247,True,True,True,False,False,True,True,True
5248,False,False,False,True,False,True,False,False
5249,True,True,True,True,True,True,False,False
5250,False,False,False,True,True,True,True,True
5251,False,False,True,True,True,True,True,True
5252,True,True,False,False,True,False,True,False
5253,True,False,True,True,True,True,False,True
5254,True,False,True,True,True,False,True,True
5255,False,True,True,True,True,True,False,True
5256,True,True,True,True,True,True,True,True
5257,True,True,True,False,True,True,True,True
5258,True,True,True,True,True,True,True,False
5259,False,True,True,True,True,True,False,True
5260,False,True,True,True,True,False,False,True
5261,True,False,True,True,False,True,False,True
5262,True,True,True,False,True,True,False,True
5263,True,False,True,True,False,True,False,True
5264,True,True,False,True,False,False,True,False
5265,True,True,False,True,False,True,False,True
5266,True,True,True,True,True,True,True,True
5267,True,True,True,True,False,True,False,True
5268,True,True,False,True,False,True,True,True
5269,True,True,False,True,True,False,False,True
5270,True,True,True,False,True,False,True,True
5271,True,True,False,True,False,True,False,False
5272,True,True,False,False,False,False,True,True
5273,True,True,True,True,True,True,True,True
5274,False,True,True,True,False,True,True,True
5275,True,True,True,True,False,True,True,True
5276,True,True,False,True,True,True,True,True
5277,True,True,True,True,False,True,False,True
5278,True,False,True,True,True,True,True,True
5279,True,True,True,True,False,False,True,True
5280,True,True,True,True,False,True,True,False
5281,True,True,False,True,True,True,False,True
5282,False,True,True,True,True,True,True,True
5283,True,False,True,False,False,True,True,False
5284,False,True,False,True,False,True,True,False
5285,False,True,False,True,True,True,True,True
5286,False,True,False,False,False,False,True,True
5287,True,False,True,False,True,True,True,False
5288,False,True,True,True,True,False,True,True
5289,True,True,True,True,False,False,True,True
5290,False,False,False,True,True,False,False,True
5291,False,True,False,True,True,True,False,True
5292,False,True,False,True,True,False,True,True
5293,False,True,False,False,True,True,True,True
5294,True,False,False,False,True,True,True,False
5295,True,True,True,False,False,True,True,True
5296,True,True,False,True,True,True,True,False
5297,False,True,False,True,True,True,True,False
5298,True,True,False,True,True,True,False,True
5299,False,True,False,False,True,True,False,True
5300,False,True,False,True,True,True,True,True
5301,True,True,True,True,True,True,True,False
5302,True,True,True,True,True,True,False,True
5303,False,True,True,False,True,False,True,False
5304,True,False,False,True,True,True,False,True
5305,True,True,True,True,False,False,True,False
5306,True,True,True,True,True,True,True,True
5307,True,False,False,True,False,True,True,False
5308,True,True,True,True,True,True,True,True
5309,True,False,True,True,True,False,True,False
5310,False,True,True,True,False,True,True,False
5311,False,False,True,True,False,True,True,True
5312,False,True,True,True,False,False,True,True
5313,False,True,True,True,False,True,True,True
5314,False,True,True,True,False,True,True,False
5315,True,True,True,True,True,False,True,False
5316,False,True,True,True,False,True,False,True
5317,True,True,False,True,True,True,False,True
5318,False,True,False,False,False,False,True,False
5319,False,False,False,False,False,True,True,True
5320,True,True,True,False,False,True,True,True
5321,True,False,True,True,True,False,True,True
5322,True,True,True,True,True,True,False,True
5323,True,True,True,False,False,True,True,True
5324,True,False,False,True,True,True,True,False
5325,True,False,False,True,True,False,False,True
5326,False,False,True,True,True,True,True,False
5327,False,False,True,True,True,True,True,True
5328,False,False,False,False,True,True,False,True
5329,False,True,True,True,False,False,True,False
5330,False,True,True,True,True,True,True,True
5331,True,True,True,True,True,True,True,True
5332,True,False,True,False,True,False,True,True
5333,True,True,True,False,True,False,True,True
5334,False,True,True,True,True,True,True,True
5335,True,True,True,True,False,True,True,True
5336,True,False,True,True,True,True,True,True
5337,True,True,True,False,True,True,False,True
5338,True,False,True,True,False,False,True,True
5339,False,True,True,True,False,False,True,True
5340,True,False,False,False,False,True,True,False
5341,True,True,False,True,True,True,False,False
5342,True,True,True,True,False,True,False,True
5343,True,True,True,True,False,False,True,False
5344,False,True,True,True,True,True,True,True
5345,True,True,False,True,False,True,False,True
5346,True,False,True,True,True,True,True,True
5347,True,True,True,False,True,True,True,True
5348,True,True,False,True,True,True,False,True
5349,True,False,False,True,True,False,True,False
5350,True,True,False,True,True,True,False,True
5351,True,False,True,False,True,True,True,True
5352,True,False,False,True,True,True,True,True
5353,True,True,True,True,True,True,True,False
5354,True,False,True,False,True,True,False,False
5355,True,False,True,True,True,False,True,True
5356,True,True,True,False,True,False,True,True
5357,True,True,True,True,True,True,True,True
5358,True,False,True,True,False,False,True,True
5359,False,True,True,False,True,False,True,True
5360,True,False,False,True,True,True,False,True
5361,False,True,True,True,False,True,True,True
5362,True,False,True,True,False,True,True,True
5363,True,True,True,True,False,True,False,False
5364,True,True,True,True,True,True,True,True
5365,False,True,True,True,True,True,True,False
5366,False,True,True,True,False,True,True,False
5367,False,True,False,True,False,True,True,True
5368,False,False,True,False,True,True,True,True
5369,True,True,False,False,False,True,False,True
5370,True,True,True,True,True,False,False,True
5371,True,True,True,False,True,True,False,True
5372,True,True,True,True,False,True,True,True
5373,False,False,True,True,True,True,True,True
5374,True,True,True,True,False,False,False,True
5375,True,True,True,True,True,False,True,True
5376,True,True,True,True,True,True,False,True
5377,True,False,True,False,False,True,True,True
5378,True,False,False,False,False,False,True,True
5379,True,True,True,False,True,True,True,False
5380,True,False,True,False,True,True,True,True
5381,True,True,False,False,True,True,False,False
5382,True,True,True,False,True,True,True,True
5383,True,False,False,True,False,True,False,True
5384,True,True,False,True,False,True,False,False
5385,True,False,False,False,True,True,True,True
5386,True,True,True,True,True,True,True,True
5387,True,True,False,True,False,True,True,True
5388,True,False,False,False,False,True,False,True
5389,True,False,True,False,True,False,False,True
5390,False,True,False,True,True,True,False,True
5391,True,True,True,False,False,True,True,False
5392,True,True,True,True,True,True,False,False
5393,False,False,True,True,True,True,True,True
5394,True,True,False,True,True,True,True,False
5395,False,True,False,True,True,True,True,False
5396,True,True,True,True,True,True,False,False
5397,True,True,True,False,True,True,False,True
5398,False,True,False,True,True,True,True,True
5399,True,True,True,True,True,True,True,False
5400,False,False,False,False,True,True,False,False
5401,False,True,False,False,True,False,False,True
5402,True,True,True,True,True,True,True,True
5403,True,True,True,False,False,True,True,True
5404,True,True,False,True,True,True,False,True
5405,False,True,False,False,True,True,False,True
5406,True,True,False,True,False,False,False,True
5407,False,False,True,False,True,True,True,True
5408,True,False,True,True,False,True,True,True
5409,True,True,True,True,True,False,True,True
5410,False,True,True,True,True,True,True,False
5411,True,False,True,True,True,True,True,False
5412,True,True,False,True,True,True,True,True
5413,True,False,True,True,False,True,False,False
5414,False,True,True,False,True,True,False,False
5415,True,True,True,False,True,True,True,True
5416,False,False,True,True,True,True,True,True
5417,True,False,False,True,True,True,False,True
5418,False,True,True,True,True,False,True,True
5419,True,False,False,True,False,False,True,True
5420,True,True,True,True,True,True,True,False
5421,True,True,True,True,True,False,True,False
5422,False,False,False,True,True,False,False,True
5423,True,True,True,True,True,True,True,False
5424,False,True,True,False,True,True,False,True
5425,True,False,True,True,False,True,False,True
5426,True,True,False,True,True,False,True,True
5427,True,True,True,True,True,True,True,True
5428,True,False,True,False,True,True,False,True
5429,True,False,True,True,False,True,True,True
5430,True,True,True,True,True,False,True,False
5431,True,True,True,True,True,True,True,True
5432,True,False,True,False,True,True,True,False
5433,False,False,False,True,True,True,True,False
5434,True,True,True,True,False,False,True,True
5435,False,True,True,True,True,True,True,True
5436,True,True,True,True,True,True,True,False
5437,True,True,False,False,True,True,True,True
5438,False,True,True,True,True,True,True,False
5439,False,True,False,True,False,False,True,True
5440,False,False,True,True,True,True,True,True
5441,True,True,True,False,True,True,True,False
5442,True,True,True,True,False,True,True,True
5443,True,True,True,True,True,True,False,True
5444,False,False,False,True,False,True,True,True
5445,True,True,False,True,True,True,True,True
5446,True,True,True,True,True,False,True,True
5447,True,True,True,True,True,False,True,True
5448,True,True,True,True,False,True,False,True
5449,True,True,True,True,True,True,True,True
5450,False,False,True,True,True,True,True,True
5451,True,False,False,True,False,False,True,True
5452,True,False,True,True,True,True,True,True
5453,True,False,True,False,True,True,False,True
5454,True,False,False,True,True,False,True,False
5455,True,False,True,True,False,False,False,True
5456,True,True,False,True,False,True,True,True
5457,True,True,True,True,True,True,True,True
5458,True,True,True,True,True,True,True,True
5459,True,True,True,True,False,True,True,False
5460,True,True,False,False,True,False,True,False
5461,True,True,True,True,False,False,True,True
5462,False,True,False,True,False,True,False,False
5463,True,True,True,False,True,True,False,True
5464,True,False,False,True,False,True,True,False
5465,True,True,True,True,False,True,True,True
5466,True,False,True,True,True,True,True,True
5467,False,True,True,True,True,False,True,True
5468,True,False,True,True,True,True,False,True
5469,True,True,False,True,True,True,False,True
5470,True,False,True,True,True,True,False,True
5471,True,True,False,True,False,False,True,False
5472,False,True,False,True,False,True,True,True
5473,False,False,True,True,True,False,True,True
5474,True,True,True,True,True,False,True,True
5475,True,True,True,True,True,False,True,False
5476,True,True,True,False,True,True,True,True
5477,True,True,True,False,True,False,True,True
5478,True,True,False,True,True,True,False,True
5479,True,False,True,True,False,False,True,True
5480,True,False,True,True,True,False,True,True
5481,True,True,True,True,True,True,True,False
5482,True,True,True,False,True,False,True,True
5483,True,False,False,False,True,True,True,True
5484,True,False,True,False,True,True,True,True
5485,True,True,True,True,False,True,True,False
5486,True,False,False,True,True,True,False,True
5487,True,True,True,True,False,True,True,False
5488,True,True,True,True,False,True,True,True
5489,True,True,True,True,True,True,True,True
5490,True,False,False,True,True,False,True,True
5491,True,False,True,False,False,False,False,True
5492,True,True,True,True,True,False,True,True
5493,False,True,True,False,True,True,True,True
5494,True,True,False,True,False,True,False,True
5495,True,True,True,False,True,True,False,False
5496,True,True,True,True,True,False,True,True
5497,True,True,False,True,True,True,False,False
5498,True,False,True,True,False,True,True,True
5499,True,True,True,True,True,True,True,False
5500,False,False,True,True,True,True,True,True
5501,True,True,False,True,True,False,True,True
5502,True,True,True,True,True,True,False,True
5503,True,True,True,True,False,True,True,True
5504,False,True,False,True,False,False,True,True
5505,True,True,True,True,True,False,True,True
5506,True,False,True,False,False,True,True,True
5507,True,True,True,False,True,True,True,True
5508,False,False,True,False,True,False,True,True
5509,False,True,True,True,False,False,True,False
5510,True,True,True,True,False,False,True,False
5511,True,True,True,True,False,False,True,True
5512,True,True,False,True,True,False,True,False
5513,True,False,True,False,True,True,True,True
5514,True,True,True,True,True,True,True,False
5515,True,True,True,False,True,False,True,True
5516,True,True,False,False,False,True,True,True
5517,True,True,True,False,True,True,False,True
5518,True,False,True,True,True,True,True,True
5519,True,True,True,False,True,True,False,True
5520,True,False,True,True,True,True,True,False
5521,True,False,False,True,True,True,False,True
5522,True,False,True,True,False,False,False,True
5523,True,False,True,True,False,True,True,False
5524,False,True,False,True,True,False,True,False
5525,False,False,True,False,True,False,False,True
5526,True,True,True,True,False,True,True,True
5527,True,True,True,True,True,False,True,True
5528,True,True,True,True,True,False,True,True
5529,True,True,True,True,True,True,True,True
5530,True,True,True,True,True,True,False,True
5531,True,True,True,False,True,True,False,False
5532,False,True,False,True,False,False,True,True
5533,False,False,True,False,True,True,True,True
5534,True,False,True,True,True,True,True,False
5535,True,True,True,False,True,True,True,True
5536,False,True,True,True,True,True,True,False
5537,True,True,False,True,True,False,True,False
5538,True,False,True,True,True,True,True,False
5539,True,True,False,True,True,True,True,True
5540,False,True,False,True,False,True,False,True
5541,True,False,False,False,True,True,True,True
5542,False,True,True,True,False,True,False,True
5543,True,True,True,True,True,True,True,True
5544,True,True,True,True,True,False,False,True
5545,True,False,True,True,True,True,False,False
5546,True,True,True,True,False,True,True,True
5547,True,True,True,True,False,False,True,False
5548,True,True,False,True,True,False,False,True
5549,False,True,False,False,False,True,False,True
5550,False,False,False,False,True,False,True,True
5551,False,True,False,False,True,True,True,True
5552,False,True,False,True,False,False,True,True
5553,True,True,True,False,True,True,True,True
5554,True,True,False,True,True,True,True,True
5555,True,False,True,True,True,True,True,False
5556,False,True,False,True,False,True,True,True
5557,True,True,True,True,True,False,True,False
5558,True,True,False,False,True,True,False,True
5559,True,False,False,True,False,True,True,False
5560,True,True,True,False,True,True,False,True
5561,True,False,True,True,True,False,True,True
5562,True,False,False,False,False,False,False,True
5563,False,True,False,False,True,False,True,True
5564,True,True,True,True,True,True,True,True
5565,True,True,False,True,False,True,False,True
5566,True,True,True,False,False,True,True,True
5567,True,True,True,True,True,True,True,False
5568,False,False,True,True,True,True,True,True
5569,True,True,True,True,True,True,False,False
5570,True,True,False,False,False,True,True,False
5571,True,True,True,False,False,True,True,True
5572,True,False,False,False,True,True,True,True
5573,True,True,True,True,True,True,True,True
5574,False,True,True,True,False,True,True,True
5575,True,True,False,True,False,True,True,True
5576,True,True,True,False,True,True,True,False
5577,True,False,False,True,False,True,False,True
5578,True,True,False,True,True,True,True,True
5579,True,True,True,True,False,False,False,True
5580,True,True,False,True,True,False,True,True
5581,True,False,True,True,True,False,True,False
5582,False,False,True,True,True,False,True,True
5583,True,True,True,True,False,False,True,False
5584,True,True,False,False,False,False,False,False
5585,True,False,False,True,True,True,True,True
5586,True,False,True,True,True,True,False,True
5587,True,True,True,True,False,False,True,False
5588,True,True,True,True,False,True,True,True
5589,False,True,False,False,True,True,True,True
5590,False,False,True,False,False,True,True,False
5591,True,True,False,False,False,False,False,True
5592,True,True,True,True,True,True,True,True
5593,True,True,True,True,True,False,True,False
5594,True,False,True,True,False,False,True,True
5595,True,True,True,True,True,False,True,True
5596,True,True,True,False,True,True,True,False
5597,True,False,True,True,True,True,True,True
5598,False,True,False,True,False,True,True,True
5599,True,True,True,True,False,False,True,True
5600,True,False,True,True,True,True,False,True
5601,True,True,True,True,False,True,True,True
5602,True,True,False,True,True,True,True,True
5603,True,False,True,True,False,True,False,False
5604,True,True,True,True,True,True,True,True
5605,False,False,True,True,True,False,True,False
5606,True,True,True,True,False,True,False,False
5607,True,False,True,True,False,True,True,True
5608,True,False,False,True,True,False,False,False
5609,True,False,True,True,False,False,True,False
5610,True,True,True,True,True,False,True,False
5611,True,True,True,False,True,True,True,True
5612,True,True,False,False,True,False,True,True
5613,True,True,True,True,True,True,False,True
5614,True,True,True,True,True,True,False,True
5615,True,True,False,True,False,True,True,False
5616,True,True,True,True,True,True,True,True
5617,True,False,True,True,True,True,True,False
5618,True,True,True,True,True,True,False,True
5619,True,False,True,False,True,True,True,True
5620,False,True,True,False,False,True,False,True
5621,False,True,True,True,False,True,True,False
5622,True,True,False,False,True,True,True,True
5623,True,True,True,True,True,False,False,True
5624,True,True,True,True,True,False,True,True
5625,True,True,True,False,False,False,False,False
5626,True,False,True,True,True,True,True,True
5627,True,True,True,True,True,True,False,True
5628,True,True,False,True,True,True,True,False
5629,True,True,True,True,True,True,True,True
5630,False,True,False,True,True,True,True,True
5631,True,True,True,True,False,True,True,True
5632,True,True,True,False,True,False,True,True
5633,True,True,True,True,True,True,False,True
5634,False,True,True,True,True,True,True,True
5635,True,False,True,False,False,False,False,True
5636,True,True,True,True,False,True,True,False
5637,True,False,True,True,True,True,True,True
5638,False,True,True,True,True,False,True,True
5639,False,True,True,True,True,True,True,False
5640,False,True,True,True,True,False,True,True
5641,True,False,True,True,False,True,False,True
5642,True,False,True,False,True,False,False,False
5643,True,False,True,False,False,True,True,True
5644,True,True,True,True,True,True,False,True
5645,True,False,True,True,True,True,False,True
5646,False,True,False,True,True,True,False,False
5647,True,True,True,True,True,True,False,True
5648,False,True,False,False,True,True,True,True
5649,True,True,True,True,False,True,True,False
5650,False,True,True,True,True,True,True,True
5651,True,False,False,True,False,True,True,True
5652,True,False,True,True,True,False,False,False
5653,True,True,True,True,False,True,True,True
5654,False,False,True,True,True,True,True,True
5655,True,True,False,True,True,False,False,True
5656,False,True,True,False,False,True,False,True
5657,True,True,True,True,True,True,False,True
5658,True,True,False,True,True,True,True,True
5659,True,True,True,True,False,False,False,False
5660,True,False,True,True,False,True,False,True
5661,True,True,True,True,False,True,True,False
5662,False,True,False,True,True,True,True,True
5663,False,True,True,True,True,True,True,True
5664,True,False,True,False,False,True,True,True
5665,True,True,False,True,False,True,True,False
5666,True,False,True,True,False,True,False,True
5667,True,True,False,True,False,True,True,False
5668,True,True,False,True,False,True,False,True
5669,True,False,True,False,True,True,True,False
5670,True,True,False,True,True,True,True,True
5671,False,True,True,True,True,True,False,True
5672,True,True,True,True,True,False,True,True
5673,True,True,True,False,True,True,True,False
5674,True,True,False,True,False,False,True,True
5675,True,False,False,True,True,True,True,True
5676,True,True,True,True,False,False,True,True
5677,True,True,False,False,True,True,False,True
5678,True,False,False,True,False,True,True,True
5679,True,True,True,True,True,True,True,True
5680,False,True,True,False,True,False,True,True
5681,False,True,True,False,True,False,True,True
5682,False,True,True,True,True,False,True,True
5683,True,True,True,False,True,True,True,True
5684,True,True,True,True,False,True,False,True
5685,True,True,False,False,True,False,False,False
5686,False,True,True,True,True,False,False,True
5687,False,True,False,False,True,False,True,True
5688,False,True,True,False,True,True,True,False
5689,False,True,True,False,True,True,False,True
5690,False,True,False,True,True,True,True,True
5691,False,False,False,True,True,True,False,True
5692,False,True,True,True,True,False,True,True
5693,False,True,False,False,True,True,True,True
5694,True,True,True,True,False,True,True,True
5695,True,True,False,True,True,False,False,False
5696,True,True,True,True,True,False,True,True
5697,True,True,True,True,True,True,False,True
5698,True,True,True,True,False,True,False,True
5699,False,True,True,True,False,True,False,True
5700,True,True,True,False,False,False,True,False
5701,False,True,False,True,False,True,False,False
5702,True,True,False,True,False,True,True,True
5703,False,False,True,False,True,True,False,False
5704,False,True,False,True,True,True,False,True
5705,True,True,False,True,True,True,True,True
5706,True,True,True,True,True,True,True,True
5707,True,False,True,True,True,True,True,True
5708,True,True,False,False,False,False,True,True
5709,True,True,False,True,True,True,False,True
5710,True,False,True,True,True,True,True,True
5711,True,False,False,True,False,False,True,True
5712,False,False,True,True,True,True,True,False
5713,True,False,True,True,True,False,True,False
5714,True,True,True,False,False,True,True,True
5715,True,True,True,True,False,True,True,True
5716,True,False,True,True,True,False,False,True
5717,True,True,True,True,True,False,True,False
5718,False,True,False,False,False,True,True,False
5719,False,True,True,True,True,True,False,True
5720,True,False,False,True,False,True,True,True
5721,True,True,True,False,True,True,True,True
5722,True,True,False,False,False,True,False,True
5723,True,False,False,False,True,True,True,False
5724,False,True,True,True,True,True,True,True
5725,True,True,True,True,False,True,True,True
5726,True,False,True,True,True,True,True,True
5727,False,True,False,True,False,True,False,True
5728,True,True,False,True,False,True,True,True
5729,True,True,True,False,True,False,True,False
5730,True,True,True,True,False,True,True,True
5731,False,False,False,True,False,True,False,False
5732,False,False,True,True,True,True,True,False
5733,True,True,True,True,True,False,False,False
5734,True,True,True,True,False,True,True,True
5735,True,True,False,True,False,False,True,True
5736,False,False,True,True,True,True,False,True
5737,False,True,True,True,True,True,True,False
5738,True,True,True,False,False,False,False,True
5739,True,True,False,False,True,False,False,True
5740,True,False,True,False,False,True,False,True
5741,True,False,True,True,True,False,False,True
5742,False,False,True,True,True,True,False,True
5743,True,True,False,False,False,True,True,True
5744,True,False,True,True,True,False,True,True
5745,False,True,False,True,True,False,False,True
5746,True,False,False,True,False,False,True,True
5747,True,True,True,False,True,True,False,False
5748,True,True,True,False,True,True,True,False
5749,False,False,False,False,False,True,False,True
5750,True,True,True,True,False,False,True,True
5751,False,True,True,True,True,True,False,True
5752,True,True,False,True,False,True,True,True
5753,True,True,True,True,True,False,True,True
5754,True,True,False,True,False,True,True,False
5755,False,False,True,False,True,True,True,False
5756,True,False,True,True,False,True,True,False
5757,False,True,True,False,False,True,True,True
5758,True,False,True,False,False,False,True,True
5759,True,True,True,False,True,True,True,False
5760,True,True,False,True,False,True,True,False
5761,True,True,True,True,False,True,True,True
5762,True,True,True,True,True,False,True,True
5763,True,True,False,True,True,True,False,True
5764,True,True,True,True,False,False,True,True
5765,True,True,True,True,False,False,True,True
5766,False,True,False,False,True,True,False,False
5767,False,False,True,False,False,True,False,True
5768,False,False,True,True,False,True,False,True
5769,True,False,True,True,True,True,True,True
5770,False,False,True,False,False,True,True,True
5771,True,True,True,True,False,False,True,True
5772,True,True,True,True,True,True,True,False
5773,True,True,False,False,False,True,False,True
5774,True,True,True,False,True,False,True,False
5775,True,False,False,True,False,True,True,True
5776,True,False,True,True,False,True,True,False
5777,True,True,True,True,False,False,True,True
5778,False,True,True,True,True,True,True,True
5779,False,False,True,False,False,False,True,True
5780,True,True,True,True,True,True,True,True
5781,True,True,True,True,True,False,False,False
5782,True,False,True,False,False,True,True,True
5783,True,False,False,True,True,True,False,False
5784,True,True,False,True,True,True,True,True
5785,True,False,True,False,True,True,True,True
5786,True,True,True,True,True,True,False,True
5787,True,False,False,True,False,True,True,True
5788,False,False,True,True,True,True,False,False
5789,False,False,True,True,True,False,False,True
5790,False,True,True,False,True,True,True,True
5791,False,False,False,False,True,True,True,False
5792,True,False,False,True,False,True,True,True
5793,False,True,True,False,True,True,True,True
5794,False,False,False,True,True,False,True,True
5795,True,False,False,True,True,False,False,True
5796,True,True,False,True,False,True,False,True
5797,True,False,True,True,False,True,True,False
5798,True,True,False,False,False,False,False,True
5799,False,True,True,True,True,True,True,True
5800,False,False,True,True,False,True,True,True
5801,True,False,True,False,True,True,True,False
5802,True,True,False,False,True,True,True,False
5803,True,False,True,True,True,True,True,True
5804,True,False,True,False,True,True,True,True
5805,True,True,False,False,False,True,True,True
5806,True,False,False,False,False,True,False,False
5807,False,True,True,False,False,False,True,True
5808,True,True,True,True,False,True,False,False
5809,True,False,False,True,True,True,False,True
5810,True,True,False,True,True,True,True,True
5811,True,True,True,True,True,False,False,False
5812,False,True,False,False,False,True,True,True
5813,True,False,True,True,False,True,True,True
5814,False,True,True,False,True,False,True,False
5815,False,True,True,True,True,True,True,True
5816,True,False,True,False,False,True,True,True
5817,True,True,True,False,True,False,True,True
5818,True,False,True,True,False,True,False,True
5819,True,True,False,False,True,True,True,True
5820,True,True,True,True,True,True,False,True
5821,False,True,True,False,False,True,True,True
5822,False,False,True,True,False,True,False,False
5823,True,False,True,True,True,True,True,False
5824,True,False,True,True,False,False,True,False
5825,False,False,False,True,False,True,True,False
5826,True,True,True,True,True,False,True,True
5827,True,False,True,False,False,True,True,True
5828,True,True,False,True,True,False,True,True
5829,False,True,False,True,True,True,True,True
5830,True,True,True,True,True,True,True,True
5831,True,False,False,True,True,True,True,True
5832,False,False,True,True,True,True,True,False
5833,True,False,False,False,True,False,True,True
5834,False,True,True,False,True,True,True,True
5835,True,False,True,True,False,True,False,True
5836,True,False,True,True,True,True,False,True
5837,True,False,True,False,True,True,True,True
5838,True,True,True,True,True,False,True,True
5839,True,True,False,True,True,False,True,True
5840,True,True,True,True,False,True,True,False
5841,False,True,True,True,False,True,True,True
5842,False,False,False,True,True,True,True,False
5843,True,True,True,True,True,True,True,False
5844,True,False,False,True,False,True,True,False
5845,False,True,True,False,False,True,True,True
5846,True,False,True,False,True,True,False,True
5847,True,False,True,False,True,False,False,True
5848,True,False,True,False,True,True,True,True
5849,False,True,False,True,True,True,True,True
5850,False,True,True,True,True,True,True,True
5851,True,True,True,True,True,True,True,False
5852,True,False,True,True,False,False,True,True
5853,True,False,False,True,False,False,False,True
5854,True,True,True,True,True,True,False,True
5855,True,True,True,True,True,True,False,True
5856,False,True,True,False,True,True,False,False
5857,True,False,True,False,True,True,False,True
5858,True,False,True,True,False,False,True,True
5859,False,True,True,True,False,True,True,True
5860,False,False,True,True,True,True,True,False
5861,True,True,True,True,False,False,False,True
5862,True,False,False,False,True,True,True,True
5863,True,True,False,True,False,False,False,True
5864,True,True,True,True,True,False,False,True
5865,False,True,False,True,True,True,True,True
5866,False,True,False,False,True,True,True,True
5867,False,False,False,True,True,True,False,True
5868,True,False,True,True,True,True,True,False
5869,True,True,True,False,False,True,False,True
5870,True,True,True,True,True,False,False,True
5871,False,False,True,True,True,True,True,True
5872,False,False,True,True,True,True,True,False
5873,True,True,True,False,True,True,False,True
5874,True,True,True,True,True,True,True,True
5875,False,True,True,True,False,False,True,False
5876,True,True,True,True,False,True,True,True
5877,True,True,True,True,True,True,False,True
5878,True,True,True,False,True,True,True,False
5879,True,True,True,False,True,True,False,True
5880,True,True,False,False,True,True,True,True
5881,False,True,False,False,True,True,False,False
5882,True,True,False,True,False,True,True,False
5883,False,False,False,True,False,True,False,False
5884,True,False,True,True,False,True,True,True
5885,False,True,False,True,True,False,True,True
5886,False,True,False,False,True,True,True,True
5887,False,False,False,True,True,True,True,True
5888,True,True,True,True,True,False,False,False
5889,False,True,False,True,True,True,True,True
5890,True,True,True,False,False,True,False,True
5891,True,False,True,False,True,False,True,True
5892,True,True,True,False,False,True,False,True
5893,True,True,False,True,True,True,False,True
5894,True,True,True,True,True,True,False,False
5895,False,True,True,True,True,True,False,False
5896,True,False,True,True,False,True,True,True
5897,False,True,True,True,True,True,False,True
5898,True,True,True,True,True,True,True,True
5899,True,False,True,True,False,True,True,False
5900,True,True,True,False,True,True,True,True
5901,True,True,False,False,True,False,False,True
5902,True,True,False,False,True,True,True,False
5903,False,True,True,True,True,True,True,True
5904,True,True,True,False,False,False,True,True
5905,True,False,False,True,True,False,True,True
5906,True,False,False,False,True,True,True,True
5907,False,False,False,True,False,True,False,False
5908,True,True,True,True,True,True,True,False
5909,True,True,True,True,True,False,True,True
5910,True,True,True,False,True,False,True,True
5911,True,True,True,True,False,False,True,True
5912,True,False,False,False,True,True,True,True
5913,False,True,True,True,True,True,True,False
5914,True,True,True,True,True,False,True,False
5915,False,True,True,True,False,True,True,False
5916,False,True,True,True,True,True,False,True
5917,True,False,False,True,False,False,True,True
5918,True,False,False,True,True,True,False,True
5919,True,False,True,False,False,False,True,True
5920,True,True,False,True,False,False,False,True
5921,False,True,False,False,False,True,True,True
5922,True,True,False,False,False,False,False,True
5923,True,True,True,True,True,False,True,True
5924,True,True,False,False,False,True,False,True
5925,True,True,False,False,False,False,False,False
5926,True,True,False,True,True,True,True,True
5927,True,True,False,True,True,True,True,True
5928,True,False,True,False,True,True,True,False
5929,False,True,True,True,True,True,False,False
5930,True,True,True,True,True,True,False,True
5931,False,True,True,False,True,True,False,True
5932,False,True,False,True,False,True,True,False
5933,False,True,True,True,True,True,True,True
5934,True,True,True,False,False,True,True,False
5935,False,True,True,True,True,False,True,True
5936,True,True,True,False,True,True,False,False
5937,False,True,True,True,False,True,True,False
5938,False,True,False,False,True,False,False,False
5939,True,False,False,True,False,True,True,True
5940,True,True,True,True,True,True,True,False
5941,True,True,True,True,False,True,True,False
5942,True,False,False,True,True,True,True,True
5943,True,True,False,False,False,False,False,False
5944,True,True,False,True,True,True,True,False
5945,False,True,False,True,False,False,True,True
5946,True,False,True,True,False,True,False,True
5947,True,True,False,True,True,True,False,True
5948,True,True,True,False,True,False,True,True
5949,True,False,True,True,False,True,False,False
5950,True,True,True,False,True,True,False,True
5951,True,False,True,False,True,True,True,True
5952,True,False,True,False,True,True,True,True
5953,True,False,False,False,True,True,False,True
5954,True,False,True,True,True,True,True,True
5955,True,True,False,True,False,True,True,True
5956,True,True,True,False,True,True,False,True
5957,True,True,True,False,True,True,True,False
5958,True,True,True,True,True,False,True,True
5959,True,True,False,True,False,True,True,True
5960,True,False,True,True,False,False,True,True
5961,True,False,True,True,False,True,False,True
5962,True,True,True,True,True,False,False,False
5963,True,False,True,False,False,False,True,False
5964,False,True,True,True,True,True,False,True
5965,False,True,False,True,False,True,True,False
5966,True,False,True,True,True,False,False,True
5967,True,True,False,True,False,True,True,True
5968,True,True,False,True,True,True,True,True
5969,True,True,True,True,True,False,True,True
5970,True,True,False,True,True,True,True,False
5971,False,True,True,True,True,False,False,False
5972,True,True,False,False,True,False,True,True
5973,True,True,True,True,True,True,False,True
5974,False,False,False,False,False,True,True,True
5975,True,True,True,True,True,True,False,False
5976,True,False,False,False,False,True,False,True
5977,True,True,True,False,False,True,True,True
5978,True,True,True,True,True,False,False,True
5979,True,True,True,True,False,True,False,False
5980,True,False,False,True,True,False,True,True
5981,True,True,True,True,False,False,True,False
5982,True,True,True,False,False,False,True,True
5983,False,False,True,True,True,False,False,True
5984,True,True,True,True,True,True,True,True
5985,True,False,True,True,True,True,True,True
5986,True,False,False,True,False,True,True,True
5987,False,True,False,True,False,True,True,True
5988,True,True,False,True,True,True,True,True
5989,True,False,True,True,True,False,False,True
5990,True,True,True,True,False,True,False,True
5991,True,True,True,True,True,True,True,True
5992,True,True,True,True,True,False,True,True
5993,True,True,True,False,True,False,True,True
5994,False,True,True,True,False,True,True,True
5995,True,True,True,True,False,True,True,True
5996,False,True,True,True,False,False,False,True
5997,True,True,True,True,False,False,False,True
5998,True,True,True,False,True,False,True,False
5999,False,True,True,True,True,True,True,True
6000,True,True,True,True,False,False,True,True
6001,True,False,True,True,False,True,True,False
6002,False,True,False,False,True,True,True,False
6003,True,True,True,True,True,False,True,True
6004,True,True,False,False,False,True,True,True
6005,False,True,True,True,True,True,True,False
6006,True,False,True,True,True,False,True,True
6007,False,True,True,False,True,True,True,False
6008,True,False,True,True,False,True,True,True
6009,True,False,False,True,True,True,False,False
6010,True,False,True,False,True,True,True,False
6011,True,False,True,True,False,True,True,True
6012,True,False,True,True,False,False,False,True
6013,False,False,True,True,True,True,True,False
6014,True,True,True,True,True,False,False,False
6015,True,False,True,True,True,False,True,False
6016,False,True,True,False,True,True,True,True
6017,False,False,True,True,True,True,True,True
6018,False,True,False,False,True,True,True,True
6019,True,False,True,True,False,True,True,False
6020,False,True,True,True,True,True,True,True
6021,False,False,True,True,False,True,True,True
6022,True,False,False,False,False,False,False,True
6023,True,True,False,True,True,True,False,True
6024,True,True,True,True,True,True,True,True
6025,True,False,True,True,True,True,False,True
6026,False,False,True,False,False,True,True,False
6027,False,False,True,True,True,True,False,True
6028,True,True,False,False,True,True,True,False
6029,True,True,True,True,False,True,True,True
6030,True,True,True,True,True,True,False,True
6031,False,True,True,True,False,True,False,False
6032,True,False,True,True,True,True,False,False
6033,True,True,True,True,False,True,True,True
6034,True,True,False,True,True,False,True,True
6035,True,True,False,True,True,True,True,False
6036,True,True,True,True,True,True,False,False
6037,True,True,False,True,True,True,True,False
6038,True,True,False,True,True,True,True,True
6039,True,True,True,True,True,True,True,False
6040,True,True,True,False,True,True,True,True
6041,True,True,True,True,True,True,True,True
6042,True,True,True,True,False,False,False,True
6043,True,True,False,True,True,True,True,True
6044,True,True,False,True,True,True,True,True
6045,True,False,True,True,True,False,True,True
6046,True,True,True,True,True,True,False,True
6047,False,True,False,False,True,True,True,True
6048,False,False,False,True,True,True,True,True
6049,False,True,True,True,True,False,True,True
6050,True,True,False,True,True,True,True,True
6051,True,True,True,True,False,True,True,False
6052,False,True,False,True,True,False,False,False
6053,True,True,True,True,True,True,True,True
6054,True,False,True,True,True,True,False,False
6055,True,True,True,False,False,True,True,True
6056,True,False,False,False,True,True,True,False
6057,True,True,True,True,True,True,False,True
6058,True,True,True,True,True,True,True,False
6059,True,False,False,True,False,False,False,False
6060,False,True,True,True,False,True,True,False
6061,False,False,True,True,True,True,True,True
6062,True,False,True,True,True,True,False,True
6063,True,False,True,False,False,False,True,True
6064,True,True,False,True,True,True,False,True
6065,True,True,False,True,True,True,True,False
6066,False,False,True,True,True,True,True,True
6067,True,True,True,True,True,False,True,True
6068,True,True,True,True,True,False,True,True
6069,True,True,True,True,True,False,True,True
6070,True,False,False,True,True,False,True,True
6071,True,False,True,True,True,False,True,False
6072,False,False,True,False,True,True,True,False
6073,False,False,False,False,True,True,False,False
6074,True,True,True,True,True,True,True,True
6075,False,True,False,True,False,False,True,False
6076,True,False,True,True,True,True,True,True
6077,True,True,False,True,True,True,True,True
6078,True,True,True,True,True,True,True,False
6079,True,True,True,True,True,False,True,True
6080,True,True,False,False,False,True,True,False
6081,True,True,True,False,True,False,True,True
6082,True,True,True,False,True,True,True,True
6083,True,False,True,False,True,False,True,False
6084,True,True,False,False,False,True,True,True
6085,True,False,True,False,True,False,True,True
6086,True,True,True,False,False,True,True,True
6087,True,False,True,True,True,True,True,True
6088,True,False,True,True,False,False,False,True
6089,False,True,True,True,True,False,False,False
6090,True,True,True,False,True,False,True,False
6091,False,True,True,False,True,True,True,True
6092,True,True,False,True,True,True,False,True
6093,True,True,True,True,False,True,True,True
6094,False,False,False,False,True,True,False,True
6095,True,True,False,True,True,True,True,True
6096,False,True,True,True,False,True,False,True
6097,True,True,True,True,False,True,True,True
6098,False,True,True,True,True,True,True,True
6099,False,False,True,False,True,False,True,True
6100,True,True,True,True,False,False,True,False
6101,False,True,True,True,True,True,True,True
6102,False,False,True,False,True,False,False,True
6103,False,True,False,True,True,True,True,True
6104,True,False,True,True,True,True,True,False
6105,False,False,True,False,False,True,True,True
6106,False,True,False,True,True,True,True,False
6107,False,True,True,True,False,False,True,True
6108,True,False,True,True,True,True,True,True
6109,True,True,True,False,True,True,True,True
6110,True,False,False,True,True,True,True,True
6111,True,False,False,True,True,False,True,True
6112,False,True,True,True,True,False,True,False
6113,False,True,True,True,True,False,True,True
6114,False,False,True,True,True,False,False,True
6115,False,True,True,False,False,True,True,True
6116,True,False,True,False,True,True,True,True
6117,True,False,True,True,True,False,True,False
6118,True,True,True,False,True,True,True,False
6119,True,True,False,True,True,False,True,True
6120,True,True,True,False,True,False,False,True
6121,True,True,True,True,False,True,True,True
6122,True,True,False,False,True,False,False,True
6123,False,True,True,True,True,True,True,True
6124,True,False,True,True,True,True,True,True
6125,True,True,True,False,True,True,True,True
6126,False,True,True,False,False,True,True,False
6127,True,True,True,True,True,True,False,True
6128,True,True,False,False,False,True,False,True
6129,True,True,True,True,True,True,True,True
6130,True,False,True,False,True,True,True,True
6131,True,True,True,True,True,False,False,True
6132,True,True,True,True,True,True,True,True
6133,False,True,True,True,True,True,True,False
6134,True,True,True,True,False,False,False,True
6135,False,True,False,True,False,False,True,True
6136,True,True,True,True,True,True,False,True
6137,False,True,False,True,True,False,True,True
6138,False,True,False,True,True,True,True,True
6139,True,False,True,True,True,True,True,False
6140,True,True,True,True,True,True,True,False
6141,True,False,True,False,True,False,False,True
6142,True,False,True,True,True,True,True,True
6143,False,False,True,False,False,False,True,True
6144,False,False,False,False,True,True,False,False
6145,False,True,True,True,True,True,True,True
6146,False,False,False,False,True,True,False,True
6147,True,True,False,True,True,True,False,True
6148,True,True,True,True,True,True,True,False
6149,True,True,True,False,False,True,True,True
6150,True,False,True,True,True,True,True,True
6151,False,True,True,True,True,False,False,True
6152,True,True,True,False,True,True,True,True
6153,True,True,False,False,False,False,True,True
6154,False,True,True,True,True,True,True,True
6155,True,True,True,False,False,True,True,True
6156,True,False,True,True,True,True,True,True
6157,True,False,False,False,True,True,True,True
6158,True,False,True,True,True,False,True,True
6159,True,True,False,True,False,False,True,False
6160,True,True,True,True,False,True,False,True
6161,True,True,True,False,False,True,False,False
6162,True,True,True,True,False,True,False,True
6163,True,True,True,True,True,True,False,False
6164,True,True,True,False,True,True,True,True
6165,False,True,True,True,False,False,False,True
6166,True,False,False,False,True,True,True,True
6167,True,False,True,False,True,True,True,True
6168,False,False,True,False,False,False,True,True
6169,False,True,False,True,False,False,True,False
6170,True,True,True,True,True,False,True,False
6171,False,True,True,True,True,True,True,False
6172,True,True,True,True,True,True,True,False
6173,True,False,True,True,True,True,True,True
6174,True,True,True,True,True,False,True,False
6175,False,True,True,True,True,False,False,False
6176,True,True,True,True,True,True,True,False
6177,True,True,False,True,True,False,True,True
6178,False,True,True,True,True,False,True,True
6179,True,True,True,True,True,True,False,True
6180,True,True,False,True,True,False,False,True
6181,True,False,True,False,True,True,False,True
6182,False,False,False,False,True,True,True,False
6183,True,True,True,True,True,True,True,True
6184,True,True,True,False,True,False,True,True
6185,True,True,False,False,False,True,True,True
6186,True,True,True,False,False,True,True,False
6187,True,True,False,False,True,True,True,True
6188,True,False,True,True,True,True,False,False
6189,False,True,True,False,False,True,False,True
6190,True,True,False,False,True,True,True,True
6191,True,True,False,True,True,False,False,True
6192,True,False,False,False,False,True,True,True
6193,True,True,True,False,False,True,False,True
6194,True,True,False,True,False,False,False,False
6195,False,False,True,True,True,True,True,True
6196,True,True,True,True,True,False,True,False
6197,False,False,False,True,False,False,False,False
6198,True,True,True,True,True,False,False,False
6199,True,True,False,True,False,True,False,False
6200,True,True,False,False,True,True,False,True
6201,False,True,True,False,True,True,True,False
6202,True,True,False,True,True,True,True,True
6203,False,True,False,True,True,True,True,True
6204,True,True,True,False,True,True,True,True
6205,False,False,True,True,False,True,True,True
6206,False,True,True,True,True,True,True,True
6207,True,False,False,False,True,True,True,True
6208,True,True,False,True,True,True,True,False
6209,False,True,False,True,False,True,True,True
6210,False,False,False,True,True,True,True,False
6211,True,False,False,True,False,True,True,True
6212,False,True,True,True,True,False,False,True
6213,False,True,True,True,True,False,True,True
6214,True,True,False,False,False,True,True,False
6215,True,True,True,True,True,True,True,False
6216,True,False,False,True,False,False,False,True
6217,True,False,True,True,True,True,False,True
6218,False,True,False,True,True,True,False,True
6219,False,True,True,True,True,True,True,False
6220,True,True,False,True,True,True,True,False
6221,False,False,True,True,False,False,True,True
6222,True,False,True,False,True,True,False,True
6223,True,True,False,True,True,True,False,False
6224,False,True,False,True,True,True,False,True
6225,True,True,True,True,True,True,True,True
6226,False,False,False,True,False,True,False,False
6227,False,False,True,True,True,True,False,True
6228,False,False,True,True,True,True,True,False
6229,True,True,True,False,False,True,True,False
6230,False,False,True,True,True,True,False,False
6231,True,True,True,True,True,True,True,True
6232,True,False,False,True,True,True,True,False
6233,True,True,True,False,True,True,True,False
6234,True,True,False,True,False,True,True,True
6235,True,True,False,True,True,True,True,True
6236,False,True,False,True,True,True,False,True
6237,True,False,True,True,True,True,False,True
6238,False,False,False,True,False,True,False,True
6239,False,True,True,True,False,True,True,False
6240,True,False,True,False,False,True,True,True
6241,True,True,False,False,True,True,True,True
6242,True,True,True,False,True,False,True,False
6243,True,True,True,False,True,True,True,True
6244,True,True,True,False,True,True,True,True
6245,True,True,True,True,False,False,True,True
6246,True,True,True,False,False,True,True,True
6247,True,False,True,True,True,True,True,False
6248,True,False,True,True,True,True,True,True
6249,True,True,True,True,False,False,False,True
6250,False,True,False,True,True,False,True,True
6251,False,True,True,False,True,True,False,True
6252,True,False,True,False,True,False,True,True
6253,False,True,True,True,False,True,True,True
6254,True,True,True,False,True,False,False,True
6255,True,True,True,False,False,True,True,True
6256,False,True,True,True,True,True,True,False
6257,True,True,True,False,False,False,False,True
6258,True,False,False,True,False,False,True,True
6259,True,False,True,True,False,False,True,True
6260,True,False,False,True,True,False,False,True
6261,False,True,True,False,True,True,True,True
6262,True,True,True,True,True,True,False,True
6263,True,True,True,False,True,True,False,False
6264,True,True,True,True,True,True,False,False
6265,True,False,False,False,False,False,False,False
6266,True,False,False,True,True,True,True,True
6267,True,True,True,False,True,True,False,True
6268,True,False,False,True,True,False,False,True
6269,False,True,True,True,False,True,False,True
6270,True,True,False,True,True,True,True,True
6271,True,False,True,False,True,True,False,False
6272,False,True,True,True,True,False,True,True
6273,True,False,True,False,True,False,True,False
6274,False,True,False,False,True,False,False,False
6275,True,False,True,False,True,False,True,False
6276,True,True,True,True,True,True,False,True
6277,True,True,False,False,True,False,False,False
6278,True,False,True,False,False,True,True,False
6279,True,True,False,True,True,False,True,True
6280,True,True,False,False,False,True,True,True
6281,True,False,True,True,True,True,True,True
6282,False,False,False,True,True,True,True,True
6283,False,True,True,True,True,True,True,False
6284,True,True,True,True,False,False,True,True
6285,True,True,True,False,True,True,False,True
6286,True,True,True,False,True,True,True,True
6287,True,True,True,True,True,False,True,True
6288,True,True,False,False,True,False,True,True
6289,True,True,False,True,False,True,False,False
6290,True,True,True,False,True,True,True,True
6291,True,True,True,True,False,True,False,True
6292,True,True,True,True,False,True,True,True
6293,True,False,True,False,True,True,True,False
6294,True,False,True,False,True,True,False,False
6295,True,True,True,True,False,False,True,False
6296,False,True,False,True,False,True,True,True
6297,True,True,True,True,True,False,False,True
6298,False,True,False,True,True,True,True,True
6299,False,False,True,True,True,True,False,False
6300,True,True,True,False,False,True,True,True
6301,False,False,True,True,True,True,False,True
6302,True,True,True,True,True,True,True,True
6303,True,True,False,True,True,True,True,True
6304,False,True,False,False,True,False,True,True
6305,True,True,True,True,False,True,True,False
6306,True,False,True,True,True,True,True,True
6307,True,True,True,True,True,True,False,True
6308,True,True,False,True,False,True,False,True
6309,False,False,False,True,False,False,True,True
6310,True,True,False,True,False,True,False,False
6311,False,False,True,True,False,False,True,True
6312,True,True,True,True,True,True,False,True
6313,True,True,True,True,True,False,True,False
6314,True,True,False,False,False,True,True,True
6315,True,True,False,False,True,False,False,True
6316,True,True,False,True,False,False,True,True
6317,True,False,True,True,True,True,False,True
6318,True,True,True,True,True,True,True,False
6319,True,True,True,True,False,True,True,True
6320,False,True,False,True,True,True,True,True
6321,False,False,True,True,True,True,False,True
6322,True,True,True,True,True,False,True,False
6323,False,False,False,True,False,True,False,True
6324,True,True,True,True,True,True,False,True
6325,False,True,True,True,True,True,True,True
6326,True,True,True,True,False,True,True,True
6327,True,True,True,True,True,True,False,False
6328,False,True,True,False,False,True,False,True
6329,False,False,False,False,True,False,True,True
6330,True,False,True,True,False,False,True,True
6331,True,False,True,True,False,True,False,True
6332,True,True,False,True,False,True,True,True
6333,False,True,True,False,True,True,True,True
6334,False,True,True,False,True,True,True,True
6335,True,False,True,True,False,True,True,False
6336,True,False,True,True,False,False,False,False
6337,False,True,True,True,True,True,False,True
6338,True,False,False,False,True,True,True,True
6339,True,False,True,False,True,True,True,False
6340,True,True,False,False,False,True,False,False
6341,True,True,False,True,True,True,False,True
6342,True,True,True,False,True,True,False,True
6343,True,True,False,False,True,True,True,True
6344,False,True,True,True,True,True,True,True
6345,False,False,True,True,True,True,True,False
6346,False,True,True,True,True,True,True,False
6347,True,False,False,False,False,False,False,True
6348,True,True,True,False,False,False,False,False
6349,True,False,True,True,False,True,False,True
6350,True,False,False,True,True,True,True,True
6351,True,False,True,True,True,True,True,True
6352,True,True,False,True,False,True,False,False
6353,True,True,True,True,False,True,False,True
6354,False,True,False,True,True,True,False,True
6355,True,False,True,True,True,True,True,False
6356,True,True,True,False,True,True,True,False
6357,True,True,True,False,True,False,True,True
6358,True,True,True,True,False,False,False,True
6359,True,True,True,True,True,True,True,True
6360,False,True,True,False,True,True,False,True
6361,True,True,True,True,False,True,True,True
6362,True,False,True,True,False,True,True,True
6363,False,True,False,False,True,True,True,True
6364,True,True,True,False,True,True,False,True
6365,True,True,True,True,False,False,True,True
6366,True,True,True,False,True,True,True,True
6367,True,True,True,False,True,True,True,False
6368,True,False,False,True,False,True,True,True
6369,False,False,True,False,True,True,True,True
6370,True,True,True,True,True,True,False,False
6371,True,True,False,True,True,True,True,True
6372,True,True,False,False,True,False,False,True
6373,True,True,True,False,True,True,True,True
6374,False,False,True,True,False,True,True,True
6375,False,False,False,True,True,True,True,False
6376,True,False,False,True,True,True,True,False
6377,True,True,False,True,True,False,False,False
6378,True,True,False,True,False,False,True,True
6379,True,True,True,True,True,True,True,True
6380,True,True,False,True,True,True,False,True
6381,False,True,False,True,True,False,True,True
6382,True,True,True,False,False,True,True,True
6383,True,True,False,True,True,True,True,True
6384,False,False,True,True,True,True,False,True
6385,True,True,True,True,False,True,True,True
6386,True,False,True,True,True,False,False,False
6387,False,True,True,True,False,True,True,True
6388,True,True,False,True,True,False,True,True
6389,False,True,True,False,True,True,False,True
6390,True,False,True,True,True,False,False,True
6391,True,True,True,False,True,True,True,False
6392,True,False,False,True,False,True,False,True
6393,False,True,True,False,False,True,False,True
6394,True,True,True,False,True,True,False,False
6395,True,False,True,True,True,True,True,False
6396,True,False,False,True,True,True,True,True
6397,True,True,True,False,True,False,True,True
6398,True,True,True,False,True,True,True,True
6399,True,True,True,False,False,True,True,True
6400,False,True,False,True,True,True,True,True
6401,True,True,True,True,False,False,True,False
6402,False,True,True,True,True,True,True,True
6403,True,True,True,True,False,True,True,True
6404,True,True,True,True,False,True,False,False
6405,True,True,False,False,True,True,True,False
6406,True,True,False,True,True,True,False,True
6407,False,False,True,True,True,True,False,False
6408,False,False,True,False,True,True,True,True
6409,True,False,True,False,True,True,True,False
6410,True,False,True,True,True,True,True,False
6411,True,False,True,True,False,True,True,True
6412,False,True,True,False,True,True,True,True
6413,False,True,True,True,False,False,True,True
6414,True,False,True,True,True,True,True,True
6415,True,False,True,False,False,False,True,True
6416,False,True,True,True,True,True,True,True
6417,False,False,True,True,True,True,True,True
6418,True,False,False,True,True,False,True,True
6419,False,True,False,True,True,True,True,True
6420,False,True,False,True,False,True,True,False
6421,True,False,True,True,True,True,True,True
6422,True,True,True,True,False,True,True,False
6423,True,True,True,True,False,True,False,False
6424,False,True,True,False,False,True,False,True
6425,True,True,True,False,True,True,True,True
6426,True,True,True,True,True,True,False,False
6427,True,True,False,True,True,False,True,False
6428,False,True,True,True,True,True,True,True
6429,True,True,True,False,False,True,True,True
6430,True,True,True,True,True,True,True,False
6431,False,True,True,True,True,True,True,True
6432,False,False,True,True,False,True,False,True
6433,True,True,True,True,False,False,True,True
6434,True,True,True,True,True,True,False,True
6435,False,True,True,True,False,True,False,True
6436,True,True,False,True,True,True,False,True
6437,True,True,True,False,True,False,True,False
6438,True,False,False,True,False,False,False,True
6439,True,True,True,True,True,True,False,False
6440,True,True,False,True,True,True,False,True
6441,True,True,True,False,True,True,False,True
6442,True,True,True,True,True,False,True,True
6443,False,True,True,True,False,True,False,True
6444,False,True,True,True,True,True,True,True
6445,True,True,True,True,True,False,True,True
6446,False,True,True,False,True,False,True,True
6447,True,True,True,True,True,True,False,True
6448,True,True,False,True,True,True,True,True
6449,True,False,True,True,False,False,True,False
6450,True,True,True,False,True,False,True,True
6451,False,False,True,False,False,True,True,False
6452,True,True,True,True,False,True,True,True
6453,True,True,True,False,True,True,True,False
6454,True,True,True,True,False,True,True,True
6455,True,False,True,True,True,True,True,True
6456,True,True,True,False,False,True,True,True
6457,True,True,True,True,True,True,True,True
6458,True,True,False,True,True,False,False,True
6459,True,False,False,True,True,True,False,True
6460,False,True,True,True,True,True,False,True
6461,True,True,True,False,True,True,False,True
6462,True,False,True,False,False,True,True,True
6463,False,False,True,True,True,True,True,False
6464,False,True,False,True,True,True,False,True
6465,True,True,True,False,True,False,False,True
6466,True,True,True,True,True,False,False,False
6467,False,True,False,True,False,True,True,True
6468,False,True,False,True,True,False,True,True
6469,False,True,True,False,True,True,False,True
6470,True,True,True,False,False,True,True,True
6471,True,False,True,True,True,False,True,True
6472,False,True,False,True,True,True,True,True
6473,True,True,True,False,True,True,True,True
6474,True,True,True,True,True,True,True,True
6475,True,True,True,True,True,True,False,True
6476,False,False,False,True,False,False,False,True
6477,False,True,True,True,False,True,True,True
6478,False,True,True,True,False,True,False,True
6479,True,True,False,True,False,True,True,True
6480,True,True,True,True,True,False,False,False
6481,False,False,True,True,True,True,True,True
6482,True,True,True,True,True,False,True,False
6483,True,False,True,True,True,True,False,True
6484,False,True,True,True,True,True,False,True
6485,True,True,True,True,True,False,True,True
6486,True,False,True,False,True,True,True,True
6487,True,True,False,True,True,True,True,True
6488,True,False,False,True,False,True,True,False
6489,True,True,True,False,True,True,True,False
6490,False,True,False,False,True,False,True,True
6491,True,True,True,True,True,True,False,True
6492,True,False,True,True,False,True,False,False
6493,False,False,True,True,True,False,True,False
6494,True,True,False,True,True,True,False,True
6495,True,True,False,False,False,False,True,True
6496,False,True,False,True,True,True,False,True
6497,True,True,True,False,True,True,True,True
6498,False,False,True,True,True,True,True,True
6499,True,False,True,True,False,True,True,True
6500,False,True,False,True,False,False,True,True
6501,True,False,False,True,False,False,True,False
6502,True,False,True,True,True,True,True,True
6503,True,True,True,True,True,False,True,False
6504,False,True,True,True,True,True,False,True
6505,True,True,True,True,True,True,True,True
6506,False,True,True,True,True,True,False,False
6507,True,False,True,False,False,False,True,True
6508,False,True,True,False,False,True,True,True
6509,True,True,True,False,True,True,False,True
6510,True,True,True,True,False,True,False,True
6511,True,True,True,True,True,False,True,False
6512,False,True,True,False,True,False,True,True
6513,False,False,False,True,True,True,False,False
6514,True,True,True,True,True,False,True,True
6515,True,True,False,False,True,True,True,True
6516,False,True,True,True,True,False,True,True
6517,True,True,False,True,True,True,False,True
6518,True,True,False,True,True,True,True,False
6519,False,True,True,False,False,False,True,False
6520,True,True,True,True,True,True,True,True
6521,True,True,True,False,True,True,True,True
6522,True,True,False,True,True,True,False,True
6523,True,False,True,True,True,False,True,True
6524,True,False,True,True,False,True,True,True
6525,True,True,True,True,True,False,True,True
6526,True,False,True,True,True,True,True,False
6527,True,True,False,False,False,False,True,True
6528,True,True,False,True,True,False,True,True
6529,True,False,True,True,True,True,False,True
6530,False,True,True,True,True,True,False,True
6531,True,True,True,True,True,True,True,True
6532,True,True,True,True,True,False,True,False
6533,True,False,False,True,True,True,False,False
6534,True,True,True,True,True,True,False,True
6535,False,True,True,False,True,False,False,False
6536,True,True,True,True,True,False,True,True
6537,True,True,False,True,False,True,True,True
6538,True,True,True,True,False,False,True,False
6539,True,True,True,False,True,True,True,True
6540,True,False,True,False,False,True,True,True
6541,False,True,False,True,True,True,True,True
6542,True,False,True,False,False,False,False,False
6543,True,True,False,False,True,False,True,True
6544,False,True,True,True,False,True,True,True
6545,True,True,True,True,False,True,True,True
6546,True,False,True,False,True,True,True,True
6547,True,False,True,True,False,False,True,True
6548,True,True,True,True,False,True,True,True
6549,True,False,False,False,True,True,True,True
6550,True,False,True,True,False,True,True,True
6551,True,True,False,True,True,True,True,True
6552,True,False,False,True,True,True,True,True
6553,True,False,True,True,False,True,True,True
6554,True,True,True,True,True,True,False,True
6555,True,True,True,True,True,True,True,True
6556,True,False,True,True,False,True,False,False
6557,True,True,True,True,True,True,True,True
6558,True,True,False,True,False,True,True,True
6559,True,True,True,False,False,True,False,True
6560,True,True,True,True,True,False,True,True
6561,False,True,True,False,True,True,False,True
6562,True,True,True,True,True,False,False,True
6563,False,True,True,True,False,False,True,True
6564,True,True,True,True,True,True,False,True
6565,False,True,True,False,True,True,True,False
6566,True,True,True,True,True,True,True,True
6567,True,True,False,True,True,True,True,True
6568,True,True,False,True,True,True,True,True
6569,True,False,False,True,True,True,True,True
6570,True,True,True,True,True,True,True,True
6571,False,True,False,True,True,True,True,True
6572,True,True,True,False,False,True,True,True
6573,True,True,False,False,True,True,True,False
6574,True,True,True,True,True,True,True,True
6575,False,True,True,True,True,True,True,True
6576,False,False,True,False,True,True,False,True
6577,False,True,True,True,False,True,False,True
6578,True,True,True,True,True,True,True,True
6579,True,True,True,False,True,True,True,True
6580,True,True,True,True,False,False,True,False
6581,True,True,True,True,True,True,False,False
6582,False,True,True,True,False,True,True,False
6583,True,True,True,True,False,True,True,True
6584,True,True,True,True,True,False,False,True
6585,True,True,True,False,True,True,True,False
6586,True,True,True,True,True,True,False,False
6587,False,False,True,True,True,True,False,True
6588,True,True,False,True,True,True,True,True
6589,True,True,True,True,True,True,False,False
6590,False,True,False,True,True,False,True,False
6591,False,True,True,False,False,True,True,True
6592,True,True,True,True,True,False,True,False
6593,True,True,True,True,True,True,True,True
6594,True,True,True,True,False,True,True,True
6595,False,False,False,True,True,True,True,True
6596,False,False,False,True,False,True,True,True
6597,True,True,True,True,True,False,False,True
6598,True,True,False,True,True,True,True,False
6599,True,True,True,True,True,True,False,True
6600,True,True,True,True,False,True,True,True
6601,True,True,True,False,True,True,True,True
6602,True,False,False,True,False,True,True,True
6603,False,True,True,True,True,False,True,True
6604,True,True,False,True,True,True,True,True
6605,True,False,True,True,True,True,True,True
6606,False,True,True,True,False,True,True,True
6607,True,True,False,False,True,True,True,True
6608,True,False,False,True,True,False,True,True
6609,True,True,False,True,True,True,True,True
6610,False,True,True,True,False,True,True,True
6611,True,False,True,True,True,True,False,False
6612,True,True,True,False,True,True,True,True
6613,False,True,True,True,True,True,True,True
6614,True,True,True,False,False,True,True,True
6615,True,True,False,False,False,True,True,True
6616,False,False,True,True,True,False,True,False
6617,True,True,False,True,True,True,True,True
6618,False,True,False,True,True,True,True,True
6619,True,True,True,True,True,True,False,True
6620,True,False,True,True,True,False,True,True
6621,True,True,False,True,True,True,True,True
6622,True,True,True,True,True,True,True,True
6623,True,False,True,True,False,False,True,True
6624,False,False,True,True,True,False,False,True
6625,True,False,False,True,True,True,True,False
6626,True,True,False,False,False,True,False,True
6627,False,True,False,True,True,True,True,True
6628,True,True,True,False,True,True,True,True
6629,False,True,False,False,False,False,False,False
6630,False,True,True,True,False,True,True,True
6631,False,False,True,True,True,False,True,True
6632,True,False,True,False,True,False,False,False
6633,True,True,True,False,True,False,True,False
6634,True,True,False,True,True,True,True,True
6635,True,True,True,True,True,True,True,True
6636,False,False,False,False,False,True,False,True
6637,False,False,True,True,False,True,False,True
6638,True,True,False,True,True,True,True,False
6639,True,False,True,True,True,True,True,True
6640,True,True,False,True,True,True,False,True
6641,True,True,True,True,False,True,True,False
6642,True,True,True,True,True,False,True,True
6643,False,True,True,True,True,True,True,True
6644,False,True,True,True,False,True,True,True
6645,False,True,True,True,True,True,True,True
6646,True,True,True,True,True,True,False,False
6647,True,True,True,False,True,True,True,False
6648,True,True,True,True,False,False,True,True
6649,True,True,True,False,True,True,False,True
6650,False,True,False,True,True,True,True,True
6651,True,False,True,True,True,True,False,True
6652,True,True,False,True,True,True,False,False
6653,True,True,True,True,True,False,True,True
6654,True,True,True,True,False,False,True,True
6655,False,False,False,False,False,True,True,True
6656,False,True,True,True,True,True,False,False
6657,True,True,True,False,False,True,True,True
6658,True,True,True,True,True,False,True,True
6659,False,True,False,True,True,False,True,True
6660,True,True,False,True,True,False,True,False
6661,False,True,True,False,True,False,True,True
6662,True,True,True,False,True,False,True,False
6663,True,True,True,True,True,True,False,True
6664,True,False,True,True,True,False,True,True
6665,False,True,True,False,True,True,True,True
6666,False,True,True,False,True,False,True,False
6667,False,True,True,True,True,True,True,False
6668,False,True,True,True,False,True,False,False
6669,True,True,True,True,False,False,True,True
6670,True,False,True,True,False,True,True,False
6671,False,False,True,True,True,False,True,True
6672,True,True,True,True,False,True,False,False
6673,True,True,False,True,True,True,True,True
6674,True,True,True,False,True,True,False,True
6675,True,True,False,True,True,False,False,True
6676,True,True,True,True,True,True,True,True
6677,True,True,False,True,True,False,True,True
6678,False,True,True,False,True,False,True,False
6679,False,False,True,True,True,True,False,True
6680,True,False,False,False,True,True,True,False
6681,True,True,True,True,True,True,True,True
6682,False,True,True,True,False,True,True,True
6683,True,False,True,True,True,True,True,True
6684,False,True,True,True,True,False,False,True
6685,False,True,True,False,True,True,True,True
6686,False,True,True,True,True,True,True,False
6687,True,True,True,False,False,True,True,True
6688,True,False,True,True,False,False,True,False
6689,True,True,True,False,False,True,False,True
6690,True,True,False,False,False,False,False,True
6691,True,True,True,False,True,True,False,False
6692,True,True,True,True,True,True,True,True
6693,True,True,True,True,True,True,True,True
6694,True,False,False,True,True,True,False,True
6695,False,True,True,True,True,True,True,True
6696,True,True,True,True,True,True,True,True
6697,True,True,True,True,True,True,True,True
6698,True,True,False,True,True,True,True,False
6699,True,True,True,False,True,True,True,True
6700,False,True,False,True,True,True,False,True
6701,False,True,True,True,True,False,False,True
6702,True,True,True,True,True,True,True,True
6703,False,True,True,False,True,True,False,True
6704,True,True,False,True,True,True,True,True
6705,True,True,True,True,True,False,True,True
6706,True,True,True,False,True,True,True,True
6707,True,True,True,False,True,True,True,True
6708,True,False,False,True,True,False,False,True
6709,False,False,True,False,True,True,True,True
6710,True,False,False,True,True,False,True,True
6711,True,True,True,True,True,True,False,True
6712,True,True,True,True,True,True,True,False
6713,True,True,False,False,True,True,True,False
6714,True,True,True,False,False,False,False,False
6715,True,True,True,True,True,True,True,True
6716,True,False,True,True,True,True,True,True
6717,False,True,False,True,True,False,False,True
6718,True,False,False,True,True,True,True,False
6719,True,True,True,True,True,True,True,True
6720,True,True,False,True,True,True,True,True
6721,True,True,True,True,True,False,True,True
6722,True,False,False,False,True,False,False,True
6723,True,True,False,False,False,False,True,False
6724,True,True,True,False,True,True,True,True
6725,False,True,False,True,False,False,True,True
6726,True,True,True,False,True,True,True,False
6727,False,False,True,True,False,False,True,True
6728,True,True,True,True,True,True,True,True
6729,False,True,False,True,False,False,True,True
6730,True,True,False,True,True,True,True,False
6731,True,True,True,False,True,True,True,False
6732,True,True,True,True,True,False,True,False
6733,False,True,False,False,True,True,False,True
6734,True,False,True,True,False,True,True,True
6735,False,True,False,True,False,False,True,True
6736,False,True,True,True,True,True,True,True
6737,True,True,False,False,True,False,True,False
6738,True,False,False,False,True,True,True,True
6739,True,False,False,False,True,True,False,True
6740,True,True,True,False,True,True,True,True
6741,True,True,False,True,True,True,False,False
6742,True,True,False,True,True,True,True,True
6743,False,True,True,True,False,True,True,False
6744,True,True,False,True,False,True,False,True
6745,True,True,True,True,True,True,False,False
6746,True,False,True,True,False,True,True,False
6747,True,True,True,True,True,False,True,False
6748,False,True,True,False,False,True,False,True
6749,True,False,True,False,False,False,True,False
6750,True,True,True,False,True,True,False,True
6751,True,False,True,True,True,True,True,True
6752,False,True,True,True,False,True,True,True
6753,True,True,True,True,True,True,False,True
6754,True,False,True,True,True,False,True,True
6755,True,True,True,True,True,True,True,True
6756,False,True,False,True,True,True,True,True
6757,False,True,False,False,True,False,True,True
6758,False,True,True,True,True,False,True,False
6759,True,True,True,True,False,True,True,True
6760,False,True,True,True,True,True,True,False
6761,False,True,False,False,False,True,True,True
6762,False,False,True,True,True,True,True,True
6763,True,False,True,True,False,False,True,True
6764,False,True,True,True,True,False,True,False
6765,True,True,True,True,True,True,False,False
6766,False,True,True,False,True,True,True,True
6767,True,True,True,False,True,False,True,False
6768,False,False,False,True,True,True,True,False
6769,True,True,True,True,True,True,True,True
6770,False,True,True,False,True,True,True,False
6771,True,True,True,True,False,True,True,True
6772,False,True,True,True,True,True,True,True
6773,True,True,True,False,True,True,True,True
6774,False,False,True,True,True,False,True,False
6775,True,False,True,True,False,True,True,True
6776,True,True,False,False,True,True,False,True
6777,False,False,True,False,True,True,False,True
6778,True,False,True,True,True,False,True,True
6779,True,False,False,False,False,False,True,True
6780,True,True,True,False,True,True,True,True
6781,True,False,False,True,True,False,True,False
6782,False,False,True,True,False,True,True,False
6783,True,False,True,True,True,True,True,False
6784,True,True,True,True,True,True,True,True
6785,False,True,True,True,False,False,True,True
6786,True,False,False,False,False,True,True,True
6787,False,True,True,True,False,True,True,True
6788,False,False,True,True,True,True,False,True
6789,True,True,True,False,True,True,False,True
6790,True,True,True,True,True,True,False,False
6791,False,True,True,False,True,True,True,False
6792,False,True,True,True,True,False,True,True
6793,False,False,True,False,False,True,True,False
6794,True,True,True,True,True,True,True,False
6795,True,True,True,True,True,True,True,True
6796,False,True,True,True,False,True,True,True
6797,True,True,True,False,True,False,True,True
6798,True,True,True,True,True,True,False,True
6799,False,False,True,True,True,False,True,True
6800,True,True,True,True,True,False,True,True
6801,True,False,True,True,False,True,True,True
6802,False,False,True,True,False,True,True,True
6803,True,True,True,True,True,True,True,True
6804,True,True,False,True,True,True,True,True
6805,True,True,False,True,True,True,False,True
6806,True,True,False,True,False,True,True,True
6807,True,True,True,True,True,False,True,True
6808,False,True,True,True,True,False,True,False
6809,True,True,True,True,True,False,False,False
6810,False,True,False,True,True,True,False,True
6811,True,True,True,True,True,False,True,True
6812,True,False,True,True,True,False,True,False
6813,True,True,False,True,False,False,True,True
6814,True,False,True,True,True,False,True,True
6815,True,True,True,True,False,True,False,False
6816,True,False,False,False,True,True,True,False
6817,True,True,True,False,True,True,False,False
6818,True,True,False,True,True,True,True,False
6819,True,False,True,False,True,True,True,True
6820,True,True,True,False,False,True,False,False
6821,True,True,False,True,True,True,False,True
6822,False,True,True,True,True,True,True,True
6823,True,True,False,True,False,True,True,False
6824,False,True,True,False,True,True,True,True
6825,True,True,True,True,True,True,False,False
6826,True,True,True,True,True,True,False,True
6827,True,True,True,True,True,True,False,True
6828,True,True,True,True,True,True,True,True
6829,False,True,True,True,True,True,True,True
6830,False,True,True,True,True,True,True,False
6831,True,True,True,True,True,True,True,True
6832,True,False,False,False,False,False,False,True
6833,False,True,True,True,True,False,True,True
6834,True,True,False,True,True,True,True,True
6835,True,True,True,True,True,True,False,True
6836,False,True,False,False,True,True,True,True
6837,True,True,True,True,False,True,False,True
6838,True,True,False,True,True,True,True,True
6839,True,False,False,True,True,True,True,True
6840,True,True,False,True,False,True,True,True
6841,False,True,True,True,True,True,True,False
6842,True,False,True,True,True,True,True,False
6843,True,True,True,True,True,True,True,False
6844,False,False,True,True,True,False,False,True
6845,True,False,False,False,True,True,True,False
6846,True,True,True,True,True,True,False,False
6847,False,True,True,False,True,True,True,False
6848,True,True,True,True,False,True,True,True
6849,False,True,False,False,False,True,True,True
6850,False,True,False,True,True,False,True,False
6851,True,True,False,False,True,True,True,False
6852,True,True,True,True,False,True,True,False
6853,True,True,True,True,True,True,True,True
6854,False,True,True,True,True,True,True,False
6855,True,True,True,True,True,False,True,True
6856,False,True,True,True,True,True,False,True
6857,True,True,False,True,False,False,True,True
6858,True,False,True,False,True,True,False,True
6859,False,True,False,True,True,True,True,True
6860,False,False,True,True,True,False,True,False
6861,True,True,True,False,True,True,True,True
6862,False,True,False,True,False,False,True,False
6863,True,True,False,True,True,True,True,True
6864,True,True,True,True,True,True,True,True
6865,True,True,False,True,True,True,False,True
6866,True,False,False,True,True,False,False,True
6867,False,True,True,True,True,True,True,True
6868,True,True,True,True,True,True,True,True
6869,True,True,True,False,True,True,True,True
6870,False,True,True,False,False,True,True,False
6871,True,True,True,False,True,False,False,True
6872,True,True,False,True,True,False,True,False
6873,False,True,True,True,True,True,False,True
6874,False,True,True,False,True,False,True,True
6875,True,False,True,True,True,True,True,True
6876,True,False,True,False,True,True,True,True
6877,True,True,False,False,True,True,True,False
6878,True,False,True,True,True,True,True,True
6879,True,True,True,False,False,True,True,True
6880,True,False,True,True,True,True,True,True
6881,False,True,False,False,True,True,True,True
6882,True,True,True,True,False,True,True,False
6883,True,True,True,True,True,False,False,False
6884,True,False,True,False,True,True,True,True
6885,False,True,True,True,True,True,False,True
6886,False,False,True,True,False,True,False,True
6887,True,True,False,False,True,True,False,False
6888,True,False,False,True,True,True,False,True
6889,True,False,True,False,True,True,True,True
6890,True,False,True,True,True,True,False,False
6891,True,False,True,False,True,True,True,True
6892,True,True,True,False,True,True,True,True
6893,True,True,True,True,False,True,True,True
6894,True,True,True,True,True,True,True,False
6895,True,True,False,True,True,True,True,True
6896,True,False,True,True,False,True,True,False
6897,True,True,True,True,True,True,False,False
6898,True,True,True,True,False,True,True,False
6899,True,False,False,False,True,True,True,False
6900,True,True,False,True,True,True,True,False
6901,True,True,True,True,False,True,True,True
6902,False,True,False,True,True,True,True,True
6903,True,False,True,True,True,True,False,True
6904,False,False,True,False,True,True,True,True
6905,False,True,True,True,True,False,False,True
6906,True,True,True,True,True,False,True,False
6907,True,False,True,False,True,False,True,True
6908,True,True,True,True,False,False,True,False
6909,False,True,True,False,True,False,False,False
6910,True,True,True,True,True,True,True,True
6911,True,True,True,True,True,True,False,True
6912,True,False,False,True,False,True,True,False
6913,False,True,False,True,True,True,False,True
6914,False,True,True,True,True,True,True,False
6915,True,False,False,False,False,True,True,True
6916,True,True,True,True,True,True,True,True
6917,True,True,True,True,True,True,True,True
6918,True,True,False,True,True,False,False,True
6919,False,True,True,True,False,True,False,False
6920,False,False,True,True,True,False,True,True
6921,True,True,True,True,False,False,True,True
6922,True,False,True,False,True,False,True,False
6923,True,True,True,True,False,True,True,True
6924,False,False,True,False,True,False,True,True
6925,False,True,False,True,True,True,True,False
6926,False,True,True,True,True,False,True,True
6927,True,True,False,False,True,True,False,False
6928,True,True,False,True,False,True,True,True
6929,True,True,True,False,True,True,False,False
6930,True,True,True,True,False,True,False,True
6931,False,True,False,True,True,True,False,False
6932,True,True,True,True,True,True,True,True
6933,False,True,True,True,True,True,True,True
6934,True,True,True,True,True,False,False,True
6935,True,True,False,True,True,True,True,True
6936,True,True,True,True,True,True,False,False
6937,True,True,True,False,True,True,True,True
6938,True,True,False,False,False,True,True,True
6939,True,False,True,True,False,True,True,True
6940,True,True,True,False,True,True,False,True
6941,False,True,True,False,False,True,False,True
6942,True,True,True,True,True,True,True,False
6943,False,True,True,True,False,True,True,True
6944,True,True,True,False,True,True,True,False
6945,True,False,True,True,True,True,False,True
6946,True,True,False,True,True,False,True,False
6947,True,False,True,True,True,True,True,True
6948,False,False,False,True,True,True,True,True
6949,False,True,False,True,False,False,False,True
6950,True,False,True,False,True,True,True,True
6951,True,False,False,True,True,True,True,True
6952,True,True,True,True,True,False,False,True
6953,True,True,True,True,True,True,False,True
6954,True,False,True,False,True,True,True,True
6955,False,False,True,True,True,True,True,True
6956,True,True,True,False,False,True,False,True
6957,True,True,False,True,True,True,True,False
6958,True,True,True,True,False,False,True,True
6959,True,False,False,True,True,True,True,True
6960,True,True,True,True,False,True,True,False
6961,True,False,True,True,False,True,True,False
6962,False,True,False,True,True,False,True,True
6963,True,True,True,False,True,False,False,False
6964,True,True,True,False,False,True,True,True
6965,True,True,True,True,False,True,False,True
6966,True,True,True,False,True,True,True,True
6967,True,True,True,True,False,True,True,True
6968,True,False,True,False,True,True,True,True
6969,True,True,True,False,True,True,False,True
6970,False,True,True,True,False,True,True,True
6971,True,True,True,True,False,True,True,False
6972,True,True,False,True,True,True,True,True
6973,True,False,False,True,True,True,True,True
6974,True,True,False,True,False,True,True,True
6975,False,True,False,True,False,True,False,True
6976,False,True,False,True,False,True,True,False
6977,True,False,True,True,False,False,True,True
6978,False,False,True,True,True,True,False,False
6979,False,True,True,False,True,False,True,False
6980,False,True,True,True,True,True,True,True
6981,True,True,True,True,True,False,True,True
6982,True,False,False,False,False,False,True,False
6983,True,True,True,True,True,True,True,True
6984,True,True,True,False,False,True,True,True
6985,False,True,False,True,True,True,True,False
6986,True,False,True,True,True,True,True,False
6987,True,True,False,False,False,False,False,True
6988,True,True,False,True,True,True,True,False
6989,False,False,True,False,False,True,True,False
6990,True,False,True,False,True,True,False,False
6991,True,False,True,False,True,True,True,False
6992,True,True,True,False,True,False,True,True
6993,True,False,True,True,True,True,True,False
6994,True,True,True,True,True,True,False,False
6995,True,False,True,False,True,False,True,True
6996,True,True,True,False,True,True,False,True
6997,True,True,True,True,False,False,False,False
6998,False,True,False,True,True,True,True,True
6999,True,True,True,True,True,True,True,True
7000,True,False,False,False,False,True,True,True
7001,True,True,True,True,True,True,True,True
7002,True,False,False,True,False,False,True,False
7003,True,True,True,False,True,True,True,False
7004,False,True,True,True,True,True,True,False
7005,False,True,True,True,True,True,True,True
7006,True,False,False,False,True,True,False,False
7007,True,True,False,True,True,True,True,False
7008,False,False,False,True,True,True,True,True
7009,False,True,True,True,True,False,True,False
7010,False,True,True,True,False,True,True,False
7011,True,True,True,False,False,False,True,True
7012,True,False,True,False,True,True,True,False
7013,True,False,False,True,False,True,True,False
7014,True,True,True,False,True,False,True,False
7015,True,True,True,False,False,False,True,False
7016,True,True,True,False,False,True,True,True
7017,True,False,True,False,True,False,False,True
7018,True,True,True,True,False,False,True,True
7019,False,True,True,False,False,True,False,False
7020,True,True,True,True,True,True,True,True
7021,True,True,True,False,False,True,True,True
7022,True,True,True,False,False,False,False,False
7023,False,True,True,False,True,False,True,False
7024,True,False,False,True,False,False,True,True
7025,True,False,True,True,True,True,True,True
7026,False,True,True,False,False,False,False,False
7027,True,False,True,True,True,True,True,True
7028,True,True,True,False,False,True,True,False
7029,False,True,True,True,False,True,False,True
7030,True,False,False,False,True,True,True,False
7031,True,True,False,True,True,True,True,True
7032,True,True,True,True,False,True,True,True
7033,True,False,True,True,False,True,True,False
7034,True,True,False,True,False,True,False,False
7035,True,True,True,True,True,False,True,True
7036,True,False,False,True,True,True,False,False
7037,True,True,False,True,False,False,True,True
7038,False,False,True,True,True,True,False,False
7039,False,True,True,True,True,True,True,False
7040,True,True,True,True,False,True,True,False
7041,True,True,True,False,True,True,True,False
7042,False,False,True,True,False,True,True,True
7043,False,False,True,True,True,True,True,True
7044,False,True,True,True,True,True,False,True
7045,True,True,True,False,True,True,True,True
7046,True,True,False,True,True,True,False,True
7047,False,False,True,True,True,True,True,True
7048,True,False,False,False,False,True,False,False
7049,True,False,False,True,True,False,True,True
7050,True,True,True,True,False,False,False,True
7051,True,True,False,True,True,True,True,False
7052,True,True,True,False,False,True,False,True
7053,False,True,True,True,True,True,False,True
7054,False,True,True,False,True,False,True,False
7055,True,False,True,True,False,True,True,False
7056,True,True,True,True,True,True,True,True
7057,True,True,True,False,True,True,False,False
7058,True,True,True,True,False,True,False,True
7059,False,False,True,True,True,False,True,True
7060,True,False,True,True,True,False,True,False
7061,True,True,True,True,True,True,True,True
7062,False,True,True,True,True,True,False,True
7063,True,True,True,False,True,True,True,False
7064,True,True,True,True,True,False,True,False
7065,False,True,True,True,True,False,True,True
7066,True,True,True,True,False,True,True,False
7067,True,True,True,False,False,True,True,False
7068,False,True,True,True,False,True,True,True
7069,True,True,False,False,True,True,False,True
7070,True,True,True,False,True,True,True,True
7071,True,True,True,True,True,False,False,True
7072,False,True,True,True,False,True,True,True
7073,True,True,False,True,False,True,True,True
7074,False,True,True,True,True,True,False,True
7075,True,True,True,False,False,True,True,True
7076,True,False,False,True,True,True,True,True
7077,False,False,True,True,False,True,True,False
7078,True,False,True,False,True,False,False,True
7079,True,False,True,True,False,True,True,True
7080,False,True,True,True,True,True,True,False
7081,False,True,True,True,True,True,True,False
7082,False,False,True,True,True,True,False,True
7083,True,True,True,True,False,True,True,False
7084,True,False,True,True,True,True,False,True
7085,True,False,True,False,True,True,True,True
7086,True,False,True,True,False,True,True,False
7087,False,False,True,True,True,True,False,True
7088,True,True,False,True,False,False,False,False
7089,False,True,False,True,False,True,True,False
7090,True,False,True,False,True,True,True,True
7091,True,True,True,True,True,True,True,True
7092,True,True,True,False,True,True,True,True
7093,True,True,True,True,True,True,True,False
7094,True,True,False,True,True,False,False,False
7095,True,True,True,True,True,False,True,True
7096,True,True,True,True,True,True,False,False
7097,True,True,False,True,True,True,True,True
7098,True,True,True,False,True,True,True,True
7099,True,False,True,False,False,True,True,False
7100,True,False,False,False,True,False,True,True
7101,True,True,True,False,False,True,True,False
7102,False,True,True,True,True,True,True,True
7103,True,True,True,True,False,False,True,False
7104,True,False,True,True,True,True,True,True
7105,False,True,True,True,True,True,True,False
7106,True,True,True,True,True,True,True,True
7107,False,True,False,True,True,False,False,False
7108,True,True,True,True,False,True,False,True
7109,True,False,True,True,True,True,True,False
7110,True,False,False,True,True,False,True,True
7111,True,True,False,True,True,True,True,True
7112,False,True,False,True,False,True,True,False
7113,False,False,True,True,True,True,False,False
7114,False,True,False,False,True,False,False,False
7115,True,True,True,True,True,True,False,True
7116,True,True,True,False,True,True,True,True
7117,False,True,True,True,True,True,False,True
7118,True,True,True,True,True,True,True,True
7119,True,False,False,False,True,True,True,True
7120,True,True,True,True,True,True,True,False
7121,True,True,True,False,True,True,True,True
7122,True,True,False,True,True,True,True,False
7123,True,True,False,False,True,True,True,False
7124,True,True,False,False,True,True,True,True
7125,True,True,False,False,False,True,True,True
7126,False,False,True,True,True,True,True,True
7127,True,True,False,False,True,True,True,True
7128,True,True,True,False,True,False,True,True
7129,True,True,True,False,False,False,True,True
7130,True,True,True,True,True,True,True,False
7131,True,False,True,True,True,True,True,True
7132,False,True,True,False,False,False,True,True
7133,True,True,True,False,False,False,True,True
7134,False,True,False,True,True,True,False,True
7135,True,True,False,True,True,True,True,True
7136,True,False,True,True,True,True,False,True
7137,True,False,False,False,False,True,False,True
7138,True,False,True,True,False,True,True,False
7139,True,False,True,False,False,True,True,False
7140,False,False,True,True,True,True,True,True
7141,True,False,True,True,True,True,True,True
7142,True,True,False,False,False,False,False,True
7143,True,True,False,True,False,False,False,False
7144,True,True,False,True,True,True,False,False
7145,False,False,True,True,True,False,True,True
7146,True,False,True,True,True,True,False,True
7147,True,False,False,False,False,True,False,False
7148,True,True,True,False,True,False,False,True
7149,True,True,True,True,True,False,True,True
7150,True,True,True,True,True,True,True,True
7151,True,True,True,True,True,True,False,True
7152,False,False,False,True,True,False,True,False
7153,True,True,True,True,True,True,True,True
7154,True,False,False,True,True,False,True,True
7155,True,True,True,True,True,True,True,True
7156,True,True,True,True,True,True,True,True
7157,True,True,True,True,True,False,True,True
7158,False,True,True,False,True,True,False,True
7159,True,False,True,True,True,True,True,True
7160,True,True,True,True,True,True,True,True
7161,False,True,True,True,False,True,True,True
7162,False,True,True,False,True,True,True,False
7163,False,True,True,True,False,True,False,True
7164,True,True,False,True,False,False,False,True
7165,True,True,True,False,False,False,False,False
7166,False,True,True,False,True,True,True,True
7167,True,False,True,True,True,True,True,True
7168,True,True,True,True,False,True,True,False
7169,False,False,True,False,False,True,True,False
7170,True,False,True,False,True,False,False,True
7171,True,True,True,True,True,True,True,True
7172,True,True,False,True,False,True,True,True
7173,True,False,True,False,False,True,False,True
7174,False,False,True,True,False,True,False,True
7175,False,True,True,True,False,True,True,True
7176,True,True,False,True,True,True,True,True
7177,True,False,False,False,False,False,True,False
7178,True,False,False,True,True,True,True,True
7179,False,True,True,True,True,True,True,False
7180,True,False,False,False,False,True,True,True
7181,False,True,False,True,True,True,False,True
7182,False,False,True,True,False,False,False,True
7183,True,True,True,False,True,True,False,True
7184,True,True,True,True,True,True,True,True
7185,False,True,True,True,True,False,True,False
7186,True,True,False,False,True,True,False,True
7187,False,True,False,True,True,False,True,True
7188,True,True,False,True,True,True,True,True
7189,True,True,False,False,True,True,True,False
7190,True,True,False,True,True,True,True,True
7191,True,True,False,True,True,False,True,True
7192,False,True,True,False,True,True,True,True
7193,True,True,True,True,True,True,False,False
7194,False,True,True,True,True,False,False,False
7195,True,True,False,False,True,True,False,True
7196,True,True,True,True,True,True,True,True
7197,False,True,True,True,False,True,True,False
7198,True,False,True,True,False,True,True,True
7199,False,True,True,False,True,True,False,True
7200,False,True,False,True,True,True,True,True
7201,False,True,True,True,True,False,False,True
7202,True,True,True,True,True,True,False,True
7203,True,True,True,True,True,True,True,True
7204,True,False,True,True,True,False,True,False
7205,True,True,True,True,True,True,True,False
7206,True,False,False,True,False,True,False,False
7207,True,True,True,True,True,True,True,True
7208,False,True,False,True,True,False,False,True
7209,True,True,False,False,False,True,True,True
7210,False,True,True,True,True,False,True,True
7211,False,True,True,True,True,True,False,True
7212,True,True,True,False,True,False,False,False
7213,True,True,True,True,True,True,False,False
7214,False,True,False,False,True,True,True,True
7215,True,False,False,True,True,False,False,True
7216,False,False,False,True,False,True,True,True
7217,False,True,True,True,True,True,False,True
7218,True,False,True,False,False,False,True,False
7219,False,False,True,True,True,True,True,False
7220,False,True,True,True,True,True,True,True
7221,True,True,True,True,True,False,True,True
7222,True,True,True,True,True,True,True,True
7223,True,True,True,True,True,False,True,True
7224,False,True,False,True,False,True,True,True
7225,True,True,False,True,False,True,True,True
7226,True,True,True,True,True,False,False,False
7227,True,True,False,True,False,True,True,True
7228,False,True,False,True,False,False,True,False
7229,True,True,False,True,False,True,True,True
7230,False,True,True,False,True,True,True,True
7231,False,False,True,True,True,True,True,False
7232,False,True,True,True,True,True,True,True
7233,False,True,True,True,False,True,True,True
7234,True,True,True,True,True,False,True,True
7235,True,True,False,True,True,True,True,True
7236,True,True,True,False,False,True,True,True
7237,True,True,True,False,False,True,False,True
7238,True,False,True,True,False,True,True,True
7239,True,True,True,True,True,True,False,False
7240,False,True,True,True,False,True,False,True
7241,True,True,False,True,True,True,True,True
7242,True,False,True,False,False,True,False,False
7243,True,True,True,True,True,True,True,True
7244,True,True,True,True,False,True,True,False
7245,True,True,True,True,True,True,False,False
7246,True,True,True,True,True,True,True,True
7247,True,True,False,False,False,True,True,True
7248,False,True,True,True,True,True,True,True
7249,False,True,True,True,True,True,False,True
7250,True,True,True,True,True,True,False,False
7251,True,True,False,True,True,True,True,False
7252,True,True,True,True,False,False,True,False
7253,True,True,True,True,False,True,True,True
7254,True,True,False,False,True,True,True,True
7255,True,True,True,False,False,True,True,True
7256,False,True,False,False,False,False,True,False
7257,True,True,True,True,True,True,False,False
7258,False,True,False,True,True,True,True,True
7259,True,True,True,True,True,True,True,False
7260,True,True,True,False,False,False,True,False
7261,True,True,False,True,False,False,False,False
7262,True,True,True,True,True,False,True,True
7263,True,True,True,True,False,True,True,False
7264,True,True,True,True,False,False,False,True
7265,False,True,True,False,True,True,True,True
7266,False,True,False,True,False,True,True,True
7267,False,True,True,True,True,True,True,True
7268,False,True,True,False,True,True,False,True
7269,True,False,True,True,True,False,False,True
7270,False,True,True,False,True,True,False,True
7271,True,False,False,True,True,True,False,False
7272,True,True,True,True,False,True,True,True
7273,True,False,True,True,True,True,False,True
7274,False,False,True,True,True,True,True,True
7275,True,True,True,False,False,True,True,True
7276,True,True,True,True,False,False,True,True
7277,True,True,True,False,True,True,True,True
7278,True,True,True,False,True,True,False,True
7279,False,True,True,True,True,False,True,True
7280,True,False,True,True,True,True,False,False
7281,True,True,True,True,True,False,True,False
7282,False,True,True,True,True,True,False,True
7283,False,True,True,True,False,True,True,True
7284,False,True,True,False,False,True,False,True
7285,False,False,False,True,True,False,True,True
7286,True,True,False,True,True,False,True,True
7287,False,False,True,False,True,True,True,True
7288,True,True,True,True,True,False,False,True
7289,False,True,False,True,False,False,True,False
7290,True,True,True,True,True,True,True,True
7291,True,True,True,False,True,True,True,True
7292,True,False,True,False,False,True,True,False
7293,False,True,True,True,True,True,True,True
7294,True,True,True,False,True,True,True,True
7295,True,False,True,True,True,True,False,True
7296,False,True,False,False,False,False,False,False
7297,False,True,True,True,True,True,True,True
7298,True,True,True,False,True,False,True,True
7299,False,False,True,True,True,False,True,True
7300,True,True,False,True,True,True,False,True
7301,True,True,True,False,True,True,False,True
7302,True,True,True,True,True,True,True,True
7303,True,True,True,True,True,True,True,True
7304,True,True,False,True,True,True,True,True
7305,True,True,True,True,True,True,True,False
7306,False,True,True,False,False,True,True,False
7307,False,True,False,True,False,True,True,False
7308,True,True,False,True,False,True,True,True
7309,True,False,True,True,False,False,False,True
7310,True,False,True,True,True,True,True,True
7311,True,False,True,False,False,True,True,False
7312,True,True,False,True,True,True,False,True
7313,True,True,True,True,True,True,True,False
7314,True,True,False,True,True,True,False,False
7315,False,False,False,True,False,False,False,True
7316,False,True,False,True,True,True,True,True
7317,True,True,True,True,True,True,False,False
7318,True,True,True,False,False,True,True,True
7319,True,True,True,True,True,True,False,True
7320,True,True,True,False,True,True,True,True
7321,True,False,True,True,True,True,True,False
7322,False,False,True,True,False,True,True,True
7323,True,False,False,True,True,True,True,False
7324,True,True,True,True,True,False,True,True
7325,False,False,True,True,False,True,True,True
7326,True,True,True,True,False,True,True,True
7327,False,False,True,True,False,True,True,True
7328,True,True,True,False,True,False,False,True
7329,True,False,False,False,True,True,False,True
7330,False,False,True,True,True,True,True,True
7331,True,True,True,True,False,True,True,True
7332,True,True,True,True,True,True,False,False
7333,False,False,True,False,False,False,True,True
7334,True,False,True,True,True,True,False,True
7335,False,True,True,True,False,True,True,False
7336,True,True,False,False,False,True,False,False
7337,True,True,True,False,True,True,True,False
7338,True,True,True,False,True,False,True,True
7339,True,True,False,False,True,False,False,True
7340,False,False,True,False,True,True,True,True
7341,True,True,True,True,True,True,True,True
7342,False,True,True,True,False,False,False,True
7343,False,True,False,True,False,True,True,True
7344,False,True,False,False,False,True,False,True
7345,True,False,False,True,False,False,True,True
7346,True,True,True,False,True,True,True,True
7347,True,False,True,False,False,True,False,True
7348,False,True,True,True,False,False,True,False
7349,False,False,False,True,True,False,True,False
7350,True,True,False,True,False,True,True,False
7351,True,True,True,True,False,True,True,True
7352,False,True,True,True,True,True,True,False
7353,True,True,True,True,True,False,False,True
7354,False,True,True,True,False,True,True,False
7355,True,True,False,True,False,True,True,True
7356,False,True,True,True,False,True,False,True
7357,False,True,True,False,True,True,True,False
7358,False,False,True,True,True,True,False,False
7359,True,True,False,True,False,False,False,True
7360,True,False,True,True,False,True,True,True
7361,False,True,True,False,True,True,True,True
7362,True,False,True,True,True,True,True,True
7363,False,False,True,True,False,True,True,True
7364,True,True,True,True,True,True,True,False
7365,False,True,False,True,False,True,False,True
7366,False,True,True,True,False,True,False,False
7367,False,False,True,True,True,True,True,True
7368,False,True,True,True,False,False,False,True
7369,True,True,True,False,True,True,True,True
7370,False,True,False,True,True,False,True,True
7371,False,False,True,True,True,True,True,False
7372,False,False,False,True,True,False,True,True
7373,False,False,False,True,True,True,False,True
7374,True,False,True,True,False,True,False,True
7375,True,True,False,False,True,True,True,False
7376,False,True,False,True,True,True,True,True
7377,True,False,True,True,True,True,False,True
7378,True,True,True,False,True,True,False,False
7379,True,False,False,True,True,True,True,True
7380,False,True,False,True,True,False,True,True
7381,False,True,True,True,False,True,True,True
7382,True,False,True,True,False,True,True,True
7383,True,True,True,True,True,True,True,True
7384,True,True,True,True,False,False,True,True
7385,True,True,False,True,False,True,True,True
7386,True,True,True,True,False,True,False,False
7387,True,True,True,False,True,True,True,True
7388,True,False,True,True,False,True,False,True
7389,True,False,True,True,False,False,True,True
7390,True,True,True,True,False,True,True,True
7391,True,True,True,True,True,False,True,True
7392,True,True,True,True,True,True,False,True
7393,True,True,True,False,True,True,False,True
7394,True,False,True,False,True,True,True,True
7395,False,True,True,True,False,True,False,True
7396,True,True,True,True,False,True,True,True
7397,False,True,False,True,True,True,True,True
7398,True,False,False,True,True,False,True,False
7399,True,False,False,True,True,True,True,True
7400,True,False,False,False,False,False,True,True
7401,True,True,True,True,True,True,True,True
7402,False,True,False,True,True,False,True,True
7403,True,True,False,True,False,False,True,True
7404,True,True,False,True,True,True,True,True
7405,True,True,False,True,False,False,False,False
7406,True,False,True,False,True,True,True,True
7407,True,False,True,False,True,False,True,True
7408,True,True,True,True,False,True,True,False
7409,True,False,True,False,False,True,True,True
7410,True,True,True,True,False,False,False,True
7411,True,True,True,True,False,False,True,True
7412,True,True,True,True,True,True,True,True
7413,True,True,True,True,False,True,True,True
7414,True,True,True,False,True,True,True,True
7415,False,True,False,True,True,False,True,False
7416,True,True,True,True,False,True,True,False
7417,True,False,True,False,False,True,True,True
7418,True,True,True,True,False,True,False,True
7419,True,True,False,True,True,True,True,True
7420,True,True,False,True,False,False,True,False
7421,False,True,True,True,True,True,True,True
7422,False,True,True,False,True,False,True,True
7423,True,True,True,True,True,True,True,True
7424,False,True,True,True,True,False,True,False
7425,True,False,False,True,False,True,False,True
7426,True,False,False,True,False,True,True,False
7427,True,True,False,False,True,True,True,True
7428,True,True,True,True,True,True,True,True
7429,True,True,False,True,True,False,True,True
7430,True,True,True,True,True,True,False,True
7431,True,True,True,False,True,False,True,True
7432,True,True,True,True,True,True,True,True
7433,True,True,True,True,True,False,True,True
7434,True,True,True,True,True,False,False,True
7435,True,True,False,True,False,False,False,False
7436,True,True,True,False,True,True,True,True
7437,True,True,True,True,False,False,False,True
7438,False,False,False,True,True,False,False,True
7439,True,False,True,True,True,False,True,False
7440,True,False,True,True,True,True,False,True
7441,True,True,True,True,False,True,False,True
7442,False,True,True,True,False,True,True,True
7443,True,True,True,True,True,True,True,True
7444,False,False,False,True,True,True,False,True
7445,False,True,True,True,False,False,False,True
7446,True,False,True,True,True,False,True,False
7447,False,False,True,True,False,True,True,False
7448,True,False,True,False,False,False,True,False
7449,False,True,True,True,False,True,False,True
7450,True,True,False,True,True,True,False,True
7451,True,True,False,True,True,False,True,False
7452,True,True,True,False,False,True,True,True
7453,False,True,False,True,True,True,False,True
7454,True,True,True,True,True,True,True,False
7455,True,True,True,True,False,True,True,True
7456,True,True,True,True,True,True,True,True
7457,True,True,True,True,False,False,True,True
7458,True,True,False,False,True,True,True,True
7459,True,False,False,True,True,True,True,True
7460,False,True,False,True,True,True,False,False
7461,True,True,True,True,True,False,False,True
7462,True,True,True,True,True,True,True,True
7463,True,True,True,True,False,True,False,True
7464,True,False,False,False,True,True,False,True
7465,True,True,True,False,True,True,True,True
7466,True,True,True,True,True,False,False,True
7467,True,True,False,True,True,False,True,True
7468,True,True,True,True,True,True,True,False
7469,True,True,False,True,True,True,True,False
7470,True,True,True,True,True,True,True,True
7471,True,True,False,False,False,False,True,True
7472,True,True,True,False,False,True,True,True
7473,True,False,True,True,False,True,False,False
7474,True,True,False,True,True,True,False,False
7475,True,False,True,True,False,False,True,True
7476,True,False,True,True,True,True,False,True
7477,True,False,True,True,True,True,True,False
7478,True,False,True,True,True,False,True,True
7479,False,False,False,True,True,True,False,True
7480,False,False,True,True,True,True,True,False
7481,True,False,True,True,True,False,False,True
7482,True,False,False,True,False,True,False,False
7483,True,False,True,False,True,True,False,True
7484,True,True,True,False,True,False,False,True
7485,False,True,False,True,True,True,True,True
7486,False,True,True,True,True,True,True,False
7487,True,True,True,True,False,True,True,True
7488,True,True,True,True,True,True,False,True
7489,True,True,False,False,True,False,True,False
7490,False,True,True,True,True,False,True,True
7491,True,False,False,True,True,True,True,True
7492,True,True,True,True,True,True,False,True
7493,True,False,False,False,True,False,True,True
7494,True,True,True,True,False,False,True,True
7495,True,False,False,True,True,False,True,True
7496,False,True,False,True,True,False,True,True
7497,False,True,True,False,False,True,True,True
7498,True,True,True,False,True,True,True,True
7499,True,False,False,True,True,False,True,True
7500,False,True,False,False,True,False,False,True
7501,True,False,True,True,True,False,True,True
7502,False,False,True,True,True,True,True,True
7503,False,True,True,True,False,True,False,False
7504,True,True,True,True,True,True,True,False
7505,True,True,True,True,True,True,True,True
7506,False,False,True,True,True,False,True,True
7507,True,False,False,True,True,True,True,True
7508,True,True,True,True,True,True,True,True
7509,True,False,True,True,False,True,False,True
7510,False,False,True,True,True,True,True,True
7511,True,True,False,True,False,False,False,True
7512,True,False,False,True,True,True,False,True
7513,False,False,True,False,True,False,True,False
7514,True,False,True,False,True,True,True,True
7515,True,True,True,False,True,False,True,True
7516,True,False,True,False,True,True,False,True
7517,False,True,True,True,False,True,False,False
7518,True,True,True,True,True,True,True,False
7519,True,False,True,True,False,False,True,False
7520,True,True,True,True,True,True,True,True
7521,True,True,True,True,True,False,True,True
7522,False,True,True,True,False,True,True,True
7523,False,False,True,True,False,False,True,True
7524,True,True,True,True,False,True,True,False
7525,True,False,True,True,True,True,True,False
7526,False,True,False,True,True,False,True,False
7527,True,True,True,True,True,True,False,True
7528,True,True,True,True,True,False,True,True
7529,False,True,False,True,False,True,True,False
7530,True,False,True,True,True,True,False,False
7531,False,True,True,True,False,True,True,True
7532,False,False,False,False,False,False,True,True
7533,True,True,True,True,True,False,True,True
7534,False,True,True,True,True,True,True,False
7535,False,False,True,False,True,True,True,False
7536,False,True,True,True,True,True,True,True
7537,False,True,True,True,False,True,True,True
7538,False,True,False,True,False,True,False,False
7539,True,False,False,True,True,True,False,True
7540,True,True,True,True,True,True,True,True
7541,True,True,True,True,False,True,True,True
7542,True,True,True,True,True,True,True,True
7543,True,False,True,False,False,False,True,True
7544,True,True,True,True,True,True,True,True
7545,True,True,True,True,True,True,False,True
7546,True,False,True,True,True,False,False,False
7547,False,False,False,True,True,False,True,True
7548,True,False,True,True,True,True,False,False
7549,False,True,False,True,True,True,False,True
7550,False,True,True,False,True,False,False,True
7551,True,True,False,True,False,False,False,False
7552,True,False,True,True,False,False,True,False
7553,False,False,True,True,True,False,True,False
7554,True,True,True,True,True,True,True,True
7555,True,True,False,True,False,False,True,True
7556,True,False,False,True,True,False,True,False
7557,True,False,True,False,True,True,True,False
7558,False,True,False,False,True,True,True,False
7559,True,True,True,True,False,True,False,True
7560,False,True,False,False,False,True,True,False
7561,False,False,False,True,True,False,True,True
7562,True,True,True,False,False,False,True,False
7563,True,True,True,False,True,True,True,True
7564,False,False,False,True,True,True,False,False
7565,True,True,True,True,True,False,True,False
7566,True,True,False,False,True,True,True,True
7567,True,True,True,True,True,False,True,True
7568,True,False,True,True,True,False,True,False
7569,True,True,True,True,True,True,True,True
7570,False,False,False,True,True,False,True,False
7571,False,True,True,False,True,True,True,True
7572,True,True,True,True,True,False,True,False
7573,True,True,True,True,False,True,True,True
7574,False,True,False,True,False,False,True,True
7575,True,True,True,True,False,True,False,True
7576,True,True,False,False,True,True,False,False
7577,True,True,True,True,False,True,True,True
7578,True,True,True,True,True,True,False,True
7579,True,True,False,True,True,True,True,True
7580,False,True,True,False,True,True,False,True
7581,True,True,True,True,True,True,False,True
7582,True,True,True,True,True,False,True,True
7583,False,True,False,False,True,False,True,True
7584,True,False,True,True,True,True,True,True
7585,True,True,True,True,False,False,True,True
7586,True,True,True,True,True,False,True,True
7587,True,False,True,True,True,False,True,True
7588,False,True,True,False,True,False,False,False
7589,True,False,True,True,False,False,False,False
7590,True,True,True,True,False,True,True,True
7591,False,True,True,True,False,False,True,True
7592,True,False,True,True,False,True,True,True
7593,True,False,False,False,False,True,True,True
7594,True,True,True,True,True,False,True,False
7595,True,True,False,True,True,False,True,True
7596,True,False,False,True,True,True,True,True
7597,False,True,True,True,True,False,False,True
7598,True,False,False,True,True,True,True,True
7599,True,True,False,False,False,True,False,True
7600,True,True,True,True,True,True,True,True
7601,True,True,True,False,True,True,True,False
7602,True,True,True,True,False,False,True,False
7603,True,True,True,True,True,True,True,True
7604,True,True,True,True,False,True,True,True
7605,False,True,True,False,True,False,False,False
7606,True,True,True,True,True,True,True,False
7607,False,True,True,True,False,False,False,True
7608,True,True,True,False,True,False,True,True
7609,False,False,True,True,False,True,True,True
7610,True,True,False,True,False,True,False,True
7611,True,False,False,True,True,True,True,True
7612,True,True,True,False,False,True,False,True
7613,True,True,True,True,True,True,True,True
7614,True,True,True,False,True,True,False,True
7615,False,True,True,True,False,True,True,True
7616,True,True,True,False,True,True,True,True
7617,False,True,True,False,True,False,True,True
7618,False,True,False,True,False,True,True,False
7619,False,True,True,True,True,False,False,True
7620,True,False,False,False,True,False,True,True
7621,False,False,True,True,True,True,True,True
7622,False,True,True,True,True,True,True,False
7623,True,True,True,True,True,True,True,True
7624,True,True,True,True,True,True,True,False
7625,True,False,True,True,False,False,True,True
7626,True,False,False,True,True,True,True,True
7627,True,False,True,True,False,False,False,True
7628,True,False,True,False,False,True,False,True
7629,True,True,True,False,True,True,True,False
7630,True,False,False,True,False,False,True,False
7631,True,True,True,True,True,False,False,True
7632,False,False,False,True,False,False,True,True
7633,True,True,False,True,True,True,True,False
7634,True,True,False,True,True,False,False,True
7635,True,True,True,True,True,True,True,True
7636,False,False,True,True,True,True,False,False
7637,False,True,True,True,True,False,True,True
7638,True,False,True,True,True,True,True,True
7639,True,True,True,True,True,False,True,False
7640,True,True,True,True,True,True,True,True
7641,True,True,True,True,True,True,True,True
7642,False,True,True,True,True,True,True,True
7643,True,False,True,True,False,True,True,True
7644,False,True,True,True,True,False,False,True
7645,True,False,True,True,True,True,True,True
7646,True,True,True,False,True,True,False,False
7647,True,False,True,False,False,True,True,False
7648,True,True,True,False,False,True,True,True
7649,False,False,False,True,True,True,True,True
7650,False,True,True,False,True,False,True,True
7651,True,True,True,True,False,False,False,True
7652,True,False,True,True,True,True,False,False
7653,False,False,True,False,False,False,True,True
7654,False,True,True,True,False,False,True,False
7655,True,True,True,False,True,False,True,False
7656,True,False,True,True,True,True,True,True
7657,True,True,True,False,True,True,True,True
7658,True,True,True,True,True,True,True,True
7659,True,True,True,False,False,True,True,True
7660,False,True,False,False,False,True,True,False
7661,False,True,True,True,True,False,True,False
7662,True,True,True,True,True,True,True,True
7663,True,True,True,True,True,False,True,False
7664,False,False,False,True,True,True,True,True
7665,True,True,True,True,False,True,True,True
7666,False,True,False,True,True,True,True,False
7667,False,False,True,True,False,True,True,True
7668,True,True,True,True,True,False,True,True
7669,True,True,True,True,False,False,True,True
7670,False,True,True,False,True,True,False,True
7671,False,False,True,True,True,True,True,False
7672,True,False,True,False,False,False,True,False
7673,True,True,True,True,True,False,True,True
7674,True,True,True,False,True,True,True,True
7675,True,True,False,False,False,True,True,True
7676,True,True,True,True,True,True,True,True
7677,True,True,True,True,True,True,False,True
7678,True,True,True,False,False,False,True,True
7679,True,True,True,False,False,False,True,True
7680,False,False,True,False,False,True,True,False
7681,True,True,True,False,True,False,True,True
7682,True,True,True,False,True,False,True,False
7683,True,False,True,False,True,False,True,True
7684,False,True,True,True,True,True,True,False
7685,True,True,True,True,True,False,True,True
7686,True,True,True,True,True,False,True,True
7687,False,True,True,True,False,True,False,False
7688,True,True,True,True,True,True,False,True
7689,True,True,True,True,True,True,True,True
7690,False,False,False,False,True,False,True,True
7691,True,True,True,False,True,True,True,True
7692,False,False,True,True,False,False,True,True
7693,True,True,False,False,True,True,True,True
7694,True,True,False,True,True,True,True,False
7695,True,False,False,False,False,True,True,True
7696,True,True,False,True,True,True,False,False
7697,True,False,True,False,False,True,True,False
7698,True,True,False,True,True,True,False,False
7699,False,False,True,True,False,True,False,True
7700,True,True,True,True,False,True,True,True
7701,True,True,True,True,False,True,False,True
7702,True,True,True,False,False,False,True,True
7703,False,True,True,False,False,True,True,True
7704,True,False,True,True,False,True,True,True
7705,True,True,True,True,True,True,True,False
7706,True,True,True,True,True,True,True,True
7707,True,True,True,False,True,True,False,False
7708,True,True,True,False,True,False,True,True
7709,False,False,True,False,False,False,True,True
7710,False,False,True,True,False,True,False,True
7711,True,True,False,False,False,True,True,True
7712,False,True,True,True,True,True,True,True
7713,True,True,False,False,False,False,True,True
7714,True,False,False,False,True,True,True,True
7715,True,True,False,True,True,True,True,False
7716,True,True,True,True,False,True,True,True
7717,False,False,True,False,True,False,False,False
7718,False,False,True,False,True,True,False,True
7719,True,False,False,True,True,True,False,True
7720,False,True,False,True,True,True,False,True
7721,True,False,True,True,True,True,True,False
7722,True,True,False,True,True,True,True,True
7723,True,True,False,False,True,False,False,False
7724,False,False,False,True,True,True,False,False
7725,False,True,False,True,False,True,True,True
7726,True,True,True,True,True,True,True,True
7727,True,False,True,True,True,True,True,False
7728,True,True,False,True,False,True,False,True
7729,True,True,False,True,False,True,True,False
7730,False,True,True,False,True,True,True,False
7731,True,True,True,True,True,True,True,True
7732,True,True,False,True,True,True,True,True
7733,False,True,False,False,True,True,True,True
7734,False,True,True,False,True,True,False,False
7735,False,True,True,True,True,False,True,False
7736,False,True,True,True,True,True,False,True
7737,True,True,True,False,False,False,False,True
7738,False,False,False,True,True,True,True,True
7739,True,True,True,True,True,True,True,True
7740,False,False,False,True,True,True,False,True
7741,True,True,True,True,True,False,True,True
7742,False,False,True,False,True,True,True,True
7743,True,True,True,True,True,True,True,True
7744,True,True,True,False,True,False,True,True
7745,True,False,False,False,True,True,True,True
7746,False,True,True,False,True,True,True,False
7747,False,True,True,True,True,True,True,True
7748,True,True,True,False,True,False,True,True
7749,True,False,False,True,False,False,True,True
7750,True,True,True,True,True,True,False,True
7751,True,True,False,True,True,True,True,True
7752,False,False,False,True,False,True,False,False
7753,True,False,True,True,True,True,True,True
7754,False,True,True,False,True,True,False,False
7755,False,True,False,True,False,True,True,True
7756,True,False,True,True,True,True,False,True
7757,False,True,True,True,True,True,False,True
7758,False,True,True,True,True,True,True,False
7759,True,True,True,True,False,True,True,True
7760,False,True,False,True,False,True,False,False
7761,False,False,True,True,False,True,False,True
7762,True,False,False,True,True,True,True,True
7763,True,False,True,True,True,True,False,True
7764,True,True,False,True,True,True,True,True
7765,False,True,False,True,True,True,True,True
7766,False,True,True,True,True,True,True,False
7767,True,True,True,True,False,True,False,True
7768,True,True,False,True,True,False,True,False
7769,True,True,True,True,True,True,True,False
7770,True,True,True,True,True,True,False,True
7771,False,True,True,True,True,False,True,True
7772,True,True,True,True,True,False,True,True
7773,True,True,False,False,True,True,True,True
7774,True,True,True,True,True,True,True,True
7775,False,True,True,True,True,True,True,True
7776,True,True,False,True,False,True,True,True
7777,False,True,True,False,True,False,True,True
7778,False,False,False,True,True,False,True,True
7779,True,True,False,False,True,False,False,True
7780,False,True,True,False,True,True,True,False
7781,False,False,True,False,True,True,True,True
7782,True,True,True,True,True,False,True,False
7783,True,True,True,True,True,True,True,True
7784,True,False,True,True,False,True,False,True
7785,True,True,False,True,True,True,True,True
7786,False,True,True,True,True,True,False,True
7787,True,True,True,False,False,True,True,False
7788,True,True,False,True,False,True,True,False
7789,True,True,True,False,True,True,True,True
7790,True,True,True,True,True,False,False,True
7791,True,True,False,True,False,False,True,False
7792,False,True,True,True,True,True,True,True
7793,False,False,True,True,False,True,False,False
7794,False,False,True,False,True,True,True,False
7795,True,False,False,True,False,True,True,True
7796,False,False,False,False,True,True,True,True
7797,True,True,True,True,True,True,True,True
7798,False,False,True,False,True,True,True,True
7799,True,True,False,True,True,True,True,True
7800,False,True,False,False,True,True,False,False
7801,True,True,False,True,False,False,True,False
7802,True,True,False,True,True,True,True,True
7803,True,True,True,True,True,True,True,True
7804,False,True,True,False,False,True,True,False
7805,False,True,True,True,True,False,True,True
7806,False,True,True,True,True,False,True,True
7807,True,True,False,True,True,True,True,False
7808,False,True,True,True,True,False,True,True
7809,False,True,False,True,True,False,True,False
7810,True,False,True,True,True,False,True,False
7811,False,False,True,True,True,True,True,True
7812,True,True,True,True,True,True,True,False
7813,True,True,True,False,True,False,True,False
7814,True,True,True,True,True,True,False,False
7815,False,True,False,False,True,True,False,False
7816,True,True,True,True,True,True,False,True
7817,False,False,True,False,True,True,True,True
7818,False,False,True,False,True,False,True,True
7819,True,True,False,True,False,True,True,True
7820,False,False,False,True,False,True,True,True
7821,False,False,True,True,True,True,True,False
7822,True,True,True,False,False,False,True,False
7823,True,True,False,True,False,True,False,False
7824,True,True,True,False,False,True,True,True
7825,True,False,True,True,True,True,True,False
7826,True,False,True,False,True,True,True,False
7827,False,True,True,False,True,False,True,True
7828,False,False,True,True,True,False,True,True
7829,True,True,True,True,True,True,False,True
7830,True,True,False,True,True,False,False,True
7831,False,True,True,True,True,True,False,True
7832,True,False,False,False,True,True,True,False
7833,True,True,True,False,True,True,True,True
7834,True,True,False,True,True,True,False,False
7835,False,True,False,True,True,True,True,True
7836,True,False,True,True,False,False,True,False
7837,True,True,True,True,True,False,True,True
7838,True,True,True,False,False,True,False,True
7839,True,True,False,True,True,True,False,False
7840,False,True,True,True,True,True,False,True
7841,False,True,False,True,True,True,True,True
7842,True,True,True,False,False,True,True,False
7843,False,False,False,False,True,True,False,True
7844,True,False,True,False,False,True,True,False
7845,True,False,False,False,True,True,True,True
7846,True,True,True,False,True,True,True,True
7847,True,True,False,True,True,False,True,True
7848,True,True,True,True,False,True,True,True
7849,True,True,True,False,True,True,True,False
7850,True,True,False,True,False,False,True,True
7851,False,True,False,True,True,False,False,True
7852,True,True,False,True,False,True,True,True
7853,True,True,True,False,False,True,True,True
7854,True,True,False,True,True,False,False,True
7855,False,True,True,False,True,False,True,True
7856,True,False,False,True,False,False,False,True
7857,False,False,False,True,True,True,True,True
7858,False,True,False,True,True,True,True,False
7859,True,True,True,True,True,True,True,True
7860,True,False,False,True,True,True,False,True
7861,True,False,True,False,True,True,True,False
7862,False,True,False,False,True,False,True,True
7863,True,False,True,True,True,True,True,False
7864,False,True,True,True,False,True,True,True
7865,True,False,True,True,True,True,True,False
7866,False,True,True,True,True,True,True,True
7867,True,False,True,True,True,True,False,True
7868,False,True,False,True,True,True,False,False
7869,True,True,True,True,True,True,True,True
7870,True,True,True,True,False,True,False,True
7871,False,False,False,True,True,False,False,True
7872,True,True,True,True,True,False,True,True
7873,True,True,False,True,False,True,False,True
7874,True,True,True,False,True,True,True,True
7875,True,False,True,True,True,False,True,True
7876,True,True,True,True,True,False,True,True
7877,False,True,True,True,True,False,True,True
7878,True,True,True,True,True,True,False,True
7879,True,False,True,True,True,True,True,True
7880,True,True,False,True,True,True,False,True
7881,False,True,True,True,True,False,False,True
7882,True,False,False,True,True,False,False,True
7883,True,True,False,False,True,True,False,True
7884,True,True,True,True,True,False,True,True
7885,False,True,True,True,True,False,True,True
7886,True,True,True,True,False,True,True,True
7887,False,False,False,True,True,True,True,False
7888,False,False,True,True,True,False,True,True
7889,True,True,False,False,True,False,False,False
7890,True,True,True,True,False,True,True,True
7891,False,True,True,True,True,True,True,True
7892,False,True,True,True,True,True,True,False
7893,True,True,False,False,False,True,False,False
7894,True,True,True,False,True,True,False,True
7895,False,False,True,True,False,False,True,True
7896,True,False,False,True,True,False,True,True
7897,False,True,False,True,True,True,True,True
7898,False,True,True,False,True,True,False,True
7899,True,True,True,True,False,True,True,True
7900,False,True,False,True,True,True,True,True
7901,True,False,True,True,True,False,True,True
7902,True,True,True,True,False,False,True,True
7903,True,True,True,False,False,True,False,True
7904,True,False,True,False,True,True,False,True
7905,True,True,True,False,False,True,False,True
7906,True,False,False,True,True,False,True,True
7907,False,False,True,False,False,False,False,False
7908,False,False,False,False,False,True,True,False
7909,True,True,True,False,False,True,False,True
7910,True,True,True,True,True,False,True,True
7911,True,False,True,True,False,True,True,True
7912,True,True,True,True,True,True,False,True
7913,False,True,True,True,True,True,True,True
7914,True,True,True,False,False,False,True,False
7915,False,True,False,True,False,True,True,True
7916,True,True,False,True,False,True,True,True
7917,True,False,True,True,False,False,False,True
7918,True,False,True,False,False,False,True,True
7919,True,True,True,True,False,True,True,True
7920,True,True,True,True,True,True,True,True
7921,True,True,True,False,True,False,True,False
7922,True,True,True,True,True,True,False,True
7923,True,True,True,True,True,True,False,True
7924,False,True,True,True,True,True,True,False
7925,False,False,False,False,True,False,True,True
7926,False,True,True,True,True,False,True,True
7927,True,True,True,False,False,False,True,True
7928,False,False,True,True,False,True,False,True
7929,True,True,True,True,True,True,False,False
7930,False,False,True,True,True,True,False,False
7931,True,False,True,False,False,True,False,True
7932,True,False,True,True,True,True,True,True
7933,True,True,False,False,True,True,False,True
7934,True,True,True,True,False,True,False,True
7935,True,True,True,True,True,True,False,True
7936,True,True,False,False,True,False,True,True
7937,False,True,False,True,False,False,False,True
7938,True,False,True,True,True,True,True,True
7939,True,False,True,False,True,True,False,False
7940,False,True,False,True,False,False,False,False
7941,True,False,True,True,True,False,True,False
7942,False,False,True,False,True,True,True,False
7943,False,False,True,True,True,True,True,True
7944,True,False,True,True,True,True,True,False
7945,True,True,True,True,False,True,False,True
7946,False,False,True,True,False,False,True,False
7947,False,True,True,True,True,True,True,True
7948,True,True,True,False,True,False,True,False
7949,False,True,False,True,False,False,True,True
7950,False,True,False,True,True,True,True,True
7951,True,False,False,False,True,True,True,True
7952,True,False,True,True,True,True,True,False
7953,True,True,False,True,False,True,True,True
7954,True,True,True,True,True,True,False,True
7955,False,True,True,True,True,False,True,True
7956,True,True,True,True,False,False,True,False
7957,True,True,True,True,False,True,True,False
7958,False,True,False,True,False,True,True,True
7959,True,True,True,False,False,False,True,True
7960,True,True,False,True,True,False,True,False
7961,False,False,True,True,False,False,False,True
7962,True,True,True,False,True,True,False,True
7963,False,True,False,True,True,True,True,True
7964,True,True,True,True,False,False,False,False
7965,False,True,False,True,True,True,True,True
7966,False,True,True,True,True,True,True,True
7967,True,False,False,False,True,True,False,True
7968,True,False,True,False,True,True,True,False
7969,True,True,True,True,True,False,True,False
7970,True,False,True,True,True,False,True,True
7971,True,True,True,True,True,True,False,False
7972,False,True,True,True,False,False,True,True
7973,True,True,True,False,False,True,True,True
7974,False,False,True,False,True,True,True,True
7975,False,True,True,True,True,False,True,False
7976,True,True,False,True,True,True,True,True
7977,True,False,False,True,False,True,True,True
7978,True,False,True,True,True,True,False,True
7979,True,True,True,False,False,False,True,True
7980,True,True,True,True,True,False,True,True
7981,True,False,False,True,True,True,True,True
7982,False,True,True,True,True,False,True,True
7983,False,True,False,False,True,True,True,False
7984,False,True,True,False,False,False,True,False
7985,True,False,True,False,True,True,False,True
7986,False,True,True,False,False,True,True,True
7987,False,True,False,True,True,True,True,False
7988,False,True,False,True,True,True,True,False
7989,True,True,True,True,True,True,True,True
7990,True,True,True,False,True,True,True,True
7991,True,False,True,False,True,False,True,False
7992,True,True,True,False,True,False,True,True
7993,True,False,False,True,True,True,True,True
7994,True,True,True,True,False,True,True,True
7995,False,True,True,True,True,True,True,True
7996,True,True,False,False,False,False,False,False
7997,False,False,True,True,True,False,True,True
7998,True,True,True,True,True,True,True,True
7999,False,True,True,False,True,True,True,True
8000,False,True,False,False,True,True,True,True
8001,True,False,False,False,True,False,True,True
8002,False,False,True,True,False,False,False,False
8003,True,False,True,False,True,False,False,False
8004,True,True,True,False,False,False,False,True
8005,True,True,False,False,False,False,True,True
8006,True,False,True,True,False,True,False,False
8007,False,False,True,True,False,True,False,True
8008,True,True,True,True,True,True,False,True
8009,False,True,True,True,True,True,False,False
8010,True,True,True,True,True,True,True,False
8011,False,True,True,False,True,True,True,False
8012,True,True,False,True,True,True,True,True
8013,False,True,True,True,True,True,True,True
8014,True,False,True,False,True,True,False,True
8015,False,True,True,True,False,False,False,False
8016,False,True,True,True,False,True,True,True
8017,True,True,True,True,False,True,True,True
8018,True,True,False,True,True,True,True,True
8019,False,False,False,True,True,True,True,True
8020,False,True,True,False,True,True,True,True
8021,False,False,True,True,True,True,True,False
8022,True,False,True,False,True,True,False,False
8023,True,True,True,True,True,True,True,True
8024,False,False,True,False,True,True,True,True
8025,True,True,True,False,False,True,True,True
8026,False,False,False,False,False,True,True,True
8027,True,True,True,True,True,True,True,True
8028,True,False,True,True,False,True,True,True
8029,True,False,True,False,False,True,True,False
8030,True,True,True,False,True,True,True,True
8031,True,True,True,True,True,True,True,True
8032,True,False,True,False,True,True,True,False
8033,False,True,False,False,False,True,False,True
8034,True,True,True,True,False,True,False,True
8035,True,True,True,True,True,True,False,True
8036,True,False,False,True,True,True,True,True
8037,True,True,False,True,True,False,True,False
8038,False,False,False,True,True,True,False,False
8039,False,True,True,True,False,False,False,True
8040,False,True,True,False,True,True,True,True
8041,True,True,True,True,True,True,True,False
8042,True,False,True,True,True,True,True,True
8043,True,True,True,True,True,True,True,True
8044,True,True,True,True,False,True,False,True
8045,False,True,True,True,True,True,False,True
8046,True,True,True,True,True,False,True,True
8047,True,False,True,False,True,True,True,True
8048,False,False,True,True,True,False,True,True
8049,True,True,False,True,True,True,False,True
8050,True,False,True,False,True,True,True,True
8051,False,True,False,True,True,True,True,True
8052,False,True,True,False,True,True,True,True
8053,True,True,True,True,True,False,True,True
8054,True,True,False,True,True,True,False,False
8055,True,True,True,True,True,True,False,True
8056,True,True,True,True,True,False,True,True
8057,False,False,False,True,True,True,True,True
8058,False,True,False,True,False,True,True,False
8059,False,True,True,True,False,True,True,False
8060,True,True,True,True,True,True,True,False
8061,True,False,True,False,True,True,True,True
8062,False,False,False,True,True,False,True,True
8063,False,False,True,True,True,True,True,True
8064,True,False,False,True,True,True,True,True
8065,False,True,True,False,True,True,True,True
8066,True,False,False,False,False,True,True,True
8067,True,False,True,True,False,False,True,True
8068,False,False,True,True,False,True,False,True
8069,False,True,False,True,True,False,False,False
8070,True,True,False,True,False,False,False,True
8071,True,True,True,True,True,True,True,True
8072,True,False,True,False,True,True,False,True
8073,True,True,True,True,False,False,True,True
8074,True,False,False,False,True,True,True,True
8075,True,False,True,False,True,True,False,True
8076,True,False,False,True,True,False,False,True
8077,True,False,False,True,True,True,True,False
8078,True,True,False,True,True,True,True,False
8079,True,False,False,True,True,True,False,False
8080,False,False,True,True,True,True,True,True
8081,True,False,True,True,True,True,True,False
8082,True,False,False,True,True,True,True,True
8083,False,False,True,True,False,True,True,True
8084,False,True,True,False,True,False,True,True
8085,False,True,False,True,True,True,True,True
8086,False,False,True,False,False,True,True,True
8087,True,True,True,True,True,False,False,True
8088,True,True,True,True,True,True,True,True
8089,False,True,True,True,False,True,True,True
8090,False,True,True,True,False,True,True,True
8091,False,False,True,True,True,True,True,False
8092,False,True,False,False,True,True,False,False
8093,True,True,False,False,True,False,False,True
8094,True,True,True,False,False,False,True,True
8095,True,True,False,True,True,False,False,False
8096,True,True,True,False,False,True,True,True
8097,True,True,True,True,False,False,True,False
8098,True,True,True,True,True,True,False,False
8099,True,True,False,True,False,True,False,True
8100,True,True,True,True,True,False,True,True
8101,True,False,True,True,True,True,False,True
8102,True,True,True,True,False,True,True,False
8103,True,True,True,True,True,False,True,False
8104,False,False,True,False,True,True,False,True
8105,True,True,False,True,True,True,True,True
8106,True,True,True,False,True,False,True,True
8107,False,True,False,True,True,True,False,False
8108,True,True,True,True,True,False,True,True
8109,False,True,True,True,True,False,True,True
8110,True,True,True,True,True,False,False,False
8111,False,True,True,True,False,True,False,True
8112,False,False,True,True,False,True,True,True
8113,True,False,True,False,False,False,False,True
8114,True,True,True,True,True,True,False,True
8115,False,False,True,True,True,False,False,True
8116,True,True,True,True,False,True,True,True
8117,False,False,True,False,False,True,True,True
8118,True,True,False,False,True,True,True,True
8119,True,True,False,False,False,False,True,False
8120,True,True,False,False,True,False,False,True
8121,True,True,True,True,True,True,True,False
8122,True,True,True,True,False,True,False,True
8123,True,True,True,True,True,True,True,True
8124,True,True,False,False,True,True,False,False
8125,True,False,False,True,True,True,True,False
8126,True,True,True,True,True,True,True,True
8127,True,True,False,True,False,True,False,False
8128,True,True,True,True,False,True,True,True
8129,True,True,False,True,True,False,True,True
8130,False,True,True,False,True,True,True,True
8131,True,True,True,True,True,True,False,True
8132,True,False,True,True,True,False,True,True
8133,False,True,True,False,False,False,True,True
8134,True,True,True,True,True,True,False,False
8135,True,False,True,False,True,True,True,True
8136,True,True,True,False,True,False,True,True
8137,False,True,True,False,True,True,True,True
8138,False,True,True,True,False,True,True,True
8139,False,True,True,False,True,True,True,True
8140,True,True,True,True,True,True,True,True
8141,False,True,False,True,True,False,False,False
8142,True,False,True,True,False,False,False,True
8143,True,True,True,False,True,True,True,False
8144,False,True,True,False,True,False,True,True
8145,True,False,True,True,True,True,True,True
8146,True,True,True,True,True,True,False,True
8147,True,True,True,False,True,True,True,False
8148,False,True,True,True,True,False,True,False
8149,True,False,True,True,False,True,True,False
8150,False,True,True,True,True,True,False,True
8151,True,True,True,True,True,False,False,True
8152,True,False,True,False,False,True,False,True
8153,False,True,True,True,True,True,True,True
8154,True,False,True,True,False,True,True,True
8155,True,True,True,True,True,False,False,True
8156,True,True,False,False,True,False,True,True
8157,False,False,False,False,True,True,False,False
8158,False,True,True,False,True,True,False,True
8159,True,True,True,False,True,True,True,True
8160,True,True,True,True,True,True,False,True
8161,False,False,True,True,True,False,True,True
8162,False,True,True,False,True,True,False,False
8163,True,True,True,False,True,False,True,True
8164,True,True,True,False,True,False,True,True
8165,True,True,False,False,True,True,True,True
8166,True,True,True,True,True,True,True,False
8167,True,True,True,True,True,True,False,True
8168,True,True,True,False,True,True,False,False
8169,True,True,True,False,True,False,True,False
8170,True,True,False,False,True,True,True,True
8171,True,True,True,True,True,True,True,False
8172,True,True,True,False,True,True,True,True
8173,True,True,True,True,True,False,True,True
8174,False,True,True,False,False,True,True,True
8175,False,False,True,True,False,True,True,True
8176,False,True,False,True,True,True,True,False
8177,True,True,False,True,True,True,False,True
8178,True,True,False,True,False,True,False,True
8179,False,False,False,True,True,True,True,True
8180,True,True,True,True,True,False,True,True
8181,False,True,True,False,False,True,False,False
8182,True,True,True,True,False,False,True,False
8183,True,False,True,False,False,True,False,True
8184,True,True,True,True,True,False,True,True
8185,True,False,True,True,False,True,False,True
8186,True,True,True,True,False,False,False,True
8187,True,True,True,False,True,False,False,True
8188,True,True,True,False,False,True,False,True
8189,True,True,True,False,False,True,True,False
8190,True,True,False,True,True,True,True,True
8191,False,True,True,True,False,True,True,False
8192,True,True,False,True,True,True,False,False
8193,True,True,False,False,False,True,False,True
8194,True,True,True,True,False,False,True,False
8195,False,False,False,False,True,True,True,True
8196,True,True,False,True,False,True,False,False
8197,True,True,False,True,True,True,True,True
8198,True,True,False,False,True,True,True,True
8199,True,True,False,True,False,False,True,True
8200,True,False,False,False,False,True,True,True
8201,True,False,True,True,False,True,True,True
8202,True,True,True,False,True,True,True,True
8203,False,True,True,True,False,True,True,True
8204,True,True,False,True,False,True,True,True
8205,False,True,True,True,True,True,True,True
8206,False,True,False,False,True,False,True,True
8207,True,False,True,True,False,True,True,True
8208,True,False,False,True,True,False,True,False
8209,True,True,False,True,True,True,False,True
8210,True,True,False,True,False,False,True,True
8211,True,False,True,True,False,True,True,False
8212,True,True,True,False,False,True,False,False
8213,True,True,False,True,True,False,False,True
8214,False,False,True,True,True,True,True,True
8215,False,True,False,True,True,False,True,True
8216,True,False,True,True,True,True,True,True
8217,False,False,False,True,False,False,True,False
8218,True,True,True,False,True,True,True,True
8219,True,True,True,True,True,True,True,True
8220,False,False,True,False,True,False,True,True
8221,True,False,False,True,True,True,True,True
8222,True,False,True,True,False,False,True,True
8223,True,True,True,True,True,False,True,True
8224,True,True,True,False,False,False,True,True
8225,True,True,False,False,True,True,True,True
8226,True,True,False,False,True,False,True,True
8227,False,True,True,True,True,False,True,True
8228,True,True,True,True,True,False,False,True
8229,True,True,True,True,True,True,True,True
8230,False,True,True,True,True,True,True,True
8231,True,True,False,True,True,True,True,True
8232,True,True,False,True,True,True,True,False
8233,True,True,True,False,True,True,True,True
8234,False,True,True,True,True,False,False,True
8235,True,False,True,True,True,False,True,True
8236,True,True,True,False,True,False,True,False
8237,False,False,True,True,False,True,True,True
8238,True,False,True,True,True,True,True,True
8239,True,False,True,True,True,True,True,False
8240,True,True,True,True,True,False,True,True
8241,True,True,False,True,True,True,False,True
8242,True,True,False,True,True,True,True,True
8243,True,False,False,True,True,True,True,True
8244,True,True,True,True,True,True,True,True
8245,True,True,False,True,True,False,False,True
8246,True,True,True,True,True,True,False,True
8247,False,True,True,False,True,True,True,False
8248,True,False,False,True,False,True,False,False
8249,True,True,False,True,False,False,False,True
8250,True,True,True,True,False,True,True,True
8251,True,True,True,True,True,False,True,False
8252,True,False,False,True,True,True,True,True
8253,True,True,True,True,True,False,True,True
8254,False,True,True,True,False,True,True,True
8255,True,True,True,False,False,False,True,False
8256,True,True,True,True,True,True,True,False
8257,True,True,False,True,True,True,True,False
8258,False,True,False,False,True,True,True,True
8259,False,True,True,False,True,True,True,True
8260,True,True,True,False,False,False,True,False
8261,False,True,True,True,False,True,True,True
8262,True,True,True,True,True,True,True,True
8263,True,True,True,True,True,True,True,False
8264,True,True,True,True,False,False,True,True
8265,True,True,True,True,True,True,True,True
8266,True,True,True,True,False,True,True,True
8267,True,True,True,False,True,False,True,True
8268,False,True,False,True,False,True,True,True
8269,False,False,False,True,False,True,True,False
8270,True,True,True,False,True,True,True,False
8271,True,True,True,False,True,True,True,True
8272,True,True,True,True,False,True,False,True
8273,False,False,True,False,False,False,False,True
8274,True,True,False,False,True,True,False,False
8275,False,True,True,False,False,True,True,True
8276,True,True,False,False,True,False,True,True
8277,False,False,True,True,True,True,True,True
8278,True,True,True,True,False,True,True,True
8279,True,True,True,True,True,True,True,True
8280,True,True,True,True,True,True,True,False
8281,True,False,True,False,True,True,False,True
8282,True,True,False,True,True,True,True,True
8283,True,True,True,True,True,True,True,False
8284,True,True,False,False,False,True,True,True
8285,False,True,True,True,False,True,False,True
8286,False,False,True,True,True,True,True,True
8287,True,False,True,False,False,True,True,True
8288,True,False,True,False,True,False,True,False
8289,True,False,True,False,True,True,True,True
8290,True,False,False,True,True,True,True,True
8291,True,True,True,True,True,True,True,True
8292,True,True,False,True,False,True,False,False
8293,True,True,False,True,True,True,True,True
8294,False,True,True,True,False,True,False,True
8295,False,True,True,True,False,False,True,False
8296,True,True,True,False,True,True,False,True
8297,True,True,True,True,False,False,False,True
8298,False,False,True,True,False,False,False,True
8299,True,False,True,True,False,False,True,True
8300,True,True,True,True,True,True,False,True
8301,True,False,False,False,True,True,True,False
8302,True,True,True,True,True,False,True,True
8303,False,False,True,True,False,True,False,False
8304,True,True,True,False,False,False,True,True
8305,False,True,True,True,True,False,True,True
8306,False,True,True,True,False,False,True,True
8307,False,True,True,False,True,True,True,False
8308,True,False,False,False,True,True,True,True
8309,False,True,True,True,False,True,False,True
8310,True,True,True,True,False,True,True,False
8311,False,True,True,True,True,True,True,True
8312,True,True,True,True,True,True,False,True
8313,True,False,False,True,False,True,True,True
8314,True,True,False,False,False,True,True,True
8315,True,False,True,True,True,True,True,True
8316,False,True,True,True,False,True,True,False
8317,True,True,True,True,False,True,False,False
8318,True,True,True,True,True,False,True,True
8319,False,True,True,True,True,True,True,True
8320,True,True,True,True,True,True,True,True
8321,True,False,True,True,True,False,True,True
8322,False,False,True,True,True,True,False,True
8323,True,True,False,False,True,False,True,True
8324,True,False,False,True,False,False,True,True
8325,True,True,False,True,True,False,True,False
8326,True,False,True,True,True,True,False,True
8327,False,False,True,True,False,True,True,True
8328,False,True,True,True,True,True,True,True
8329,True,True,True,True,True,True,False,True
8330,True,True,False,True,True,True,True,True
8331,True,True,True,True,True,True,True,True
8332,True,True,True,True,True,True,True,True
8333,False,True,False,True,True,True,True,False
8334,True,False,True,True,False,True,True,True
8335,False,False,True,True,True,True,True,True
8336,True,True,True,False,False,True,True,True
8337,True,False,False,False,False,True,True,False
8338,True,False,True,True,True,True,False,True
8339,True,True,True,True,True,True,False,True
8340,False,True,True,True,False,False,True,True
8341,True,False,True,True,False,False,True,True
8342,True,True,True,True,True,True,False,False
8343,False,False,True,False,False,False,True,False
8344,True,False,True,True,False,True,True,True
8345,True,True,False,False,False,True,True,False
8346,True,True,True,True,True,False,False,True
8347,False,True,False,True,False,False,True,False
8348,True,True,False,True,False,True,False,True
8349,True,True,True,True,True,True,True,True
8350,True,False,False,True,True,True,False,True
8351,True,True,True,True,True,False,True,False
8352,False,True,True,True,False,True,False,False
8353,True,True,True,True,True,True,False,False
8354,False,False,True,True,False,False,True,True
8355,True,False,True,True,False,False,False,True
8356,True,True,True,True,True,True,True,True
8357,True,True,False,True,False,True,True,True
8358,True,True,True,False,False,True,True,True
8359,True,True,False,False,True,False,True,True
8360,False,True,True,True,True,True,True,True
8361,True,True,False,True,True,True,True,True
8362,True,False,True,True,False,False,True,True
8363,True,False,True,False,False,True,True,True
8364,True,False,True,False,True,True,True,True
8365,True,True,True,True,False,False,True,False
8366,True,True,True,True,True,True,True,False
8367,True,True,True,False,False,True,True,True
8368,False,True,True,False,False,True,False,True
8369,False,True,False,True,True,True,True,False
8370,True,True,True,True,True,True,True,False
8371,True,False,True,True,True,True,False,True
8372,True,True,True,False,True,True,False,True
8373,True,False,False,True,True,False,True,True
8374,False,False,False,True,True,False,False,True
8375,True,True,True,True,False,False,True,True
8376,True,True,False,True,True,False,True,False
8377,True,True,False,True,False,True,True,True
8378,True,True,True,True,True,True,False,True
8379,True,True,True,True,True,True,False,True
8380,False,False,True,True,True,True,True,True
8381,True,True,True,True,True,True,True,True
8382,True,False,True,True,False,False,False,True
8383,False,False,False,False,True,True,True,True
8384,False,True,False,True,False,True,False,True
8385,True,True,False,True,True,True,True,False
8386,True,True,True,True,True,True,True,True
8387,True,True,True,True,False,False,True,True
8388,True,True,False,True,True,False,False,True
8389,True,True,True,False,True,True,True,True
8390,True,True,True,True,True,True,False,True
8391,True,False,True,False,True,False,True,False
8392,True,False,False,True,True,False,True,True
8393,True,True,True,False,True,False,True,True
8394,True,True,False,False,True,False,True,False
8395,False,False,True,False,False,True,False,True
8396,False,True,True,False,False,True,False,True
8397,True,True,False,True,True,True,True,False
8398,False,True,True,True,False,False,False,False
8399,True,True,True,True,False,False,False,True
8400,True,True,False,True,True,False,True,True
8401,False,True,True,True,True,False,True,True
8402,True,True,True,False,True,False,False,True
8403,True,False,True,True,True,False,True,True
8404,True,True,False,True,True,True,True,True
8405,False,False,True,True,False,True,True,True
8406,True,False,False,True,True,True,True,True
8407,True,True,False,True,True,True,True,True
8408,True,False,True,True,True,True,True,True
8409,True,True,True,False,True,True,False,True
8410,True,False,True,True,True,True,False,True
8411,True,True,True,True,True,True,True,True
8412,False,False,False,True,True,True,True,False
8413,True,True,False,False,True,True,True,True
8414,True,True,True,False,True,True,False,True
8415,True,True,True,False,False,True,True,True
8416,False,False,True,True,True,True,True,False
8417,False,True,True,True,False,True,True,True
8418,True,True,True,False,True,True,True,False
8419,False,True,True,True,True,True,False,True
8420,True,False,True,True,False,True,False,True
8421,True,False,False,True,False,False,False,True
8422,True,True,False,True,True,False,True,True
8423,True,True,False,False,True,True,False,True
8424,True,True,True,True,True,True,True,True
8425,True,True,True,True,True,False,True,True
8426,True,False,False,True,True,False,False,False
8427,True,True,True,True,False,True,True,True
8428,True,True,True,True,True,False,True,True
8429,False,False,True,True,False,True,False,True
8430,True,False,False,True,True,True,True,True
8431,True,False,True,True,True,True,False,True
8432,True,True,True,True,False,False,False,False
8433,True,False,False,True,True,False,True,True
8434,True,True,True,True,True,False,True,True
8435,True,True,False,False,True,True,True,False
8436,True,False,True,False,True,True,False,False
8437,True,True,False,False,True,True,True,True
8438,True,True,True,True,True,False,True,True
8439,True,False,False,True,False,False,True,True
8440,True,True,True,True,True,True,False,False
8441,True,False,True,False,True,False,True,True
8442,True,True,True,True,True,False,True,True
8443,True,True,False,True,True,False,True,True
8444,True,True,True,True,True,True,True,True
8445,False,True,True,False,True,False,False,True
8446,True,False,True,True,True,True,True,False
8447,True,False,True,True,False,True,True,True
8448,False,True,True,True,True,False,True,False
8449,False,True,True,True,False,False,True,True
8450,True,True,True,True,True,False,True,True
8451,True,True,True,True,False,False,True,False
8452,True,True,False,False,True,True,True,False
8453,True,False,True,True,True,True,True,True
8454,True,True,True,False,True,True,False,True
8455,False,False,True,False,True,False,True,True
8456,False,True,True,False,False,True,True,True
8457,False,True,False,True,True,True,True,True
8458,True,True,True,False,True,True,False,True
8459,True,True,False,False,False,False,False,True
8460,True,True,True,True,True,False,True,False
8461,True,False,True,True,False,True,True,True
8462,False,False,True,True,True,True,True,True
8463,True,False,False,True,True,True,True,True
8464,True,True,False,True,False,True,True,False
8465,True,True,False,True,True,False,True,True
8466,False,True,True,True,True,True,True,False
8467,True,False,False,True,False,True,True,True
8468,True,True,False,True,True,True,True,False
8469,True,True,True,True,True,True,True,False
8470,True,False,False,True,True,True,True,True
8471,True,True,False,False,False,True,False,False
8472,True,True,True,True,True,True,True,False
8473,True,True,False,False,False,True,True,True
8474,True,True,False,True,False,True,True,True
8475,False,True,True,True,True,True,True,True
8476,False,True,True,False,True,True,True,True
8477,True,True,True,False,False,False,True,True
8478,True,False,False,True,True,True,True,True
8479,True,True,False,False,True,True,False,False
8480,True,True,True,False,False,False,True,True
8481,True,False,True,True,True,True,True,False
8482,True,True,True,False,True,True,True,True
8483,False,True,False,True,False,False,False,True
8484,True,False,True,True,True,True,False,True
8485,False,False,True,True,True,True,True,True
8486,True,False,False,False,False,True,True,True
8487,True,False,False,True,True,False,True,False
8488,True,True,True,False,False,True,True,False
8489,True,True,True,True,True,True,False,False
8490,False,False,True,True,True,True,False,False
8491,False,True,True,True,True,True,False,False
8492,True,False,False,False,True,True,False,False
8493,False,False,True,True,True,True,True,True
8494,False,True,True,True,False,True,True,True
8495,True,True,True,True,True,True,True,False
8496,True,False,False,True,True,True,False,True
8497,False,False,False,True,True,True,True,True
8498,True,True,True,True,True,True,True,False
8499,True,False,False,True,False,False,True,False
8500,True,True,True,False,False,False,True,True
8501,True,False,False,True,True,True,True,True
8502,True,True,False,True,True,False,True,True
8503,True,False,False,True,True,True,False,True
8504,True,False,True,False,True,True,False,True
8505,False,False,False,True,True,True,False,False
8506,True,True,True,True,True,False,False,True
8507,True,True,True,False,False,True,True,True
8508,False,True,True,True,True,True,True,False
8509,True,False,True,False,True,True,True,True
8510,True,True,True,True,False,True,True,True
8511,True,True,True,True,False,True,True,True
8512,True,False,False,False,False,True,True,True
8513,True,True,False,True,False,True,True,True
8514,False,True,True,True,False,False,True,True
8515,False,True,True,True,True,False,False,False
8516,True,True,True,True,True,False,True,False
8517,False,True,True,True,True,True,True,True
8518,False,False,True,True,True,True,True,True
8519,True,True,True,True,True,True,True,True
8520,False,False,True,True,True,True,True,True
8521,True,True,True,True,True,True,False,False
8522,False,True,True,True,True,True,False,True
8523,True,False,True,True,True,True,True,True
8524,False,True,True,False,False,True,True,False
8525,True,False,False,True,True,False,False,False
8526,False,True,False,False,True,True,False,True
8527,True,False,True,True,True,True,True,True
8528,True,True,True,False,True,True,False,True
8529,False,False,False,True,True,True,True,False
8530,True,True,False,True,False,True,False,True
8531,True,True,False,False,False,True,True,False
8532,False,False,False,True,False,True,True,True
8533,True,False,True,True,False,True,True,False
8534,False,False,False,True,True,True,True,True
8535,True,True,True,True,False,True,False,True
8536,True,True,True,True,True,True,True,False
8537,False,False,True,True,False,True,False,True
8538,True,True,True,False,False,True,True,True
8539,True,False,True,True,True,False,True,True
8540,False,False,True,True,True,False,True,True
8541,True,False,False,True,True,True,False,True
8542,False,False,True,False,True,True,False,True
8543,True,True,True,True,False,True,True,False
8544,True,True,True,True,True,True,True,False
8545,False,True,False,True,True,False,True,True
8546,False,True,True,True,True,True,False,True
8547,True,True,False,False,True,True,False,True
8548,True,True,False,True,True,False,True,True
8549,True,True,True,True,True,False,True,False
8550,True,False,True,True,True,False,False,True
8551,True,True,True,False,True,False,True,True
8552,False,False,True,False,False,True,False,True
8553,True,True,False,True,True,True,True,True
8554,False,False,True,True,False,True,True,True
8555,False,True,True,True,True,False,False,True
8556,True,True,True,True,False,False,False,True
8557,True,False,True,False,False,True,False,False
8558,True,True,False,True,False,True,True,True
8559,True,False,True,True,False,True,True,True
8560,True,False,True,True,False,True,True,True
8561,True,False,True,True,False,False,False,True
8562,False,True,True,True,True,False,True,True
8563,True,True,False,False,True,False,True,True
8564,True,True,True,False,False,True,True,False
8565,True,False,False,False,False,False,True,True
8566,False,False,True,False,True,True,False,False
8567,False,True,False,True,True,True,True,False
8568,True,True,True,True,False,True,True,True
8569,False,True,True,True,True,False,True,True
8570,False,True,False,False,True,False,False,True
8571,False,True,True,True,True,True,True,False
8572,True,False,True,True,True,True,False,True
8573,True,True,True,False,True,True,False,True
8574,True,True,True,False,True,True,True,False
8575,True,True,False,True,True,True,True,True
8576,True,True,True,True,True,True,True,False
8577,True,False,True,True,False,True,True,True
8578,False,True,True,False,True,True,True,True
8579,True,True,True,True,False,True,True,True
8580,True,True,True,True,True,False,True,True
8581,True,False,False,True,True,False,False,False
8582,False,True,True,True,False,False,True,True
8583,False,True,True,True,True,True,True,False
8584,True,True,True,True,True,False,True,True
8585,True,True,True,True,True,True,True,True
8586,False,True,True,True,True,True,False,True
8587,True,True,True,True,False,True,True,True
8588,True,True,False,False,False,True,True,True
8589,True,False,False,True,True,False,True,True
8590,False,True,False,True,True,False,True,True
8591,True,False,True,True,False,True,False,False
8592,True,True,True,True,False,True,True,True
8593,True,True,False,True,False,False,True,True
8594,True,False,True,True,True,True,True,True
8595,True,True,True,True,False,False,True,True
8596,False,True,True,False,False,True,True,False
8597,True,True,False,True,True,False,False,False
8598,True,False,False,True,True,True,True,False
8599,False,True,True,False,True,True,True,True
8600,False,False,False,True,False,False,True,True
8601,True,True,True,True,False,True,False,True
8602,True,True,True,False,False,True,True,False
8603,False,True,False,True,True,True,True,True
8604,True,True,True,True,True,False,True,True
8605,True,True,False,False,True,False,True,True
8606,False,True,True,True,True,True,True,True
8607,True,True,True,True,False,True,True,True
8608,False,True,True,True,False,False,True,True
8609,False,True,True,True,False,True,True,True
8610,False,True,True,True,True,True,False,True
8611,True,True,True,True,True,True,True,False
8612,True,True,True,True,True,False,True,True
8613,True,False,True,True,True,True,False,True
8614,True,True,True,True,True,False,True,True
8615,True,True,True,False,True,False,False,True
8616,True,False,True,False,True,False,True,False
8617,True,False,True,True,False,True,False,True
8618,True,True,True,False,True,True,True,True
8619,False,True,True,True,True,False,True,True
8620,False,True,True,False,True,False,True,False
8621,False,True,True,True,False,True,True,True
8622,True,True,True,False,True,False,True,True
8623,True,False,False,False,True,True,True,True
8624,True,True,True,True,True,True,False,False
8625,True,True,True,True,True,True,True,True
8626,True,True,True,True,True,True,True,True
8627,True,True,False,True,True,True,True,True
8628,True,True,True,False,True,False,True,True
8629,True,False,True,False,False,True,True,True
8630,True,True,True,True,True,True,True,False
8631,True,True,True,True,True,False,False,True
8632,True,False,True,True,True,True,True,True
8633,True,True,False,False,True,True,False,True
8634,True,True,True,True,True,True,False,True
8635,True,False,False,True,True,True,True,True
8636,True,True,True,True,True,True,True,True
8637,True,True,True,True,False,True,False,True
8638,False,False,True,False,True,True,True,True
8639,False,True,True,True,True,True,False,True
8640,True,True,True,True,True,True,True,True
8641,True,True,False,True,True,False,True,False
8642,False,True,True,True,True,True,True,True
8643,True,True,True,True,True,False,False,True
8644,True,True,True,False,True,True,True,False
8645,True,True,True,False,True,True,True,True
8646,True,True,True,True,True,True,False,True
8647,False,True,True,True,True,False,False,True
8648,True,True,True,False,True,False,True,True
8649,True,True,False,False,True,True,False,True
8650,True,True,True,True,True,True,False,False
8651,False,True,True,True,False,True,True,True
8652,True,True,True,True,False,True,True,True
8653,True,True,True,True,False,False,True,True
8654,True,True,True,True,True,True,False,True
8655,True,True,False,False,True,True,False,True
8656,True,True,True,True,True,False,False,True
8657,False,True,True,True,True,False,True,True
8658,True,True,True,True,True,False,False,True
8659,False,True,False,False,True,True,False,True
8660,False,False,False,True,True,True,False,True
8661,True,True,True,False,False,True,True,True
8662,True,False,True,True,True,True,True,True
8663,True,True,True,True,True,True,True,True
8664,False,True,True,True,True,False,False,False
8665,True,False,False,True,True,False,True,True
8666,False,True,True,True,True,True,True,True
8667,True,True,True,True,True,True,True,True
8668,False,True,False,True,False,False,True,False
8669,False,False,True,False,False,True,False,False
8670,False,True,True,True,True,False,True,False
8671,True,True,True,True,True,False,False,False
8672,False,True,True,True,True,False,True,True
8673,True,True,True,True,False,False,True,True
8674,True,True,True,False,True,False,True,False
8675,True,False,True,True,True,False,True,True
8676,True,True,True,False,True,True,True,False
8677,True,False,True,True,True,True,True,True
8678,True,False,False,True,False,True,False,True
8679,True,False,True,True,False,True,False,True
8680,True,True,False,True,True,True,False,False
8681,True,True,True,True,True,True,True,True
8682,True,False,True,False,False,True,True,True
8683,True,True,True,False,False,True,True,True
8684,True,True,True,True,True,True,False,False
8685,False,True,False,True,True,False,True,True
8686,True,True,False,False,False,True,True,True
8687,True,True,True,False,True,True,True,True
8688,True,True,True,True,False,True,False,True
8689,True,True,True,True,True,False,True,True
8690,True,True,True,True,True,True,True,True
8691,True,False,True,True,True,True,True,True
8692,True,False,False,True,True,True,True,True
8693,True,False,False,True,True,True,True,True
8694,True,False,True,True,False,True,False,True
8695,False,True,True,False,True,True,True,True
8696,True,True,False,True,False,False,False,True
8697,False,True,True,True,True,True,True,True
8698,True,False,True,True,True,False,False,False
8699,True,True,True,False,False,True,True,True
8700,True,False,True,False,True,True,True,True
8701,True,True,True,False,False,False,False,True
8702,True,True,True,True,True,False,True,False
8703,False,True,False,False,False,False,True,False
8704,True,True,False,True,True,True,False,True
8705,False,True,True,False,False,True,True,True
8706,True,True,False,True,True,True,True,False
8707,True,True,True,True,True,True,True,True
8708,True,True,True,True,True,True,True,True
8709,True,True,True,True,True,True,True,True
8710,True,True,False,False,False,True,True,False
8711,True,False,False,True,True,False,True,True
8712,False,False,True,True,False,False,True,False
8713,True,False,False,True,True,True,True,True
8714,True,False,False,True,True,True,True,False
8715,False,True,True,True,False,True,True,True
8716,True,True,True,False,False,True,False,True
8717,True,True,True,False,False,True,True,True
8718,False,True,True,False,True,True,False,True
8719,True,True,True,True,True,False,True,True
8720,True,False,True,False,False,True,True,False
8721,True,True,False,True,True,True,True,False
8722,True,True,False,False,True,False,True,True
8723,True,False,True,True,True,True,True,False
8724,True,False,True,False,False,True,True,False
8725,True,False,False,True,True,True,True,True
8726,True,True,False,False,True,True,False,True
8727,True,True,False,True,True,True,True,True
8728,True,True,True,True,True,True,False,True
8729,True,True,False,True,True,False,True,True
8730,True,False,True,True,True,True,False,True
8731,True,True,False,True,True,True,True,True
8732,True,True,True,False,True,True,False,True
8733,True,True,False,False,True,False,True,True
8734,True,True,True,True,False,False,False,True
8735,True,True,True,False,True,True,False,True
8736,True,True,False,True,True,True,True,True
8737,False,True,False,True,True,True,True,True
8738,True,False,False,True,True,True,True,True
8739,True,True,True,True,True,False,True,True
8740,False,True,False,True,True,False,True,True
8741,True,True,True,True,True,True,True,True
8742,True,True,True,True,True,True,True,True
8743,True,True,True,False,True,True,True,True
8744,True,True,False,True,True,False,True,False
8745,False,False,True,True,False,True,True,False
8746,True,True,False,True,False,False,True,True
8747,True,True,False,True,False,False,True,True
8748,True,True,True,True,True,True,False,True
8749,False,True,True,True,True,True,True,False
8750,True,True,True,True,True,True,True,True
8751,True,True,False,False,True,True,False,True
8752,False,False,False,True,True,False,True,True
8753,True,False,True,True,True,True,True,True
8754,True,True,True,True,False,True,True,True
8755,False,True,False,False,True,True,True,True
8756,True,True,False,True,True,True,True,True
8757,False,False,False,True,False,False,True,True
8758,True,True,True,False,False,False,False,True
8759,True,False,False,True,True,True,True,True
8760,True,False,True,False,True,False,True,False
8761,True,True,True,True,True,False,True,False
8762,True,True,True,True,False,True,False,True
8763,False,True,True,True,True,True,False,True
8764,True,True,False,True,True,True,True,True
8765,True,True,True,False,False,True,False,True
8766,True,True,True,True,False,True,False,True
8767,True,False,False,False,True,True,True,True
8768,True,False,True,True,True,True,False,True
8769,True,False,True,True,True,True,True,True
8770,False,True,False,False,True,True,False,True
8771,True,True,False,False,True,True,False,False
8772,False,True,True,True,False,True,True,True
8773,True,False,True,True,True,True,True,False
8774,True,True,True,False,False,True,False,True
8775,False,False,True,True,True,True,True,False
8776,False,True,True,True,False,True,True,True
8777,True,True,True,True,True,False,True,True
8778,False,True,True,True,True,False,True,True
8779,True,True,True,False,True,True,False,False
8780,False,True,True,True,False,True,True,False
8781,True,False,False,True,False,True,True,True
8782,False,False,False,True,True,False,True,True
8783,True,True,True,False,True,False,True,True
8784,False,False,True,True,False,True,True,True
8785,True,True,True,True,True,False,True,False
8786,True,False,True,True,True,True,True,True
8787,False,True,True,False,True,True,True,True
8788,True,False,True,False,True,True,True,True
8789,True,True,True,True,False,True,True,True
8790,True,True,True,True,True,True,True,True
8791,False,True,False,False,False,True,False,True
8792,True,True,False,True,True,True,True,True
8793,True,True,False,True,True,False,True,True
8794,False,True,True,True,True,True,True,False
8795,True,True,True,False,True,True,True,False
8796,True,True,True,True,True,True,True,False
8797,True,True,True,False,False,True,True,False
8798,True,True,False,True,False,False,True,True
8799,False,True,False,True,True,True,True,True
8800,False,True,True,True,False,True,True,False
8801,True,False,False,False,True,False,False,True
8802,False,True,True,True,True,False,False,True
8803,True,False,True,False,True,False,False,True
8804,True,False,True,True,True,False,False,False
8805,True,True,True,False,True,True,True,False
8806,True,False,False,True,True,False,True,True
8807,True,True,False,True,False,False,True,True
8808,True,True,True,True,True,False,True,False
8809,False,True,True,True,True,True,True,True
8810,False,False,True,True,True,True,False,True
8811,True,False,False,True,True,True,True,True
8812,False,True,False,False,True,True,False,True
8813,True,True,True,True,True,False,True,True
8814,True,True,True,True,True,True,True,True
8815,True,True,True,False,False,True,False,True
8816,True,False,True,False,True,True,True,True
8817,True,True,True,True,False,True,False,False
8818,True,False,True,True,True,True,False,True
8819,True,True,True,True,True,True,False,True
8820,True,True,True,False,True,True,True,True
8821,True,True,False,True,True,True,True,True
8822,True,True,False,False,True,False,False,True
8823,True,True,True,True,False,False,False,True
8824,False,True,True,True,True,True,True,False
8825,False,True,True,False,True,True,True,True
8826,True,True,True,False,False,True,True,True
8827,True,True,True,True,True,True,False,True
8828,False,True,True,True,False,True,True,True
8829,True,False,True,True,False,True,True,True
8830,True,True,True,True,False,True,False,True
8831,True,False,True,False,True,True,False,True
8832,True,False,True,False,False,True,True,True
8833,True,True,False,True,False,False,False,False
8834,True,True,True,True,False,True,True,True
8835,True,True,True,True,False,True,False,True
8836,True,True,True,True,False,True,True,False
8837,True,False,True,False,False,True,False,True
8838,True,True,True,False,True,True,True,True
8839,True,False,True,True,True,True,True,False
8840,True,True,True,True,True,False,True,True
8841,True,True,True,False,True,True,True,True
8842,True,False,False,True,False,False,True,True
8843,True,False,False,True,True,True,True,False
8844,False,True,True,False,False,False,True,False
8845,True,True,True,True,True,False,True,False
8846,False,True,True,True,False,True,False,False
8847,False,False,True,True,True,True,True,True
8848,False,True,True,True,False,False,False,True
8849,True,True,True,True,True,True,False,False
8850,True,False,False,True,True,True,True,True
8851,False,True,True,False,True,False,False,True
8852,True,True,False,False,True,True,True,True
8853,True,False,False,False,True,False,True,True
8854,True,True,True,True,False,True,True,True
8855,True,True,True,True,True,True,False,True
8856,True,True,True,True,True,False,False,False
8857,True,True,False,True,True,True,False,True
8858,True,True,False,True,False,False,False,True
8859,False,False,True,True,False,False,True,True
8860,True,False,True,True,True,True,False,True
8861,True,False,True,True,True,True,True,True
8862,True,False,True,True,False,True,True,True
8863,True,False,True,True,False,True,True,True
8864,True,False,True,False,True,True,True,False
8865,False,True,True,True,True,True,False,False
8866,True,True,False,True,False,True,False,False
8867,True,True,False,False,True,False,True,True
8868,False,False,True,True,True,False,True,True
8869,True,True,False,True,False,False,False,True
8870,True,True,True,False,False,True,True,False
8871,False,True,True,True,True,True,True,True
8872,True,True,True,False,False,True,False,True
8873,True,True,True,True,True,False,True,False
8874,True,True,True,True,False,False,True,True
8875,True,True,True,True,True,True,True,True
8876,False,False,False,True,True,False,True,True
8877,True,False,False,False,True,True,False,True
8878,True,True,True,True,False,True,True,True
8879,True,True,True,False,False,True,False,False
8880,False,True,True,False,True,True,False,True
8881,False,True,True,False,False,True,True,True
8882,True,True,False,True,True,False,True,True
8883,False,True,True,True,False,True,True,True
8884,True,True,True,True,True,True,True,True
8885,False,False,False,False,False,True,True,False
8886,True,True,True,False,True,True,True,True
8887,True,False,True,True,True,True,False,True
8888,True,False,True,True,True,True,False,True
8889,True,True,True,True,False,False,True,True
8890,False,True,True,True,True,True,True,False
8891,True,True,True,True,True,True,False,False
8892,True,True,True,True,True,True,True,True
8893,False,False,False,False,True,True,True,False
8894,False,True,True,True,False,True,True,True
8895,True,True,True,True,True,False,False,True
8896,True,True,True,True,True,True,True,True
8897,True,True,True,True,False,True,True,False
8898,True,True,True,False,False,True,True,False
8899,True,True,True,True,False,True,True,True
8900,True,True,True,True,False,False,True,True
8901,True,True,True,True,True,True,True,False
8902,True,True,True,False,False,True,True,True
8903,False,True,True,True,True,True,True,True
8904,True,True,True,True,False,False,False,True
8905,True,True,True,False,True,True,True,True
8906,False,False,True,True,True,True,False,False
8907,True,True,True,False,True,True,False,True
8908,False,True,True,True,False,True,True,True
8909,True,True,True,True,True,False,True,True
8910,False,True,True,False,True,False,False,True
8911,False,True,True,True,True,True,True,True
8912,False,True,False,True,False,True,True,False
8913,True,False,False,False,True,False,False,True
8914,True,False,True,False,True,False,True,True
8915,False,True,False,True,True,False,True,True
8916,False,False,True,True,False,False,True,True
8917,False,True,True,True,True,False,False,True
8918,True,True,False,True,True,True,True,True
8919,False,True,True,True,True,True,True,True
8920,True,True,True,True,True,True,False,False
8921,True,True,True,True,True,False,True,True
8922,True,True,False,True,True,True,True,True
8923,False,True,True,True,True,False,False,True
8924,True,True,True,False,True,True,True,False
8925,True,False,True,True,False,True,False,True
8926,False,True,True,False,True,False,True,True
8927,True,True,True,True,True,True,False,False
8928,True,True,True,True,True,True,True,True
8929,False,False,True,True,False,True,True,True
8930,False,True,True,True,True,True,True,True
8931,False,True,True,True,False,True,False,True
8932,False,True,True,True,True,True,True,False
8933,False,True,True,False,False,True,False,True
8934,True,True,True,False,False,True,True,True
8935,False,True,False,True,True,True,False,True
8936,False,False,True,True,True,False,True,True
8937,False,True,True,True,True,True,False,True
8938,True,True,False,True,True,True,False,True
8939,True,True,False,True,True,True,True,True
8940,True,False,True,False,True,False,False,True
8941,False,True,True,True,True,False,True,True
8942,True,True,False,True,True,True,True,True
8943,True,False,True,False,True,False,True,True
8944,True,True,True,True,True,True,False,False
8945,True,True,False,True,True,True,False,True
8946,True,False,True,True,True,True,False,False
8947,True,True,False,True,True,True,True,False
8948,True,True,True,False,False,True,True,True
8949,True,True,True,True,True,False,True,True
8950,False,True,True,True,False,True,True,True
8951,False,True,False,True,True,True,False,True
8952,False,False,False,True,True,True,True,True
8953,True,True,False,False,False,True,True,True
8954,False,True,False,True,True,True,True,False
8955,True,False,False,True,True,True,True,False
8956,True,True,True,True,True,False,True,False
8957,True,True,True,False,True,False,True,True
8958,False,False,True,True,True,True,True,False
8959,True,True,False,True,True,True,False,False
8960,True,False,True,True,False,True,False,True
8961,True,True,True,True,True,True,True,False
8962,True,True,True,True,True,True,False,True
8963,False,True,True,False,True,True,False,True
8964,False,True,False,True,True,True,True,False
8965,False,True,True,True,True,False,True,True
8966,True,True,False,True,True,False,False,True
8967,True,True,True,True,False,False,False,True
8968,False,True,True,True,False,True,True,False
8969,False,True,True,True,False,True,True,False
8970,True,True,True,True,True,True,True,False
8971,False,True,True,True,False,False,False,False
8972,True,True,False,True,False,True,True,True
8973,True,True,True,True,True,False,True,False
8974,True,True,False,True,True,True,False,False
8975,False,False,True,True,True,True,True,True
8976,True,True,False,True,False,True,True,False
8977,True,True,False,True,True,True,True,False
8978,False,True,False,False,True,False,False,True
8979,False,False,True,True,True,True,False,True
8980,True,True,False,True,True,False,True,True
8981,False,True,True,True,False,True,False,True
8982,False,False,True,True,False,False,False,True
8983,True,True,True,True,False,True,True,True
8984,True,True,True,True,False,True,True,True
8985,True,False,True,True,True,True,True,False
8986,True,False,True,True,True,False,True,True
8987,True,True,True,False,True,True,True,True
8988,True,True,True,False,True,False,True,False
8989,True,False,True,True,False,True,False,False
8990,True,False,True,True,True,False,True,True
8991,True,True,True,True,True,True,True,True
8992,False,True,False,False,False,False,True,True
8993,True,True,False,True,True,True,True,True
8994,True,True,False,True,True,True,True,True
8995,True,True,False,True,True,True,True,True
8996,True,False,True,True,False,True,False,False
8997,True,True,False,True,True,False,True,False
8998,True,True,True,True,True,False,True,True
8999,True,True,True,True,True,True,True,True
9000,True,True,False,True,True,True,True,True
9001,True,True,False,True,True,True,False,True
9002,True,False,False,True,False,True,True,False
9003,True,True,False,True,False,True,True,True
9004,True,False,False,False,False,True,False,False
9005,True,True,True,True,True,False,True,True
9006,True,True,True,True,True,True,False,True
9007,True,True,False,True,True,True,False,False
9008,True,True,True,False,True,False,True,True
9009,True,True,False,False,True,True,False,True
9010,True,True,True,True,False,True,True,False
9011,True,True,True,True,True,False,False,True
9012,True,False,True,True,True,True,True,False
9013,True,True,True,True,True,False,True,True
9014,True,True,True,True,False,False,True,False
9015,True,True,True,True,True,True,True,True
9016,False,False,True,False,True,False,False,True
9017,True,True,False,False,True,True,True,True
9018,True,True,True,True,True,True,False,True
9019,True,True,False,False,False,False,True,True
9020,False,True,True,True,True,True,True,True
9021,True,True,True,False,True,True,True,True
9022,True,True,True,True,True,True,True,True
9023,False,True,False,False,True,True,True,True
9024,False,True,False,True,False,False,False,True
9025,True,True,True,True,True,True,True,True
9026,False,True,True,True,False,True,True,False
9027,True,True,True,False,True,False,False,False
9028,False,True,False,True,True,True,True,True
9029,True,True,True,True,True,True,False,True
9030,False,True,False,True,True,True,False,True
9031,False,False,True,False,False,True,False,True
9032,True,True,False,False,True,True,False,False
9033,True,True,True,True,False,True,True,True
9034,True,True,False,False,False,False,False,True
9035,True,False,True,False,True,True,True,True
9036,False,True,True,True,True,False,True,True
9037,True,True,True,True,True,True,False,True
9038,False,True,True,True,False,True,False,True
9039,False,True,True,False,True,True,True,True
9040,True,True,True,True,True,True,True,True
9041,True,True,True,False,True,True,False,True
9042,True,True,True,True,True,True,False,True
9043,False,False,True,True,False,False,False,True
9044,True,False,True,True,False,True,True,True
9045,True,True,True,False,True,True,True,True
9046,True,True,False,True,True,True,True,True
9047,False,True,True,True,True,True,True,True
9048,False,False,True,False,False,True,True,True
9049,True,True,False,True,False,True,False,True
9050,True,True,False,False,True,True,True,True
9051,False,False,True,True,True,True,True,True
9052,True,True,True,True,True,True,True,True
9053,True,True,True,False,True,True,False,True
9054,True,False,True,False,False,False,True,True
9055,True,True,True,True,True,True,True,False
9056,False,False,False,False,False,True,False,False
9057,False,True,True,True,True,True,False,False
9058,False,True,False,False,True,False,False,True
9059,False,False,True,True,True,False,True,False
9060,True,True,True,True,True,True,True,False
9061,True,False,False,True,True,True,True,False
9062,True,True,True,True,False,True,True,True
9063,True,True,True,False,True,False,True,False
9064,False,False,True,True,True,True,False,True
9065,False,True,False,True,False,True,False,True
9066,False,False,True,False,True,False,True,True
9067,True,False,True,True,False,True,True,False
9068,False,True,True,True,True,True,True,True
9069,True,True,True,False,True,False,True,False
9070,True,True,True,False,False,True,True,False
9071,True,True,True,False,True,True,True,False
9072,True,True,False,False,False,True,True,True
9073,True,True,True,False,True,True,False,True
9074,True,False,False,True,True,True,True,True
9075,True,False,True,True,True,False,False,False
9076,False,False,True,True,True,True,True,False
9077,False,True,True,True,True,True,True,True
9078,True,False,False,False,True,False,True,True
9079,True,False,True,False,True,True,False,True
9080,True,True,False,True,False,False,True,False
9081,True,True,True,True,True,True,True,True
9082,False,True,True,True,False,True,True,False
9083,False,True,True,True,True,False,False,True
9084,False,True,True,False,True,True,True,True
9085,False,True,True,True,True,False,True,False
9086,True,True,True,False,True,False,True,True
9087,True,False,True,True,True,False,True,True
9088,False,False,False,True,False,False,True,True
9089,True,True,True,True,True,True,True,True
9090,True,False,True,True,True,True,True,True
9091,True,True,False,True,True,False,True,True
9092,True,True,True,True,False,False,False,True
9093,True,True,False,False,False,True,False,True
9094,False,True,True,True,False,False,True,False
9095,True,True,False,False,False,False,True,True
9096,True,True,True,True,True,True,True,True
9097,True,True,True,True,False,False,True,True
9098,True,True,False,False,False,True,True,False
9099,False,False,True,True,False,True,True,True
9100,False,False,True,True,True,False,True,True
9101,False,True,True,True,True,True,True,False
9102,True,True,True,False,True,True,True,True
9103,True,True,True,True,True,False,True,True
9104,True,True,False,True,True,True,True,False
9105,True,False,True,False,True,False,False,True
9106,False,True,True,False,True,False,True,False
9107,False,False,True,False,False,True,False,True
9108,True,True,True,True,True,True,False,False
9109,True,False,True,True,False,False,False,True
9110,True,True,True,True,True,True,False,True
9111,True,True,True,False,True,True,True,False
9112,True,True,True,False,False,False,False,True
9113,True,False,True,True,True,False,True,True
9114,False,True,True,True,True,False,False,True
9115,True,True,True,False,True,True,True,False
9116,True,True,False,True,True,True,True,True
9117,True,False,True,True,True,True,False,True
9118,True,True,True,False,True,False,True,True
9119,False,True,False,True,True,True,False,True
9120,True,True,True,True,True,True,True,True
9121,True,True,True,False,True,False,True,True
9122,True,True,True,True,False,False,True,True
9123,False,True,True,True,False,True,True,True
9124,True,True,True,True,False,True,True,True
9125,False,True,True,True,True,False,True,True
9126,False,True,False,True,True,False,True,True
9127,True,False,True,False,True,True,True,True
9128,False,True,False,True,True,True,True,True
9129,True,True,True,True,True,True,True,False
9130,True,False,False,True,True,False,True,True
9131,False,True,True,False,True,True,False,True
9132,True,True,True,True,True,False,False,False
9133,True,False,False,True,True,False,False,True
9134,False,True,True,True,False,False,True,True
9135,False,True,False,True,False,True,True,True
9136,True,True,False,True,True,False,True,True
9137,True,True,True,False,True,True,True,True
9138,False,True,True,True,True,True,True,True
9139,False,True,True,False,True,True,False,True
9140,True,False,True,True,False,True,True,False
9141,True,True,True,True,True,False,True,True
9142,True,True,True,True,False,True,False,True
9143,False,False,False,True,False,False,False,True
9144,True,True,False,True,True,False,True,True
9145,True,False,True,True,False,True,True,True
9146,True,False,True,True,True,True,True,True
9147,True,True,True,True,True,False,False,True
9148,True,False,True,False,False,True,False,True
9149,True,False,True,True,True,False,False,False
9150,True,True,True,True,True,True,True,True
9151,True,True,True,False,True,True,False,False
9152,True,True,True,False,True,True,True,False
9153,True,False,False,False,False,True,True,False
9154,True,True,True,True,True,True,False,True
9155,False,True,False,True,True,True,False,True
9156,False,False,True,True,True,True,True,True
9157,True,True,True,True,False,True,True,True
9158,True,False,True,False,False,True,True,True
9159,True,False,False,False,True,False,False,True
9160,True,True,True,True,True,True,True,True
9161,True,True,False,False,True,False,True,True
9162,True,True,False,True,True,True,True,True
9163,True,False,True,False,True,False,True,True
9164,False,False,True,True,True,False,True,True
9165,False,True,False,True,True,True,True,False
9166,True,True,True,False,False,False,True,False
9167,False,False,True,True,False,True,True,True
9168,True,True,True,True,True,False,True,True
9169,False,False,False,False,True,True,True,False
9170,True,False,True,False,True,True,False,True
9171,True,True,True,False,True,True,True,True
9172,True,True,False,True,True,True,False,True
9173,True,False,True,True,True,True,True,True
9174,True,True,True,True,True,True,True,False
9175,True,True,True,True,True,True,True,True
9176,True,True,True,True,False,True,True,True
9177,True,True,True,False,False,True,True,True
9178,True,True,True,True,True,True,False,True
9179,True,False,False,False,True,False,True,True
9180,False,True,False,True,False,True,True,False
9181,True,False,True,False,True,False,True,True
9182,True,True,True,True,True,True,False,True
9183,False,True,True,True,True,True,True,True
9184,False,True,True,True,True,True,True,True
9185,True,True,True,False,True,True,True,False
9186,False,True,True,True,False,False,False,False
9187,False,True,True,False,False,True,True,True
9188,True,True,True,True,False,True,False,True
9189,True,False,False,False,False,True,False,True
9190,True,True,False,False,True,False,True,True
9191,True,False,True,False,False,True,True,True
9192,False,True,False,False,True,True,True,True
9193,False,True,True,False,True,True,True,True
9194,True,True,False,True,True,False,True,True
9195,True,True,True,False,True,True,True,True
9196,False,True,False,True,False,True,True,True
9197,False,False,True,True,True,True,True,True
9198,True,True,False,True,True,True,True,True
9199,True,True,False,False,True,True,True,True
9200,True,True,False,True,False,True,True,True
9201,True,True,True,True,True,False,True,True
9202,True,True,True,True,False,True,True,True
9203,True,True,False,True,False,True,True,True
9204,True,True,True,False,True,True,True,True
9205,True,True,False,True,True,True,True,True
9206,False,True,True,False,True,True,True,False
9207,True,True,True,False,False,True,False,True
9208,True,False,True,False,False,True,True,True
9209,True,False,True,False,True,True,True,False
9210,True,True,False,True,True,True,False,True
9211,True,True,True,False,False,True,True,True
9212,True,False,False,True,True,True,False,True
9213,True,False,True,True,True,False,False,True
9214,True,True,True,True,True,True,False,True
9215,True,True,True,True,False,True,True,True
9216,True,True,True,True,True,True,False,True
9217,True,True,True,True,False,False,True,False
9218,False,True,False,True,True,True,True,True
9219,True,True,True,False,False,True,True,True
9220,True,True,True,True,True,False,False,True
9221,True,False,True,True,False,True,False,False
9222,True,False,True,True,True,False,True,True
9223,True,True,True,True,False,False,False,True
9224,True,True,True,True,False,True,True,False
9225,False,True,False,False,True,True,True,True
9226,True,False,True,True,False,True,True,True
9227,True,False,True,False,False,False,True,True
9228,True,True,True,True,True,True,True,True
9229,True,True,True,True,False,False,True,True
9230,False,True,False,True,False,False,False,True
9231,True,False,True,False,True,True,False,True
9232,True,True,True,False,True,True,True,True
9233,False,True,True,True,True,True,False,True
9234,True,True,False,True,False,True,True,True
9235,True,True,True,True,True,False,False,True
9236,False,True,False,True,False,True,False,True
9237,True,False,False,True,True,True,True,False
9238,True,True,True,True,True,True,True,True
9239,True,False,True,True,True,False,True,True
9240,True,True,True,True,True,True,False,True
9241,True,True,True,True,True,True,True,True
9242,True,False,False,False,True,False,False,True
9243,True,True,True,True,True,True,True,True
9244,True,True,True,True,True,True,True,False
9245,True,True,True,False,True,False,True,True
9246,True,False,True,True,True,True,True,True
9247,False,True,False,True,False,False,True,True
9248,True,True,True,True,True,True,False,False
9249,True,False,True,True,True,True,False,True
9250,False,True,False,True,False,True,True,True
9251,False,True,False,True,False,True,True,False
9252,True,False,False,True,True,False,True,True
9253,True,True,True,True,True,False,True,True
9254,True,True,True,True,True,True,True,True
9255,True,False,False,False,True,True,True,False
9256,False,True,False,False,True,False,True,True
9257,True,False,False,True,True,True,False,True
9258,False,True,False,True,False,False,False,False
9259,True,True,False,False,False,True,True,False
9260,False,True,True,True,True,True,False,False
9261,False,True,True,False,True,True,True,False
9262,True,True,False,True,True,False,False,True
9263,True,True,True,True,True,True,True,True
9264,False,True,True,True,False,True,True,True
9265,True,True,True,True,True,True,True,False
9266,True,False,True,True,True,True,True,False
9267,True,False,False,False,True,True,False,False
9268,True,True,True,False,True,True,True,False
9269,True,True,True,True,False,True,True,True
9270,True,True,False,True,True,True,True,True
9271,True,True,False,True,False,True,True,True
9272,True,True,False,True,True,True,True,False
9273,True,False,True,True,True,True,True,False
9274,False,True,True,False,True,True,False,False
9275,False,False,True,True,False,True,False,True
9276,True,True,True,True,True,True,True,True
9277,True,True,True,True,True,True,False,False
9278,False,True,True,False,True,False,True,True
9279,True,True,True,True,True,True,True,True
9280,False,True,False,False,False,True,True,True
9281,False,True,True,False,False,True,False,True
9282,True,True,True,False,True,True,False,True
9283,True,True,True,True,True,True,False,True
9284,False,False,True,True,True,True,True,True
9285,True,True,False,True,True,True,False,False
9286,False,True,True,True,False,True,True,True
9287,True,True,False,False,True,True,True,True
9288,True,True,True,False,False,True,True,False
9289,True,True,True,True,True,True,True,True
9290,True,False,True,True,True,True,True,True
9291,True,True,True,True,True,False,False,False
9292,True,True,False,True,True,False,True,False
9293,True,True,False,True,False,False,True,True
9294,True,True,False,False,True,True,False,True
9295,True,True,True,True,True,True,True,False
9296,True,False,False,False,True,True,False,False
9297,True,True,True,True,True,True,False,True
9298,True,False,True,False,True,False,True,False
9299,True,True,False,False,False,False,True,True
9300,False,True,True,True,False,True,True,True
9301,False,False,False,False,True,True,True,False
9302,False,True,True,True,True,True,True,True
9303,True,True,False,True,True,True,False,True
9304,False,True,True,False,False,False,True,False
9305,False,True,False,True,False,True,True,True
9306,True,True,True,True,True,True,False,True
9307,True,True,True,False,False,False,True,True
9308,True,False,True,False,True,True,True,True
9309,True,True,True,True,True,False,True,True
9310,False,True,True,False,True,False,True,True
9311,False,False,True,True,False,True,False,True
9312,True,True,True,False,True,True,True,True
9313,True,True,False,False,True,True,True,True
9314,True,True,False,True,False,True,True,True
9315,True,True,True,False,True,True,True,True
9316,True,True,True,False,True,True,True,True
9317,True,True,False,True,True,True,False,True
9318,True,True,True,True,True,True,True,False
9319,True,False,True,True,True,True,True,False
9320,True,True,True,True,False,True,True,True
9321,False,True,True,True,True,True,True,True
9322,True,True,True,True,False,True,True,True
9323,False,False,False,True,True,True,False,True
9324,True,True,True,True,False,False,True,True
9325,False,True,True,False,True,False,True,True
9326,True,True,True,True,True,True,False,False
9327,True,True,True,True,True,False,True,False
9328,True,False,False,True,True,False,True,False
9329,False,True,True,True,True,True,True,True
9330,True,True,True,True,True,True,True,False
9331,True,True,True,False,True,True,False,True
9332,True,True,False,True,True,True,False,True
9333,False,False,True,True,True,True,True,True
9334,False,True,True,True,True,True,True,False
9335,True,True,True,True,False,True,False,False
9336,True,False,True,True,True,True,False,False
9337,False,True,True,True,True,True,False,True
9338,True,True,True,False,True,False,True,False
9339,False,False,True,False,True,True,False,False
9340,False,True,True,False,True,True,True,False
9341,False,True,True,False,True,False,True,True
9342,False,True,True,True,False,True,False,False
9343,True,False,True,False,False,True,True,True
9344,True,True,True,False,True,True,True,True
9345,False,True,True,False,False,True,False,True
9346,True,True,True,False,True,True,True,True
9347,True,True,False,True,True,False,False,False
9348,True,True,True,True,True,True,True,True
9349,True,True,False,True,True,True,False,True
9350,False,True,True,False,True,True,True,False
9351,True,True,True,True,False,True,True,True
9352,False,True,False,True,False,True,True,False
9353,False,False,False,True,False,True,True,False
9354,True,False,False,True,True,True,True,True
9355,True,True,False,True,True,False,True,False
9356,True,True,False,True,True,False,True,True
9357,True,False,True,True,False,True,False,False
9358,True,True,True,True,True,False,True,True
9359,True,True,True,True,True,True,False,True
9360,True,True,True,True,True,True,True,True
9361,True,True,True,True,True,False,True,True
9362,True,True,True,True,True,True,True,False
9363,True,True,False,True,True,True,True,True
9364,True,True,True,False,False,True,True,False
9365,True,False,True,True,True,True,True,True
9366,True,True,True,True,True,True,True,True
9367,False,True,True,False,True,True,False,False
9368,False,True,True,True,True,False,False,False
9369,True,True,False,False,False,False,True,True
9370,True,True,False,False,True,True,True,True
9371,True,True,True,True,True,True,True,True
9372,True,True,True,True,False,False,True,True
9373,True,True,True,True,False,False,True,False
9374,True,False,True,True,True,True,True,False
9375,True,False,True,True,True,True,True,False
9376,True,True,True,True,True,True,False,True
9377,True,True,False,True,False,False,True,True
9378,True,True,True,False,True,True,True,False
9379,False,True,False,True,True,False,False,True
9380,True,True,True,True,False,False,True,True
9381,False,True,True,True,True,True,True,True
9382,True,True,False,False,True,True,True,False
9383,False,True,True,True,False,True,False,False
9384,True,True,True,True,True,True,True,True
9385,True,True,True,True,True,True,True,True
9386,False,True,True,False,True,True,True,False
9387,True,False,True,True,True,False,True,True
9388,True,True,False,True,False,True,True,True
9389,False,True,False,False,False,True,False,True
9390,False,True,True,False,True,False,True,True
9391,False,True,True,False,True,True,False,False
9392,False,True,False,True,True,False,True,False
9393,True,False,True,True,False,True,False,True
9394,True,True,False,True,True,False,True,True
9395,True,False,True,True,False,True,True,False
9396,True,True,True,False,False,False,True,True
9397,False,True,True,True,False,True,True,True
9398,False,True,True,False,True,True,True,True
9399,False,True,True,True,False,True,False,True
9400,True,True,True,False,True,False,True,True
9401,False,True,True,False,True,False,True,False
9402,False,True,True,False,True,True,False,True
9403,False,True,True,False,False,True,False,True
9404,True,True,False,False,False,True,True,False
9405,True,True,True,True,True,False,True,True
9406,True,False,True,True,True,True,True,True
9407,True,True,True,False,True,False,True,False
9408,True,True,True,False,True,True,False,True
9409,True,False,False,False,True,True,True,True
9410,False,True,True,True,True,True,False,True
9411,True,True,True,False,True,True,False,False
9412,True,False,True,True,False,True,False,True
9413,True,True,True,True,True,False,False,True
9414,False,True,False,False,False,False,False,True
9415,True,True,True,True,False,False,True,True
9416,True,True,True,False,True,True,True,True
9417,True,False,False,False,True,False,True,True
9418,True,True,True,False,True,False,False,True
9419,True,False,False,True,False,True,True,True
9420,True,True,True,True,True,False,True,True
9421,False,True,True,True,False,True,False,True
9422,True,True,False,True,True,False,False,True
9423,True,True,True,False,False,True,True,False
9424,True,True,True,True,True,True,True,False
9425,False,True,True,True,True,False,False,True
9426,True,True,True,False,True,False,True,True
9427,False,True,True,True,True,False,True,False
9428,True,False,True,True,True,False,True,False
9429,True,False,True,True,True,False,False,True
9430,True,True,False,True,True,True,True,False
9431,True,True,True,True,False,True,True,True
9432,True,True,False,False,False,True,True,False
9433,True,True,False,True,True,True,True,True
9434,True,True,True,True,True,True,True,True
9435,True,True,True,True,True,True,True,True
9436,True,True,True,True,True,False,True,True
9437,True,True,True,True,True,True,False,False
9438,True,True,True,True,True,True,True,False
9439,False,True,True,True,True,True,True,True
9440,True,False,False,False,True,True,True,True
9441,True,True,False,True,True,True,True,False
9442,True,True,True,False,False,True,False,False
9443,True,False,True,True,True,True,True,True
9444,True,True,True,False,True,True,True,True
9445,True,False,True,False,True,True,True,False
9446,True,True,True,True,True,False,True,True
9447,True,False,True,True,True,True,True,False
9448,True,False,True,False,True,True,True,True
9449,False,False,True,True,True,False,False,True
9450,True,True,False,False,True,True,True,True
9451,True,False,True,True,True,True,True,True
9452,False,True,True,False,False,True,True,True
9453,True,False,True,True,True,True,False,False
9454,True,True,False,True,True,True,False,True
9455,True,True,True,True,True,True,False,False
9456,True,True,True,False,True,True,True,True
9457,True,True,False,False,False,True,False,True
9458,True,True,True,True,True,True,True,True
9459,True,False,True,True,True,True,True,True
9460,True,True,True,True,True,False,True,True
9461,True,False,False,False,True,True,True,True
9462,True,True,False,True,True,True,False,True
9463,False,True,True,False,True,True,True,False
9464,True,True,True,True,False,False,True,True
9465,True,False,False,True,False,True,True,True
9466,False,False,True,False,False,True,True,True
9467,True,False,False,True,True,False,False,True
9468,False,True,True,True,True,True,True,True
9469,True,True,True,False,False,True,True,False
9470,False,True,True,True,True,True,True,True
9471,False,True,False,True,True,True,True,True
9472,True,True,True,False,False,True,True,True
9473,True,True,True,False,False,True,True,False
9474,False,True,True,True,True,True,True,False
9475,True,True,False,False,True,True,True,False
9476,True,True,False,True,False,False,True,True
9477,True,True,True,False,True,True,True,True
9478,True,True,True,True,True,True,True,True
9479,True,True,True,False,True,True,True,True
9480,True,False,False,True,True,False,False,True
9481,True,False,True,False,True,False,True,True
9482,False,True,True,True,True,True,False,True
9483,True,True,False,True,True,True,True,True
9484,False,False,True,False,False,False,True,True
9485,True,True,False,True,True,True,True,False
9486,False,True,False,True,False,True,True,False
9487,False,False,True,True,True,True,True,True
9488,True,True,False,True,True,True,True,True
9489,False,True,False,True,True,True,True,False
9490,True,True,True,False,False,True,False,True
9491,False,True,True,True,True,False,True,False
9492,True,True,True,True,False,False,True,True
9493,True,True,False,True,True,True,True,True
9494,False,False,False,False,True,False,False,True
9495,True,True,False,True,True,True,False,True
9496,True,True,True,True,True,True,False,False
9497,True,True,True,False,False,True,True,False
9498,True,True,False,True,True,False,False,True
9499,True,False,False,True,True,True,True,True
9500,True,True,False,True,True,True,True,True
9501,True,False,False,True,True,True,True,True
9502,False,True,False,False,True,False,True,True
9503,True,False,True,False,False,False,True,False
9504,True,False,True,True,False,True,True,False
9505,False,True,True,True,False,True,True,False
9506,True,False,False,True,False,True,False,False
9507,False,False,True,False,False,True,False,True
9508,False,True,True,True,True,True,False,False
9509,True,True,False,False,True,True,True,True
9510,True,False,True,True,True,True,True,False
9511,True,False,True,True,True,True,True,True
9512,True,False,True,True,False,True,True,True
9513,True,True,True,True,True,True,True,True
9514,True,False,True,False,True,True,True,True
9515,True,True,True,True,True,False,False,False
9516,True,True,True,True,True,False,True,True
9517,False,False,False,True,True,True,True,True
9518,True,True,True,True,True,True,False,True
9519,True,True,True,True,False,True,True,True
9520,False,False,True,False,True,False,False,True
9521,True,False,True,True,True,True,False,True
9522,False,True,True,False,True,True,False,True
9523,True,False,True,False,True,False,True,False
9524,False,True,True,False,True,True,True,True
9525,False,True,True,True,False,True,False,False
9526,False,True,True,True,True,True,True,True
9527,True,True,True,False,True,True,True,True
9528,False,True,True,True,True,True,True,True
9529,False,True,True,True,False,True,True,True
9530,True,True,True,True,True,True,True,True
9531,True,False,False,False,True,True,False,True
9532,True,False,False,False,False,True,False,False
9533,False,False,True,True,True,True,True,True
9534,True,True,True,True,True,True,True,True
9535,True,True,True,True,True,True,True,True
9536,True,True,True,True,True,True,True,True
9537,True,True,False,True,True,True,True,True
9538,True,True,False,True,True,True,True,False
9539,False,True,False,True,True,True,True,True
9540,True,True,True,False,True,True,True,True
9541,True,False,True,True,False,True,True,True
9542,True,False,True,True,False,True,True,True
9543,False,False,True,False,True,False,True,True
9544,True,True,False,False,True,True,True,True
9545,True,False,True,True,False,True,True,True
9546,True,True,False,False,True,True,True,True
9547,False,True,True,True,False,True,True,True
9548,False,False,True,True,False,True,True,True
9549,True,True,True,True,True,True,True,False
9550,False,True,True,True,True,False,False,True
9551,True,True,True,True,True,True,False,True
9552,True,True,True,True,False,True,False,True
9553,True,True,True,True,True,False,True,False
9554,True,False,True,True,True,True,True,False
9555,True,False,True,False,False,True,True,True
9556,False,True,True,False,True,True,True,False
9557,True,False,True,True,True,False,True,False
9558,True,True,False,True,True,False,True,False
9559,False,True,False,True,True,True,True,False
9560,True,True,True,True,True,True,False,True
9561,False,True,True,True,True,True,True,True
9562,True,True,True,False,True,True,False,True
9563,True,True,False,False,True,True,True,True
9564,True,False,False,False,False,True,False,False
9565,True,True,True,True,True,False,True,True
9566,True,True,True,True,False,True,True,True
9567,False,True,True,True,True,True,True,False
9568,True,True,True,False,True,True,False,True
9569,True,True,True,True,True,True,True,True
9570,True,False,True,True,True,True,True,True
9571,True,True,True,False,False,False,False,True
9572,True,False,False,True,True,True,True,True
9573,False,True,False,True,True,True,True,True
9574,True,True,True,False,False,False,False,True
9575,True,True,False,True,False,False,True,True
9576,False,True,True,True,True,True,True,True
9577,True,True,True,True,True,True,True,True
9578,False,True,True,True,True,False,False,False
9579,True,False,True,False,True,True,True,True
9580,False,True,True,False,True,True,True,True
9581,True,True,False,True,True,True,True,True
9582,True,True,True,False,True,True,False,True
9583,True,True,False,False,True,True,True,True
9584,False,True,True,False,True,False,True,True
9585,False,True,True,True,False,True,True,True
9586,True,True,False,True,True,True,False,True
9587,False,True,True,False,True,False,True,False
9588,True,False,True,True,False,False,True,True
9589,False,True,False,True,True,True,False,True
9590,True,True,True,True,False,True,True,True
9591,True,False,False,True,True,True,True,True
9592,True,False,False,True,True,True,True,False
9593,False,True,True,False,True,False,True,True
9594,False,True,True,True,False,True,True,False
9595,True,True,True,False,True,False,True,True
9596,False,False,True,True,True,True,True,False
9597,False,True,True,False,True,True,False,True
9598,True,False,True,True,False,False,False,False
9599,True,True,True,True,True,True,True,True
9600,True,True,True,True,False,False,True,False
9601,False,True,True,True,False,True,True,True
9602,True,False,False,False,True,False,True,True
9603,True,True,True,False,True,False,True,True
9604,True,True,True,True,True,False,False,False
9605,True,True,True,True,True,True,True,True
9606,True,False,False,True,True,False,True,True
9607,True,False,True,True,True,True,True,False
9608,False,True,False,True,True,False,True,False
9609,False,True,True,True,False,True,True,True
9610,False,True,False,False,False,True,True,True
9611,True,True,True,False,False,True,False,True
9612,True,True,True,False,True,True,True,True
9613,False,False,True,True,True,False,True,True
9614,False,False,True,False,False,True,True,True
9615,True,True,True,False,True,True,False,False
9616,True,False,True,False,False,True,True,False
9617,True,False,True,True,True,True,True,False
9618,True,True,True,False,False,True,True,False
9619,True,True,False,True,False,False,False,True
9620,True,False,False,True,True,False,True,True
9621,False,True,False,False,True,True,True,False
9622,True,False,True,True,True,True,True,True
9623,True,True,False,False,True,False,True,True
9624,True,False,False,True,False,False,True,True
9625,False,True,False,True,True,True,True,True
9626,False,False,False,True,False,False,True,True
9627,True,True,True,True,True,True,True,False
9628,True,True,True,False,False,True,True,False
9629,True,False,False,True,True,True,True,True
9630,False,True,False,True,True,True,False,False
9631,False,True,True,False,True,False,True,True
9632,True,True,True,True,True,True,True,True
9633,True,True,True,False,False,True,True,True
9634,False,True,True,True,False,True,True,True
9635,True,True,True,True,True,True,True,True
9636,False,False,True,False,True,False,True,False
9637,True,True,False,True,True,False,True,True
9638,False,False,True,False,True,True,False,False
9639,True,True,True,True,True,True,True,True
9640,True,True,True,False,True,False,True,True
9641,True,True,False,False,False,True,False,True
9642,False,True,True,False,False,False,True,True
9643,True,True,True,True,False,True,False,False
9644,True,False,True,True,True,True,True,True
9645,True,True,True,True,False,True,False,True
9646,True,True,True,True,True,True,True,True
9647,True,False,True,False,True,False,True,False
9648,False,False,True,False,False,True,True,True
9649,True,True,True,True,True,True,True,False
9650,True,True,False,True,True,True,True,True
9651,False,True,True,True,True,True,True,True
9652,False,True,False,True,False,False,False,False
9653,True,True,True,True,True,True,True,True
9654,False,True,True,True,True,False,True,True
9655,True,False,True,True,False,True,False,False
9656,True,False,True,True,False,True,True,True
9657,True,True,False,True,True,True,True,True
9658,True,False,False,True,True,False,True,True
9659,True,False,True,True,False,False,True,True
9660,True,False,True,False,False,True,False,True
9661,False,True,True,True,True,False,False,True
9662,False,True,False,True,False,False,True,True
9663,False,False,True,False,True,True,True,False
9664,True,True,False,True,True,False,True,False
9665,False,True,True,False,True,False,False,False
9666,False,False,True,True,True,False,False,False
9667,False,False,False,True,True,True,True,False
9668,True,True,True,True,True,False,True,True
9669,True,True,True,False,False,True,True,True
9670,False,True,True,False,True,True,True,True
9671,False,True,True,True,False,False,False,True
9672,True,True,True,True,True,False,True,False
9673,True,False,True,False,True,True,False,True
9674,True,True,True,True,True,True,True,True
9675,True,True,False,False,True,True,True,True
9676,True,True,False,True,True,True,False,True
9677,True,True,False,True,True,False,True,True
9678,True,False,False,True,True,True,True,True
9679,True,True,False,True,False,True,False,False
9680,True,False,True,True,True,False,True,True
9681,True,False,False,True,True,True,True,False
9682,True,False,True,True,True,True,True,True
9683,True,True,True,True,False,True,True,False
9684,False,True,True,False,False,False,True,True
9685,True,True,True,True,True,True,True,True
9686,True,True,False,True,False,False,False,True
9687,False,True,False,True,False,False,True,True
9688,True,True,True,False,True,True,False,True
9689,True,True,True,True,True,True,True,True
9690,True,False,False,True,True,True,False,True
9691,True,True,True,True,True,True,False,True
9692,False,True,True,True,True,True,True,True
9693,False,False,True,True,True,True,True,True
9694,True,True,True,True,False,False,True,False
9695,True,True,True,True,False,False,False,True
9696,True,True,True,False,False,False,True,True
9697,False,True,True,True,True,True,True,True
9698,True,True,True,True,False,True,False,False
9699,False,True,True,False,False,True,False,True
9700,True,True,False,False,False,True,True,True
9701,True,True,False,True,True,False,True,False
9702,True,False,True,True,False,True,True,True
9703,True,True,True,True,True,False,True,False
9704,True,True,True,True,True,False,True,True
9705,False,False,True,True,False,True,False,True
9706,False,True,False,True,True,True,False,False
9707,True,False,True,True,False,True,False,False
9708,True,True,False,True,True,True,True,False
9709,True,True,True,True,True,True,True,True
9710,False,True,True,True,False,True,True,True
9711,False,True,False,False,True,False,True,True
9712,True,False,False,True,True,False,False,True
9713,False,True,False,True,False,True,True,True
9714,True,True,False,True,False,False,True,True
9715,True,True,True,True,True,False,True,False
9716,False,False,False,True,False,True,True,True
9717,True,True,True,False,True,True,True,True
9718,True,False,True,True,True,True,False,False
9719,True,True,True,True,True,True,True,False
9720,True,True,False,True,True,True,False,True
9721,False,False,True,True,True,True,False,True
9722,True,False,True,True,False,True,True,True
9723,True,True,False,True,False,True,True,False
9724,True,False,True,True,True,True,False,True
9725,False,True,True,False,False,False,True,True
9726,True,True,True,False,False,False,True,False
9727,False,True,True,True,False,True,True,True
9728,True,True,True,True,True,True,True,False
9729,False,True,True,True,False,True,False,True
9730,False,False,True,True,False,False,True,True
9731,True,True,True,True,True,True,True,False
9732,True,False,False,False,True,True,False,True
9733,False,False,True,True,False,False,True,True
9734,True,True,True,False,True,True,True,True
9735,False,True,True,True,True,False,True,True
9736,True,True,False,False,True,False,True,True
9737,True,True,False,True,True,True,False,False
9738,False,True,True,True,True,True,True,True
9739,True,False,False,True,False,True,True,True
9740,True,True,True,True,False,True,True,False
9741,False,True,True,True,True,False,True,True
9742,True,True,False,True,False,True,True,True
9743,True,False,True,True,True,True,True,True
9744,True,False,True,True,True,True,True,True
9745,True,True,True,True,True,True,True,True
9746,False,True,False,True,True,True,True,True
9747,False,True,False,True,False,True,False,True
9748,True,False,True,True,True,True,True,True
9749,True,True,False,True,False,True,True,True
9750,False,False,True,True,True,True,True,True
9751,True,False,False,True,False,False,True,True
9752,True,True,True,True,True,True,True,True
9753,True,True,True,True,True,True,True,True
9754,True,True,True,False,False,False,True,True
9755,False,True,True,True,True,False,True,True
9756,True,False,True,False,False,True,True,False
9757,True,False,False,True,False,True,True,True
9758,True,True,True,True,False,True,True,True
9759,False,False,True,True,True,True,True,True
9760,True,True,True,False,False,False,True,True
9761,False,False,True,False,False,False,True,True
9762,False,True,False,False,True,True,True,True
9763,True,True,True,False,True,True,True,True
9764,True,False,True,True,True,True,True,False
9765,False,True,True,True,True,True,False,True
9766,True,False,True,True,False,False,False,True
9767,False,True,True,True,False,False,True,True
9768,True,False,True,True,False,False,True,False
9769,True,True,False,True,True,True,True,True
9770,True,True,True,True,True,False,True,True
9771,True,False,False,False,True,True,True,True
9772,True,True,False,True,True,True,True,True
9773,True,True,True,True,True,True,True,True
9774,True,True,False,True,True,True,True,True
9775,False,True,False,True,False,True,False,True
9776,False,True,True,True,False,True,True,True
9777,True,True,False,True,True,True,True,False
9778,True,True,True,False,True,True,False,True
9779,True,False,False,False,True,False,True,True
9780,False,True,True,True,True,True,True,True
9781,True,True,False,True,False,False,False,True
9782,True,False,False,True,False,True,True,True
9783,True,True,True,True,True,False,True,True
9784,True,False,False,False,False,True,False,False
9785,True,True,True,True,True,True,True,True
9786,True,True,True,True,True,False,False,True
9787,True,True,False,False,False,False,False,False
9788,False,True,True,True,True,False,False,True
9789,True,True,True,False,False,True,False,True
9790,False,True,False,True,False,True,False,True
9791,True,False,True,True,True,True,True,True
9792,False,True,False,True,True,False,True,True
9793,True,True,True,True,False,False,False,True
9794,True,True,True,True,True,True,True,True
9795,True,True,False,False,True,True,True,False
9796,True,True,True,True,True,True,False,True
9797,False,True,False,True,True,True,True,True
9798,False,False,True,True,False,True,True,True
9799,True,True,True,True,True,False,False,True
9800,True,True,True,True,True,False,False,True
9801,True,True,True,True,False,False,True,False
9802,True,False,True,True,True,True,False,False
9803,True,True,True,True,False,True,True,True
9804,True,True,True,True,False,False,True,True
9805,False,True,True,True,True,True,True,True
9806,True,True,True,True,False,True,True,True
9807,True,True,False,False,False,True,False,True
9808,False,False,True,True,False,False,False,True
9809,True,True,False,True,True,False,True,False
9810,True,False,True,False,False,True,True,True
9811,True,True,True,False,False,True,True,True
9812,True,True,True,True,True,True,False,False
9813,False,True,True,True,False,False,True,False
9814,True,True,True,True,False,False,True,True
9815,True,False,True,True,False,False,True,True
9816,True,True,True,False,True,False,True,True
9817,True,True,True,True,True,False,True,True
9818,False,True,True,True,True,False,True,True
9819,True,True,True,True,False,True,True,True
9820,False,True,True,False,True,True,False,True
9821,True,True,False,True,True,True,True,True
9822,True,True,False,False,True,True,False,False
9823,True,True,True,False,False,True,False,True
9824,True,True,True,True,True,True,False,True
9825,False,True,True,True,False,True,True,False
9826,True,True,True,False,True,True,True,True
9827,False,True,True,True,False,False,False,True
9828,True,False,True,True,True,True,True,True
9829,False,True,False,True,True,True,False,True
9830,False,True,True,False,False,False,False,True
9831,False,True,False,True,True,False,False,False
9832,True,False,False,True,False,True,True,True
9833,True,False,True,True,True,True,True,True
9834,False,True,True,False,False,True,False,True
9835,True,True,False,True,True,True,True,True
9836,True,True,True,False,False,False,True,True
9837,True,True,True,True,True,False,True,True
9838,True,False,True,True,True,False,True,True
9839,True,False,True,True,False,True,True,False
9840,True,False,True,True,True,True,True,False
9841,False,False,False,True,True,True,False,True
9842,True,False,True,False,True,True,False,True
9843,False,True,False,True,False,True,True,False
9844,True,False,False,True,False,True,False,True
9845,True,True,True,True,True,False,True,True
9846,True,True,True,True,False,False,True,True
9847,True,True,True,True,True,True,False,True
9848,True,True,False,True,True,True,True,True
9849,False,True,True,True,True,False,False,True
9850,True,True,True,True,True,False,True,True
9851,True,True,False,False,True,False,True,True
9852,True,False,False,True,True,True,False,True
9853,False,True,True,True,True,True,True,True
9854,True,False,True,True,True,True,False,True
9855,False,False,False,True,False,False,True,True
9856,True,False,True,True,True,False,True,True
9857,True,True,True,False,True,False,False,True
9858,True,True,True,True,False,True,True,True
9859,False,True,True,True,False,True,True,True
9860,True,True,False,True,True,False,True,False
9861,False,True,True,True,True,False,False,True
9862,True,True,True,False,True,False,True,True
9863,True,True,True,True,False,False,True,True
9864,False,True,False,True,False,False,True,True
9865,True,False,False,True,True,True,True,True
9866,True,True,True,False,True,False,False,True
9867,True,False,True,True,False,True,True,True
9868,True,False,False,False,True,True,True,True
9869,True,True,True,False,True,False,True,False
9870,False,True,True,True,True,True,True,False
9871,True,True,True,True,True,True,True,True
9872,True,True,True,False,True,True,True,False
9873,True,True,True,True,True,True,True,False
9874,True,True,False,True,True,False,False,True
9875,False,True,True,False,True,True,True,True
9876,True,True,False,True,True,True,True,True
9877,True,False,False,False,True,True,True,True
9878,True,True,True,False,True,False,True,True
9879,True,True,True,True,False,False,True,False
9880,True,False,True,True,True,False,True,True
9881,False,True,True,True,True,True,True,True
9882,True,True,True,False,True,True,True,False
9883,True,True,False,False,True,True,True,False
9884,True,True,True,True,False,True,True,True
9885,True,True,False,True,True,True,False,True
9886,True,False,True,False,True,True,False,True
9887,True,True,False,True,False,False,True,True
9888,True,True,True,True,True,True,True,False
9889,False,False,False,True,True,True,False,True
9890,True,True,True,False,True,True,True,True
9891,True,True,True,True,False,True,True,False
9892,True,True,False,True,True,True,False,True
9893,True,True,True,False,True,True,False,True
9894,False,True,True,True,True,False,False,True
9895,False,True,True,True,True,True,True,True
9896,True,True,False,True,True,True,False,True
9897,True,True,False,True,True,True,True,True
9898,True,True,True,True,True,True,True,True
9899,True,True,True,True,True,True,True,True
9900,False,True,True,True,True,False,True,True
9901,True,True,True,True,True,False,True,True
9902,False,False,True,True,True,True,False,True
9903,True,True,True,True,True,True,True,False
9904,True,False,True,True,True,True,True,False
9905,True,True,True,False,True,True,True,True
9906,False,False,True,True,True,False,True,True
9907,True,False,True,True,False,False,False,True
9908,True,True,True,True,False,True,True,True
9909,True,True,False,True,True,True,True,True
9910,True,False,True,True,True,False,True,True
9911,True,False,True,False,True,False,True,True
9912,True,True,False,True,False,False,False,False
9913,True,True,False,False,True,True,True,True
9914,False,True,True,True,False,True,False,False
9915,True,True,True,True,False,True,True,False
9916,True,True,True,True,True,True,True,True
9917,True,False,True,True,False,True,True,True
9918,True,True,True,False,False,True,False,True
9919,True,False,True,True,True,False,True,False
9920,True,False,True,True,True,True,True,False
9921,True,True,True,False,True,False,True,True
9922,True,True,True,True,False,True,True,True
9923,True,True,True,True,False,True,True,True
9924,True,False,False,True,True,True,True,True
9925,True,True,False,False,True,False,True,True
9926,False,True,True,True,False,True,True,True
9927,True,True,True,True,True,False,True,True
9928,False,False,False,True,True,False,True,True
9929,True,True,True,True,False,False,True,True
9930,False,False,True,False,False,True,True,True
9931,True,True,True,True,False,True,True,True
9932,True,True,True,True,True,True,True,True
9933,True,True,True,False,True,True,True,False
9934,True,True,False,True,True,False,True,False
9935,False,True,True,True,True,True,True,False
9936,True,True,False,False,True,False,True,False
9937,True,True,True,True,False,True,True,True
9938,True,False,False,True,True,True,True,True
9939,True,True,True,True,True,True,True,True
9940,True,True,False,False,False,False,True,True
9941,True,False,True,True,True,False,False,False
9942,True,True,True,False,False,True,False,True
9943,False,False,True,True,True,False,True,True
9944,True,False,False,True,True,True,True,True
9945,False,False,True,True,False,True,True,True
9946,True,False,False,True,True,True,False,True
9947,True,False,True,True,False,True,False,False
9948,True,True,False,False,True,True,True,False
9949,False,True,True,False,True,True,False,True
9950,True,True,True,False,True,True,False,False
9951,True,False,True,True,False,True,True,False
9952,False,False,True,True,True,True,True,True
9953,False,True,True,False,False,True,True,True
9954,True,True,True,True,True,True,True,True
9955,False,True,False,True,True,True,False,True
9956,False,False,True,True,True,False,True,True
9957,True,True,False,True,True,True,True,True
9958,True,False,True,True,True,False,True,True
9959,False,False,False,True,True,True,True,True
9960,True,True,True,False,False,True,True,True
9961,True,True,True,True,True,True,True,False
9962,False,False,False,True,False,True,True,True
9963,True,True,True,False,True,True,True,False
9964,True,True,True,False,True,True,False,True
9965,True,True,True,True,True,False,False,True
9966,True,True,True,True,True,False,True,False
9967,True,True,True,True,False,True,False,True
9968,False,True,True,True,True,False,True,False
9969,True,True,True,True,False,True,True,True
9970,True,True,True,True,True,False,True,True
9971,False,False,True,True,False,True,False,True
9972,True,True,True,True,True,True,True,True
9973,True,True,True,True,True,False,True,False
9974,False,True,False,True,True,True,False,True
9975,True,True,True,True,False,True,True,True
9976,True,True,True,False,False,True,True,False
9977,False,True,True,True,True,True,True,True
9978,True,True,True,True,True,False,True,False
9979,True,True,True,True,True,True,True,True
9980,True,True,True,True,True,True,True,True
9981,True,True,True,True,True,True,True,False
9982,True,True,True,False,False,True,False,True
9983,True,True,True,False,True,True,True,False
9984,True,True,False,False,True,True,True,False
9985,True,False,False,False,True,True,False,False
9986,True,False,True,True,False,True,True,True
9987,False,False,False,True,True,False,True,False
9988,True,True,False,True,False,False,True,True
9989,True,True,False,True,True,False,True,True
9990,True,True,True,True,False,True,True,True
9991,True,False,True,True,True,True,False,True
9992,False,False,False,False,False,True,True,True
9993,True,False,False,True,True,True,False,True
9994,False,False,False,True,True,True,True,True
9995,True,True,True,True,True,True,True,False
9996,False,False,False,True,False,True,True,True
9997,True,True,True,True,True,True,True,True
9998,False,True,False,True,False,False,True,True
9999,True,True,True,True,True,True,True,True
