,0,1,2,3,4,5,6,7
0,True,False,True,False,False,True,False,True
1,True,False,False,False,True,False,False,True
2,False,True,False,False,True,True,False,False
3,False,True,False,False,False,True,False,False
4,True,True,False,False,False,False,True,False
5,False,False,True,False,True,True,False,False
6,True,True,True,False,True,True,True,True
7,False,True,True,False,False,False,False,False
8,False,True,False,False,False,True,True,True
9,False,False,True,True,False,False,False,False
10,True,False,False,True,False,True,True,False
11,False,False,False,True,False,False,True,False
12,False,True,False,True,True,True,False,False
13,False,True,True,False,False,False,False,False
14,True,True,True,False,True,False,False,False
15,True,False,True,False,False,False,True,False
16,True,False,True,True,True,False,True,True
17,True,False,True,True,False,False,False,False
18,True,True,True,False,True,False,False,False
19,False,False,True,False,False,False,False,False
20,True,False,True,True,False,True,False,False
21,True,True,False,False,False,True,True,False
22,True,False,True,True,True,False,True,False
23,False,True,False,True,False,True,True,True
24,False,True,False,True,True,True,True,True
25,False,True,True,True,True,True,True,False
26,True,False,False,False,True,True,True,False
27,False,False,True,True,True,True,False,False
28,False,False,False,False,False,False,False,False
29,True,True,True,False,True,True,False,False
30,False,True,False,False,True,True,False,False
31,True,True,False,False,True,True,True,False
32,True,False,True,False,True,True,False,False
33,False,False,True,True,True,False,False,False
34,False,False,True,True,True,False,True,False
35,True,True,False,False,False,True,False,True
36,True,True,False,True,False,True,False,False
37,True,False,True,True,False,False,True,False
38,False,False,True,False,False,False,True,True
39,False,False,False,True,False,True,False,True
40,False,True,True,False,True,True,True,True
41,True,False,False,False,True,True,False,True
42,True,True,True,True,True,True,False,True
43,True,True,False,False,True,False,True,True
44,False,False,True,False,True,False,False,True
45,False,False,False,False,True,False,False,True
46,False,False,False,False,False,False,False,False
47,True,True,True,False,False,False,False,False
48,True,False,False,True,True,False,False,True
49,True,False,False,True,False,True,False,False
50,False,False,True,False,True,False,False,False
51,False,True,False,True,False,False,True,False
52,False,True,True,True,True,False,False,False
53,False,False,True,True,True,False,True,True
54,True,False,False,True,True,True,True,True
55,True,True,False,False,False,False,True,False
56,False,False,True,False,True,True,True,False
57,False,True,True,True,True,True,True,True
58,False,False,True,True,False,True,False,False
59,False,True,False,True,True,True,False,False
60,False,False,False,True,False,False,False,False
61,True,True,True,False,False,True,False,False
62,True,False,True,True,False,False,False,False
63,True,True,False,False,True,False,True,False
64,True,True,True,True,False,True,False,False
65,True,False,False,False,False,False,False,True
66,False,True,False,True,True,True,False,True
67,True,True,False,True,False,False,False,False
68,False,True,True,True,True,True,True,False
69,True,False,True,False,False,True,False,False
70,False,False,False,True,False,True,True,False
71,True,True,True,True,True,True,False,False
72,False,False,True,False,False,True,True,False
73,False,False,False,False,True,False,True,True
74,True,False,True,True,True,False,False,False
75,False,True,False,True,False,False,True,True
76,False,True,True,False,True,False,True,True
77,True,True,True,False,True,True,True,True
78,True,True,True,True,False,True,False,True
79,False,False,False,False,True,False,True,False
80,False,False,False,False,True,True,True,False
81,True,False,True,False,False,False,False,True
82,False,False,False,False,True,False,True,False
83,True,False,True,False,True,True,True,False
84,True,True,False,False,False,False,True,False
85,True,True,False,False,True,False,True,False
86,False,True,True,True,True,False,True,False
87,False,False,True,True,False,False,False,True
88,True,False,False,False,True,False,False,True
89,True,False,True,False,True,False,True,True
90,False,True,False,True,False,False,False,False
91,True,False,False,True,False,False,False,True
92,True,False,True,True,False,False,True,False
93,True,True,False,False,False,True,True,True
94,True,True,True,False,True,True,False,True
95,True,False,False,False,True,True,True,True
96,False,True,True,False,False,False,True,True
97,True,True,True,False,True,False,True,False
98,True,False,True,False,False,False,False,True
99,True,True,False,False,False,False,True,True
100,False,True,False,True,False,False,False,True
101,False,True,False,False,True,False,False,False
102,False,True,True,False,True,False,False,True
103,False,False,True,False,True,False,True,True
104,True,False,True,False,True,False,False,False
105,False,False,False,True,False,False,False,False
106,False,True,False,False,False,True,True,False
107,True,True,False,False,False,False,True,False
108,True,True,True,False,True,True,True,False
109,False,False,False,True,False,False,True,False
110,True,True,True,False,True,False,True,True
111,False,True,True,True,False,True,False,True
112,True,False,True,False,True,True,True,False
113,False,True,False,False,True,False,True,True
114,True,True,False,True,True,True,True,True
115,True,False,True,False,False,False,False,False
116,True,True,True,True,True,False,False,True
117,True,True,False,True,True,True,True,True
118,True,False,False,False,True,False,False,False
119,False,True,True,False,False,True,False,True
120,False,True,True,False,False,True,False,False
121,False,True,True,True,True,False,False,True
122,True,True,True,False,True,False,True,False
123,True,False,False,True,False,False,False,False
124,True,True,False,False,True,True,False,True
125,False,False,True,False,False,True,False,True
126,False,False,False,False,False,True,False,False
127,False,False,True,True,False,False,True,True
128,True,True,False,True,True,False,True,False
129,True,False,True,False,True,True,True,True
130,True,False,True,True,False,True,False,False
131,True,True,False,False,True,False,True,True
132,True,False,True,True,True,False,False,True
133,False,True,True,True,True,True,False,False
134,False,False,False,False,True,True,True,False
135,False,False,True,True,False,True,False,False
136,True,True,False,False,False,True,True,False
137,True,True,False,False,False,False,True,False
138,False,False,True,True,False,False,False,False
139,False,False,False,True,True,False,False,False
140,False,False,False,False,True,True,False,True
141,False,True,False,False,False,True,False,True
142,True,False,False,False,False,False,True,True
143,True,False,True,True,False,False,True,False
144,True,True,False,False,False,False,True,True
145,False,False,True,False,False,True,True,True
146,True,True,False,True,False,False,False,False
147,False,False,False,True,False,True,False,False
148,True,False,False,False,False,True,False,True
149,True,False,False,True,False,True,True,True
150,False,True,True,False,True,False,False,True
151,True,True,True,False,True,False,True,True
152,True,False,True,True,True,True,False,False
153,True,False,True,True,False,True,False,True
154,False,False,False,False,True,False,False,True
155,False,True,True,True,False,False,False,False
156,False,True,False,True,False,False,True,False
157,True,False,False,False,True,False,True,False
158,True,True,False,False,True,False,False,False
159,False,False,True,False,False,True,False,True
160,False,False,True,True,False,True,True,False
161,False,True,True,True,True,False,False,False
162,True,True,False,True,True,False,True,True
163,False,False,True,False,False,False,False,True
164,True,True,False,True,False,True,False,True
165,True,True,False,True,True,False,True,False
166,True,False,False,True,False,False,False,True
167,False,True,False,True,False,True,True,False
168,True,False,True,True,True,False,False,True
169,True,False,True,True,True,False,False,False
170,False,False,True,False,False,True,True,False
171,False,True,True,False,False,True,True,False
172,False,True,False,True,True,True,False,False
173,False,False,False,False,True,True,False,True
174,True,False,True,True,True,True,False,False
175,True,False,False,False,True,True,False,True
176,True,True,True,False,False,False,True,True
177,False,False,True,True,False,True,False,False
178,True,True,True,True,True,False,False,True
179,False,True,False,True,True,True,False,False
180,True,True,True,False,True,True,False,True
181,True,True,False,False,False,False,True,True
182,True,True,True,False,True,False,True,True
183,False,False,False,False,False,False,True,True
184,True,True,False,False,False,False,False,True
185,False,True,False,False,True,True,False,False
186,True,False,True,True,False,False,True,True
187,True,False,True,False,True,True,True,False
188,True,False,True,True,True,False,False,True
189,False,True,False,True,True,False,True,False
190,True,True,True,False,False,False,True,True
191,False,True,True,False,False,False,True,True
192,True,True,True,False,True,False,False,False
193,False,False,True,False,False,False,True,True
194,True,True,False,True,False,True,True,False
195,False,True,True,True,True,True,True,False
196,False,False,True,False,False,False,True,True
197,True,False,False,False,False,False,True,True
198,True,True,True,False,True,True,False,True
199,True,True,True,True,False,True,False,True
200,False,True,False,True,True,True,True,True
201,False,True,True,False,False,False,True,True
202,False,True,True,True,True,True,True,False
203,True,True,False,False,True,True,True,False
204,True,True,False,True,False,True,True,False
205,False,True,True,True,False,True,False,False
206,True,False,True,False,False,True,False,False
207,True,False,True,True,False,True,True,False
208,True,False,True,True,True,False,True,False
209,True,True,True,False,True,False,False,False
210,True,True,False,False,False,True,False,True
211,False,True,False,False,True,False,False,True
212,True,True,True,True,True,True,True,True
213,False,False,True,True,False,True,False,True
214,False,True,False,True,True,False,False,True
215,True,False,True,False,False,True,False,True
216,True,True,False,True,True,False,True,True
217,False,True,True,True,False,True,True,False
218,False,True,False,False,False,False,False,True
219,True,True,True,False,True,False,True,False
220,True,False,False,True,False,True,True,True
221,False,False,False,False,True,True,True,False
222,True,False,True,False,True,False,False,True
223,True,False,False,True,False,True,False,False
224,True,True,False,True,True,False,False,False
225,True,True,True,True,False,True,True,False
226,False,True,True,False,False,False,True,True
227,False,True,True,True,True,True,False,False
228,True,True,True,True,True,True,False,False
229,True,False,False,False,True,False,False,True
230,True,True,False,False,False,True,False,False
231,False,False,True,True,False,True,False,True
232,False,False,True,True,True,True,False,True
233,True,False,False,True,False,True,True,False
234,False,False,True,True,False,True,True,True
235,True,False,False,False,True,False,True,False
236,True,True,True,False,True,False,True,False
237,False,True,False,False,False,False,False,True
238,True,False,True,False,True,True,False,True
239,True,False,True,True,True,True,True,False
240,True,True,False,True,True,True,True,False
241,True,False,False,False,True,True,True,False
242,True,True,True,False,True,False,True,True
243,False,True,False,True,True,True,True,True
244,False,False,False,True,False,True,False,False
245,False,False,False,False,True,False,True,False
246,True,True,False,True,True,False,False,False
247,True,False,False,True,True,False,False,True
248,False,False,True,False,False,True,True,True
249,False,True,False,True,False,True,False,True
250,False,False,True,True,False,True,True,False
251,True,False,False,True,True,False,False,False
252,True,True,False,False,False,False,False,True
253,True,False,False,False,False,False,False,True
254,True,False,True,True,False,True,True,True
255,True,False,False,True,True,False,False,True
256,False,False,False,False,False,False,True,True
257,True,False,True,False,False,True,False,True
258,True,False,False,False,True,False,True,False
259,True,False,False,True,False,False,True,False
260,True,False,True,True,False,True,False,True
261,False,True,False,False,False,True,True,True
262,True,True,False,True,False,True,True,False
263,False,True,True,True,True,False,False,True
264,False,True,True,False,False,False,False,False
265,True,False,True,False,True,True,False,True
266,True,False,True,True,True,False,False,False
267,False,False,False,True,True,True,True,False
268,False,False,True,False,False,True,False,False
269,True,False,True,True,False,False,False,False
270,False,True,True,True,False,True,True,True
271,False,False,False,True,True,True,False,True
272,True,True,False,False,False,False,False,False
273,True,False,True,False,True,False,False,True
274,True,False,False,False,True,False,True,True
275,True,False,True,False,False,False,True,False
276,True,False,False,False,True,False,False,False
277,False,False,False,True,True,True,True,False
278,True,True,False,False,True,True,False,False
279,False,True,False,False,True,False,False,False
280,False,False,True,True,True,True,False,True
281,True,True,False,False,True,True,True,False
282,True,False,True,False,True,True,True,False
283,True,False,False,False,False,False,True,False
284,False,True,True,False,True,True,True,True
285,True,False,True,False,False,True,False,True
286,False,True,False,False,False,False,True,False
287,True,True,False,False,False,False,True,True
288,False,True,False,True,True,True,True,True
289,True,True,True,False,True,False,True,True
290,True,False,False,True,False,True,True,True
291,False,False,True,False,False,False,False,False
292,True,True,False,True,False,False,False,True
293,True,True,False,False,False,False,True,True
294,True,True,False,True,True,True,True,True
295,False,False,False,True,False,True,True,False
296,True,True,False,True,True,True,True,True
297,True,True,True,False,True,True,False,True
298,False,True,False,True,True,True,True,True
299,True,True,True,True,True,True,True,True
300,True,True,True,True,True,True,True,False
301,False,False,True,False,False,True,True,True
302,False,True,False,True,True,False,True,False
303,True,True,True,False,True,True,False,True
304,False,True,True,False,True,False,True,False
305,True,True,True,False,True,True,False,True
306,False,False,False,True,False,True,True,False
307,True,True,False,True,True,True,False,True
308,True,False,False,False,False,False,True,True
309,False,True,True,False,True,False,False,False
310,True,False,False,False,True,False,True,False
311,False,False,False,True,False,False,False,False
312,False,False,False,True,True,True,False,True
313,True,False,False,True,False,True,False,True
314,False,False,False,False,True,False,True,False
315,True,True,False,False,False,True,False,True
316,True,False,False,False,True,False,True,True
317,True,False,True,False,False,False,True,True
318,True,True,False,False,True,True,True,True
319,True,True,True,False,False,True,False,False
320,False,True,False,True,True,True,True,True
321,False,True,False,False,True,True,False,False
322,True,False,True,True,True,True,True,True
323,False,False,True,False,True,False,True,False
324,False,True,False,True,False,False,True,True
325,True,True,True,False,True,False,True,True
326,False,False,False,False,False,True,True,False
327,True,False,False,False,False,True,False,False
328,True,False,False,True,True,True,True,True
329,True,False,True,False,True,False,False,True
330,False,True,False,False,True,True,False,False
331,False,False,True,True,False,True,False,False
332,True,True,True,False,True,False,True,True
333,True,False,True,False,False,True,False,False
334,False,False,True,False,True,False,True,True
335,True,False,False,False,False,True,True,True
336,True,False,True,False,False,True,True,True
337,False,True,True,False,True,True,False,True
338,False,False,False,False,False,True,False,True
339,False,True,False,False,True,True,True,True
340,True,True,True,True,True,True,True,True
341,False,False,True,False,False,True,True,False
342,False,True,True,False,False,False,True,True
343,True,False,True,True,True,False,False,True
344,True,False,True,True,False,True,True,False
345,False,True,True,True,False,True,False,True
346,True,True,False,True,False,False,False,True
347,False,False,False,False,False,True,True,True
348,True,False,True,True,True,True,True,False
349,False,True,False,False,True,False,True,False
350,True,True,False,True,False,False,True,True
351,False,True,False,False,True,False,True,False
352,True,False,False,False,True,True,True,False
353,True,False,False,True,True,False,False,True
354,True,False,True,False,True,False,True,False
355,True,True,False,True,True,False,False,False
356,True,False,False,False,True,True,True,False
357,False,True,True,False,False,False,False,True
358,False,True,False,True,False,False,True,True
359,False,False,True,False,True,False,False,True
360,False,False,True,True,True,False,False,False
361,True,False,False,True,False,False,True,False
362,True,False,False,False,True,True,True,True
363,True,True,True,False,True,True,True,True
364,False,False,False,True,False,False,True,True
365,False,False,False,False,True,False,True,False
366,False,False,True,False,True,True,True,True
367,False,False,False,True,False,True,True,False
368,False,False,False,False,True,True,False,False
369,True,True,True,True,True,False,False,False
370,False,False,True,False,False,True,False,True
371,False,False,True,True,True,True,False,True
372,True,False,False,False,False,False,False,False
373,True,True,False,True,True,True,False,False
374,True,True,True,False,True,True,False,False
375,False,False,True,True,False,False,True,True
376,False,True,True,False,True,False,True,True
377,True,True,True,True,False,True,True,True
378,False,False,False,False,True,True,False,True
379,True,True,True,False,False,True,False,False
380,False,False,True,False,True,True,False,False
381,False,True,False,False,True,True,True,False
382,False,True,False,True,True,True,False,False
383,True,True,False,False,True,True,True,True
384,True,False,True,False,True,True,True,True
385,False,False,False,False,False,False,False,False
386,True,True,True,False,True,False,True,True
387,True,False,True,True,False,True,False,True
388,False,True,False,False,True,False,True,False
389,False,False,False,False,True,True,True,False
390,False,True,True,True,True,False,False,True
391,False,True,False,True,False,False,True,True
392,True,True,False,False,False,False,True,False
393,False,True,False,False,True,True,True,False
394,False,True,True,True,True,False,False,True
395,True,False,False,True,False,False,True,True
396,True,False,False,False,True,False,True,True
397,False,True,True,True,False,False,False,True
398,True,True,True,False,True,True,False,False
399,False,True,False,True,False,True,True,False
400,False,False,True,True,True,True,False,True
401,True,False,True,True,True,True,True,False
402,True,True,True,True,True,False,False,True
403,False,True,False,False,True,True,True,True
404,True,True,True,True,True,True,True,True
405,True,False,False,False,True,True,True,True
406,True,True,True,False,True,True,False,True
407,False,False,True,False,True,True,True,True
408,False,True,False,True,True,True,False,True
409,False,False,False,True,False,False,False,False
410,True,False,True,True,True,False,True,True
411,False,False,True,True,False,True,False,True
412,False,True,True,False,False,True,False,True
413,True,True,True,False,True,False,True,False
414,False,True,True,True,True,False,True,False
415,False,False,False,False,True,False,False,True
416,True,True,True,True,True,True,False,True
417,True,False,False,True,False,True,False,True
418,False,False,False,False,True,True,False,True
419,False,True,True,False,False,False,True,False
420,False,True,True,False,False,False,True,False
421,True,False,True,True,False,True,True,True
422,True,True,True,False,True,True,False,False
423,True,True,False,False,True,True,True,True
424,False,False,False,True,True,False,False,True
425,True,False,True,False,False,True,True,True
426,True,False,False,False,False,False,False,False
427,False,False,True,True,True,False,False,False
428,False,True,True,False,False,False,True,True
429,True,False,True,True,True,True,True,False
430,True,False,True,True,True,False,False,False
431,False,False,False,True,True,False,False,False
432,False,True,True,False,False,True,True,False
433,True,False,False,True,False,False,False,True
434,False,False,True,True,False,True,False,True
435,True,False,False,True,True,False,True,False
436,False,False,False,True,False,False,True,True
437,False,False,False,True,True,True,False,False
438,True,False,False,False,False,False,True,True
439,False,False,True,True,True,True,False,False
440,False,True,False,False,False,False,False,True
441,True,False,True,True,True,False,False,True
442,True,True,True,False,False,True,True,False
443,True,False,True,False,False,True,True,False
444,False,False,True,True,True,True,False,True
445,False,True,False,False,False,True,False,True
446,False,False,True,True,False,True,False,False
447,True,True,False,False,False,False,False,True
448,False,False,True,True,True,True,True,False
449,True,True,False,True,False,True,True,True
450,True,False,True,True,False,False,False,True
451,True,True,False,False,False,True,False,False
452,False,True,True,True,True,False,False,True
453,False,False,True,False,True,True,True,True
454,True,False,True,False,False,False,False,True
455,False,False,False,False,True,False,True,True
456,False,False,False,False,True,False,False,True
457,True,True,False,True,True,False,False,False
458,True,True,True,False,True,True,False,True
459,True,False,False,False,True,True,True,False
460,True,False,True,False,False,True,False,True
461,False,False,True,False,False,True,False,True
462,True,True,False,False,True,True,False,True
463,False,True,True,False,True,True,True,True
464,False,True,True,False,False,False,False,False
465,True,False,True,False,True,True,True,False
466,True,False,True,True,False,True,True,False
467,True,False,False,True,True,True,True,True
468,True,False,True,True,True,False,True,True
469,False,False,False,True,False,True,False,False
470,True,False,True,True,False,True,False,False
471,True,True,False,True,True,False,True,True
472,True,False,True,False,False,False,False,False
473,False,True,True,False,True,True,True,False
474,True,True,False,True,False,True,False,False
475,True,True,True,True,True,True,True,False
476,False,True,True,False,True,True,True,False
477,True,True,True,False,False,False,True,False
478,False,False,True,False,True,True,False,True
479,True,False,False,True,True,False,False,False
480,False,False,True,True,False,True,True,False
481,False,True,True,False,True,False,True,False
482,True,True,True,True,True,True,True,False
483,True,False,False,False,False,False,False,False
484,True,True,False,False,False,True,True,False
485,False,False,True,False,False,False,True,True
486,False,True,True,False,False,True,False,False
487,False,False,False,True,False,True,False,False
488,False,False,False,True,True,False,False,True
489,True,False,True,True,True,True,False,True
490,False,False,False,False,False,True,False,True
491,True,True,False,True,False,False,False,True
492,False,True,False,True,False,True,False,False
493,False,True,True,True,False,True,False,True
494,True,False,True,False,False,False,False,True
495,False,True,True,False,False,False,False,False
496,False,False,True,False,False,True,False,True
497,False,True,True,False,True,True,True,True
498,False,True,True,False,False,False,False,True
499,False,False,True,False,True,False,True,False
500,True,True,True,True,True,True,True,False
501,True,False,False,False,False,False,False,False
502,False,False,True,True,True,False,False,True
503,False,True,False,True,True,True,False,False
504,True,False,True,False,False,False,True,True
505,False,False,False,False,False,False,False,True
506,False,False,True,False,False,False,True,False
507,False,True,True,True,False,False,True,False
508,False,False,True,True,False,True,False,True
509,False,False,False,True,True,True,True,False
510,True,True,True,False,True,False,False,True
511,True,False,True,False,True,True,True,False
512,False,False,True,True,False,True,True,False
513,False,True,False,True,False,True,True,True
514,False,False,False,False,False,True,True,True
515,False,False,True,True,True,False,True,False
516,False,False,False,True,False,True,True,False
517,True,False,False,False,False,False,False,True
518,True,True,True,False,False,False,True,False
519,False,True,True,True,False,False,True,True
520,True,True,False,False,False,False,True,True
521,True,True,True,True,True,False,False,False
522,True,False,False,False,False,True,False,True
523,True,True,True,True,True,True,True,True
524,False,True,True,False,True,False,False,False
525,True,True,True,True,True,False,True,False
526,False,False,True,True,False,True,True,False
527,True,True,True,False,True,True,True,False
528,True,True,True,True,True,True,True,True
529,False,True,True,True,False,False,True,False
530,False,True,True,True,False,True,True,False
531,True,True,False,True,False,True,True,False
532,False,True,False,False,True,True,True,True
533,False,True,True,False,False,False,True,True
534,False,False,True,False,True,True,False,False
535,False,False,True,False,True,False,False,True
536,True,False,True,True,False,True,False,False
537,False,False,True,False,True,False,False,False
538,True,True,True,False,True,True,True,False
539,True,True,False,False,True,True,True,True
540,False,True,False,False,False,True,False,True
541,False,False,False,False,False,False,True,True
542,False,False,False,True,True,True,True,False
543,False,True,False,True,False,True,False,True
544,False,False,False,True,False,True,False,False
545,False,True,True,True,True,False,False,False
546,True,False,False,True,False,True,True,False
547,False,False,False,True,True,True,False,True
548,True,True,True,True,True,False,False,True
549,False,True,False,True,True,True,True,False
550,True,True,False,True,False,True,False,True
551,False,False,False,True,False,False,True,False
552,True,False,False,False,False,True,False,False
553,True,False,True,False,True,False,False,True
554,True,False,True,True,True,True,False,False
555,True,False,False,True,True,False,False,True
556,True,True,False,False,False,True,True,True
557,True,True,True,True,True,True,True,False
558,False,False,True,False,True,False,True,True
559,True,False,False,True,False,True,True,True
560,True,False,False,False,False,False,True,False
561,False,True,True,False,False,True,True,True
562,True,False,True,True,True,False,True,True
563,True,True,False,False,True,False,False,True
564,False,False,True,True,True,True,True,False
565,False,False,True,False,False,False,True,True
566,False,False,False,False,False,True,True,False
567,False,False,False,False,True,True,False,False
568,False,False,False,False,True,False,False,False
569,True,True,False,False,True,True,False,False
570,True,True,True,False,False,True,True,True
571,False,True,False,True,False,False,False,True
572,False,False,True,False,False,False,False,False
573,True,True,False,False,True,False,True,True
574,False,True,True,False,False,False,True,True
575,True,True,True,True,False,True,True,True
576,False,False,False,False,False,False,False,False
577,False,False,True,True,False,True,True,True
578,True,False,False,True,False,True,True,True
579,False,False,False,True,True,False,True,False
580,True,False,True,True,False,False,True,True
581,False,True,True,True,False,True,True,False
582,False,False,True,True,False,True,True,True
583,True,False,False,False,True,False,True,False
584,True,True,True,False,True,False,True,False
585,True,False,False,False,True,True,False,True
586,False,False,True,True,False,False,False,False
587,False,True,False,False,False,False,False,False
588,False,False,False,False,False,True,False,False
589,True,True,True,True,True,True,True,True
590,False,True,False,False,False,True,False,True
591,False,True,False,True,True,True,True,True
592,True,False,False,True,True,True,False,True
593,True,True,False,False,False,True,False,False
594,False,True,False,True,True,True,True,False
595,False,False,True,False,True,False,True,True
596,False,False,True,False,False,True,True,True
597,True,False,False,True,True,False,True,False
598,False,True,True,False,True,True,False,True
599,True,True,True,True,False,True,True,False
600,False,True,False,False,False,True,False,True
601,True,True,False,False,False,True,False,True
602,False,False,True,False,False,True,True,True
603,True,True,True,False,True,False,True,False
604,True,True,False,False,False,False,True,True
605,False,False,True,False,True,False,True,True
606,True,False,True,False,True,True,True,True
607,True,True,True,False,False,False,False,True
608,False,False,True,True,True,True,True,False
609,True,True,True,False,True,False,False,False
610,True,True,True,False,False,False,False,False
611,True,True,True,False,True,False,False,True
612,False,False,True,False,True,False,True,True
613,True,True,False,True,False,True,True,False
614,False,True,False,False,False,True,True,True
615,True,True,True,True,False,False,True,False
616,True,False,True,False,True,True,True,False
617,False,True,True,False,False,False,False,True
618,True,True,True,True,False,False,True,False
619,True,True,False,False,False,True,False,True
620,False,False,False,False,False,False,False,False
621,False,True,True,False,False,True,False,True
622,False,False,False,True,False,False,True,False
623,True,False,False,True,True,True,False,False
624,False,True,True,False,True,False,True,True
625,False,True,True,True,False,True,False,False
626,False,False,False,True,False,False,False,False
627,True,True,False,False,False,True,True,False
628,True,True,False,False,True,True,False,False
629,True,True,False,False,True,False,True,True
630,False,False,False,False,True,False,True,True
631,True,True,False,False,False,False,True,True
632,False,False,False,False,False,False,False,False
633,False,True,True,True,True,True,True,False
634,True,False,False,False,False,False,True,True
635,False,False,False,True,False,True,False,True
636,False,False,True,True,True,True,True,False
637,False,True,True,True,True,False,True,True
638,True,False,True,False,False,True,True,False
639,True,True,True,True,False,False,True,True
640,True,False,False,False,False,False,True,False
641,True,False,False,True,True,False,True,True
642,True,True,False,True,True,True,True,True
643,True,True,True,True,True,False,True,False
644,False,False,False,False,True,False,True,True
645,False,False,False,False,False,True,True,True
646,False,True,False,False,True,False,False,False
647,True,True,True,True,True,False,False,True
648,False,False,True,True,True,False,True,True
649,True,False,False,True,False,False,False,True
650,True,True,False,True,True,False,False,False
651,True,False,True,False,True,True,True,False
652,True,True,True,False,False,False,True,True
653,True,False,True,False,True,False,True,True
654,False,False,True,True,False,False,True,True
655,True,True,False,True,True,True,False,True
656,False,False,True,True,True,False,False,False
657,False,False,True,True,True,False,False,False
658,True,False,False,False,False,True,True,True
659,False,False,False,True,False,False,False,False
660,False,False,True,False,False,False,True,True
661,True,False,True,True,False,False,True,False
662,True,False,True,False,True,False,False,True
663,True,False,False,False,False,True,False,True
664,True,True,True,False,True,False,True,False
665,False,False,False,False,True,True,True,True
666,True,False,False,False,False,True,True,False
667,False,True,False,False,True,False,False,False
668,True,False,False,True,False,False,True,True
669,True,True,True,False,False,False,False,True
670,True,False,False,False,True,False,False,False
671,False,True,False,True,True,False,False,True
672,False,False,False,False,False,True,False,False
673,True,False,False,True,True,False,True,True
674,True,True,False,True,True,False,False,True
675,True,False,False,False,False,True,False,True
676,False,True,True,True,False,False,False,False
677,False,False,False,True,True,True,True,True
678,False,True,False,True,True,False,False,True
679,True,False,False,True,False,False,False,False
680,True,True,True,True,True,True,False,True
681,True,True,True,False,False,False,False,True
682,False,False,False,True,True,False,False,False
683,False,False,True,False,True,True,False,True
684,False,True,False,False,False,True,True,True
685,True,True,False,False,False,False,False,True
686,False,True,False,True,True,True,True,False
687,False,False,True,False,False,False,True,False
688,False,True,True,False,True,True,True,True
689,True,True,False,True,False,True,True,True
690,False,False,False,False,False,False,False,False
691,True,True,False,True,True,False,True,True
692,False,False,True,True,True,False,True,False
693,False,False,True,True,True,True,False,True
694,False,False,False,False,True,False,True,False
695,False,True,False,True,True,False,False,False
696,True,True,True,True,False,True,False,False
697,False,True,True,True,True,False,True,False
698,False,True,False,True,False,True,True,True
699,True,False,False,True,True,True,True,True
700,True,True,False,True,False,True,True,True
701,True,True,True,True,True,False,True,False
702,True,True,True,True,False,False,True,True
703,True,True,False,True,False,False,False,True
704,False,False,False,True,True,False,True,True
705,False,False,True,False,True,False,False,False
706,False,False,True,False,False,False,False,True
707,True,True,False,True,False,True,False,True
708,True,False,True,False,False,False,False,False
709,True,True,True,True,False,True,True,False
710,True,False,True,True,False,True,True,False
711,True,False,False,False,True,True,True,True
712,False,False,True,True,True,True,True,True
713,True,True,True,False,True,False,False,False
714,True,False,True,False,True,True,True,False
715,True,True,True,False,False,False,False,True
716,True,False,True,True,False,False,False,False
717,True,False,True,False,False,True,True,True
718,True,False,False,True,False,False,False,True
719,True,True,False,True,True,False,False,True
720,False,False,True,True,False,True,True,True
721,True,True,False,False,False,True,False,True
722,True,True,True,False,False,False,False,False
723,False,True,False,True,True,True,True,False
724,False,False,True,True,False,False,False,True
725,False,True,True,True,True,False,False,True
726,False,False,False,False,False,False,False,False
727,True,False,False,True,False,True,True,True
728,True,False,True,True,False,True,True,True
729,False,False,True,True,False,True,False,True
730,True,False,True,True,True,False,True,False
731,True,True,True,False,True,False,False,True
732,False,False,False,True,False,False,True,True
733,True,False,False,False,True,False,True,True
734,False,True,False,True,True,False,False,True
735,False,True,True,False,True,False,True,True
736,True,False,False,True,False,True,False,True
737,False,True,False,False,True,True,False,True
738,True,True,True,True,False,False,False,False
739,False,False,True,False,False,True,False,False
740,True,False,True,False,True,False,True,False
741,False,False,False,False,True,True,False,True
742,False,True,True,True,True,False,True,True
743,False,True,False,False,True,False,False,True
744,True,True,True,True,False,False,False,True
745,True,True,False,False,False,True,False,False
746,True,False,False,False,False,False,True,True
747,True,False,True,True,True,True,False,True
748,True,False,True,True,True,False,True,True
749,True,True,True,True,False,True,True,True
750,False,False,True,True,False,True,True,False
751,False,True,False,True,True,False,False,True
752,False,True,True,False,True,True,False,False
753,False,True,False,True,True,False,False,False
754,False,False,True,True,True,False,True,True
755,False,False,True,True,False,False,False,False
756,True,False,False,False,False,True,True,False
757,False,False,False,True,False,True,True,False
758,False,False,True,False,True,True,False,False
759,False,True,False,True,False,False,True,True
760,False,True,False,False,False,True,False,True
761,False,True,True,False,True,False,True,False
762,False,False,True,False,True,False,False,True
763,True,False,True,False,False,False,True,True
764,True,True,False,False,True,True,True,False
765,True,False,True,True,True,False,False,False
766,True,True,True,False,False,False,True,True
767,False,True,True,False,False,True,True,True
768,False,False,True,False,True,True,True,False
769,True,False,False,False,False,False,False,False
770,True,True,False,True,False,False,True,True
771,False,True,False,True,True,True,False,True
772,False,True,True,False,True,False,True,False
773,False,True,True,False,False,False,True,True
774,True,True,False,False,True,True,True,False
775,True,True,True,False,True,False,False,True
776,True,True,True,False,False,False,True,True
777,True,False,True,True,True,True,False,False
778,True,True,True,True,True,False,True,True
779,False,True,False,False,False,False,False,True
780,False,False,True,True,True,True,True,True
781,True,True,True,False,True,False,True,True
782,False,False,True,False,False,True,False,False
783,False,True,True,False,False,False,False,True
784,False,True,True,True,False,True,False,False
785,True,False,True,False,True,False,True,False
786,True,False,False,False,True,True,True,False
787,False,True,False,True,False,False,True,False
788,True,False,False,False,False,True,True,True
789,False,False,True,False,False,False,False,False
790,False,True,True,False,False,False,False,False
791,False,True,False,True,True,False,True,False
792,True,True,False,False,True,False,True,False
793,False,True,True,False,True,True,True,True
794,False,False,True,False,True,False,False,True
795,True,True,True,True,False,True,False,False
796,True,True,True,True,True,False,False,False
797,True,True,False,False,True,False,True,False
798,False,False,True,True,True,False,False,False
799,True,False,False,False,True,False,False,False
800,False,True,False,True,False,True,True,True
801,True,True,False,False,True,False,True,True
802,True,False,False,False,True,False,False,False
803,True,True,False,False,False,False,False,False
804,False,True,False,True,False,False,True,True
805,True,True,True,True,True,True,True,True
806,True,True,False,True,False,False,False,True
807,False,False,False,False,True,False,False,False
808,True,True,True,True,False,True,True,False
809,False,True,False,True,False,True,True,True
810,False,False,True,False,False,True,True,True
811,False,False,True,False,False,True,True,True
812,True,True,True,True,False,False,True,True
813,False,False,True,False,False,False,True,True
814,False,True,False,False,False,True,True,True
815,False,False,False,False,True,True,False,False
816,False,False,False,True,False,True,False,True
817,False,False,True,False,False,True,False,True
818,True,False,True,False,False,False,False,False
819,True,False,True,True,True,False,False,True
820,False,False,False,False,True,False,False,False
821,False,False,True,False,True,False,True,False
822,False,False,True,False,False,False,False,False
823,True,False,False,False,True,True,False,True
824,True,True,True,True,True,True,True,False
825,True,False,False,False,False,False,False,True
826,True,False,True,False,True,True,True,True
827,True,False,True,False,False,False,False,False
828,True,False,True,False,False,False,False,False
829,True,False,True,True,True,False,False,False
830,False,True,True,True,True,False,True,False
831,True,True,True,False,False,True,True,False
832,True,True,True,True,True,False,False,False
833,False,True,False,False,True,False,False,False
834,False,True,False,True,True,False,True,True
835,False,False,False,True,True,False,True,True
836,True,False,True,False,True,True,False,False
837,True,True,False,False,False,False,True,False
838,False,True,False,True,True,True,False,False
839,True,True,True,False,True,True,False,True
840,True,True,False,True,False,False,False,False
841,True,False,True,False,False,False,False,False
842,True,False,False,True,False,False,False,False
843,True,True,True,True,False,False,False,False
844,True,True,True,False,True,True,True,False
845,True,True,True,True,False,False,True,False
846,False,True,False,False,True,True,True,True
847,True,True,True,False,True,True,False,False
848,False,False,True,True,False,True,False,False
849,False,True,True,False,False,True,False,False
850,False,True,False,True,False,False,False,False
851,True,False,False,True,False,False,False,False
852,False,True,False,True,False,False,True,True
853,True,True,False,False,True,False,False,False
854,True,True,False,True,True,False,False,True
855,True,False,False,True,False,True,True,True
856,True,False,True,True,True,False,True,True
857,False,True,False,False,True,False,False,False
858,False,True,False,False,True,False,True,False
859,True,False,True,False,True,False,True,True
860,True,True,True,False,True,False,True,True
861,False,False,False,False,False,False,False,True
862,False,True,True,False,False,True,False,True
863,False,False,True,True,False,True,True,False
864,True,False,False,False,False,False,True,True
865,True,True,False,True,True,True,False,False
866,True,False,False,True,True,True,True,True
867,True,True,True,False,False,False,False,False
868,True,True,False,False,False,True,False,True
869,False,True,False,True,False,True,False,False
870,False,False,False,True,True,False,False,True
871,False,False,True,True,False,False,False,True
872,False,True,False,False,True,False,True,True
873,True,True,False,True,False,True,True,False
874,False,True,True,True,True,True,False,False
875,False,False,False,True,False,True,False,False
876,True,True,True,False,False,False,True,False
877,False,False,False,False,False,False,False,False
878,True,True,False,False,True,True,False,True
879,False,False,False,True,False,False,True,False
880,False,True,False,False,False,True,True,False
881,False,False,True,True,True,True,True,True
882,True,False,True,True,False,False,False,True
883,False,True,True,False,True,True,False,False
884,True,True,True,False,True,True,False,True
885,False,False,False,False,False,True,True,False
886,False,True,False,False,True,True,False,False
887,True,True,True,False,True,True,True,False
888,False,False,False,False,False,False,False,True
889,True,False,False,True,False,False,False,False
890,True,True,False,False,True,True,False,False
891,True,False,True,False,False,False,True,False
892,True,True,True,False,False,False,True,False
893,True,False,False,True,True,True,True,True
894,True,True,True,True,True,False,True,False
895,False,True,False,False,True,False,False,True
896,False,False,False,False,True,True,True,False
897,True,True,True,False,True,True,True,False
898,False,True,False,True,False,True,False,False
899,True,True,False,True,True,False,True,False
900,True,False,True,False,False,False,False,False
901,True,False,True,False,True,True,False,True
902,True,True,False,True,False,True,False,True
903,False,True,True,True,True,False,False,True
904,True,False,True,True,False,True,True,True
905,False,False,False,False,True,True,False,True
906,True,False,True,True,False,False,False,False
907,False,True,True,False,True,True,True,False
908,True,False,True,False,False,False,True,False
909,True,False,True,False,False,False,False,True
910,True,True,False,True,True,False,True,True
911,True,True,False,False,True,True,False,True
912,True,True,True,True,False,False,True,False
913,True,False,False,False,False,False,False,False
914,True,False,True,True,False,True,True,True
915,True,True,False,True,True,False,True,False
916,False,False,False,False,True,False,True,False
917,False,True,True,True,True,False,False,False
918,False,False,True,True,True,True,True,True
919,False,True,False,False,True,True,False,False
920,False,False,True,False,True,True,True,False
921,False,False,False,True,True,True,True,False
922,False,True,True,False,False,False,True,True
923,True,True,True,False,False,False,True,True
924,True,True,False,True,True,True,True,False
925,True,True,True,True,False,True,True,True
926,False,True,True,False,False,False,False,True
927,False,True,True,False,False,True,False,False
928,False,False,False,False,False,False,False,True
929,False,False,False,False,True,True,True,False
930,True,True,False,True,False,False,True,True
931,True,False,False,True,True,False,False,False
932,True,True,True,True,False,True,True,False
933,True,True,True,False,False,True,False,True
934,False,False,False,False,False,True,False,False
935,False,True,False,True,True,False,True,True
936,True,False,True,False,True,False,True,False
937,False,True,True,False,True,False,True,False
938,True,True,False,False,False,False,True,False
939,True,False,True,True,False,False,True,False
940,False,True,True,False,False,False,False,True
941,True,False,False,True,False,False,True,False
942,False,False,True,False,False,False,False,True
943,False,False,True,False,False,True,False,True
944,True,True,False,True,True,False,True,False
945,False,True,True,False,False,False,False,True
946,False,False,False,False,False,True,True,False
947,False,False,True,False,False,False,False,False
948,False,False,False,False,True,True,False,True
949,True,False,False,False,False,True,False,True
950,False,True,True,True,True,True,True,False
951,True,False,False,True,False,True,False,False
952,True,True,False,True,False,False,False,True
953,False,False,False,False,False,True,False,False
954,True,False,False,True,False,False,False,False
955,True,False,True,True,False,True,True,True
956,True,False,False,True,True,False,False,False
957,True,True,True,True,True,False,False,True
958,True,False,True,False,True,False,False,True
959,False,True,True,False,True,True,True,False
960,False,True,True,False,False,True,True,False
961,True,True,True,False,True,True,True,True
962,True,True,True,True,False,True,True,True
963,True,False,False,False,True,True,True,True
964,False,False,True,True,False,True,False,True
965,False,False,False,False,True,False,True,True
966,False,False,False,True,False,True,True,True
967,False,True,True,True,True,True,True,True
968,False,True,True,True,False,True,False,False
969,False,True,True,True,True,False,False,True
970,True,False,False,False,True,False,True,False
971,True,True,True,True,False,True,True,True
972,True,True,False,False,False,False,True,False
973,True,False,False,False,False,True,True,False
974,True,True,True,False,True,False,False,True
975,False,True,False,True,True,True,False,False
976,True,True,True,True,False,False,False,True
977,True,False,True,False,False,True,False,False
978,False,False,False,False,False,False,False,True
979,False,True,True,False,True,False,False,True
980,False,False,False,True,False,True,True,True
981,True,True,True,True,True,False,False,True
982,False,False,False,False,True,True,False,False
983,False,False,True,True,False,True,True,False
984,False,True,True,False,False,False,False,True
985,False,True,False,True,True,True,False,True
986,False,True,True,False,True,True,True,False
987,False,True,False,False,True,False,False,True
988,True,False,False,True,False,True,True,False
989,False,True,True,True,False,False,True,True
990,False,False,True,False,False,True,True,False
991,True,False,False,True,True,False,False,False
992,True,False,True,True,False,True,True,False
993,False,True,False,True,True,True,False,False
994,True,False,False,False,False,True,False,False
995,True,False,True,False,True,False,True,False
996,True,False,False,False,True,True,True,False
997,False,False,False,False,True,True,True,True
998,False,True,True,False,False,False,False,True
999,False,True,False,True,False,True,False,False
1000,False,False,True,True,False,False,False,False
1001,True,False,True,True,False,True,False,False
1002,False,True,True,False,False,True,True,False
1003,True,True,False,False,True,True,True,True
1004,False,False,False,True,False,False,False,True
1005,True,False,False,True,True,False,False,True
1006,True,True,False,False,False,True,True,True
1007,True,True,False,False,True,False,False,False
1008,True,False,False,False,False,True,False,True
1009,False,False,False,True,False,False,False,False
1010,False,True,False,True,True,True,True,False
1011,False,False,False,False,False,True,False,False
1012,False,False,True,False,False,False,False,False
1013,False,True,False,False,True,True,False,False
1014,False,False,False,False,False,True,True,False
1015,False,False,True,False,False,True,False,False
1016,True,False,False,False,False,False,False,True
1017,True,False,True,True,True,True,True,True
1018,False,False,False,True,True,False,True,True
1019,True,False,True,True,True,False,True,False
1020,True,False,False,False,True,False,True,False
1021,True,False,True,True,False,False,True,False
1022,True,True,True,False,True,False,True,True
1023,False,False,False,True,True,True,False,True
1024,False,True,False,False,True,False,False,True
1025,True,True,False,False,True,False,True,False
1026,True,True,False,False,False,True,True,False
1027,False,True,False,True,True,False,True,False
1028,True,True,True,False,False,True,False,True
1029,True,False,False,False,True,True,True,False
1030,False,True,True,False,True,False,True,False
1031,False,True,True,False,False,False,True,False
1032,True,True,False,False,True,False,False,True
1033,True,False,True,False,False,True,False,True
1034,False,False,False,False,False,True,True,False
1035,True,False,False,False,True,False,False,False
1036,False,False,False,False,False,False,True,False
1037,False,False,False,False,True,False,True,True
1038,False,False,True,True,False,True,True,False
1039,False,False,True,False,False,False,True,False
1040,True,False,False,False,False,False,True,False
1041,True,False,True,False,False,True,True,False
1042,True,False,False,True,True,True,False,True
1043,True,False,True,True,True,False,True,False
1044,True,True,False,False,True,True,True,False
1045,False,False,True,False,True,False,True,False
1046,False,True,True,False,False,True,True,True
1047,True,True,True,True,False,False,True,True
1048,True,True,True,False,False,False,False,False
1049,True,True,False,True,False,False,False,False
1050,True,False,False,True,False,False,False,False
1051,True,True,False,False,False,False,True,False
1052,True,True,True,False,False,False,True,False
1053,True,True,True,True,False,False,False,False
1054,False,True,True,True,False,False,False,True
1055,False,True,False,False,False,True,False,False
1056,False,True,True,True,False,False,False,False
1057,True,False,False,False,False,False,False,True
1058,True,False,True,True,True,False,False,False
1059,True,True,False,False,False,False,False,True
1060,True,True,False,True,False,True,True,True
1061,True,False,True,False,False,False,True,True
1062,True,True,True,True,True,False,False,False
1063,True,True,True,True,False,False,True,False
1064,False,False,False,False,True,False,False,False
1065,False,True,True,True,True,False,False,False
1066,False,False,False,True,False,False,True,True
1067,False,False,True,True,True,True,True,False
1068,True,False,False,False,True,False,False,True
1069,True,True,False,False,True,True,False,False
1070,True,True,False,True,True,True,True,False
1071,False,True,True,True,False,True,True,True
1072,True,False,False,False,True,False,False,False
1073,False,True,False,True,True,True,True,False
1074,True,False,False,True,False,False,False,True
1075,False,False,True,False,False,True,False,True
1076,True,False,True,False,False,False,True,False
1077,False,False,True,True,False,True,False,True
1078,True,True,True,True,True,True,True,False
1079,True,False,False,True,False,True,False,False
1080,True,True,False,False,False,False,True,True
1081,False,True,True,True,False,True,True,True
1082,True,True,True,True,True,True,True,True
1083,False,False,True,True,False,False,False,False
1084,False,True,True,True,False,False,False,False
1085,True,False,True,True,True,False,False,False
1086,True,False,False,False,False,True,True,True
1087,True,False,False,True,False,False,False,False
1088,False,True,False,True,False,False,True,True
1089,False,True,True,True,False,False,False,False
1090,True,True,True,True,False,True,False,False
1091,True,True,False,True,True,True,False,True
1092,True,True,True,True,True,False,True,True
1093,True,False,True,True,False,True,True,False
1094,True,False,True,False,False,True,True,True
1095,True,True,False,False,False,False,False,True
1096,False,False,True,False,False,False,False,True
1097,True,True,True,True,False,False,False,False
1098,False,True,True,False,False,True,False,True
1099,False,True,True,True,False,False,False,True
1100,False,True,True,True,False,False,False,True
1101,True,False,True,True,True,True,True,False
1102,False,False,True,True,False,True,False,True
1103,False,False,False,True,True,False,False,False
1104,True,True,False,False,False,False,False,True
1105,False,False,False,False,True,False,True,True
1106,True,False,False,True,False,False,False,True
1107,True,True,False,False,True,False,True,True
1108,True,True,True,True,False,False,False,True
1109,True,True,False,False,True,True,True,True
1110,True,True,True,True,False,False,True,True
1111,False,True,False,True,True,True,False,True
1112,False,False,True,True,False,True,True,False
1113,True,True,False,True,False,True,False,False
1114,True,False,True,True,False,False,True,True
1115,False,True,False,True,False,True,False,True
1116,True,True,True,False,False,True,True,True
1117,True,False,False,True,True,False,False,True
1118,False,True,False,True,False,True,True,True
1119,False,False,False,False,False,False,True,False
1120,True,True,False,False,False,False,False,True
1121,False,True,True,True,True,False,True,False
1122,True,True,False,True,False,False,False,True
1123,False,True,True,False,False,True,True,True
1124,False,True,False,True,True,True,True,False
1125,False,False,False,True,False,False,False,True
1126,True,False,True,True,False,True,False,False
1127,True,False,True,True,False,True,True,True
1128,False,True,False,True,True,True,False,False
1129,False,True,True,False,False,False,True,True
1130,True,True,False,False,False,True,False,True
1131,False,True,True,False,True,True,True,True
1132,True,False,False,True,False,True,False,False
1133,True,False,False,False,False,True,False,False
1134,True,False,True,True,True,True,False,False
1135,False,True,True,True,True,True,False,True
1136,True,True,False,False,False,False,False,True
1137,False,True,False,True,False,False,False,False
1138,True,True,False,True,False,False,False,True
1139,True,True,True,False,False,False,False,True
1140,True,True,False,True,False,False,True,True
1141,True,False,True,True,True,True,False,True
1142,True,True,False,False,True,True,False,False
1143,True,False,False,False,False,True,False,False
1144,True,False,True,True,False,True,False,True
1145,True,True,False,True,True,False,False,False
1146,True,False,False,False,True,False,False,True
1147,True,True,True,True,False,False,True,False
1148,True,False,False,True,True,True,True,True
1149,True,True,True,True,False,False,True,True
1150,False,False,True,True,False,False,False,True
1151,False,True,True,True,True,False,True,True
1152,False,True,True,False,False,False,False,True
1153,False,False,False,True,True,False,True,False
1154,True,False,True,True,False,False,True,True
1155,False,False,False,False,False,True,True,True
1156,True,True,False,True,False,False,False,False
1157,False,True,True,False,True,False,False,False
1158,False,False,True,True,True,True,False,False
1159,False,False,True,True,False,False,True,False
1160,False,False,False,True,False,True,True,True
1161,False,False,True,False,False,False,True,False
1162,True,True,False,False,False,True,True,False
1163,True,False,True,False,True,False,False,False
1164,False,False,False,False,False,False,False,True
1165,True,False,False,True,True,True,False,True
1166,True,False,True,False,False,True,False,True
1167,False,True,False,True,True,False,False,False
1168,False,True,True,True,False,False,False,True
1169,False,True,False,True,True,True,True,True
1170,False,False,False,False,True,True,True,True
1171,False,True,True,True,True,False,True,False
1172,False,False,False,True,False,True,True,True
1173,False,False,True,False,True,True,False,True
1174,True,False,False,True,True,False,True,False
1175,True,True,False,False,True,True,False,True
1176,True,False,True,False,True,False,False,False
1177,True,False,False,False,True,False,False,False
1178,False,True,True,False,False,False,True,False
1179,False,False,True,False,False,True,True,False
1180,False,True,False,True,False,True,False,False
1181,False,False,True,True,True,False,True,True
1182,False,False,True,True,True,True,True,False
1183,False,True,True,True,True,False,False,False
1184,False,True,True,True,False,False,True,False
1185,True,True,True,True,False,False,True,False
1186,False,True,False,False,True,False,False,True
1187,False,True,True,False,True,False,False,True
1188,False,True,True,False,False,True,False,False
1189,True,True,True,True,True,False,True,False
1190,False,True,True,True,True,True,False,True
1191,False,False,False,False,True,True,True,True
1192,False,False,True,False,True,False,True,True
1193,False,False,True,False,True,False,False,False
1194,False,False,True,False,False,False,False,False
1195,False,False,True,True,False,False,True,False
1196,False,False,True,True,True,True,True,False
1197,False,True,True,True,False,True,False,True
1198,False,False,True,True,True,True,False,True
1199,True,False,False,False,False,False,True,True
1200,True,False,True,True,False,True,True,False
1201,True,False,False,True,False,True,False,True
1202,True,True,True,False,True,True,True,False
1203,False,True,False,True,True,False,True,True
1204,False,True,True,False,False,True,True,False
1205,True,True,True,True,False,True,False,True
1206,True,False,False,False,True,False,True,True
1207,True,False,True,False,False,True,True,False
1208,False,True,True,True,True,False,True,False
1209,False,True,True,False,True,True,True,True
1210,True,True,True,False,True,True,True,True
1211,True,True,True,True,False,True,False,False
1212,False,True,False,False,False,False,True,False
1213,False,True,False,False,False,True,False,False
1214,True,True,False,False,False,True,True,True
1215,False,True,True,True,False,True,True,False
1216,True,False,True,True,True,True,True,True
1217,False,True,True,False,True,False,False,True
1218,True,True,True,True,True,False,False,True
1219,True,False,True,True,True,True,False,False
1220,False,False,True,False,False,True,False,False
1221,False,True,True,True,True,False,True,True
1222,True,False,False,True,False,True,False,False
1223,False,True,True,True,False,False,True,True
1224,True,False,True,True,True,False,False,True
1225,True,True,False,False,True,True,True,True
1226,True,True,True,True,False,True,True,True
1227,False,True,False,False,False,True,False,True
1228,True,False,True,False,False,False,True,False
1229,False,True,True,False,True,False,False,False
1230,True,True,True,False,True,False,False,False
1231,True,True,True,False,False,False,False,False
1232,False,True,False,True,True,False,True,False
1233,True,False,False,True,False,False,False,False
1234,True,True,False,False,False,True,True,False
1235,True,False,True,False,False,True,True,True
1236,False,False,True,False,False,True,False,True
1237,True,False,False,False,False,True,True,True
1238,False,True,False,True,False,False,False,False
1239,False,True,True,True,False,False,False,True
1240,True,False,True,False,False,True,False,False
1241,False,False,True,True,False,True,True,False
1242,False,False,False,False,True,False,True,True
1243,False,True,True,False,True,True,True,False
1244,True,False,True,True,False,True,False,True
1245,True,True,True,False,False,True,False,False
1246,False,True,True,False,False,True,True,False
1247,True,True,False,False,True,False,True,True
1248,True,True,True,False,True,False,True,True
1249,False,False,True,False,True,False,True,False
1250,False,True,True,True,False,False,True,False
1251,False,True,False,True,True,False,True,False
1252,True,False,True,False,True,True,False,False
1253,False,False,False,False,True,True,False,True
1254,True,True,False,False,True,False,False,True
1255,True,True,False,True,False,False,False,False
1256,False,False,True,True,False,False,False,True
1257,True,True,False,False,True,False,False,True
1258,False,False,False,False,True,False,True,False
1259,True,True,False,True,False,True,True,False
1260,True,True,False,True,False,False,True,False
1261,True,True,False,False,False,True,False,False
1262,True,True,True,False,True,False,True,True
1263,False,True,True,False,True,True,True,True
1264,True,True,False,False,True,True,True,False
1265,True,False,True,True,False,True,True,False
1266,True,True,False,True,True,True,False,True
1267,False,False,True,True,True,False,True,True
1268,False,True,True,False,True,True,False,True
1269,False,True,True,True,False,False,False,False
1270,True,True,True,False,False,True,False,True
1271,True,False,True,True,True,True,True,True
1272,True,True,False,True,False,True,False,False
1273,False,True,True,True,False,False,False,True
1274,False,False,False,False,False,False,False,False
1275,True,True,False,False,True,False,False,True
1276,True,True,False,True,True,False,False,False
1277,False,False,False,False,False,False,False,False
1278,False,False,True,False,False,True,False,False
1279,True,True,False,False,False,False,False,False
1280,True,True,False,True,True,True,True,False
1281,True,True,True,False,True,True,False,True
1282,True,True,True,True,False,False,True,False
1283,True,True,True,True,False,False,False,True
1284,True,False,False,False,False,False,True,True
1285,True,True,True,True,True,False,True,True
1286,False,True,True,True,False,False,True,False
1287,False,False,False,False,True,False,False,False
1288,False,True,True,True,True,False,False,True
1289,False,True,False,False,False,True,False,True
1290,False,False,False,True,True,True,True,True
1291,True,False,True,True,True,False,False,False
1292,True,True,False,False,True,False,False,False
1293,True,False,True,True,True,False,True,True
1294,True,False,True,False,False,True,True,False
1295,False,True,True,True,True,False,False,True
1296,True,False,False,False,True,True,True,True
1297,True,False,True,False,False,False,False,False
1298,True,True,False,True,False,False,True,True
1299,True,True,True,False,False,True,False,False
1300,False,True,True,True,True,True,False,True
1301,True,False,True,True,False,False,False,True
1302,True,False,True,False,True,False,False,True
1303,True,False,False,True,False,True,True,True
1304,False,False,True,False,False,False,False,True
1305,True,True,False,False,False,False,True,True
1306,True,True,False,True,False,False,True,False
1307,False,False,False,False,False,True,False,True
1308,True,False,False,True,False,True,True,True
1309,True,False,True,True,True,True,False,True
1310,False,False,True,False,True,False,False,False
1311,False,True,False,False,True,False,False,True
1312,False,False,True,True,True,False,False,True
1313,True,True,True,True,False,False,False,False
1314,True,True,False,True,True,False,False,False
1315,True,True,True,True,True,True,True,False
1316,True,False,True,True,True,False,True,False
1317,True,False,True,False,False,False,True,True
1318,False,False,False,True,False,False,False,True
1319,True,False,False,True,False,False,False,False
1320,False,False,True,False,True,True,False,False
1321,True,True,False,True,False,True,False,False
1322,True,True,False,True,False,False,True,True
1323,False,False,True,False,False,True,True,False
1324,True,False,True,False,True,True,False,False
1325,True,True,True,True,False,False,False,False
1326,False,True,False,True,False,True,False,True
1327,True,True,False,False,True,True,True,False
1328,False,True,False,True,True,False,False,False
1329,False,True,True,False,True,False,True,False
1330,True,False,True,True,False,True,True,False
1331,True,True,False,True,True,True,False,False
1332,True,True,False,False,True,False,True,True
1333,False,True,False,False,False,False,False,True
1334,True,True,False,True,False,False,True,True
1335,True,True,False,False,False,True,True,True
1336,True,True,False,False,False,True,True,True
1337,True,True,True,True,True,True,True,False
1338,True,False,True,True,True,False,True,True
1339,False,True,True,True,True,False,True,False
1340,True,False,True,True,True,False,False,True
1341,True,True,True,False,True,False,True,False
1342,True,True,False,False,True,False,False,True
1343,True,True,False,False,True,False,False,True
1344,True,False,True,False,True,True,False,False
1345,True,True,False,False,True,True,False,True
1346,True,True,False,True,False,False,False,False
1347,True,False,False,False,True,True,False,False
1348,True,True,False,False,False,False,True,True
1349,False,False,False,False,False,False,True,True
1350,True,False,False,True,False,True,False,False
1351,True,True,True,False,True,False,False,True
1352,False,False,True,False,True,False,True,False
1353,True,True,True,False,False,False,False,True
1354,True,True,False,False,True,False,False,False
1355,True,False,True,True,False,False,True,False
1356,False,True,False,True,False,False,True,False
1357,True,True,False,False,False,False,False,False
1358,True,False,True,False,False,True,False,False
1359,True,True,True,False,True,False,False,True
1360,False,True,False,False,True,True,True,True
1361,False,True,True,True,True,True,True,True
1362,False,True,False,False,False,True,False,False
1363,False,True,True,True,False,True,False,False
1364,True,True,False,False,True,False,False,True
1365,True,True,False,False,False,False,False,False
1366,True,True,False,False,False,True,True,True
1367,False,False,True,False,True,False,False,True
1368,True,True,False,False,True,True,True,True
1369,False,False,True,False,False,True,False,True
1370,True,False,False,False,True,False,True,True
1371,True,False,True,True,True,True,True,True
1372,False,False,False,False,True,False,False,True
1373,True,True,True,False,False,False,False,False
1374,True,True,False,False,False,True,True,False
1375,False,True,False,True,False,False,True,True
1376,True,True,True,True,True,True,True,False
1377,False,True,True,True,True,True,False,True
1378,False,True,False,False,False,False,True,False
1379,True,False,True,False,True,False,False,False
1380,False,False,True,False,True,True,True,True
1381,False,True,True,False,True,False,False,False
1382,False,False,False,False,True,True,True,False
1383,False,True,True,False,False,True,False,True
1384,False,False,False,True,True,False,True,True
1385,True,False,False,True,False,False,True,False
1386,False,False,False,False,False,False,True,False
1387,True,False,False,False,False,False,True,False
1388,True,False,False,True,True,False,True,False
1389,True,True,False,True,False,False,False,False
1390,True,True,True,False,False,False,True,False
1391,False,False,True,True,False,False,False,True
1392,False,True,False,True,True,False,False,False
1393,True,False,True,False,False,False,True,False
1394,False,False,True,False,True,False,True,False
1395,False,True,True,True,False,True,True,False
1396,True,False,True,True,True,False,False,True
1397,False,False,False,False,True,True,False,True
1398,False,True,False,False,True,True,False,True
1399,False,True,True,False,True,True,False,True
1400,False,False,False,True,True,True,False,False
1401,False,True,True,True,True,False,True,True
1402,True,True,True,False,True,False,False,False
1403,False,False,False,True,True,True,True,False
1404,True,True,True,False,False,False,False,True
1405,False,False,False,False,True,False,False,False
1406,True,False,False,False,True,False,True,True
1407,False,False,True,False,False,True,False,True
1408,True,True,False,True,False,True,True,True
1409,False,True,True,True,True,False,False,False
1410,True,True,False,False,True,False,False,True
1411,True,True,True,True,False,False,False,True
1412,True,False,True,False,True,False,False,True
1413,False,False,False,True,False,True,False,False
1414,True,True,False,True,False,True,False,True
1415,False,False,False,False,False,False,True,True
1416,False,False,False,True,True,False,False,True
1417,False,True,False,True,True,False,False,True
1418,True,False,False,True,False,False,True,True
1419,False,False,True,False,True,False,True,False
1420,False,True,False,False,False,True,True,True
1421,False,False,True,False,False,True,False,True
1422,True,True,False,True,True,False,True,False
1423,True,False,False,True,True,False,True,False
1424,True,False,False,True,False,True,False,True
1425,False,False,True,True,False,False,False,False
1426,True,True,False,False,True,False,True,True
1427,True,False,False,True,False,True,True,False
1428,True,True,True,False,True,True,True,True
1429,False,False,False,False,False,True,False,True
1430,False,True,True,False,False,False,False,False
1431,False,True,True,True,True,True,True,False
1432,False,True,True,False,False,False,False,False
1433,False,True,False,False,True,True,False,True
1434,False,False,False,False,False,False,True,False
1435,True,True,False,False,False,False,True,False
1436,True,False,False,True,True,False,True,False
1437,False,False,False,True,False,False,True,False
1438,False,False,False,True,True,True,False,False
1439,False,False,True,True,True,False,True,False
1440,False,False,False,False,False,True,True,True
1441,True,True,True,False,False,False,True,False
1442,True,False,True,True,False,True,True,True
1443,False,False,True,False,False,False,True,False
1444,True,True,False,True,False,True,False,False
1445,False,True,True,False,False,False,False,False
1446,False,True,False,False,True,False,True,True
1447,True,True,False,True,True,True,False,False
1448,False,True,True,False,True,False,True,False
1449,True,True,False,True,True,False,True,False
1450,False,False,False,False,False,True,False,False
1451,True,False,True,False,False,True,True,True
1452,True,False,False,False,False,False,False,False
1453,False,False,True,True,True,True,True,True
1454,False,False,True,True,False,False,True,True
1455,False,True,False,False,False,True,False,False
1456,False,False,True,True,False,False,False,True
1457,True,False,False,False,True,False,True,False
1458,True,False,True,True,True,False,True,False
1459,True,True,False,False,True,True,False,True
1460,True,True,True,True,True,True,True,False
1461,True,True,True,True,True,True,False,True
1462,False,False,False,True,False,False,False,False
1463,False,False,True,False,False,False,True,False
1464,True,True,False,True,False,True,True,False
1465,True,False,False,True,False,True,False,True
1466,True,False,False,False,False,True,False,False
1467,True,False,False,True,False,False,True,True
1468,True,False,False,False,True,False,False,False
1469,True,False,False,True,False,True,True,False
1470,True,True,True,True,True,False,True,False
1471,False,True,False,True,True,False,False,False
1472,True,False,True,False,False,False,False,False
1473,False,True,False,False,True,True,True,True
1474,True,False,True,True,False,True,False,True
1475,True,True,True,True,False,True,False,False
1476,False,True,False,False,True,False,False,False
1477,True,True,False,True,False,False,True,False
1478,False,True,False,True,True,True,True,True
1479,False,True,False,False,False,False,True,False
1480,False,True,True,True,False,True,True,False
1481,True,True,False,True,True,False,False,False
1482,False,True,True,False,True,True,True,True
1483,True,True,False,False,False,False,False,True
1484,True,False,True,True,True,False,False,False
1485,True,False,True,False,False,False,True,False
1486,False,True,True,False,True,True,True,True
1487,True,True,True,False,True,True,False,False
1488,False,False,True,False,False,True,True,False
1489,True,False,True,True,True,False,True,True
1490,True,True,False,True,False,False,True,False
1491,False,False,False,True,False,True,True,False
1492,False,True,False,True,False,False,True,False
1493,False,True,False,False,False,False,True,True
1494,False,True,True,True,True,True,True,False
1495,False,True,False,False,False,True,True,False
1496,True,True,True,True,True,True,False,False
1497,False,False,True,False,True,True,True,True
1498,True,False,False,True,False,False,True,True
1499,True,False,False,False,True,True,False,False
1500,False,True,False,True,False,False,True,True
1501,False,True,True,True,False,False,True,False
1502,False,False,True,True,False,True,True,True
1503,True,True,False,True,True,True,True,False
1504,True,True,False,True,False,False,False,True
1505,True,False,True,False,False,False,True,True
1506,False,True,False,False,True,False,False,True
1507,True,True,True,True,True,True,False,False
1508,False,True,False,False,False,True,False,False
1509,True,True,False,False,True,False,False,True
1510,False,False,False,True,False,False,False,True
1511,False,False,True,False,False,True,False,True
1512,False,False,False,False,False,True,False,False
1513,True,False,True,False,True,False,True,True
1514,True,False,True,True,False,True,True,False
1515,True,False,False,False,True,True,True,True
1516,False,False,False,False,True,False,False,False
1517,True,False,False,False,True,False,True,False
1518,False,True,True,True,False,False,False,False
1519,True,True,True,True,True,True,True,True
1520,False,True,False,False,False,True,False,True
1521,False,True,True,True,False,False,False,False
1522,False,True,False,True,True,True,True,True
1523,False,False,True,False,True,True,False,True
1524,True,True,True,False,False,True,False,False
1525,True,False,True,True,False,False,True,False
1526,True,False,False,True,False,True,True,False
1527,True,True,False,True,True,False,True,True
1528,False,False,True,True,False,False,True,True
1529,True,True,False,True,True,False,True,True
1530,False,True,False,True,False,False,False,False
1531,False,False,True,False,False,False,True,False
1532,False,True,True,False,False,False,True,True
1533,False,True,True,False,False,False,True,True
1534,True,False,False,True,False,False,False,True
1535,True,True,True,True,False,False,True,True
1536,False,True,False,True,True,True,True,True
1537,False,True,False,True,True,True,False,False
1538,False,True,False,False,False,True,False,False
1539,False,False,True,False,True,False,True,False
1540,True,False,False,False,False,True,False,True
1541,True,True,False,True,False,False,True,False
1542,False,False,False,True,True,False,True,True
1543,True,False,False,True,True,True,False,True
1544,True,True,False,False,True,True,True,True
1545,True,True,True,True,False,True,False,True
1546,False,True,True,False,True,False,True,False
1547,False,False,False,False,True,False,True,True
1548,True,False,False,False,True,True,False,True
1549,True,True,True,False,False,True,False,False
1550,False,True,False,True,True,False,False,False
1551,False,True,True,True,True,True,False,True
1552,False,False,False,False,False,False,True,True
1553,False,True,False,False,True,False,True,True
1554,False,True,False,False,False,True,True,True
1555,False,True,True,False,False,False,True,False
1556,False,True,True,False,False,False,True,True
1557,False,False,True,True,True,False,False,False
1558,True,True,False,True,False,True,True,True
1559,False,False,True,True,False,True,True,False
1560,False,False,False,True,True,True,True,True
1561,True,False,True,True,True,False,True,True
1562,True,False,False,False,False,True,False,True
1563,True,False,True,True,False,False,False,False
1564,False,False,False,True,True,True,True,False
1565,True,True,False,True,True,False,False,True
1566,True,True,True,False,False,False,False,True
1567,False,True,True,False,False,False,True,False
1568,True,False,False,False,False,True,False,False
1569,True,True,False,True,True,False,False,True
1570,True,True,False,True,False,True,True,True
1571,True,True,False,True,False,True,True,True
1572,False,True,True,True,False,True,True,False
1573,False,False,False,True,True,True,True,False
1574,False,False,True,True,False,True,False,True
1575,True,True,True,False,False,False,True,True
1576,True,False,False,True,True,True,True,False
1577,True,True,False,False,True,True,True,True
1578,False,True,False,False,False,False,True,True
1579,False,False,True,True,True,True,False,False
1580,False,False,False,True,False,False,False,False
1581,True,True,False,False,True,False,True,True
1582,True,False,True,True,True,True,False,True
1583,True,True,False,False,True,False,True,True
1584,True,False,False,False,True,False,True,True
1585,False,True,True,False,True,False,True,False
1586,False,False,True,True,False,False,False,False
1587,True,False,True,False,True,True,False,False
1588,False,True,True,False,True,True,False,True
1589,False,True,False,False,True,False,True,False
1590,True,False,False,False,True,False,True,False
1591,False,True,False,False,True,False,False,False
1592,False,True,True,True,True,False,True,False
1593,False,True,True,False,True,False,True,False
1594,True,True,False,True,False,True,True,True
1595,True,False,False,True,True,False,True,False
1596,True,False,False,False,False,True,True,False
1597,True,False,True,True,False,True,False,True
1598,False,True,True,False,False,False,False,True
1599,False,True,False,True,True,False,False,True
1600,True,True,True,True,True,True,True,True
1601,False,False,True,False,True,False,False,True
1602,False,True,False,False,False,False,False,True
1603,False,False,False,False,False,True,False,False
1604,True,True,True,True,True,True,False,False
1605,False,True,False,False,False,False,False,False
1606,False,True,True,False,True,False,False,False
1607,False,False,False,True,False,False,True,True
1608,True,False,True,True,True,True,False,True
1609,True,False,False,False,True,False,True,True
1610,True,True,False,False,False,False,False,True
1611,False,True,False,True,True,False,True,False
1612,False,False,True,True,False,True,False,False
1613,False,False,True,False,True,True,True,False
1614,True,True,False,True,False,True,True,False
1615,False,True,True,True,False,False,False,False
1616,True,False,False,True,True,True,False,True
1617,False,True,True,False,True,False,True,True
1618,True,False,True,True,True,True,True,True
1619,True,False,False,True,False,True,False,False
1620,True,False,False,False,False,False,False,True
1621,False,False,False,False,True,True,True,True
1622,True,False,False,True,True,True,True,True
1623,True,True,False,False,True,True,True,True
1624,False,True,False,True,False,False,False,True
1625,True,True,False,True,False,True,True,True
1626,True,False,False,True,False,False,True,False
1627,False,False,False,False,True,True,False,False
1628,True,False,False,False,False,True,True,False
1629,False,True,False,True,False,False,False,False
1630,True,True,False,True,True,False,True,False
1631,False,False,False,True,False,True,False,True
1632,False,False,False,False,True,False,True,False
1633,True,False,True,False,True,False,True,False
1634,True,True,False,False,False,True,True,True
1635,False,True,True,False,False,True,False,True
1636,False,True,True,True,True,True,True,True
1637,True,False,False,True,True,True,True,True
1638,True,False,True,True,False,False,True,False
1639,True,False,False,False,False,False,True,True
1640,False,True,True,True,False,True,True,False
1641,False,False,False,False,False,True,False,False
1642,False,True,True,True,False,False,False,False
1643,True,True,False,False,True,False,False,False
1644,False,False,False,True,False,False,False,False
1645,True,False,True,False,True,False,False,True
1646,True,True,True,True,True,True,False,True
1647,False,False,False,True,True,True,True,False
1648,True,False,False,False,False,True,False,False
1649,True,True,False,False,True,True,False,True
1650,False,False,False,False,False,False,True,True
1651,False,True,False,False,False,True,True,True
1652,True,False,False,True,False,True,True,True
1653,True,True,False,False,False,True,True,False
1654,True,True,False,True,True,False,False,True
1655,True,True,True,True,True,False,True,True
1656,True,False,False,True,False,True,False,False
1657,False,False,True,False,False,False,True,True
1658,True,True,False,True,True,False,False,False
1659,True,False,True,False,True,False,True,True
1660,False,True,True,False,False,True,False,True
1661,True,True,False,True,True,False,False,True
1662,False,True,True,False,False,True,True,True
1663,False,True,False,True,False,False,True,True
1664,True,False,False,False,False,True,False,False
1665,False,True,False,False,False,True,False,False
1666,True,True,False,False,False,True,True,True
1667,False,True,True,True,False,True,True,False
1668,False,False,False,True,True,True,False,False
1669,False,False,False,True,True,False,False,False
1670,False,True,False,False,True,False,False,False
1671,True,False,True,False,True,True,True,False
1672,False,True,False,True,True,False,True,True
1673,True,False,True,False,False,True,True,False
1674,True,False,True,True,True,False,True,True
1675,True,False,True,False,False,True,True,False
1676,False,False,True,True,True,False,False,True
1677,False,True,True,False,False,True,True,False
1678,True,True,False,True,False,False,True,True
1679,False,True,False,False,True,True,True,False
1680,True,False,False,False,True,True,False,True
1681,False,False,True,False,True,False,True,True
1682,False,False,False,True,False,False,True,True
1683,False,False,True,True,False,False,True,True
1684,True,True,False,True,False,False,False,False
1685,False,False,False,False,False,True,False,False
1686,False,False,True,False,True,True,True,False
1687,False,False,False,False,True,True,True,False
1688,False,False,False,False,False,True,False,False
1689,False,False,True,True,False,True,True,True
1690,False,True,True,True,True,True,False,False
1691,False,True,False,True,True,True,True,True
1692,False,True,False,False,False,False,True,True
1693,False,False,True,False,True,False,True,False
1694,True,True,True,True,False,False,False,False
1695,False,True,False,True,False,False,True,False
1696,False,True,False,True,False,False,True,False
1697,False,True,False,False,True,False,False,True
1698,False,False,True,False,True,True,False,True
1699,True,False,True,True,True,True,False,False
1700,True,False,True,False,False,True,True,False
1701,False,True,True,False,False,False,False,False
1702,True,False,False,False,False,True,False,True
1703,False,False,False,True,True,False,False,False
1704,False,False,True,True,False,False,False,True
1705,False,False,True,False,False,False,True,True
1706,False,True,False,True,True,True,True,False
1707,True,True,True,True,True,True,False,False
1708,False,True,False,False,False,False,True,False
1709,False,True,True,False,True,True,True,True
1710,False,False,True,True,True,True,False,True
1711,True,False,True,False,True,True,False,True
1712,True,True,True,False,True,True,True,False
1713,True,False,True,False,False,False,False,True
1714,False,True,True,True,True,False,True,False
1715,False,False,False,False,True,True,False,False
1716,True,False,True,True,True,True,False,True
1717,True,True,True,True,False,True,True,True
1718,True,True,True,True,False,True,False,True
1719,True,False,True,False,False,True,True,True
1720,True,False,True,True,False,True,True,True
1721,False,False,False,False,False,True,False,False
1722,True,True,True,True,True,True,False,True
1723,True,True,True,False,False,False,False,True
1724,False,False,True,False,True,True,True,False
1725,False,True,False,True,False,True,True,False
1726,True,True,True,True,False,True,False,True
1727,True,False,False,True,True,False,False,False
1728,True,True,False,True,False,False,False,False
1729,True,True,True,False,True,True,False,True
1730,False,True,False,False,False,True,True,True
1731,False,True,True,False,False,True,True,False
1732,True,False,False,False,False,False,False,False
1733,False,True,True,False,True,False,True,False
1734,True,True,False,True,True,False,True,True
1735,False,True,False,False,False,False,True,False
1736,True,False,True,True,True,True,False,False
1737,True,False,False,True,False,True,False,True
1738,False,False,True,True,False,True,True,True
1739,True,True,False,False,True,False,True,True
1740,False,False,False,True,True,False,True,False
1741,False,True,True,True,True,True,True,True
1742,True,False,True,True,False,True,False,True
1743,True,True,False,False,True,False,False,True
1744,False,True,True,False,True,True,True,False
1745,True,True,True,False,False,False,True,False
1746,False,False,False,True,False,True,True,False
1747,False,True,False,True,False,True,False,True
1748,False,False,False,False,False,False,True,True
1749,True,False,True,False,True,True,True,False
1750,False,True,True,True,False,False,True,False
1751,False,True,True,False,False,False,True,False
1752,True,True,True,True,True,True,True,True
1753,True,False,True,False,True,False,False,True
1754,True,False,True,True,False,False,True,False
1755,True,False,False,True,True,True,False,False
1756,False,True,True,False,False,True,True,False
1757,True,False,False,True,False,True,False,False
1758,True,True,False,True,True,True,True,False
1759,True,True,True,True,False,False,False,True
1760,True,False,False,True,False,True,False,True
1761,True,False,True,True,True,False,False,True
1762,True,True,True,False,False,False,True,True
1763,True,True,False,True,True,True,True,True
1764,False,True,True,False,False,False,False,True
1765,False,True,False,True,False,True,False,True
1766,False,False,True,True,True,True,False,True
1767,True,False,True,False,True,False,True,False
1768,True,False,False,False,False,True,True,True
1769,False,False,False,True,True,False,True,False
1770,True,False,True,True,True,True,True,True
1771,False,False,True,True,False,False,False,False
1772,True,True,False,True,True,True,False,True
1773,False,True,True,False,False,True,False,True
1774,False,False,False,False,True,True,True,True
1775,True,False,True,False,True,False,True,False
1776,True,False,True,False,False,False,False,True
1777,True,True,True,True,True,True,True,False
1778,False,True,False,False,False,True,True,True
1779,True,True,False,True,False,True,False,False
1780,False,False,True,True,True,True,False,True
1781,True,False,False,True,True,False,True,False
1782,True,True,False,True,False,False,False,False
1783,False,False,False,False,True,True,True,False
1784,False,False,False,False,True,False,True,False
1785,False,True,True,True,False,True,True,True
1786,True,True,True,True,False,True,False,True
1787,False,False,False,True,False,True,False,True
1788,False,True,False,False,True,False,True,False
1789,False,False,False,False,False,False,True,False
1790,False,False,False,False,True,False,False,True
1791,True,False,True,False,False,True,False,False
1792,False,False,True,False,True,False,True,True
1793,False,False,True,False,False,True,True,False
1794,True,False,True,True,True,False,False,True
1795,False,True,False,True,True,True,False,True
1796,False,False,False,False,True,False,False,True
1797,False,True,True,False,True,True,True,False
1798,False,True,False,True,False,False,False,False
1799,False,False,False,True,False,False,False,True
1800,False,True,False,False,False,True,True,True
1801,True,False,False,False,True,False,False,True
1802,True,True,True,True,True,True,False,True
1803,False,True,False,False,False,True,True,False
1804,False,False,False,False,True,False,True,True
1805,True,True,False,True,True,True,True,True
1806,True,False,True,True,True,False,False,True
1807,True,True,False,False,False,True,True,True
1808,True,True,True,False,False,True,True,False
1809,False,True,True,False,True,False,False,False
1810,False,False,True,False,False,True,False,True
1811,False,False,True,True,True,True,True,False
1812,True,False,True,False,True,True,True,False
1813,True,True,False,True,False,True,False,True
1814,False,True,True,True,True,False,False,False
1815,False,True,False,False,False,False,True,False
1816,False,False,False,False,False,False,False,False
1817,False,False,True,False,True,True,False,False
1818,False,False,True,True,True,True,True,False
1819,True,True,True,False,True,True,True,False
1820,True,False,True,True,True,False,True,True
1821,False,True,True,False,False,False,False,True
1822,False,True,False,False,False,True,True,True
1823,True,False,False,True,True,False,True,True
1824,False,True,False,True,True,True,False,True
1825,False,True,False,True,True,False,True,False
1826,False,False,True,False,False,False,True,True
1827,False,True,True,False,False,False,False,False
1828,True,True,True,True,False,False,True,False
1829,True,True,True,False,True,True,True,True
1830,False,False,True,False,False,True,False,True
1831,True,False,True,False,True,True,False,False
1832,True,False,False,True,False,False,True,False
1833,True,True,False,True,True,True,False,True
1834,False,False,True,False,False,False,False,True
1835,False,True,True,True,True,False,False,False
1836,True,True,True,False,True,True,True,False
1837,True,True,False,False,True,True,True,False
1838,True,True,True,False,True,True,True,False
1839,True,True,False,False,False,False,False,True
1840,True,True,False,True,True,False,False,False
1841,False,True,False,False,False,True,False,False
1842,False,False,False,False,False,False,True,True
1843,True,True,False,False,False,True,True,True
1844,False,True,False,False,True,True,False,True
1845,False,True,True,True,True,True,False,False
1846,False,True,False,False,True,True,True,True
1847,True,True,True,False,False,False,False,True
1848,True,False,True,False,False,False,True,False
1849,False,True,False,False,True,True,True,False
1850,False,False,False,True,False,True,True,True
1851,False,False,True,False,False,True,True,False
1852,True,False,False,True,True,True,False,False
1853,True,True,True,False,True,False,False,True
1854,True,False,True,True,False,False,True,True
1855,False,True,False,True,False,False,False,True
1856,True,True,False,False,True,True,True,True
1857,False,False,True,False,True,True,False,False
1858,True,True,False,True,True,True,True,True
1859,True,True,True,True,False,False,False,False
1860,False,False,False,False,True,False,True,False
1861,False,True,True,True,False,True,True,True
1862,False,True,True,False,False,False,True,True
1863,True,False,True,True,True,False,False,False
1864,True,False,True,False,False,False,True,True
1865,False,True,True,True,False,False,True,True
1866,False,True,False,False,True,False,True,False
1867,True,False,False,True,True,True,False,False
1868,True,False,False,True,True,True,True,False
1869,False,True,False,True,False,True,True,True
1870,True,True,False,False,False,True,True,False
1871,True,True,True,True,False,True,True,True
1872,True,False,False,False,True,True,True,True
1873,False,True,False,False,True,False,True,True
1874,False,False,True,False,False,True,False,False
1875,False,False,True,True,False,True,True,False
1876,True,False,True,True,True,False,True,False
1877,True,False,True,True,True,False,True,False
1878,False,True,False,False,True,False,False,False
1879,True,True,True,False,False,False,True,True
1880,True,False,True,True,False,False,False,True
1881,True,False,False,False,True,False,False,False
1882,False,False,False,False,True,True,False,True
1883,True,True,True,False,False,True,False,True
1884,False,True,False,False,True,False,True,True
1885,False,False,False,True,False,False,False,False
1886,True,False,True,False,True,False,True,True
1887,False,True,False,True,True,True,False,False
1888,True,False,True,False,False,True,True,True
1889,False,False,False,False,True,True,True,False
1890,True,False,True,True,False,False,False,False
1891,True,False,False,False,False,False,False,False
1892,True,False,False,True,True,True,True,True
1893,False,False,True,True,False,True,False,False
1894,False,True,True,True,True,True,True,True
1895,True,False,False,False,False,False,False,True
1896,False,True,False,True,False,False,True,False
1897,False,False,False,False,True,False,True,True
1898,True,False,True,True,True,False,True,True
1899,True,True,True,False,True,True,False,False
1900,False,False,False,False,False,False,True,True
1901,True,False,True,True,True,True,True,False
1902,True,False,False,True,True,True,False,True
1903,True,True,True,True,False,False,True,True
1904,False,False,True,True,True,False,True,False
1905,True,False,True,False,True,True,False,False
1906,True,True,False,False,True,False,False,False
1907,False,True,True,True,False,True,True,False
1908,True,True,True,False,True,False,False,False
1909,True,True,True,True,False,True,True,True
1910,False,True,False,False,False,True,False,True
1911,True,True,False,False,False,True,False,False
1912,False,True,False,True,False,False,True,True
1913,False,True,False,True,False,False,False,False
1914,True,True,True,False,True,True,False,True
1915,True,True,False,False,True,False,False,False
1916,False,True,True,False,False,True,True,False
1917,True,True,False,True,True,True,False,False
1918,False,False,True,True,True,True,False,False
1919,True,False,False,False,True,False,True,False
1920,False,False,False,True,False,False,True,True
1921,False,False,False,True,True,True,True,True
1922,False,False,False,False,False,False,False,True
1923,False,False,True,True,True,False,False,False
1924,True,False,True,False,True,False,True,True
1925,True,True,True,False,True,False,True,True
1926,False,True,False,False,False,True,True,True
1927,True,False,True,True,True,True,False,False
1928,False,False,False,True,False,True,True,False
1929,True,True,True,False,False,False,False,False
1930,False,False,False,False,False,True,False,True
1931,True,True,False,True,True,False,False,False
1932,False,False,True,False,True,False,False,False
1933,False,False,False,False,True,True,True,False
1934,False,False,False,True,False,True,True,True
1935,False,False,False,False,False,False,True,False
1936,True,False,False,True,True,True,False,True
1937,False,False,True,True,True,False,True,False
1938,True,True,True,False,False,False,True,False
1939,True,True,True,True,False,False,True,False
1940,True,True,True,True,False,True,False,False
1941,False,False,True,True,False,True,True,True
1942,False,True,True,True,False,True,True,False
1943,True,False,False,False,True,False,False,True
1944,False,True,True,False,False,True,False,True
1945,False,False,False,True,True,True,True,False
1946,True,False,False,True,True,True,True,True
1947,True,True,False,True,False,False,True,False
1948,False,True,False,False,False,False,True,False
1949,True,False,False,False,True,True,True,False
1950,True,False,True,True,False,False,False,False
1951,True,False,False,False,False,False,False,False
1952,True,False,True,False,False,False,True,True
1953,True,True,False,False,True,False,True,False
1954,False,False,True,False,True,False,True,False
1955,False,True,False,True,True,False,False,False
1956,False,True,True,False,False,True,True,False
1957,False,False,True,True,False,True,True,True
1958,True,True,False,False,False,False,False,False
1959,True,False,False,True,False,False,False,False
1960,False,False,True,False,False,False,True,False
1961,False,False,False,True,True,False,False,True
1962,True,False,True,True,False,True,True,False
1963,True,False,False,True,False,True,True,True
1964,False,True,True,False,False,False,True,False
1965,True,False,False,True,True,True,True,True
1966,True,True,False,True,False,True,True,False
1967,True,True,True,True,True,True,False,False
1968,False,False,True,False,True,True,False,True
1969,True,False,True,False,True,True,False,True
1970,True,False,False,False,False,False,True,False
1971,False,False,False,False,True,True,True,False
1972,True,False,True,False,False,False,False,False
1973,False,False,False,False,False,False,True,True
1974,True,True,False,False,True,True,False,False
1975,True,False,False,True,False,False,True,False
1976,True,False,False,False,False,False,True,True
1977,True,True,False,True,True,False,False,True
1978,True,True,True,True,False,True,False,False
1979,False,True,False,False,True,True,True,False
1980,True,False,False,False,False,True,False,False
1981,True,True,False,True,False,True,False,True
1982,True,False,True,True,False,True,True,True
1983,False,True,False,True,False,False,False,False
1984,False,True,False,True,False,True,True,True
1985,True,True,False,False,True,False,False,False
1986,False,True,True,True,True,False,True,False
1987,True,False,True,False,False,False,True,False
1988,True,True,False,True,True,False,True,False
1989,False,False,False,True,False,True,False,False
1990,True,False,False,False,False,False,False,True
1991,True,False,False,False,True,False,True,True
1992,True,False,False,False,True,True,False,False
1993,False,False,False,True,True,False,True,True
1994,True,True,True,True,True,True,True,True
1995,True,True,False,True,True,False,True,False
1996,False,True,True,False,True,False,True,False
1997,True,False,True,False,False,True,False,False
1998,True,True,True,True,True,False,True,True
1999,False,False,True,True,True,False,True,True
2000,True,True,True,False,False,True,False,True
2001,True,False,False,False,False,False,False,False
2002,False,False,False,True,True,False,False,False
2003,True,False,True,True,True,False,True,True
2004,False,True,True,True,False,False,False,True
2005,True,False,False,True,False,False,False,False
2006,False,True,False,False,False,False,False,False
2007,False,False,False,False,True,True,True,True
2008,True,False,True,True,True,False,True,True
2009,True,True,True,True,False,True,True,True
2010,False,False,False,True,False,False,True,False
2011,True,False,True,False,False,False,False,True
2012,True,False,True,False,True,False,False,True
2013,False,False,True,True,False,False,True,False
2014,True,True,True,False,True,False,False,False
2015,False,False,False,True,False,True,True,True
2016,False,True,False,True,False,False,True,True
2017,False,False,True,False,False,False,False,False
2018,True,True,False,False,False,False,True,True
2019,False,False,True,True,False,False,True,False
2020,True,False,True,False,True,True,True,True
2021,True,False,True,False,True,True,False,False
2022,False,False,True,False,True,True,False,False
2023,True,True,False,False,True,True,True,False
2024,True,False,False,True,True,True,False,True
2025,True,False,False,False,True,True,False,False
2026,False,True,True,False,False,True,True,True
2027,False,False,False,True,False,False,True,True
2028,False,False,True,False,True,True,True,False
2029,True,False,True,True,True,True,False,False
2030,True,True,True,False,False,False,True,False
2031,True,False,True,True,True,True,True,True
2032,False,True,True,True,False,False,False,False
2033,True,True,False,True,False,True,True,True
2034,False,False,True,False,True,True,False,True
2035,False,True,True,False,True,True,True,True
2036,True,False,False,False,True,False,False,False
2037,False,False,False,True,False,False,False,False
2038,True,True,False,True,True,False,True,True
2039,False,True,True,False,False,True,False,True
2040,False,True,False,True,True,False,False,False
2041,False,False,False,True,True,False,True,False
2042,False,False,True,True,True,False,True,False
2043,False,False,False,False,False,False,False,False
2044,True,False,False,True,False,True,True,True
2045,True,False,True,True,False,False,False,True
2046,True,True,True,True,False,False,False,False
2047,True,False,False,False,False,False,False,True
2048,True,True,True,False,False,True,False,False
2049,True,False,False,False,True,True,False,False
2050,False,False,True,False,False,True,True,False
2051,False,False,True,False,False,True,False,False
2052,True,False,True,False,True,True,True,False
2053,False,False,False,False,False,False,True,False
2054,False,True,True,True,False,False,False,False
2055,True,True,False,True,True,True,False,True
2056,True,False,True,False,False,True,True,True
2057,False,True,False,True,True,False,False,False
2058,True,False,True,True,True,False,True,True
2059,True,False,True,True,True,False,True,True
2060,False,True,False,True,False,False,False,True
2061,True,False,True,True,False,False,False,True
2062,False,False,True,True,False,False,False,True
2063,True,True,False,False,False,False,True,False
2064,True,True,True,True,True,False,False,True
2065,True,True,False,False,True,False,False,True
2066,True,True,False,True,False,True,True,False
2067,True,True,False,False,True,True,False,True
2068,False,False,False,False,True,True,True,True
2069,False,True,False,True,True,False,False,True
2070,False,True,False,True,True,False,True,False
2071,True,False,True,False,False,False,False,True
2072,True,False,False,False,True,True,False,True
2073,True,False,False,True,False,True,True,False
2074,False,False,True,False,False,True,False,False
2075,False,True,True,True,False,True,False,True
2076,False,False,True,False,True,False,False,True
2077,False,False,True,False,True,False,False,False
2078,True,False,False,True,False,True,True,False
2079,True,True,True,True,False,True,False,False
2080,True,True,True,True,False,True,True,True
2081,False,True,True,True,False,True,False,False
2082,False,False,False,True,False,True,False,True
2083,False,False,False,False,True,False,False,True
2084,False,False,True,True,False,False,True,True
2085,True,False,True,False,False,True,True,True
2086,True,True,True,False,True,False,True,True
2087,True,True,False,True,True,True,False,True
2088,False,False,True,True,False,False,True,False
2089,False,False,False,False,False,True,True,True
2090,True,True,True,False,False,False,True,True
2091,True,True,True,False,False,False,True,True
2092,True,True,False,False,True,True,True,True
2093,True,True,True,False,True,False,False,False
2094,True,False,False,True,False,False,True,True
2095,False,True,True,True,False,True,True,True
2096,True,True,False,False,True,True,False,True
2097,False,True,True,True,True,False,False,False
2098,True,False,True,False,False,True,True,False
2099,False,True,True,False,True,False,False,False
2100,True,True,True,True,True,True,False,False
2101,False,False,True,True,False,True,False,False
2102,True,False,True,False,False,False,True,True
2103,False,False,False,False,False,True,False,False
2104,True,True,False,True,True,True,False,True
2105,True,True,True,False,True,True,False,False
2106,True,True,True,True,True,False,True,False
2107,False,True,True,False,False,False,True,True
2108,False,False,True,False,True,False,False,False
2109,True,False,True,False,False,True,False,True
2110,False,False,True,True,False,False,False,True
2111,False,False,False,False,True,False,True,True
2112,False,True,False,False,True,False,False,True
2113,True,False,True,False,True,False,False,False
2114,False,False,False,True,False,True,False,True
2115,False,False,False,False,True,True,True,False
2116,True,False,True,True,True,True,True,False
2117,False,False,True,True,True,True,False,True
2118,True,True,False,True,False,False,True,True
2119,True,False,False,True,True,False,True,False
2120,True,True,True,False,True,True,False,True
2121,True,False,True,True,True,False,True,False
2122,True,False,False,False,False,True,True,False
2123,False,False,True,True,True,False,True,False
2124,False,True,True,True,True,False,True,False
2125,True,True,False,True,False,False,False,True
2126,True,False,False,False,False,True,False,False
2127,False,False,True,False,False,False,True,True
2128,False,True,True,True,False,True,True,True
2129,False,True,True,False,True,False,False,False
2130,True,True,True,True,False,True,True,False
2131,False,False,True,False,True,False,False,True
2132,False,True,False,True,False,True,False,False
2133,True,True,False,False,False,False,True,True
2134,False,True,True,True,False,True,False,True
2135,True,False,False,False,False,True,False,False
2136,True,True,False,True,False,True,True,True
2137,True,True,False,False,False,True,True,True
2138,True,True,True,True,False,False,True,True
2139,True,False,True,True,False,True,False,False
2140,True,False,False,True,False,False,True,False
2141,False,True,False,False,False,False,False,False
2142,False,True,False,True,True,False,False,True
2143,True,False,False,True,False,True,True,False
2144,True,True,False,False,False,True,False,True
2145,True,True,True,False,True,True,False,True
2146,False,False,True,True,False,False,False,True
2147,False,False,True,True,True,True,False,True
2148,True,True,False,False,True,True,False,True
2149,False,True,False,False,True,True,False,False
2150,False,True,True,True,True,True,False,False
2151,False,True,True,False,False,False,True,False
2152,False,False,True,True,False,False,True,True
2153,True,True,True,False,True,True,True,True
2154,True,True,False,False,False,True,False,False
2155,True,False,False,True,False,True,False,False
2156,True,True,False,True,True,False,True,True
2157,False,True,False,True,True,False,False,False
2158,False,False,True,False,True,False,True,True
2159,False,False,True,True,True,True,True,True
2160,False,False,True,True,True,True,True,True
2161,False,False,False,False,False,True,True,False
2162,True,True,True,True,True,False,True,True
2163,False,True,False,True,False,True,False,True
2164,True,False,True,False,True,True,False,True
2165,True,True,False,False,True,True,False,True
2166,True,True,True,False,True,True,True,False
2167,False,False,True,False,True,False,True,True
2168,True,True,True,True,False,True,True,False
2169,True,True,False,True,False,False,True,True
2170,False,True,False,False,True,True,True,True
2171,False,True,False,False,False,True,True,False
2172,True,False,False,False,False,True,False,False
2173,False,False,False,False,False,True,False,False
2174,True,True,False,True,False,True,False,False
2175,False,True,True,False,False,True,False,True
2176,True,False,False,True,False,False,True,True
2177,False,False,False,False,False,True,True,True
2178,True,False,False,True,False,False,True,False
2179,False,False,True,False,True,False,False,False
2180,False,True,True,True,True,True,False,False
2181,False,True,False,True,True,True,True,True
2182,False,False,False,False,False,False,True,True
2183,False,True,False,True,False,True,False,True
2184,True,True,False,True,False,True,False,False
2185,False,True,False,False,False,True,False,False
2186,True,False,False,False,True,False,False,True
2187,True,True,True,False,True,False,False,False
2188,False,True,True,False,False,False,False,False
2189,True,False,False,True,False,False,True,False
2190,False,True,True,True,True,False,True,True
2191,False,False,True,False,True,False,False,True
2192,False,True,True,False,False,False,True,False
2193,False,True,True,True,True,False,True,False
2194,False,False,True,False,True,True,True,True
2195,True,True,False,True,True,True,False,False
2196,True,False,False,True,True,False,False,False
2197,True,True,False,True,True,False,True,True
2198,True,False,True,False,False,False,False,True
2199,True,True,True,True,False,True,False,True
2200,False,True,True,False,False,False,False,False
2201,True,False,True,True,False,True,True,False
2202,True,True,False,False,True,False,False,True
2203,True,True,True,True,True,False,False,True
2204,False,True,True,True,True,True,True,False
2205,True,False,True,True,False,False,False,False
2206,False,True,True,True,True,False,False,True
2207,False,True,False,False,False,False,False,False
2208,False,False,False,False,False,True,True,True
2209,True,False,True,True,False,True,True,True
2210,False,False,True,False,False,True,False,False
2211,True,False,True,True,True,False,True,True
2212,False,True,True,False,True,True,True,True
2213,True,False,False,False,False,True,False,True
2214,False,False,True,False,True,False,False,True
2215,False,True,False,True,True,False,True,True
2216,False,True,True,True,True,False,False,True
2217,False,True,False,False,True,True,False,True
2218,False,False,False,True,False,True,True,False
2219,True,False,True,True,True,False,False,False
2220,True,False,True,False,False,False,False,True
2221,True,False,True,False,False,False,True,False
2222,True,True,False,True,True,True,True,True
2223,False,True,False,True,False,True,False,False
2224,False,False,True,False,True,False,False,False
2225,True,False,True,False,True,True,False,False
2226,True,False,True,True,False,True,True,True
2227,False,True,True,True,False,False,True,False
2228,True,False,False,False,True,False,False,True
2229,False,True,False,True,True,False,True,True
2230,True,True,True,True,False,False,False,True
2231,True,False,True,True,True,True,False,True
2232,False,True,False,False,False,False,True,False
2233,True,True,False,True,True,False,False,True
2234,True,False,False,False,False,True,False,True
2235,False,False,True,True,False,False,False,False
2236,False,False,True,True,True,False,True,True
2237,True,True,False,True,False,True,True,False
2238,True,True,False,True,True,False,False,True
2239,True,True,True,True,True,True,False,True
2240,True,False,False,False,False,False,False,False
2241,True,True,True,True,False,True,False,False
2242,False,False,False,False,False,False,True,True
2243,False,True,False,True,False,True,False,False
2244,True,True,True,False,False,True,True,True
2245,False,True,False,False,False,True,False,True
2246,False,True,True,True,False,True,False,False
2247,True,True,True,False,False,False,False,True
2248,True,False,True,True,False,True,True,False
2249,True,True,False,True,True,False,False,True
2250,False,True,False,True,False,False,True,False
2251,True,False,True,True,True,False,False,False
2252,False,True,True,False,False,True,False,True
2253,True,True,True,True,True,True,False,False
2254,False,True,False,True,False,True,False,False
2255,True,True,False,True,True,False,False,False
2256,False,False,False,True,False,True,True,True
2257,False,False,False,False,False,True,False,False
2258,True,True,True,False,False,True,True,False
2259,True,True,False,False,False,True,False,True
2260,True,False,False,False,True,False,False,True
2261,False,True,False,False,True,False,False,False
2262,True,False,False,False,False,True,False,False
2263,False,False,False,True,False,True,True,True
2264,False,True,False,False,True,True,True,True
2265,False,False,True,True,True,True,False,True
2266,True,True,True,False,True,True,False,True
2267,True,True,True,True,False,False,False,False
2268,True,False,False,True,True,True,True,False
2269,False,True,True,True,False,False,True,False
2270,True,False,False,True,True,True,True,True
2271,True,False,False,True,False,True,False,False
2272,True,True,True,True,True,True,True,False
2273,True,True,False,True,False,False,True,False
2274,False,True,True,False,True,True,True,False
2275,False,False,False,True,True,False,False,False
2276,True,False,False,False,False,True,True,True
2277,True,False,True,False,False,False,False,True
2278,False,True,False,True,False,True,True,True
2279,True,True,True,False,False,True,True,False
2280,False,True,True,False,True,True,True,True
2281,True,True,False,False,False,True,False,False
2282,True,True,False,True,False,False,False,False
2283,True,True,False,False,False,True,False,True
2284,False,True,True,False,False,True,False,True
2285,True,False,False,False,True,True,False,False
2286,True,False,False,True,False,False,True,True
2287,True,False,False,False,False,False,False,False
2288,True,True,False,True,True,False,True,True
2289,False,False,True,True,False,False,True,True
2290,False,True,False,False,True,True,False,True
2291,False,True,False,False,False,False,False,True
2292,True,False,True,False,False,False,False,True
2293,True,False,True,False,True,False,False,False
2294,False,False,True,True,True,True,False,False
2295,False,True,False,True,True,True,False,False
2296,False,True,True,False,True,False,True,False
2297,True,True,True,False,True,True,False,True
2298,False,True,False,False,True,False,True,False
2299,True,False,False,False,False,True,True,True
2300,True,True,True,False,False,False,True,True
2301,False,True,True,True,False,False,True,False
2302,False,True,True,False,True,True,False,False
2303,True,True,True,True,False,True,False,False
2304,False,False,False,False,True,False,False,True
2305,True,False,True,True,False,True,False,True
2306,True,False,True,True,False,False,True,False
2307,True,True,False,False,False,False,True,False
2308,True,True,True,True,False,False,True,True
2309,False,True,False,False,False,False,False,False
2310,False,True,False,False,True,False,False,False
2311,True,False,True,False,False,False,False,True
2312,False,False,True,False,True,True,False,True
2313,False,True,True,True,False,True,False,True
2314,True,False,True,False,True,True,True,False
2315,True,False,True,False,False,False,True,False
2316,True,True,False,False,False,True,True,False
2317,True,True,False,False,True,True,False,True
2318,False,True,True,True,True,False,False,True
2319,False,True,True,True,True,False,True,True
2320,True,True,True,True,True,False,False,False
2321,True,False,True,True,False,True,False,False
2322,False,True,True,True,False,True,False,True
2323,False,True,True,True,False,False,True,False
2324,True,True,False,True,True,True,True,True
2325,False,False,False,True,True,False,True,True
2326,False,False,True,True,False,True,False,True
2327,False,True,False,True,False,False,True,False
2328,False,False,True,True,True,False,False,True
2329,True,False,True,True,True,True,True,False
2330,True,True,True,True,False,False,False,False
2331,True,False,True,False,False,True,True,True
2332,True,False,False,True,False,True,True,True
2333,True,True,True,False,False,True,False,False
2334,False,False,True,True,False,False,False,False
2335,True,True,True,True,False,False,False,True
2336,False,True,True,True,True,True,True,True
2337,True,False,True,False,True,True,True,False
2338,False,True,True,True,True,True,False,False
2339,True,False,True,False,False,False,True,True
2340,False,True,False,False,True,True,True,False
2341,False,True,True,True,False,True,False,True
2342,True,True,False,True,False,True,False,False
2343,False,True,False,False,True,True,True,False
2344,False,False,True,True,True,True,True,False
2345,False,True,False,True,False,True,True,False
2346,False,False,True,True,False,False,True,True
2347,False,True,True,True,False,True,False,True
2348,True,False,True,True,True,False,True,True
2349,False,True,False,False,True,True,True,False
2350,True,True,True,True,False,False,False,False
2351,True,True,False,False,False,False,True,True
2352,False,True,True,False,False,True,True,False
2353,False,True,True,False,False,False,False,False
2354,False,True,True,True,True,False,True,False
2355,True,False,False,True,False,True,True,False
2356,False,True,False,False,False,True,False,False
2357,False,False,True,True,True,True,False,False
2358,False,True,False,True,False,True,True,True
2359,True,False,True,False,True,False,False,False
2360,True,True,False,False,True,False,True,False
2361,True,True,False,False,True,True,True,False
2362,False,False,True,False,False,True,True,False
2363,False,False,True,False,True,False,True,False
2364,True,False,False,True,True,False,True,True
2365,False,False,True,True,True,False,False,True
2366,False,False,True,False,False,False,True,True
2367,False,False,False,False,False,False,True,False
2368,True,True,False,False,True,True,True,False
2369,True,True,False,True,True,True,False,True
2370,False,True,False,True,False,True,True,False
2371,True,True,True,True,False,False,False,False
2372,True,True,True,True,True,True,False,True
2373,True,True,True,True,False,True,False,True
2374,False,True,True,True,False,True,True,True
2375,True,False,True,True,True,True,True,True
2376,False,True,True,False,False,True,False,False
2377,True,True,False,True,True,True,False,True
2378,False,False,False,True,False,False,False,True
2379,True,True,False,True,True,True,True,False
2380,True,False,False,False,False,False,False,True
2381,False,True,False,True,False,False,True,False
2382,False,True,True,True,False,False,False,False
2383,True,False,True,True,True,True,False,False
2384,False,True,False,True,False,True,False,False
2385,False,True,True,False,False,False,True,True
2386,False,False,True,False,True,False,False,True
2387,True,False,True,True,True,True,True,False
2388,False,True,False,False,False,False,True,True
2389,True,False,True,False,True,False,True,True
2390,False,True,False,False,True,True,False,True
2391,True,False,True,True,True,False,True,True
2392,False,False,False,True,False,True,False,True
2393,True,True,False,False,True,True,True,True
2394,True,False,True,True,True,False,True,False
2395,False,True,True,True,False,False,True,True
2396,True,False,True,False,False,False,False,False
2397,True,True,True,False,False,False,True,False
2398,True,True,False,False,True,False,True,True
2399,True,False,True,False,False,False,False,True
2400,False,False,False,True,False,True,True,False
2401,True,True,False,False,True,True,False,True
2402,True,False,True,False,True,True,True,False
2403,True,True,False,False,True,True,True,False
2404,False,True,True,True,True,True,True,True
2405,False,False,False,False,True,True,False,False
2406,True,False,False,False,False,False,True,True
2407,True,True,False,True,True,True,True,False
2408,True,False,False,False,True,False,False,True
2409,False,True,False,False,True,False,False,True
2410,False,True,True,False,True,True,True,True
2411,False,True,False,False,False,False,False,False
2412,False,True,True,False,False,False,False,False
2413,False,False,False,True,True,True,True,False
2414,True,True,True,True,False,False,False,True
2415,True,False,True,False,True,True,True,False
2416,True,False,False,False,True,False,False,False
2417,True,True,True,False,False,True,True,False
2418,False,False,False,True,False,True,True,False
2419,False,False,True,False,False,False,True,True
2420,False,False,True,True,False,False,True,False
2421,True,True,True,True,False,False,False,False
2422,True,False,False,True,True,False,True,True
2423,True,False,False,True,True,True,True,False
2424,True,False,True,True,True,True,True,False
2425,False,False,True,True,False,False,True,True
2426,False,False,False,False,True,False,True,False
2427,True,False,True,False,False,True,True,False
2428,False,True,False,True,False,False,False,True
2429,True,True,False,False,True,True,True,True
2430,True,True,False,True,True,False,False,True
2431,False,False,True,False,True,False,False,False
2432,False,False,True,False,True,False,False,False
2433,False,False,True,True,True,False,False,False
2434,True,True,False,True,True,False,True,False
2435,True,False,False,True,False,True,False,True
2436,True,True,False,True,False,True,True,True
2437,True,False,True,False,True,True,False,True
2438,True,False,False,True,True,True,False,False
2439,False,True,True,False,True,True,False,False
2440,False,False,False,True,False,True,False,False
2441,False,False,False,True,False,False,True,True
2442,True,True,True,True,True,False,True,True
2443,True,True,True,False,True,False,False,False
2444,False,True,True,False,False,False,True,True
2445,False,False,False,False,False,True,True,True
2446,True,True,True,True,True,True,True,True
2447,True,False,False,False,True,True,True,True
2448,False,True,True,False,False,False,True,True
2449,True,False,False,True,False,True,True,True
2450,False,False,True,True,False,False,False,False
2451,True,True,True,True,True,False,True,True
2452,True,False,True,False,False,True,False,False
2453,True,True,False,False,False,False,True,False
2454,True,False,False,True,True,True,False,True
2455,True,False,True,False,True,False,True,False
2456,False,True,False,True,False,True,False,False
2457,False,False,False,False,False,True,True,True
2458,True,True,True,False,False,True,False,False
2459,False,False,False,False,False,True,True,False
2460,False,False,True,True,False,False,True,True
2461,True,False,True,True,False,True,True,False
2462,True,True,False,True,True,True,False,True
2463,False,False,True,True,False,True,True,False
2464,True,True,True,True,True,True,True,True
2465,True,False,True,False,False,True,False,False
2466,True,False,True,True,False,False,False,True
2467,True,True,False,True,True,True,True,False
2468,True,False,True,False,False,True,True,True
2469,True,False,True,False,True,True,False,False
2470,True,True,True,True,True,False,True,False
2471,False,False,False,False,False,True,True,True
2472,False,False,True,True,True,False,False,False
2473,True,True,False,True,False,True,False,False
2474,False,False,True,True,False,True,False,False
2475,True,False,False,True,True,False,True,False
2476,False,True,False,False,False,False,False,True
2477,False,False,False,False,False,True,True,False
2478,False,False,True,False,True,True,False,True
2479,False,False,True,True,False,True,True,True
2480,True,False,False,True,True,True,False,True
2481,False,True,True,True,False,False,False,False
2482,False,True,False,False,True,True,True,False
2483,False,False,False,True,True,True,False,False
2484,True,False,True,True,False,False,True,True
2485,True,False,False,True,True,True,False,True
2486,False,True,True,False,True,False,False,True
2487,True,False,False,True,False,False,True,False
2488,False,False,False,False,False,False,False,False
2489,True,True,False,True,False,False,False,True
2490,True,False,True,True,True,False,False,True
2491,True,True,True,False,True,True,True,False
2492,False,True,False,False,False,True,True,True
2493,False,True,False,True,True,False,False,True
2494,False,False,True,True,True,True,False,False
2495,False,True,False,True,False,False,True,False
2496,False,False,False,False,False,True,True,True
2497,False,False,False,False,True,True,True,True
2498,False,False,True,False,True,True,False,True
2499,True,False,True,True,False,False,False,False
2500,True,True,False,False,False,True,True,True
2501,False,True,True,True,False,True,False,False
2502,True,True,False,True,False,False,False,False
2503,True,False,False,True,True,True,True,False
2504,False,False,True,False,True,True,True,False
2505,True,True,True,False,False,False,True,True
2506,False,True,False,True,True,False,True,False
2507,True,False,True,True,True,True,False,False
2508,False,True,True,False,True,True,False,True
2509,True,False,True,False,False,True,True,False
2510,True,True,False,False,True,True,False,False
2511,True,False,False,False,True,True,True,False
2512,True,True,False,False,False,True,True,False
2513,True,True,True,False,False,False,True,False
2514,True,True,False,True,True,False,False,True
2515,False,False,True,False,True,True,False,False
2516,True,True,False,True,False,True,False,False
2517,True,False,False,False,True,True,False,True
2518,False,True,True,False,False,False,True,False
2519,False,False,False,True,True,False,False,True
2520,False,True,False,False,False,False,False,True
2521,True,True,False,False,True,True,True,True
2522,False,False,True,False,True,False,False,False
2523,False,False,False,False,True,False,False,True
2524,False,True,True,True,True,True,True,True
2525,True,False,True,True,True,False,False,True
2526,True,False,True,True,True,False,False,False
2527,False,True,False,False,True,True,True,True
2528,True,True,True,False,True,True,True,True
2529,True,True,True,False,False,True,False,False
2530,True,False,False,True,True,True,True,False
2531,True,True,False,False,False,False,True,True
2532,False,False,False,True,False,True,False,False
2533,False,True,True,True,True,False,True,True
2534,True,True,True,True,False,True,False,True
2535,False,False,True,False,False,True,False,True
2536,True,True,False,False,False,True,False,False
2537,True,True,True,False,False,False,False,False
2538,True,False,False,False,False,True,False,False
2539,True,False,True,False,False,True,False,True
2540,False,False,False,False,True,False,True,False
2541,True,True,False,True,True,False,True,False
2542,True,False,False,True,False,True,False,True
2543,True,False,True,True,False,True,False,False
2544,True,True,True,False,True,False,False,True
2545,False,False,True,False,False,False,False,False
2546,True,True,True,False,True,True,False,True
2547,True,False,True,True,True,False,False,False
2548,False,False,False,False,False,False,False,False
2549,True,False,True,False,True,False,True,False
2550,False,False,False,True,False,False,True,True
2551,False,False,False,True,True,True,True,False
2552,True,False,True,True,True,False,True,False
2553,True,True,True,True,True,False,True,False
2554,True,False,True,True,False,False,False,False
2555,True,True,True,True,True,True,True,True
2556,False,True,False,False,True,True,False,True
2557,False,True,True,True,False,False,False,False
2558,True,False,True,False,False,True,False,False
2559,False,True,True,True,True,False,False,True
2560,True,False,False,False,False,True,False,False
2561,False,True,False,False,True,False,True,False
2562,False,False,True,True,False,False,True,False
2563,True,True,False,False,False,False,True,False
2564,True,True,False,False,False,True,False,False
2565,False,False,False,False,True,True,True,False
2566,False,False,False,True,False,False,True,True
2567,True,False,True,False,True,False,False,True
2568,True,True,False,False,True,True,False,False
2569,False,True,False,True,True,False,True,False
2570,False,True,True,True,False,False,True,True
2571,False,False,True,True,False,True,False,False
2572,True,True,False,True,False,False,False,True
2573,False,True,False,True,True,False,True,True
2574,True,True,True,False,False,True,True,True
2575,False,True,True,True,True,False,False,False
2576,False,True,False,True,True,False,False,True
2577,False,True,True,False,False,False,True,True
2578,True,True,False,True,False,True,True,True
2579,True,False,False,False,False,True,True,True
2580,True,True,False,True,False,True,True,True
2581,False,True,True,True,True,True,True,True
2582,True,False,True,False,False,True,False,True
2583,False,True,True,True,True,False,False,True
2584,False,True,False,False,True,True,False,False
2585,False,True,True,False,False,False,False,True
2586,False,False,True,True,True,True,False,True
2587,True,False,False,True,False,False,False,True
2588,False,False,True,False,False,True,False,False
2589,True,False,False,False,True,False,False,True
2590,False,True,True,False,False,True,True,False
2591,False,False,True,True,False,True,True,True
2592,False,True,False,False,True,False,False,True
2593,True,True,True,True,False,False,True,False
2594,False,False,False,False,True,False,False,True
2595,False,False,True,False,True,False,True,True
2596,True,True,False,True,True,True,True,True
2597,True,False,False,True,False,True,False,False
2598,False,False,True,True,False,True,True,False
2599,True,False,True,True,True,True,True,False
2600,False,False,False,False,True,False,True,False
2601,False,False,False,False,True,True,True,True
2602,True,True,True,True,True,True,False,False
2603,False,False,True,False,False,True,False,False
2604,False,True,True,False,True,True,True,True
2605,False,True,False,False,False,True,False,True
2606,True,True,True,True,True,True,False,False
2607,True,True,True,False,True,True,True,True
2608,False,True,True,False,False,False,True,False
2609,True,True,False,False,True,True,False,True
2610,False,True,True,False,True,True,False,True
2611,True,True,False,True,True,False,False,True
2612,True,False,True,True,False,False,False,False
2613,True,True,False,True,True,False,True,False
2614,False,False,True,False,False,False,False,False
2615,True,True,True,True,False,False,False,False
2616,True,True,False,False,False,False,False,True
2617,True,False,True,True,False,True,True,True
2618,False,False,False,False,False,False,False,False
2619,False,True,False,True,True,False,True,True
2620,False,False,True,True,False,True,True,True
2621,False,True,True,False,True,False,False,True
2622,True,True,False,True,False,True,True,False
2623,True,False,True,False,True,False,False,True
2624,False,True,False,False,False,False,False,True
2625,True,False,True,False,True,False,False,False
2626,False,True,False,True,False,False,True,True
2627,False,False,True,True,False,True,True,True
2628,True,True,True,True,False,True,False,False
2629,True,False,True,False,True,False,True,False
2630,True,False,True,False,False,False,False,True
2631,False,True,True,True,True,False,False,False
2632,True,True,False,False,False,False,False,False
2633,False,True,False,True,False,False,True,True
2634,False,False,False,True,True,True,True,False
2635,True,False,False,True,False,True,True,True
2636,True,True,True,False,True,False,True,False
2637,True,False,True,False,False,False,False,True
2638,False,True,True,True,False,True,False,False
2639,True,False,True,True,True,True,True,False
2640,True,True,True,False,False,False,True,True
2641,True,False,True,True,False,False,False,False
2642,True,True,True,True,True,False,True,False
2643,False,False,True,True,False,False,True,True
2644,True,False,True,False,True,True,False,True
2645,False,False,True,True,True,False,False,True
2646,False,True,False,False,True,True,False,True
2647,True,False,True,True,False,True,True,False
2648,False,False,True,True,True,True,True,True
2649,False,False,False,True,True,False,False,False
2650,False,True,True,True,False,False,False,False
2651,True,True,True,False,False,False,False,False
2652,False,False,False,True,True,True,False,False
2653,True,True,False,False,False,True,True,False
2654,False,True,False,False,False,False,True,False
2655,False,False,False,False,True,False,False,True
2656,True,True,False,False,False,True,False,False
2657,True,False,True,True,False,True,True,False
2658,False,True,True,True,False,True,False,True
2659,True,False,True,True,True,True,False,True
2660,True,True,True,True,False,False,False,True
2661,True,True,True,True,False,True,False,False
2662,True,False,True,True,False,True,True,False
2663,True,False,True,True,False,True,True,False
2664,False,True,False,False,False,True,True,True
2665,True,True,False,True,False,False,False,False
2666,False,False,True,True,True,True,False,True
2667,True,False,False,True,True,False,False,False
2668,False,False,True,False,False,True,True,True
2669,True,False,True,True,True,False,True,False
2670,False,False,False,False,True,False,False,True
2671,True,False,False,False,False,False,False,False
2672,False,False,True,False,False,True,False,True
2673,False,True,True,False,False,False,False,False
2674,False,True,True,False,False,False,True,False
2675,False,True,False,False,False,False,False,False
2676,True,False,False,False,True,True,False,False
2677,True,False,False,True,False,False,True,False
2678,False,False,False,True,True,False,True,True
2679,True,False,False,True,True,True,False,True
2680,True,False,True,False,False,True,False,False
2681,True,False,True,True,True,False,False,True
2682,False,False,True,True,False,True,False,True
2683,True,True,False,True,True,True,True,False
2684,True,True,True,False,True,False,False,True
2685,False,False,False,True,False,True,False,True
2686,False,False,False,False,True,True,True,False
2687,False,False,True,False,False,True,True,False
2688,True,True,True,False,True,False,True,False
2689,True,False,False,True,True,True,True,True
2690,False,True,True,True,True,False,False,True
2691,True,False,True,False,False,False,False,True
2692,True,True,False,False,True,False,True,False
2693,False,True,True,True,False,True,True,True
2694,True,True,True,False,False,False,False,False
2695,False,True,True,False,False,True,False,True
2696,False,True,False,True,False,True,True,False
2697,True,False,False,False,True,True,True,False
2698,True,False,True,False,True,True,True,True
2699,True,True,True,False,False,True,True,True
2700,True,False,False,False,True,False,False,True
2701,True,False,False,True,False,True,True,False
2702,True,False,False,False,True,False,True,True
2703,False,True,False,True,False,False,False,False
2704,False,True,False,False,True,True,True,False
2705,False,False,True,False,False,True,True,False
2706,False,True,False,True,False,False,False,True
2707,False,False,False,True,True,True,False,False
2708,False,False,True,True,True,True,True,True
2709,True,False,True,True,False,True,False,False
2710,False,True,False,True,False,False,False,True
2711,False,False,True,True,False,False,False,False
2712,True,False,False,False,False,True,True,False
2713,True,True,True,False,False,True,False,False
2714,True,False,False,True,True,True,False,True
2715,False,True,True,False,False,False,False,False
2716,True,False,False,True,False,False,True,False
2717,False,False,False,True,False,False,False,False
2718,False,False,False,True,False,False,True,False
2719,True,False,False,False,True,True,False,True
2720,False,True,False,False,False,False,False,True
2721,True,False,False,False,True,False,False,False
2722,True,True,False,True,True,False,True,True
2723,False,False,True,True,True,False,True,True
2724,True,True,False,True,False,False,True,True
2725,True,True,True,False,False,False,False,True
2726,True,False,False,True,False,False,False,False
2727,True,False,False,True,False,True,False,True
2728,False,False,False,False,False,False,True,True
2729,False,False,True,True,True,False,False,True
2730,True,False,False,False,True,True,True,False
2731,True,True,False,True,False,False,False,False
2732,False,True,False,False,True,True,False,False
2733,False,True,True,False,True,True,False,False
2734,False,False,True,True,True,False,True,False
2735,False,False,True,True,False,True,True,False
2736,True,True,False,True,False,False,True,False
2737,False,False,False,True,True,True,True,True
2738,False,False,False,True,True,True,False,True
2739,True,False,False,True,True,True,False,True
2740,False,True,True,False,False,True,False,True
2741,False,False,True,False,True,True,False,False
2742,False,False,True,False,True,True,False,True
2743,False,True,False,True,False,False,True,False
2744,True,False,False,True,True,True,False,True
2745,False,False,True,False,False,True,False,False
2746,True,True,True,False,False,False,False,True
2747,True,False,False,False,True,False,True,False
2748,True,True,True,True,True,True,True,True
2749,False,False,True,False,True,True,True,False
2750,False,True,False,True,False,False,False,True
2751,False,True,False,True,True,False,True,False
2752,False,False,False,False,False,False,False,True
2753,True,True,True,False,False,False,False,True
2754,True,True,False,True,False,True,True,False
2755,False,True,False,False,False,True,False,False
2756,False,False,False,True,True,True,False,False
2757,True,False,False,False,False,True,False,True
2758,False,True,False,False,True,True,False,True
2759,True,False,True,False,True,False,False,False
2760,True,False,True,False,True,False,True,True
2761,True,False,False,False,False,False,False,False
2762,False,False,True,True,False,True,False,True
2763,False,True,True,True,True,True,False,False
2764,False,False,False,False,False,False,False,False
2765,True,True,False,False,False,True,False,False
2766,True,True,False,False,False,False,True,False
2767,False,True,True,True,True,False,False,True
2768,True,False,False,True,True,True,True,True
2769,False,False,True,False,True,True,True,True
2770,True,True,False,False,True,True,True,False
2771,False,True,False,False,True,True,True,True
2772,True,False,True,False,True,False,True,False
2773,True,True,False,True,False,True,True,True
2774,True,False,True,False,True,True,False,False
2775,True,False,False,True,True,False,False,True
2776,False,True,True,True,True,True,False,False
2777,False,True,False,True,False,True,True,False
2778,False,True,True,True,True,False,False,True
2779,True,True,True,False,True,False,False,False
2780,True,True,True,True,True,True,True,True
2781,True,False,False,True,False,True,True,False
2782,False,False,True,True,True,True,False,True
2783,True,False,True,False,False,False,False,False
2784,True,True,True,False,True,False,True,False
2785,True,True,True,False,True,False,True,False
2786,False,False,False,False,True,True,False,False
2787,True,False,True,False,True,False,True,False
2788,True,False,False,False,False,True,True,True
2789,True,True,False,True,False,False,True,False
2790,True,False,True,False,False,True,True,True
2791,True,False,True,False,False,True,True,True
2792,False,False,False,False,True,False,False,True
2793,True,False,True,True,True,True,True,False
2794,True,False,False,False,False,True,False,False
2795,False,True,True,False,False,True,False,True
2796,False,False,True,True,True,True,True,True
2797,True,False,True,True,False,False,True,True
2798,False,False,False,False,True,True,True,True
2799,True,True,False,True,False,True,False,False
2800,True,False,False,False,True,True,False,True
2801,False,True,True,False,True,False,False,True
2802,False,True,True,False,True,False,True,False
2803,False,False,False,True,False,True,True,False
2804,True,False,True,True,True,True,True,False
2805,True,True,False,False,False,True,False,False
2806,True,True,True,True,False,True,True,True
2807,False,True,False,True,False,True,False,True
2808,True,False,False,False,False,False,True,False
2809,True,False,True,True,True,False,False,False
2810,True,False,False,False,False,False,False,True
2811,True,True,False,False,True,False,False,True
2812,False,True,True,True,False,True,False,True
2813,True,False,True,False,False,False,False,False
2814,True,True,True,False,True,False,False,False
2815,True,False,False,True,True,False,True,True
2816,True,True,False,True,True,True,True,True
2817,True,True,True,False,True,True,False,False
2818,False,False,False,True,True,True,False,True
2819,False,True,True,True,True,True,True,False
2820,False,True,True,False,False,True,False,True
2821,False,False,True,True,True,True,False,False
2822,False,False,False,False,False,True,True,True
2823,False,False,True,True,True,False,True,True
2824,False,False,False,True,True,False,True,False
2825,False,True,False,True,True,False,False,False
2826,True,False,False,False,False,False,True,False
2827,False,True,True,False,False,False,True,True
2828,True,False,True,False,True,False,True,True
2829,True,False,False,True,True,False,True,True
2830,True,True,True,True,True,False,True,False
2831,True,False,False,True,False,True,False,False
2832,True,True,True,False,False,False,True,False
2833,False,False,True,True,True,True,True,True
2834,True,False,True,True,True,True,False,False
2835,True,True,True,False,True,True,True,False
2836,True,False,True,False,True,False,False,False
2837,True,True,False,False,False,False,True,True
2838,False,False,False,False,False,True,False,False
2839,False,True,True,False,True,False,True,True
2840,False,True,False,True,False,False,False,True
2841,False,False,False,False,False,False,True,False
2842,True,True,True,False,False,True,True,True
2843,True,False,True,True,False,True,False,True
2844,False,True,True,True,False,False,True,True
2845,True,False,False,False,False,False,False,True
2846,True,True,True,False,True,False,True,False
2847,True,False,False,False,False,True,False,False
2848,False,False,True,True,True,True,False,False
2849,True,False,False,False,True,False,True,True
2850,False,False,True,False,True,True,False,False
2851,False,False,True,True,True,True,True,True
2852,True,False,False,False,False,False,True,False
2853,False,True,True,True,False,True,True,True
2854,False,False,False,True,True,False,True,True
2855,False,False,False,True,True,True,False,True
2856,True,False,False,True,True,False,True,False
2857,True,True,True,True,True,True,True,False
2858,True,True,True,False,True,True,True,False
2859,False,True,False,True,True,True,True,False
2860,False,True,False,False,False,True,True,False
2861,True,True,False,False,False,True,True,False
2862,False,True,False,True,True,False,False,False
2863,False,False,False,True,False,False,False,True
2864,True,False,True,False,True,False,True,False
2865,True,False,True,True,False,True,False,False
2866,True,True,True,False,True,True,True,True
2867,False,True,False,False,False,True,False,False
2868,True,False,True,True,False,True,True,False
2869,True,False,True,False,False,True,False,True
2870,True,True,False,True,True,False,True,True
2871,False,True,False,False,True,True,True,True
2872,False,True,False,True,False,True,False,True
2873,True,False,False,False,False,True,True,False
2874,False,False,True,False,False,False,False,False
2875,True,True,True,True,True,False,False,True
2876,True,True,True,True,False,True,False,False
2877,False,True,True,True,True,False,False,True
2878,False,True,True,False,False,True,True,False
2879,False,True,True,False,False,False,True,False
2880,False,False,True,True,False,True,True,True
2881,True,False,True,False,True,True,False,True
2882,False,False,False,False,False,False,False,False
2883,True,False,True,True,False,True,False,False
2884,True,False,False,False,True,True,True,False
2885,True,False,True,True,True,True,False,True
2886,True,True,False,False,False,True,False,False
2887,True,False,False,False,False,False,True,True
2888,False,True,False,True,True,False,False,True
2889,False,False,False,True,False,False,True,True
2890,True,False,False,True,True,True,False,True
2891,True,True,False,False,True,False,True,True
2892,False,False,False,False,True,False,True,False
2893,False,True,False,True,False,True,True,True
2894,True,True,True,True,False,True,False,False
2895,False,False,True,False,False,False,False,True
2896,False,True,True,True,True,False,False,False
2897,True,True,False,False,True,True,True,True
2898,False,False,True,False,True,True,False,True
2899,False,False,False,True,False,False,True,True
2900,False,False,True,True,False,False,True,False
2901,True,False,False,False,True,True,True,True
2902,False,False,True,False,False,False,False,False
2903,True,False,False,True,False,False,False,False
2904,False,False,False,False,False,False,False,False
2905,False,True,False,False,True,True,True,True
2906,False,True,True,True,True,True,True,False
2907,False,False,True,True,True,False,True,False
2908,True,False,True,False,True,True,True,False
2909,False,True,False,True,False,False,False,False
2910,True,False,False,False,True,True,False,False
2911,True,True,True,False,False,True,False,False
2912,False,False,False,True,True,False,True,False
2913,True,False,True,False,False,True,False,True
2914,False,False,True,True,True,False,False,False
2915,False,False,True,True,True,False,False,True
2916,False,False,True,False,False,False,False,True
2917,False,False,True,False,False,True,False,False
2918,True,False,False,True,True,True,True,True
2919,True,True,True,False,False,True,True,False
2920,False,True,True,True,False,False,False,False
2921,True,False,False,False,True,True,True,False
2922,False,False,False,True,True,False,False,True
2923,False,True,True,True,True,False,False,True
2924,True,False,False,True,True,True,True,True
2925,True,False,True,False,True,True,True,False
2926,False,False,True,False,False,True,False,True
2927,True,False,False,False,True,False,True,True
2928,True,False,True,True,False,True,False,True
2929,True,False,False,False,False,True,False,True
2930,False,True,True,False,False,True,False,True
2931,False,False,False,False,False,True,False,False
2932,True,True,True,True,True,True,True,False
2933,False,False,False,False,False,True,True,True
2934,True,True,False,True,True,True,False,False
2935,True,True,True,True,True,True,False,True
2936,True,False,False,True,True,False,False,False
2937,False,False,False,True,False,True,True,True
2938,True,False,False,True,True,True,False,True
2939,False,False,True,False,True,True,False,False
2940,True,False,False,True,True,True,True,False
2941,True,False,True,False,False,False,False,True
2942,False,False,True,False,False,False,False,True
2943,True,True,True,False,True,True,False,False
2944,False,False,True,False,True,True,False,True
2945,True,False,True,False,True,True,True,False
2946,True,True,False,False,False,False,True,False
2947,True,True,False,False,True,True,True,True
2948,False,True,True,False,False,True,True,False
2949,False,False,False,False,False,False,False,False
2950,False,False,False,False,False,False,False,True
2951,True,False,True,True,False,False,True,False
2952,True,True,True,False,False,True,False,False
2953,False,True,False,True,False,False,True,True
2954,True,False,False,False,True,True,True,True
2955,False,False,True,True,True,True,False,True
2956,True,False,True,True,True,False,False,False
2957,False,True,True,False,True,True,False,False
2958,True,True,True,False,True,True,True,True
2959,True,False,False,True,False,True,True,True
2960,True,False,False,True,False,False,False,False
2961,False,True,True,False,True,False,False,True
2962,True,True,True,True,False,False,True,False
2963,True,False,False,False,False,True,False,False
2964,False,False,False,False,False,True,True,True
2965,False,True,True,True,False,False,True,False
2966,True,True,False,False,False,False,False,False
2967,False,True,False,True,False,True,True,False
2968,False,False,False,False,False,True,False,True
2969,True,True,True,False,True,False,True,True
2970,False,True,True,True,True,False,True,True
2971,True,True,False,False,True,False,True,True
2972,True,True,False,False,False,False,True,True
2973,True,False,False,True,True,True,False,True
2974,False,False,False,True,False,False,False,False
2975,False,False,True,True,True,False,False,False
2976,True,False,True,True,True,False,True,True
2977,True,False,True,True,True,False,True,False
2978,False,True,False,False,True,True,False,False
2979,True,False,False,True,False,True,False,False
2980,False,False,False,False,True,False,False,True
2981,False,True,False,False,False,True,True,True
2982,True,False,True,False,True,False,True,False
2983,False,True,True,True,True,True,False,False
2984,True,False,True,True,False,True,True,False
2985,True,False,True,False,True,True,False,True
2986,False,True,False,True,False,True,True,True
2987,True,True,False,True,False,False,True,False
2988,False,True,False,True,False,True,False,True
2989,True,False,True,True,True,True,False,False
2990,False,True,True,True,False,False,True,True
2991,False,True,True,False,True,True,True,False
2992,False,False,True,True,False,True,True,False
2993,False,True,True,False,True,False,True,True
2994,True,True,True,True,False,True,True,True
2995,False,False,False,True,False,True,False,False
2996,True,False,False,False,False,True,True,True
2997,False,True,False,False,False,False,False,True
2998,True,False,False,True,True,False,False,False
2999,True,True,False,True,True,False,True,True
3000,True,True,True,True,True,True,True,True
3001,True,True,False,True,True,True,True,True
3002,True,False,False,True,False,True,True,True
3003,False,False,False,False,True,True,False,True
3004,True,True,True,True,False,True,True,True
3005,False,False,False,True,False,False,False,False
3006,False,True,False,True,False,False,False,True
3007,False,True,False,False,False,True,False,False
3008,True,True,False,True,True,False,True,True
3009,True,False,False,False,True,False,False,True
3010,False,False,True,False,False,True,True,False
3011,False,True,False,True,False,False,False,False
3012,False,True,True,False,False,False,False,False
3013,False,True,True,False,False,False,False,True
3014,False,True,True,False,False,False,False,False
3015,False,False,False,True,False,True,True,True
3016,False,True,True,False,True,True,False,True
3017,False,True,True,False,False,True,False,True
3018,False,True,True,True,False,False,False,False
3019,False,True,False,False,False,False,False,False
3020,True,True,False,False,True,False,True,True
3021,False,True,True,False,False,False,True,True
3022,True,True,True,True,False,True,False,True
3023,True,True,True,False,False,True,True,False
3024,True,False,True,True,True,False,True,True
3025,True,False,False,False,True,True,True,False
3026,True,True,True,False,True,False,True,True
3027,True,True,False,True,True,True,True,True
3028,True,False,True,True,True,True,False,True
3029,True,True,True,False,False,True,False,True
3030,False,True,True,False,False,False,True,False
3031,True,False,True,True,False,True,True,True
3032,True,True,False,False,True,False,True,True
3033,False,True,True,True,True,False,True,False
3034,True,True,False,True,True,True,False,False
3035,True,True,False,True,True,False,False,False
3036,False,True,True,True,True,False,False,True
3037,False,False,False,True,False,False,False,False
3038,False,False,False,False,True,False,False,True
3039,False,True,False,True,True,False,True,False
3040,True,False,False,True,True,True,True,False
3041,False,False,False,True,True,False,True,True
3042,True,False,True,True,False,True,False,False
3043,True,True,True,False,False,True,True,True
3044,False,True,False,False,False,True,False,True
3045,False,True,False,False,False,False,False,False
3046,True,False,False,True,False,False,True,True
3047,True,False,True,False,True,False,True,False
3048,False,False,True,True,True,True,False,False
3049,False,False,True,False,True,True,True,True
3050,True,False,False,True,True,False,True,True
3051,True,False,False,True,False,True,False,True
3052,True,True,False,True,True,True,False,False
3053,False,True,False,False,False,False,False,True
3054,False,False,False,False,False,False,False,False
3055,False,True,True,True,True,True,True,False
3056,True,True,False,False,False,True,False,False
3057,True,True,True,True,True,False,False,True
3058,False,False,True,True,True,True,False,True
3059,False,True,True,True,False,False,True,False
3060,False,True,True,True,False,False,False,True
3061,False,True,True,False,True,False,False,False
3062,True,True,False,False,True,True,True,False
3063,False,True,True,True,True,True,False,False
3064,False,True,False,False,False,False,False,True
3065,False,True,True,True,False,True,False,True
3066,False,False,False,True,False,True,True,False
3067,False,False,True,True,False,True,True,True
3068,True,False,False,False,True,False,False,False
3069,False,True,True,False,True,False,True,True
3070,True,True,True,False,False,True,True,True
3071,True,True,False,False,False,False,False,True
3072,False,True,True,False,True,False,False,False
3073,True,True,True,False,True,False,True,False
3074,True,False,True,True,False,False,False,True
3075,True,False,True,True,True,False,False,True
3076,True,False,True,True,False,True,True,True
3077,True,False,False,False,False,False,True,False
3078,False,True,False,False,False,True,True,True
3079,False,True,True,True,False,True,True,False
3080,True,False,True,False,True,True,True,True
3081,True,True,False,False,True,True,False,True
3082,False,True,False,True,True,False,True,False
3083,True,True,True,False,False,True,True,True
3084,True,False,False,True,True,True,True,False
3085,False,False,True,False,True,False,True,False
3086,True,False,True,True,False,True,True,True
3087,True,False,False,False,False,True,True,False
3088,False,False,True,False,False,True,True,True
3089,True,False,False,True,False,True,False,True
3090,True,True,False,True,True,True,True,False
3091,True,False,False,True,True,False,True,True
3092,True,False,True,False,False,False,True,True
3093,False,True,True,True,False,False,False,False
3094,False,False,False,True,False,True,True,True
3095,False,True,False,False,True,True,False,True
3096,True,False,True,True,False,False,False,False
3097,True,True,False,True,True,True,True,False
3098,True,False,True,True,True,False,False,False
3099,False,True,False,True,True,True,True,False
3100,True,True,False,False,True,True,True,True
3101,False,True,False,False,False,True,False,True
3102,False,True,True,True,False,True,True,False
3103,True,False,True,True,False,False,False,False
3104,False,True,True,False,False,True,False,True
3105,False,True,True,False,False,True,False,False
3106,False,True,False,True,False,True,True,True
3107,True,False,False,False,False,False,True,True
3108,True,False,False,False,True,False,True,True
3109,True,False,False,True,True,True,True,False
3110,True,True,False,True,True,False,False,False
3111,False,True,True,False,False,False,True,False
3112,True,True,True,True,False,False,True,False
3113,False,False,True,False,True,False,True,True
3114,False,False,False,True,False,True,False,False
3115,True,True,False,False,False,False,True,False
3116,False,True,False,False,True,True,False,True
3117,True,True,True,False,False,True,True,False
3118,True,True,True,False,False,True,False,False
3119,False,False,True,False,True,True,False,True
3120,True,True,True,True,False,True,False,False
3121,True,True,True,True,False,True,True,True
3122,True,False,False,True,False,True,True,True
3123,True,True,False,False,False,True,True,True
3124,True,True,True,False,True,True,True,False
3125,True,False,True,True,False,True,False,True
3126,True,True,True,True,True,True,False,True
3127,False,False,True,False,False,True,True,True
3128,True,False,False,True,False,True,False,False
3129,True,True,True,False,False,False,False,True
3130,False,True,False,True,True,False,False,True
3131,False,False,True,False,False,False,True,False
3132,True,False,True,False,True,False,True,True
3133,False,False,True,False,True,True,True,False
3134,False,False,True,True,True,True,True,True
3135,False,True,False,False,False,False,True,True
3136,True,False,False,True,False,True,True,False
3137,False,True,True,True,False,True,True,True
3138,True,False,False,False,True,False,False,True
3139,True,True,True,True,False,False,True,True
3140,False,True,True,False,True,True,True,False
3141,True,False,False,True,False,False,True,True
3142,False,True,False,False,False,True,False,True
3143,False,True,True,True,False,False,True,True
3144,False,True,False,True,True,False,False,True
3145,True,False,False,False,True,False,True,True
3146,True,True,False,True,False,True,False,False
3147,False,True,False,True,False,True,False,False
3148,False,False,False,False,False,True,True,False
3149,False,True,True,False,False,True,False,True
3150,False,False,False,False,False,False,False,False
3151,False,True,True,False,True,False,True,False
3152,False,False,True,False,True,True,False,True
3153,True,True,False,False,True,False,False,True
3154,False,False,False,True,False,True,False,False
3155,False,True,False,False,False,True,False,False
3156,False,False,True,False,True,False,True,False
3157,True,True,True,False,False,False,False,False
3158,True,False,True,False,False,True,False,True
3159,True,False,True,True,False,True,False,True
3160,False,True,True,False,True,False,True,True
3161,True,False,True,True,False,True,True,True
3162,True,False,True,False,True,True,False,False
3163,True,False,True,True,True,True,True,True
3164,True,False,False,True,True,False,True,True
3165,False,True,False,True,True,True,False,True
3166,False,False,False,False,False,True,True,False
3167,True,True,False,False,True,False,True,False
3168,False,True,True,True,False,False,True,False
3169,False,True,True,False,False,False,True,True
3170,True,True,True,False,False,True,False,False
3171,True,False,True,False,False,False,False,True
3172,True,True,True,True,False,True,False,False
3173,False,True,True,False,True,True,False,False
3174,False,False,False,False,True,True,False,False
3175,True,False,False,True,False,True,False,False
3176,False,True,True,False,False,False,False,False
3177,True,False,True,False,True,True,False,False
3178,True,True,True,True,True,False,False,True
3179,True,True,True,False,True,False,True,False
3180,True,False,False,True,False,True,True,True
3181,True,False,True,True,False,True,False,False
3182,False,True,True,True,True,False,False,True
3183,True,False,False,False,True,False,False,False
3184,False,True,True,False,False,False,False,False
3185,False,False,True,True,True,True,False,True
3186,False,False,True,False,True,False,True,True
3187,False,True,False,False,False,True,True,False
3188,False,True,True,False,True,True,True,True
3189,True,True,False,True,True,True,True,False
3190,True,True,True,True,True,False,False,False
3191,True,False,False,True,False,True,True,True
3192,False,True,True,False,True,True,True,True
3193,False,True,True,True,True,True,False,True
3194,False,True,False,True,True,False,False,True
3195,True,True,False,True,False,False,False,False
3196,True,False,True,True,False,False,False,True
3197,True,False,False,False,True,True,True,False
3198,True,False,False,True,False,False,False,True
3199,False,True,False,False,False,True,False,False
3200,True,True,False,True,False,True,False,False
3201,False,False,False,False,True,True,True,False
3202,True,False,False,True,True,True,False,False
3203,False,True,True,True,True,False,False,True
3204,True,False,False,False,False,False,True,True
3205,False,False,True,True,True,True,True,True
3206,False,False,False,True,False,False,False,False
3207,False,True,False,True,True,True,True,True
3208,False,True,True,False,True,True,True,True
3209,True,False,False,True,True,False,True,False
3210,False,True,False,False,True,True,False,True
3211,True,True,True,True,True,True,True,True
3212,False,False,False,False,True,False,True,True
3213,False,True,False,True,True,False,True,True
3214,True,True,False,False,True,True,True,False
3215,True,False,True,False,True,True,True,True
3216,True,True,False,True,True,False,True,False
3217,True,True,True,True,False,False,True,True
3218,False,False,True,False,False,False,False,False
3219,True,True,True,False,True,True,False,True
3220,True,True,False,False,True,True,True,False
3221,False,False,False,False,True,False,False,True
3222,False,False,False,True,False,False,False,False
3223,False,True,True,True,True,False,True,False
3224,False,False,False,True,True,True,True,True
3225,False,False,True,True,False,False,False,False
3226,False,True,True,False,True,False,True,False
3227,False,False,True,True,False,False,False,False
3228,True,False,False,True,True,False,False,True
3229,True,True,True,False,True,False,False,True
3230,False,False,True,False,False,False,False,False
3231,True,False,True,False,False,False,False,True
3232,True,True,True,True,True,False,True,True
3233,True,True,False,True,False,False,False,True
3234,False,True,True,False,False,True,True,True
3235,False,True,True,True,False,True,False,True
3236,False,True,False,True,True,False,False,False
3237,False,True,True,False,False,True,False,False
3238,True,False,False,True,False,True,True,False
3239,True,True,False,True,False,True,True,False
3240,False,True,False,True,False,True,False,False
3241,True,True,False,False,False,True,False,True
3242,True,True,False,False,False,True,False,False
3243,False,False,False,False,True,False,True,False
3244,True,False,True,True,True,True,True,True
3245,False,True,False,False,False,False,True,False
3246,False,False,True,False,False,False,False,True
3247,True,False,False,False,True,True,True,False
3248,False,True,True,False,False,False,True,False
3249,True,False,True,False,True,False,True,False
3250,False,True,False,False,False,True,True,True
3251,True,False,True,True,False,True,False,True
3252,True,False,False,True,True,True,False,False
3253,True,False,False,True,False,False,False,False
3254,False,False,False,False,False,True,False,False
3255,False,False,True,False,True,False,False,True
3256,True,True,False,True,False,True,False,True
3257,True,True,False,False,False,True,False,True
3258,False,False,False,False,True,True,False,True
3259,True,True,False,True,False,True,True,True
3260,True,False,True,True,True,True,True,True
3261,False,False,True,False,False,False,False,False
3262,True,False,True,True,True,True,True,False
3263,True,True,True,False,True,True,False,False
3264,False,False,False,True,False,False,False,False
3265,True,False,False,False,True,False,True,False
3266,False,True,False,True,True,True,False,False
3267,False,False,False,False,False,True,True,False
3268,True,True,True,True,True,False,False,False
3269,True,True,True,False,True,False,False,True
3270,True,False,True,False,False,True,False,True
3271,True,True,True,False,True,True,False,True
3272,True,False,False,False,True,False,False,False
3273,False,True,False,True,True,False,False,False
3274,False,True,True,False,True,False,True,False
3275,True,True,False,True,False,True,True,True
3276,False,False,False,False,False,True,False,True
3277,True,False,True,True,False,False,True,True
3278,True,True,False,True,False,False,True,False
3279,True,True,True,False,True,False,False,False
3280,False,True,True,True,True,False,False,True
3281,False,True,False,False,False,False,True,True
3282,True,True,True,False,True,False,True,False
3283,True,False,True,False,False,False,True,True
3284,False,True,True,False,False,True,False,True
3285,False,False,True,False,True,True,True,True
3286,False,True,False,False,False,True,True,False
3287,False,True,True,True,False,True,False,True
3288,True,True,True,False,False,False,True,True
3289,True,True,False,True,False,True,False,False
3290,False,True,True,True,False,True,True,False
3291,True,True,False,False,True,True,False,False
3292,False,False,False,True,False,True,False,True
3293,True,False,True,True,True,True,True,True
3294,True,True,False,True,True,True,True,True
3295,False,True,True,True,False,True,True,False
3296,False,False,True,True,True,True,True,True
3297,False,True,False,False,False,False,False,False
3298,False,False,True,True,True,False,False,True
3299,False,True,True,True,True,True,False,False
3300,False,False,True,False,True,False,True,True
3301,False,True,False,False,False,True,False,True
3302,True,False,True,True,True,False,True,False
3303,False,True,False,False,True,False,True,True
3304,False,True,True,True,True,False,False,False
3305,False,True,True,False,False,False,True,False
3306,True,False,False,True,False,True,True,True
3307,False,True,True,False,True,False,False,True
3308,True,True,False,True,False,False,False,False
3309,True,True,True,False,False,True,True,False
3310,False,False,False,True,False,False,True,True
3311,False,True,True,False,True,True,True,False
3312,True,True,True,False,True,False,True,False
3313,True,False,False,False,True,False,False,True
3314,True,True,True,False,False,False,False,False
3315,True,True,True,False,False,False,True,False
3316,False,True,True,True,False,True,True,False
3317,False,False,False,True,True,False,True,False
3318,True,False,False,True,False,True,False,False
3319,True,False,False,True,False,False,True,False
3320,True,True,True,False,True,True,True,True
3321,True,False,True,False,False,False,False,False
3322,True,True,True,True,False,False,False,False
3323,False,True,True,True,True,False,True,False
3324,True,True,False,True,True,False,True,False
3325,False,False,False,False,True,False,False,True
3326,True,False,False,True,True,False,False,False
3327,False,True,False,False,True,True,False,False
3328,False,True,True,True,False,False,True,False
3329,False,True,True,True,False,True,True,False
3330,True,True,False,False,True,False,False,True
3331,True,False,True,False,True,True,True,True
3332,True,True,True,True,False,True,True,True
3333,True,False,False,False,False,True,True,True
3334,False,False,True,True,True,True,True,True
3335,False,False,True,True,True,False,True,False
3336,True,False,True,False,False,False,False,False
3337,False,True,True,False,True,True,True,False
3338,True,False,False,False,False,False,False,False
3339,True,False,False,True,False,True,False,False
3340,False,True,False,True,True,False,True,True
3341,True,True,True,True,True,True,False,True
3342,True,False,True,True,True,False,True,False
3343,False,True,False,True,True,True,False,True
3344,True,False,True,False,True,True,True,False
3345,True,True,True,False,False,True,False,True
3346,True,True,False,True,False,True,True,True
3347,True,True,True,False,True,False,False,False
3348,False,False,True,False,True,True,True,True
3349,True,False,True,False,False,True,False,True
3350,False,False,False,True,False,False,False,False
3351,False,True,False,True,True,True,False,False
3352,True,False,True,False,False,False,True,False
3353,False,True,False,False,False,True,True,False
3354,True,False,True,False,False,False,False,False
3355,False,False,False,False,True,False,False,True
3356,True,False,True,False,True,False,True,True
3357,True,True,True,True,False,False,True,True
3358,False,False,False,True,False,True,False,True
3359,False,True,True,False,True,False,True,False
3360,True,False,False,False,True,False,False,False
3361,False,False,False,True,False,False,True,True
3362,True,True,True,True,False,True,False,False
3363,True,False,False,False,False,False,True,True
3364,True,True,False,False,False,True,True,False
3365,True,True,False,False,False,False,True,True
3366,False,True,False,False,True,False,False,True
3367,False,False,False,False,True,False,False,True
3368,True,True,False,True,False,False,False,False
3369,True,False,False,True,True,False,True,True
3370,False,False,True,False,False,False,True,True
3371,False,False,True,False,False,False,False,True
3372,True,True,False,True,False,False,False,False
3373,True,False,True,True,True,True,False,True
3374,False,True,True,True,True,True,True,False
3375,True,True,True,False,True,False,False,False
3376,False,False,True,False,True,False,False,False
3377,False,True,True,False,False,False,False,False
3378,False,False,False,False,False,False,False,True
3379,True,False,True,False,True,True,True,True
3380,False,True,False,True,True,False,True,True
3381,False,True,False,False,True,True,False,True
3382,False,False,False,False,True,False,True,False
3383,False,False,False,False,False,False,True,False
3384,True,True,False,True,True,False,False,True
3385,True,True,False,True,True,False,False,False
3386,True,True,False,False,False,True,False,True
3387,True,True,False,True,True,True,False,True
3388,False,False,False,False,False,False,True,True
3389,True,False,True,False,False,False,True,False
3390,True,True,True,True,True,True,True,False
3391,True,False,True,False,False,True,False,True
3392,True,False,True,True,False,True,True,True
3393,False,True,False,False,True,False,False,True
3394,True,False,True,False,False,False,False,True
3395,True,False,True,True,True,True,True,True
3396,False,True,True,True,True,False,True,True
3397,False,True,True,True,False,False,False,False
3398,True,False,True,False,True,False,True,True
3399,True,True,True,False,False,False,False,True
3400,True,True,False,True,False,True,False,True
3401,False,True,False,True,False,True,False,True
3402,False,False,True,True,True,True,False,False
3403,False,False,False,True,False,False,True,True
3404,False,True,True,False,True,False,False,False
3405,False,True,False,True,False,False,True,False
3406,False,True,True,True,True,True,True,False
3407,False,True,True,False,True,False,False,False
3408,True,False,True,True,False,True,False,False
3409,False,True,False,False,True,True,True,True
3410,False,True,False,False,True,False,False,True
3411,True,False,False,True,False,True,False,False
3412,False,True,True,True,False,False,False,True
3413,False,False,False,False,True,False,False,False
3414,False,False,True,False,True,False,True,False
3415,False,True,True,False,False,True,True,True
3416,False,True,False,True,True,False,True,True
3417,False,False,False,True,True,False,False,False
3418,False,False,True,False,True,False,True,False
3419,True,True,False,False,False,False,True,True
3420,True,True,True,True,False,True,False,True
3421,True,True,True,True,True,True,True,False
3422,False,True,True,True,True,False,False,True
3423,False,False,False,True,True,True,True,False
3424,True,False,False,False,True,True,False,False
3425,True,True,False,False,False,False,True,True
3426,False,False,True,False,True,False,True,False
3427,False,False,True,False,True,False,False,True
3428,False,True,True,False,False,False,True,False
3429,False,False,False,False,True,True,False,False
3430,True,False,False,True,False,False,False,True
3431,True,True,True,False,False,True,False,False
3432,True,False,True,True,True,False,False,True
3433,False,False,False,False,False,False,False,True
3434,True,False,True,False,True,False,True,False
3435,False,True,False,False,True,True,True,True
3436,True,True,True,True,False,True,False,True
3437,True,False,False,True,False,False,True,False
3438,True,True,False,False,True,True,True,True
3439,True,False,False,False,False,True,False,False
3440,False,True,True,False,True,False,True,True
3441,False,True,True,False,False,False,True,False
3442,False,False,False,True,False,False,False,True
3443,True,False,False,True,True,False,True,False
3444,False,True,True,True,True,False,True,True
3445,False,False,True,False,False,True,True,False
3446,False,False,False,True,False,False,False,True
3447,True,True,False,False,False,False,True,False
3448,False,False,False,True,False,False,False,True
3449,False,True,True,True,True,False,True,False
3450,False,True,False,True,True,True,False,False
3451,False,True,False,False,False,False,True,False
3452,False,False,False,False,True,False,False,False
3453,True,False,True,False,True,False,True,False
3454,False,False,False,True,False,True,False,True
3455,True,True,False,True,True,False,True,False
3456,True,False,True,True,True,False,True,True
3457,True,False,True,True,True,True,False,False
3458,True,False,False,False,False,False,False,True
3459,False,False,False,True,False,True,True,True
3460,True,True,True,True,False,False,False,False
3461,True,True,False,False,False,False,True,False
3462,True,False,True,False,True,True,True,False
3463,False,False,False,True,False,True,True,False
3464,False,True,False,False,False,True,True,False
3465,False,False,True,False,False,False,False,True
3466,False,True,True,True,True,False,True,True
3467,True,True,True,False,True,False,True,False
3468,False,False,True,True,True,False,False,True
3469,False,False,True,False,True,True,False,True
3470,True,True,True,False,True,False,True,False
3471,False,False,True,False,False,False,True,False
3472,False,False,True,True,True,False,True,True
3473,True,True,True,False,True,False,True,False
3474,False,False,False,False,False,True,False,True
3475,True,False,True,True,False,False,False,True
3476,False,False,True,True,True,False,False,True
3477,True,False,True,True,False,True,False,False
3478,True,True,True,True,True,True,True,True
3479,False,True,True,True,True,False,False,False
3480,True,False,False,False,False,False,False,True
3481,True,False,True,True,True,False,True,True
3482,True,True,True,False,True,True,True,False
3483,True,True,False,False,False,True,False,True
3484,False,False,False,False,True,False,True,False
3485,True,True,False,True,False,False,False,False
3486,False,True,True,False,False,False,False,False
3487,True,False,True,False,False,True,True,True
3488,True,True,True,True,False,False,False,True
3489,False,False,False,True,False,True,True,False
3490,True,False,False,True,False,True,True,True
3491,True,False,True,True,True,False,True,True
3492,True,False,True,True,True,False,False,False
3493,True,True,True,False,False,False,False,True
3494,False,True,False,True,False,False,True,False
3495,True,True,False,False,True,True,False,False
3496,True,False,False,False,True,True,True,False
3497,False,True,False,False,False,False,False,True
3498,True,True,True,True,False,True,True,True
3499,False,False,True,True,True,False,False,False
3500,False,False,True,True,False,True,True,True
3501,False,True,True,True,True,False,False,False
3502,False,False,True,False,True,False,False,True
3503,True,False,True,False,False,True,False,False
3504,False,False,True,False,False,False,False,True
3505,False,False,True,False,True,False,True,False
3506,True,True,False,True,False,True,True,True
3507,False,False,True,False,True,True,False,True
3508,True,False,True,True,True,False,False,True
3509,True,False,False,True,False,True,False,False
3510,True,False,False,True,False,True,False,False
3511,False,False,True,True,True,True,True,True
3512,True,True,False,True,False,True,True,True
3513,True,False,True,True,False,True,False,True
3514,False,True,False,True,False,True,True,False
3515,True,False,True,True,False,False,True,True
3516,False,True,False,False,False,True,True,False
3517,True,False,True,False,False,True,True,True
3518,False,True,True,False,False,True,True,True
3519,False,False,False,False,True,True,False,False
3520,False,True,True,False,True,False,False,False
3521,False,True,False,False,False,False,True,False
3522,True,True,True,True,False,True,False,False
3523,False,False,False,True,False,True,False,False
3524,False,False,False,False,False,True,True,False
3525,False,False,True,False,True,True,True,False
3526,True,True,True,True,True,False,False,True
3527,False,False,True,True,False,True,False,True
3528,True,True,True,True,True,True,False,False
3529,False,True,True,True,True,False,False,False
3530,False,True,True,True,False,False,True,False
3531,True,True,False,False,False,False,False,False
3532,True,False,True,False,True,True,False,False
3533,False,True,True,True,True,True,False,True
3534,True,True,False,True,False,False,False,True
3535,True,False,False,False,True,False,False,True
3536,False,False,True,False,True,True,True,False
3537,False,False,False,False,True,False,True,True
3538,False,False,False,False,False,True,False,False
3539,False,True,True,True,True,True,False,False
3540,False,False,False,True,False,True,True,False
3541,False,False,False,True,True,False,True,False
3542,False,False,False,False,True,True,True,False
3543,True,True,True,True,True,True,False,False
3544,True,True,True,False,False,True,True,False
3545,True,False,False,True,False,False,True,False
3546,False,True,False,True,False,False,True,False
3547,False,True,False,False,True,True,False,False
3548,False,False,False,False,True,True,True,False
3549,False,True,False,True,True,False,False,False
3550,False,True,True,False,True,False,False,True
3551,True,False,False,True,False,False,True,False
3552,True,True,False,False,False,False,False,False
3553,False,True,True,False,True,True,False,True
3554,False,True,False,False,False,False,True,False
3555,True,False,False,False,True,True,True,True
3556,True,True,False,True,True,True,False,False
3557,True,True,True,True,False,True,False,True
3558,True,False,False,False,False,True,False,False
3559,False,True,True,False,True,False,True,False
3560,True,False,False,True,False,False,False,False
3561,True,True,False,False,False,True,True,False
3562,False,False,True,True,False,True,False,False
3563,False,False,True,True,False,True,False,True
3564,False,False,False,True,False,False,False,True
3565,False,False,False,True,True,True,True,True
3566,True,False,False,True,True,False,True,True
3567,True,True,False,True,False,False,True,True
3568,True,False,False,False,False,False,True,True
3569,False,True,False,False,True,False,True,False
3570,False,True,True,False,False,False,True,True
3571,True,True,False,True,False,True,True,True
3572,False,True,False,False,False,True,False,True
3573,True,False,True,True,False,False,True,False
3574,False,True,True,True,True,False,True,True
3575,True,True,True,False,False,True,True,False
3576,True,False,False,False,True,False,False,True
3577,False,True,True,True,True,True,False,False
3578,True,False,True,False,True,False,True,False
3579,False,False,True,False,True,True,False,False
3580,False,False,False,True,False,True,False,False
3581,False,True,True,True,True,False,False,False
3582,False,True,True,True,False,False,True,True
3583,False,True,False,True,False,True,False,True
3584,True,False,True,True,True,True,False,True
3585,False,True,True,False,False,False,True,True
3586,False,True,False,True,False,False,False,True
3587,False,True,True,True,False,True,False,False
3588,False,False,True,True,False,True,False,False
3589,False,False,False,True,True,False,True,False
3590,True,True,False,False,True,False,False,False
3591,True,True,True,False,False,True,True,False
3592,True,True,False,False,False,True,False,True
3593,True,True,False,True,True,True,True,False
3594,False,False,True,True,True,False,False,False
3595,False,True,False,False,True,True,True,True
3596,True,True,True,True,False,True,True,True
3597,True,False,True,True,True,False,False,False
3598,True,True,False,True,False,True,True,True
3599,True,False,True,False,False,False,False,True
3600,False,True,True,True,True,True,True,False
3601,True,True,False,False,False,True,False,False
3602,False,True,True,True,False,True,True,False
3603,False,False,True,True,False,True,True,True
3604,True,True,False,True,True,True,True,True
3605,False,True,True,True,False,True,False,True
3606,True,True,True,False,False,False,True,False
3607,True,False,True,True,True,True,False,True
3608,False,True,False,True,False,False,True,True
3609,False,False,True,False,True,False,True,True
3610,True,True,True,False,False,True,True,False
3611,True,False,True,True,True,False,False,False
3612,False,True,False,True,True,True,True,False
3613,True,False,False,True,False,True,True,False
3614,False,False,False,True,True,True,False,True
3615,False,True,True,False,True,True,False,True
3616,False,False,True,False,True,True,False,True
3617,True,False,True,True,True,False,False,True
3618,True,True,False,False,True,True,True,False
3619,False,False,False,False,True,True,True,False
3620,True,True,True,False,False,False,False,False
3621,False,True,True,True,True,False,True,False
3622,True,True,True,True,False,False,False,True
3623,False,False,True,False,False,True,False,True
3624,True,False,True,False,True,False,False,True
3625,False,False,False,True,True,False,False,True
3626,False,True,True,False,False,True,True,True
3627,False,True,False,True,True,True,False,True
3628,True,True,False,True,False,False,False,False
3629,True,False,True,True,True,True,True,True
3630,False,True,False,False,False,False,True,True
3631,True,True,False,True,False,True,False,True
3632,False,True,False,False,True,False,True,False
3633,True,False,True,True,False,False,False,False
3634,True,True,False,False,False,False,True,False
3635,True,True,True,False,True,False,False,True
3636,False,False,False,False,True,True,False,False
3637,False,False,True,False,True,True,True,False
3638,False,False,True,False,True,True,True,False
3639,False,False,False,True,True,True,False,False
3640,True,False,False,True,False,False,True,True
3641,False,False,False,True,True,True,False,True
3642,False,False,False,True,True,False,True,False
3643,True,False,True,True,True,True,True,True
3644,False,True,True,True,False,True,False,True
3645,False,True,False,True,True,True,False,False
3646,True,False,False,True,True,False,False,False
3647,False,True,False,True,True,False,False,False
3648,False,True,False,False,True,False,True,False
3649,True,True,True,False,False,True,True,True
3650,True,True,True,True,False,True,True,False
3651,True,True,True,False,True,True,False,True
3652,False,False,True,True,True,True,False,True
3653,True,False,False,True,False,False,True,False
3654,True,True,False,False,False,False,False,True
3655,False,False,False,False,False,True,True,True
3656,True,True,False,True,False,False,False,False
3657,True,True,False,False,True,False,True,False
3658,False,True,True,True,True,True,False,True
3659,False,True,False,True,True,True,False,False
3660,True,False,False,True,False,True,True,False
3661,True,False,True,True,False,True,True,True
3662,True,False,False,True,True,False,False,True
3663,True,True,False,False,True,False,True,True
3664,True,False,False,True,False,True,True,False
3665,False,True,False,True,False,False,True,False
3666,False,False,False,False,False,False,False,False
3667,False,True,False,True,True,True,False,False
3668,True,True,False,True,True,False,False,True
3669,True,False,True,False,False,False,True,True
3670,True,False,True,False,False,False,False,True
3671,False,True,False,False,False,False,False,False
3672,False,True,False,False,True,False,False,False
3673,True,False,False,True,False,True,False,True
3674,True,True,False,False,False,True,False,True
3675,True,False,True,True,True,False,True,False
3676,True,False,True,True,False,False,False,False
3677,True,False,False,True,True,False,True,False
3678,False,False,False,False,False,True,False,False
3679,True,False,True,True,False,True,True,True
3680,True,True,True,True,True,False,False,False
3681,False,False,False,True,True,False,False,False
3682,True,True,False,False,True,False,False,True
3683,True,True,False,False,False,True,True,True
3684,False,False,False,True,True,True,True,False
3685,False,True,False,True,True,False,False,False
3686,True,True,True,True,False,False,False,False
3687,False,True,False,False,False,False,False,True
3688,False,False,True,True,False,True,False,False
3689,True,True,True,True,True,False,True,True
3690,False,True,True,True,True,True,True,False
3691,False,True,False,False,True,False,True,False
3692,False,True,False,False,True,False,False,True
3693,False,False,True,False,False,False,True,False
3694,True,False,False,True,False,True,False,False
3695,True,True,True,False,False,False,True,False
3696,True,False,True,False,True,False,True,False
3697,False,False,True,True,False,False,False,False
3698,False,True,True,True,False,True,True,False
3699,False,False,False,True,True,True,True,True
3700,False,False,False,True,True,False,True,False
3701,False,True,True,True,True,False,True,True
3702,True,True,False,True,False,True,True,True
3703,True,False,False,False,True,False,False,False
3704,False,True,True,False,True,True,False,False
3705,False,False,True,True,False,False,True,True
3706,False,False,True,False,False,False,True,True
3707,False,True,False,True,True,False,False,False
3708,False,False,False,True,True,True,True,False
3709,True,False,False,False,True,False,False,True
3710,False,False,False,False,True,True,True,True
3711,True,True,False,True,False,True,False,False
3712,True,True,False,True,True,False,False,False
3713,True,True,False,True,True,False,False,False
3714,False,True,False,False,True,True,False,False
3715,True,False,True,True,True,True,False,True
3716,True,False,True,True,True,True,False,False
3717,False,False,False,True,False,True,True,True
3718,True,False,True,False,True,False,False,True
3719,False,True,False,True,False,True,False,True
3720,True,False,False,False,True,False,True,False
3721,True,False,False,False,False,True,False,True
3722,False,False,False,False,True,True,True,False
3723,True,True,False,False,True,False,False,True
3724,False,True,False,False,False,False,True,True
3725,True,True,False,True,False,False,False,False
3726,True,True,True,False,True,True,False,True
3727,True,False,True,True,False,True,True,False
3728,False,False,False,False,False,True,True,False
3729,False,True,False,True,False,False,False,False
3730,False,False,False,False,False,True,False,True
3731,False,True,False,True,False,True,True,False
3732,True,True,True,True,False,False,False,False
3733,True,True,False,False,False,False,False,False
3734,True,False,False,True,False,False,True,False
3735,True,False,False,True,False,False,False,True
3736,True,False,True,False,False,True,False,False
3737,True,False,True,True,True,True,False,True
3738,False,True,True,False,True,False,True,True
3739,False,False,False,False,False,True,True,True
3740,False,True,False,True,True,False,True,False
3741,False,True,False,True,True,False,False,True
3742,True,False,False,False,False,True,False,False
3743,False,True,True,True,False,False,True,True
3744,False,True,True,False,False,True,True,False
3745,False,False,False,True,True,False,True,True
3746,True,False,True,True,True,True,True,False
3747,False,False,False,True,True,False,True,False
3748,True,True,True,False,False,True,True,True
3749,True,True,True,False,True,True,True,False
3750,False,False,False,False,True,False,False,False
3751,False,False,False,False,True,True,False,True
3752,True,False,True,False,True,False,False,True
3753,False,False,False,True,True,False,True,False
3754,False,False,False,True,True,True,True,True
3755,False,True,True,False,False,True,False,True
3756,True,False,False,True,True,True,False,False
3757,True,True,True,True,False,True,True,True
3758,True,False,False,False,True,False,False,False
3759,True,True,True,True,True,False,False,True
3760,False,True,True,False,False,True,True,True
3761,True,True,False,True,False,True,True,False
3762,False,False,False,False,False,True,False,True
3763,False,False,True,False,False,False,False,False
3764,False,True,True,False,True,False,True,False
3765,False,True,False,True,False,False,False,False
3766,False,False,False,False,False,False,True,False
3767,False,True,True,False,True,False,True,False
3768,True,True,True,False,False,True,True,True
3769,True,False,True,False,False,True,False,False
3770,False,True,True,False,True,False,False,True
3771,False,True,True,True,False,False,True,False
3772,True,False,True,False,True,True,False,False
3773,False,True,False,False,False,True,True,True
3774,False,False,True,False,True,False,False,False
3775,False,True,False,False,True,True,True,False
3776,True,True,True,True,True,False,True,False
3777,False,False,False,False,True,False,False,False
3778,True,True,True,True,True,True,False,True
3779,True,True,True,False,False,False,True,False
3780,True,False,False,False,True,False,True,True
3781,False,False,True,True,False,True,False,True
3782,True,False,False,False,False,True,True,False
3783,False,True,True,True,True,False,True,True
3784,True,False,False,True,True,True,True,False
3785,False,True,False,False,False,True,True,False
3786,False,False,True,False,False,True,True,False
3787,False,False,False,False,False,False,False,False
3788,True,False,False,True,False,False,True,False
3789,True,False,True,True,False,True,True,False
3790,True,True,True,True,False,False,False,True
3791,True,False,True,False,False,False,False,True
3792,True,True,True,True,False,False,False,False
3793,False,True,True,False,True,True,True,True
3794,True,False,True,True,True,True,False,True
3795,False,True,True,True,True,True,False,True
3796,True,True,False,True,False,True,True,False
3797,True,True,False,False,False,False,True,False
3798,False,True,False,False,False,False,True,True
3799,False,False,False,False,True,False,True,True
3800,False,False,False,False,False,True,True,True
3801,True,False,False,True,True,True,False,True
3802,True,True,False,True,False,False,True,True
3803,True,True,False,True,True,True,True,True
3804,True,True,False,True,True,False,False,False
3805,False,True,False,True,False,True,False,True
3806,False,False,True,False,True,False,True,True
3807,True,True,False,True,True,False,False,True
3808,False,True,True,False,True,True,False,False
3809,True,True,False,True,True,True,True,True
3810,False,True,True,True,False,True,False,False
3811,False,True,True,False,True,False,False,False
3812,True,False,False,False,True,False,True,True
3813,False,True,False,False,True,True,True,False
3814,False,True,True,False,False,False,False,False
3815,False,False,False,True,False,True,True,False
3816,True,True,True,False,True,True,True,False
3817,True,False,True,True,False,False,False,False
3818,False,False,True,True,True,True,True,False
3819,False,True,False,False,False,True,True,True
3820,True,True,False,False,True,False,True,True
3821,True,True,False,True,False,True,False,False
3822,True,False,False,True,False,False,True,False
3823,False,True,True,False,False,False,True,False
3824,False,False,True,False,True,False,True,True
3825,True,True,True,False,False,False,True,True
3826,True,True,True,False,False,True,True,False
3827,True,True,False,True,False,True,True,False
3828,False,True,True,False,True,False,False,False
3829,False,False,False,False,True,False,True,True
3830,False,True,False,False,True,True,True,False
3831,False,False,False,True,False,False,False,True
3832,True,True,True,False,True,False,True,True
3833,False,False,True,False,True,False,True,True
3834,False,False,True,False,False,True,True,False
3835,False,False,True,False,False,False,True,True
3836,True,True,False,False,True,True,True,True
3837,True,False,False,False,True,True,False,True
3838,True,True,True,False,True,True,False,False
3839,True,False,False,False,False,False,True,False
3840,True,True,False,True,True,False,False,False
3841,True,False,False,False,False,False,False,False
3842,False,False,True,False,False,False,False,True
3843,False,True,False,False,True,False,True,True
3844,False,False,False,False,True,False,True,True
3845,False,False,True,False,False,False,False,False
3846,False,True,True,False,False,False,True,True
3847,False,False,True,True,False,True,False,False
3848,True,True,True,False,True,False,False,True
3849,False,True,True,True,True,False,True,True
3850,False,True,False,False,True,True,False,False
3851,False,True,True,True,True,False,False,False
3852,False,True,False,True,False,False,True,False
3853,True,False,False,True,True,True,False,True
3854,True,True,True,True,False,True,True,True
3855,False,True,True,False,True,True,True,False
3856,True,True,True,True,False,True,True,True
3857,True,True,False,True,True,False,False,False
3858,False,True,True,False,True,False,True,False
3859,True,False,False,False,True,False,False,False
3860,True,True,True,False,True,True,True,False
3861,False,True,True,False,False,False,False,True
3862,False,True,False,False,False,True,False,False
3863,False,True,False,True,False,False,False,True
3864,True,False,True,True,True,True,True,False
3865,False,True,True,False,True,False,False,False
3866,True,False,False,True,False,False,False,True
3867,False,True,True,True,True,False,False,False
3868,False,False,False,False,True,True,False,False
3869,False,False,False,False,True,False,False,False
3870,False,True,False,False,False,True,False,True
3871,False,True,True,True,False,True,True,False
3872,True,False,True,True,True,False,True,False
3873,False,True,True,True,True,False,True,False
3874,True,False,False,True,True,True,False,True
3875,False,False,True,True,True,False,True,False
3876,True,True,False,True,False,True,True,True
3877,False,True,False,True,False,True,False,False
3878,True,False,True,False,False,True,False,True
3879,False,False,True,True,True,True,False,True
3880,False,False,True,True,False,False,True,False
3881,False,False,True,True,False,False,False,True
3882,True,False,True,True,False,False,False,True
3883,False,True,True,True,False,False,True,False
3884,True,False,False,True,True,True,False,False
3885,False,True,False,False,True,False,True,True
3886,True,False,True,False,False,True,True,False
3887,True,False,True,True,False,False,False,True
3888,False,False,True,True,False,False,True,False
3889,False,False,True,True,True,False,True,False
3890,True,True,False,True,False,False,True,True
3891,True,True,True,False,True,True,False,True
3892,True,True,True,True,True,False,True,True
3893,True,False,True,True,True,True,False,False
3894,True,True,True,False,False,False,True,False
3895,True,True,True,True,True,True,True,True
3896,False,True,False,True,False,False,True,False
3897,True,True,False,False,True,False,False,False
3898,True,False,True,False,True,False,False,False
3899,True,True,False,False,False,False,True,True
3900,True,False,True,True,False,True,True,False
3901,True,True,False,True,False,True,False,False
3902,True,True,True,False,False,True,False,True
3903,False,False,False,False,True,True,True,True
3904,False,False,True,True,False,False,False,True
3905,True,False,True,True,False,False,True,True
3906,True,False,True,False,False,True,False,False
3907,False,False,True,True,True,True,True,True
3908,True,True,False,False,True,False,True,True
3909,True,False,True,True,False,False,False,True
3910,True,True,False,True,True,False,True,True
3911,False,True,False,False,True,True,True,True
3912,False,False,True,True,True,False,False,True
3913,True,True,False,False,False,True,True,False
3914,True,False,False,True,True,False,True,False
3915,False,True,False,False,True,True,False,True
3916,True,True,True,False,False,False,False,True
3917,True,False,True,True,True,False,True,False
3918,True,True,False,True,False,True,False,True
3919,True,False,True,False,False,True,False,True
3920,False,False,False,False,True,True,True,False
3921,True,True,False,False,False,True,True,False
3922,False,True,True,True,True,False,False,False
3923,False,True,True,False,False,False,False,False
3924,False,True,True,True,True,True,False,True
3925,False,False,True,True,False,True,False,False
3926,False,False,False,True,True,True,True,True
3927,True,False,True,False,True,True,True,True
3928,True,False,True,True,True,True,True,True
3929,True,False,False,False,False,False,False,False
3930,False,True,False,False,False,True,False,False
3931,True,True,False,True,True,True,False,False
3932,False,False,False,False,False,True,True,False
3933,True,True,True,False,True,True,True,False
3934,False,False,True,True,True,True,False,True
3935,False,True,False,False,False,True,True,False
3936,False,True,False,True,False,False,True,True
3937,False,True,True,False,True,False,False,True
3938,False,True,True,False,False,False,False,False
3939,True,False,True,True,False,False,True,True
3940,True,False,True,False,False,True,False,False
3941,True,False,True,True,True,False,True,True
3942,False,True,True,True,False,True,True,False
3943,True,True,True,False,False,False,True,False
3944,True,True,True,False,True,True,True,False
3945,True,False,False,False,False,True,True,True
3946,False,False,True,False,True,True,True,False
3947,True,False,False,True,False,False,False,False
3948,True,False,False,True,True,False,True,False
3949,False,True,False,False,True,False,False,False
3950,True,True,False,False,True,True,False,True
3951,True,False,True,True,True,True,False,True
3952,False,False,True,False,True,True,False,True
3953,True,False,True,True,True,True,False,True
3954,True,False,True,False,True,True,False,True
3955,True,True,True,True,True,False,False,False
3956,False,False,False,True,False,True,False,False
3957,True,False,False,False,True,True,True,False
3958,False,True,True,False,True,True,False,False
3959,True,False,True,True,False,False,False,False
3960,False,True,False,True,False,True,True,True
3961,False,True,True,False,True,True,True,True
3962,True,True,False,True,True,True,False,False
3963,True,False,False,False,True,False,True,True
3964,True,True,False,True,True,True,False,False
3965,False,False,True,False,False,False,True,True
3966,False,True,False,True,True,True,False,False
3967,False,False,False,False,False,True,True,True
3968,True,True,False,True,False,False,True,True
3969,True,True,False,False,False,True,False,True
3970,True,True,False,False,True,False,True,False
3971,True,True,False,False,True,True,True,True
3972,True,True,False,True,True,False,False,True
3973,True,True,False,True,False,True,True,True
3974,True,False,True,False,True,False,True,False
3975,False,False,False,True,False,False,True,False
3976,True,False,False,True,True,True,True,True
3977,False,True,True,False,False,False,True,True
3978,True,True,True,True,False,False,True,True
3979,False,True,False,True,True,True,True,False
3980,False,False,False,True,False,False,True,True
3981,True,False,False,False,False,False,False,True
3982,False,False,True,True,False,False,False,False
3983,True,False,False,False,False,False,False,False
3984,True,False,True,False,False,False,False,False
3985,True,False,True,True,True,True,False,False
3986,True,False,False,True,False,True,False,False
3987,False,False,True,True,True,True,False,True
3988,False,True,True,True,True,False,False,False
3989,True,False,True,False,True,True,False,False
3990,False,True,False,True,False,False,True,True
3991,False,False,True,True,True,True,True,False
3992,False,False,True,True,False,False,True,False
3993,True,False,True,False,False,True,True,True
3994,False,False,False,True,False,False,True,False
3995,False,True,True,False,True,True,False,True
3996,False,True,True,True,True,True,True,True
3997,False,True,True,True,False,True,False,False
3998,False,True,False,False,True,False,True,False
3999,True,True,False,True,True,False,True,True
4000,False,True,False,False,False,False,False,True
4001,True,True,False,True,True,True,True,False
4002,True,False,True,False,False,False,True,True
4003,True,False,True,False,False,True,True,False
4004,False,False,True,True,False,True,True,False
4005,False,False,False,False,False,False,True,True
4006,False,False,False,True,False,True,True,True
4007,False,True,False,True,True,True,True,True
4008,True,True,False,False,True,True,True,False
4009,True,False,False,True,False,True,True,True
4010,False,True,False,False,False,True,False,True
4011,False,True,False,True,False,False,True,False
4012,True,True,True,True,False,False,True,True
4013,True,False,True,True,True,True,False,True
4014,False,False,True,True,False,True,True,False
4015,False,True,True,True,True,True,True,False
4016,True,False,False,True,False,True,True,True
4017,True,False,True,False,False,True,True,True
4018,True,False,False,False,False,False,True,False
4019,True,False,True,True,False,True,False,True
4020,False,False,False,False,True,True,False,True
4021,False,True,True,True,True,True,True,False
4022,True,False,False,False,False,True,True,False
4023,True,False,False,True,True,True,True,True
4024,False,True,False,True,True,True,True,False
4025,True,False,True,True,True,False,False,False
4026,False,True,True,False,True,False,True,True
4027,False,True,True,True,True,True,True,False
4028,False,True,False,True,True,True,True,False
4029,True,True,False,True,True,True,False,True
4030,False,False,True,False,True,False,True,True
4031,True,True,False,True,True,True,False,True
4032,False,True,True,True,True,False,False,True
4033,False,True,False,True,False,True,False,False
4034,True,True,False,False,True,False,True,False
4035,False,False,True,True,True,False,True,False
4036,False,True,False,True,True,True,False,False
4037,True,True,True,False,False,True,True,False
4038,False,True,True,True,True,True,True,True
4039,False,False,True,False,True,True,False,False
4040,False,True,False,True,True,True,False,False
4041,False,False,True,False,False,False,True,False
4042,False,True,True,True,False,False,False,False
4043,False,False,True,False,True,True,True,True
4044,False,False,False,True,True,True,False,False
4045,False,False,True,False,True,True,False,False
4046,False,True,True,False,True,True,True,False
4047,True,False,False,False,False,True,False,True
4048,False,False,True,False,False,False,False,True
4049,True,False,False,True,False,False,True,True
4050,False,False,False,True,True,False,True,False
4051,True,False,True,True,True,False,False,False
4052,False,True,False,False,False,True,False,True
4053,True,False,True,True,False,True,True,False
4054,True,True,False,True,True,False,False,True
4055,True,True,False,True,False,False,True,False
4056,True,True,False,False,False,False,True,False
4057,False,True,True,False,True,False,True,True
4058,False,False,False,True,False,False,False,False
4059,True,False,False,False,False,False,True,False
4060,False,False,True,False,False,True,True,False
4061,False,True,True,False,False,False,False,True
4062,True,False,False,True,True,False,True,False
4063,False,False,False,False,True,True,False,True
4064,True,True,False,True,False,False,False,False
4065,True,False,False,False,True,True,False,True
4066,False,False,False,False,False,True,False,False
4067,True,False,True,True,True,False,True,True
4068,False,True,False,False,True,False,False,False
4069,True,True,True,True,True,False,True,True
4070,True,False,True,False,True,False,True,True
4071,True,True,False,False,True,False,True,False
4072,True,False,True,False,True,True,False,True
4073,False,True,True,True,False,False,False,True
4074,False,True,True,True,False,False,False,True
4075,False,True,True,True,True,False,False,True
4076,True,False,True,False,False,True,False,False
4077,False,False,False,True,True,True,False,True
4078,True,False,False,False,True,False,False,True
4079,True,False,False,True,False,False,True,True
4080,True,True,True,False,False,False,False,False
4081,False,True,True,False,False,True,True,True
4082,False,False,False,False,False,False,True,False
4083,True,True,False,True,True,True,True,False
4084,False,True,True,False,False,True,False,False
4085,True,True,True,True,False,True,True,True
4086,False,True,False,False,True,True,False,False
4087,True,True,True,True,True,False,False,True
4088,False,True,True,False,False,False,False,False
4089,True,False,True,False,False,True,False,False
4090,True,True,False,False,True,True,True,False
4091,True,True,False,True,True,True,False,True
4092,False,True,False,False,True,True,True,False
4093,False,True,True,False,False,True,True,True
4094,True,True,True,True,False,False,True,True
4095,False,True,False,True,False,False,False,False
4096,True,True,False,True,False,False,False,False
4097,True,False,False,False,True,False,True,True
4098,False,False,False,True,False,False,False,False
4099,True,False,True,False,True,True,True,False
4100,True,True,False,False,False,True,False,True
4101,True,False,False,True,False,False,False,False
4102,False,False,True,False,False,False,True,True
4103,False,False,True,True,True,False,False,True
4104,False,True,True,False,True,True,True,True
4105,False,False,False,True,True,True,True,True
4106,True,False,True,True,False,False,False,False
4107,True,False,True,True,True,False,False,True
4108,True,True,True,True,True,True,False,True
4109,True,False,False,False,False,True,True,True
4110,True,False,False,True,True,False,True,False
4111,True,True,True,True,True,False,False,True
4112,False,True,False,False,False,True,True,False
4113,False,True,True,True,False,True,True,True
4114,True,True,True,False,False,True,False,False
4115,False,True,False,False,False,False,False,True
4116,True,False,False,False,False,False,True,True
4117,True,False,False,False,True,False,False,True
4118,True,False,True,False,True,False,True,False
4119,True,True,False,True,False,False,True,False
4120,True,False,True,True,True,False,False,True
4121,False,True,False,False,True,False,True,True
4122,False,True,False,False,True,False,True,True
4123,False,True,True,False,False,False,True,True
4124,True,False,False,True,False,True,False,False
4125,True,False,False,True,True,False,True,False
4126,False,True,True,True,False,True,True,False
4127,False,True,False,False,False,False,True,True
4128,True,False,True,False,False,False,False,True
4129,False,False,False,True,True,True,False,False
4130,True,False,True,True,False,True,True,False
4131,True,True,False,False,False,False,True,False
4132,False,True,True,True,True,False,True,True
4133,False,True,False,False,False,True,True,True
4134,False,False,True,True,True,False,False,False
4135,True,True,False,False,True,True,False,True
4136,False,False,False,False,False,True,False,True
4137,False,True,True,True,False,False,True,False
4138,False,True,False,True,True,True,False,True
4139,False,False,False,False,False,False,True,True
4140,True,True,True,True,False,True,False,True
4141,True,True,True,False,False,False,False,False
4142,False,True,True,False,True,True,False,False
4143,True,True,False,True,False,True,True,True
4144,True,False,False,False,True,True,False,False
4145,False,True,False,False,True,False,False,True
4146,False,True,False,False,False,False,False,False
4147,True,True,False,True,False,True,False,False
4148,True,False,True,False,False,True,False,False
4149,False,False,False,True,True,False,True,False
4150,True,False,True,True,False,False,True,True
4151,False,True,True,True,True,False,False,True
4152,False,False,True,True,False,True,True,True
4153,True,True,False,False,True,True,False,False
4154,False,False,True,False,False,False,False,False
4155,True,False,True,True,False,False,False,True
4156,True,False,False,True,False,False,True,False
4157,True,False,False,False,False,False,True,True
4158,False,False,False,True,True,True,True,True
4159,True,False,True,False,False,False,True,False
4160,False,True,False,False,False,False,True,True
4161,True,True,True,False,False,False,False,False
4162,False,True,True,False,False,True,False,False
4163,True,True,True,True,True,False,True,True
4164,False,False,False,True,True,True,False,True
4165,False,True,False,True,True,True,False,True
4166,False,False,True,False,False,True,True,False
4167,True,False,False,False,False,True,True,True
4168,True,True,True,True,False,False,True,True
4169,True,False,True,True,False,False,False,False
4170,True,True,True,False,True,False,True,True
4171,False,False,True,False,True,True,False,True
4172,True,False,False,False,False,True,True,False
4173,False,False,True,False,False,True,False,False
4174,True,True,False,True,False,True,False,True
4175,True,True,False,False,False,True,True,False
4176,False,False,False,False,True,True,True,True
4177,False,True,False,False,True,True,True,False
4178,True,True,True,True,True,True,False,False
4179,True,True,False,True,True,False,True,False
4180,True,True,False,False,True,True,True,True
4181,True,True,True,False,False,True,False,True
4182,False,True,False,False,False,False,True,False
4183,False,True,False,True,False,True,True,True
4184,False,True,False,False,True,True,False,True
4185,False,True,False,True,True,False,True,True
4186,False,True,True,True,False,True,True,False
4187,False,False,False,True,True,True,False,False
4188,False,True,False,False,True,True,False,True
4189,False,False,True,False,False,False,True,False
4190,True,False,False,False,True,True,True,True
4191,False,True,False,False,True,False,True,False
4192,True,True,False,False,False,True,True,True
4193,False,True,True,True,False,True,True,True
4194,False,False,True,False,True,True,True,False
4195,True,False,False,False,False,False,True,True
4196,True,False,False,True,False,False,True,False
4197,False,True,True,True,True,False,True,False
4198,True,True,True,True,False,True,True,False
4199,False,True,False,True,False,True,False,False
4200,True,True,True,False,True,True,True,True
4201,True,False,True,False,True,False,False,False
4202,True,False,True,False,True,True,False,False
4203,False,True,False,False,True,True,True,False
4204,False,False,True,False,True,True,True,False
4205,True,True,False,True,True,False,False,True
4206,True,False,False,False,False,False,True,True
4207,True,True,False,False,True,True,True,True
4208,True,True,True,True,False,False,True,False
4209,True,False,True,True,False,False,False,False
4210,False,True,False,False,False,False,False,False
4211,False,True,True,False,True,False,False,True
4212,False,False,True,True,True,True,False,False
4213,True,False,False,True,False,True,True,False
4214,True,True,True,False,False,True,True,False
4215,False,True,False,True,False,True,False,False
4216,False,True,True,True,False,False,False,True
4217,True,True,True,True,True,True,False,False
4218,True,True,True,True,True,True,False,True
4219,False,False,True,False,True,True,True,True
4220,False,True,True,False,False,True,False,False
4221,True,False,False,False,False,True,True,False
4222,True,True,False,False,False,True,True,True
4223,True,False,False,False,False,True,False,True
4224,True,False,True,True,False,False,False,True
4225,False,False,False,False,False,True,False,True
4226,False,False,True,False,True,False,True,True
4227,True,False,False,True,True,True,False,False
4228,True,False,True,True,False,True,False,False
4229,True,False,False,True,True,True,False,True
4230,False,True,False,True,True,False,False,True
4231,False,False,True,True,True,True,True,True
4232,False,True,False,False,False,True,False,False
4233,False,False,True,True,False,False,False,False
4234,False,False,False,True,False,False,True,False
4235,False,True,False,True,False,True,True,False
4236,False,True,False,False,False,True,False,True
4237,True,True,True,False,False,False,False,True
4238,False,False,False,False,True,False,True,True
4239,False,False,True,False,True,False,False,True
4240,True,False,True,False,False,True,False,True
4241,False,False,True,False,False,True,False,False
4242,False,False,True,True,False,False,False,True
4243,False,False,True,True,True,False,False,False
4244,True,False,True,True,True,False,False,True
4245,False,True,True,False,False,True,False,False
4246,True,False,False,True,False,True,True,True
4247,True,False,True,False,True,True,True,False
4248,False,False,False,True,True,False,True,False
4249,False,True,True,True,True,True,True,True
4250,False,True,False,False,True,False,False,True
4251,True,False,True,False,True,False,True,True
4252,False,False,False,False,False,True,False,True
4253,True,True,True,True,True,False,True,False
4254,False,False,False,True,False,False,True,True
4255,True,False,True,True,False,True,False,False
4256,True,False,True,True,True,False,True,True
4257,False,False,False,True,True,False,False,False
4258,True,False,True,True,False,True,True,False
4259,False,True,False,True,True,False,True,True
4260,False,False,True,False,False,False,True,False
4261,True,True,False,True,True,True,True,False
4262,True,False,False,False,True,True,False,False
4263,False,True,False,False,True,False,False,False
4264,False,True,True,True,False,False,True,False
4265,True,False,True,False,False,True,True,False
4266,True,False,True,True,False,False,True,True
4267,True,False,False,False,True,False,False,True
4268,False,False,True,False,True,True,False,False
4269,False,False,False,True,True,False,True,False
4270,True,True,True,True,False,False,True,True
4271,False,True,True,True,False,False,True,True
4272,False,True,False,True,False,True,False,True
4273,False,True,True,True,True,True,True,True
4274,False,True,False,True,False,True,False,False
4275,False,True,False,False,False,False,False,True
4276,False,True,False,False,False,True,False,False
4277,False,True,True,True,True,True,True,False
4278,True,False,True,True,False,True,True,True
4279,False,True,True,True,True,True,False,True
4280,False,False,True,True,True,False,True,False
4281,False,False,True,True,False,False,True,False
4282,True,True,True,False,False,True,False,True
4283,True,True,True,True,True,False,False,False
4284,False,False,True,True,False,True,True,True
4285,False,True,True,True,False,True,True,False
4286,False,False,False,True,False,False,False,True
4287,False,True,True,False,False,True,True,False
4288,False,False,True,True,True,True,False,True
4289,True,False,True,False,True,False,True,False
4290,False,True,True,False,False,False,False,False
4291,True,True,True,False,False,True,False,True
4292,False,True,True,True,True,False,False,True
4293,False,False,True,True,True,False,False,False
4294,False,True,True,True,True,False,True,True
4295,True,False,True,True,True,True,False,True
4296,True,True,False,False,True,False,False,False
4297,False,False,False,True,False,False,True,True
4298,False,True,False,True,False,False,False,True
4299,False,False,True,True,False,True,True,False
4300,True,False,True,True,False,False,False,False
4301,True,True,True,False,False,False,True,False
4302,True,True,True,False,True,True,True,True
4303,False,True,False,True,True,True,False,False
4304,False,False,False,True,True,True,True,True
4305,False,True,True,False,True,False,True,True
4306,False,False,False,True,False,False,True,True
4307,True,False,False,False,True,True,False,False
4308,True,True,False,False,False,True,False,True
4309,True,True,True,False,True,True,True,False
4310,False,True,True,True,True,True,True,False
4311,False,False,True,True,True,False,True,True
4312,True,True,True,True,False,True,False,True
4313,False,False,False,False,True,False,True,True
4314,False,False,True,True,True,True,False,True
4315,False,True,True,True,True,False,True,True
4316,False,False,True,True,True,True,False,False
4317,True,True,False,False,False,True,True,True
4318,False,True,True,False,False,True,True,False
4319,False,False,True,True,False,True,False,True
4320,False,True,False,False,True,True,False,True
4321,False,False,True,False,True,False,True,True
4322,True,False,False,True,False,True,True,True
4323,False,True,False,True,False,False,False,True
4324,True,True,False,True,False,True,True,True
4325,True,False,True,False,True,True,True,False
4326,True,True,True,True,True,False,False,False
4327,False,True,True,True,True,False,True,True
4328,False,False,True,True,False,True,False,False
4329,True,True,False,True,False,False,True,False
4330,True,False,True,True,False,True,True,False
4331,False,False,True,False,False,True,False,True
4332,True,True,False,True,True,False,True,False
4333,True,True,True,True,False,True,True,False
4334,True,True,False,True,True,True,False,False
4335,True,False,True,False,True,False,False,True
4336,True,True,False,False,True,True,False,False
4337,False,False,True,True,True,False,False,True
4338,True,False,True,True,True,False,False,False
4339,False,True,True,False,True,False,True,False
4340,False,True,True,True,True,False,False,False
4341,True,True,True,False,False,True,True,True
4342,True,False,True,True,True,False,False,True
4343,True,False,False,True,True,True,False,True
4344,False,False,False,False,True,False,False,True
4345,True,False,False,False,False,True,False,False
4346,False,True,False,True,True,False,True,True
4347,False,False,False,False,False,True,True,False
4348,False,True,True,False,False,True,False,True
4349,False,False,True,False,False,False,True,True
4350,True,False,False,False,False,True,True,False
4351,False,True,True,False,False,False,True,False
4352,False,True,True,False,False,True,True,False
4353,True,False,True,False,True,True,False,False
4354,True,True,False,False,False,False,True,False
4355,False,False,False,True,True,True,False,True
4356,False,True,True,True,False,True,False,False
4357,True,False,True,True,False,True,False,True
4358,True,True,False,False,False,True,False,False
4359,True,False,False,True,False,False,True,False
4360,True,False,True,False,False,True,True,False
4361,True,True,True,True,True,True,False,True
4362,False,False,True,True,True,False,True,False
4363,False,True,True,False,False,False,True,False
4364,False,True,True,True,True,True,True,False
4365,False,False,True,False,False,True,True,True
4366,True,False,True,True,True,False,False,True
4367,True,False,False,False,False,True,False,False
4368,True,False,False,False,True,False,True,False
4369,True,False,False,True,True,False,True,False
4370,True,False,False,True,True,True,True,False
4371,True,True,True,True,True,True,True,True
4372,False,False,False,False,True,False,True,False
4373,False,True,False,False,False,False,False,False
4374,True,True,False,False,False,False,False,True
4375,False,False,True,True,True,False,False,True
4376,True,False,False,True,True,False,False,False
4377,True,False,True,True,True,False,True,True
4378,False,False,False,True,False,True,False,False
4379,False,False,True,False,True,True,False,True
4380,False,True,True,True,False,False,True,False
4381,True,True,False,False,False,True,False,True
4382,False,False,True,True,True,True,False,True
4383,True,True,True,True,False,True,False,False
4384,False,False,False,True,False,False,True,True
4385,True,True,True,True,True,False,False,True
4386,False,False,True,False,False,True,False,False
4387,False,True,True,False,False,True,False,False
4388,False,False,True,True,True,True,True,True
4389,True,False,True,True,False,False,False,True
4390,True,True,True,False,False,False,False,False
4391,True,False,False,False,True,False,False,False
4392,True,False,True,False,True,True,False,True
4393,True,False,False,False,True,False,False,False
4394,False,False,True,False,True,True,True,False
4395,False,False,True,False,False,True,False,False
4396,False,True,True,True,True,True,False,False
4397,True,True,True,False,False,True,True,False
4398,True,False,False,True,True,True,False,True
4399,True,False,True,True,True,False,True,False
4400,True,True,True,False,False,False,True,True
4401,True,True,True,False,False,False,True,True
4402,True,False,True,False,True,True,False,False
4403,True,False,True,True,True,False,True,False
4404,False,False,True,True,False,False,True,True
4405,False,True,True,True,True,True,True,True
4406,False,True,False,True,True,True,True,False
4407,True,True,False,True,False,False,True,True
4408,False,False,False,False,True,False,True,False
4409,False,True,True,False,True,True,False,False
4410,False,False,False,False,False,True,True,False
4411,False,False,True,True,False,True,True,True
4412,True,True,False,False,False,True,False,False
4413,True,True,False,True,True,True,False,True
4414,True,True,True,False,False,True,False,True
4415,True,False,True,False,True,False,True,False
4416,False,False,True,False,False,False,True,True
4417,False,False,True,True,False,False,True,True
4418,False,False,True,True,True,True,False,True
4419,True,False,False,True,True,False,True,False
4420,False,True,False,True,False,True,True,False
4421,True,True,True,True,True,False,True,False
4422,True,False,True,True,True,False,False,False
4423,False,True,False,True,False,True,False,True
4424,True,False,True,False,False,False,False,True
4425,True,True,True,False,True,False,True,False
4426,False,False,True,False,False,True,True,False
4427,False,False,True,False,True,False,False,True
4428,False,False,False,False,True,True,False,False
4429,True,False,False,False,True,False,True,True
4430,True,False,False,True,False,False,True,False
4431,True,False,True,False,True,False,False,False
4432,True,True,False,True,False,False,False,True
4433,True,False,False,False,False,False,True,False
4434,True,False,False,False,True,False,False,True
4435,True,True,False,False,False,True,False,False
4436,True,False,True,True,True,True,True,True
4437,True,False,False,True,False,True,True,True
4438,True,True,False,True,True,False,True,True
4439,False,True,True,False,True,True,True,False
4440,True,False,False,True,True,True,True,True
4441,True,True,True,True,True,True,False,True
4442,False,False,True,False,True,False,True,False
4443,False,True,False,True,False,True,False,True
4444,True,False,False,True,True,False,True,True
4445,True,False,False,False,False,False,True,True
4446,False,True,True,True,False,True,True,False
4447,True,True,False,False,False,False,False,True
4448,True,True,True,True,False,False,False,False
4449,True,True,True,True,True,False,False,True
4450,True,False,False,False,True,True,False,False
4451,False,True,True,False,False,True,False,True
4452,False,True,False,False,True,True,False,False
4453,False,True,True,False,False,False,True,False
4454,False,False,False,False,False,False,True,True
4455,True,False,False,False,True,False,True,True
4456,False,True,True,True,False,False,False,False
4457,True,False,False,True,False,False,True,False
4458,True,False,True,False,False,True,True,False
4459,True,False,True,False,True,False,True,True
4460,False,False,False,True,False,False,True,False
4461,True,True,True,False,False,False,False,False
4462,False,False,False,False,False,True,True,False
4463,True,False,True,True,False,True,True,True
4464,True,False,True,True,True,True,False,False
4465,True,True,True,False,True,True,False,True
4466,False,False,True,False,True,True,True,True
4467,False,False,False,True,True,True,True,False
4468,False,False,False,False,True,False,True,False
4469,False,True,True,True,False,True,False,True
4470,False,True,False,True,False,False,True,False
4471,True,False,True,True,True,True,False,True
4472,False,True,True,False,True,True,False,False
4473,False,False,False,True,True,False,True,False
4474,True,True,True,False,False,False,False,False
4475,True,True,False,True,False,False,False,False
4476,True,True,True,False,False,False,True,False
4477,True,True,True,True,False,False,True,True
4478,False,True,True,True,True,True,False,True
4479,False,False,True,False,False,True,True,True
4480,False,True,False,False,True,True,False,False
4481,True,True,False,True,False,True,False,False
4482,False,False,True,False,False,True,False,True
4483,True,True,True,False,True,True,True,True
4484,True,True,True,True,False,True,False,True
4485,True,False,False,True,True,False,True,False
4486,False,True,False,False,True,True,False,True
4487,True,False,True,False,True,True,True,True
4488,False,True,True,True,False,False,False,False
4489,False,True,True,True,True,True,True,True
4490,False,False,True,False,False,True,True,False
4491,True,True,True,False,True,True,False,False
4492,True,True,True,False,False,False,False,False
4493,True,True,True,True,False,False,False,False
4494,False,True,False,True,False,True,True,True
4495,True,False,False,False,False,True,True,True
4496,False,False,True,True,True,False,True,True
4497,False,True,True,True,True,False,False,True
4498,False,True,False,True,True,False,True,False
4499,False,True,True,True,True,True,False,True
4500,True,False,True,False,False,True,True,True
4501,False,False,True,False,True,True,False,True
4502,True,False,True,False,False,False,False,False
4503,False,True,True,False,True,False,False,True
4504,False,True,True,False,True,True,False,False
4505,False,False,True,False,False,True,False,False
4506,False,False,True,True,False,False,False,True
4507,False,False,False,True,False,False,False,False
4508,True,True,True,False,True,False,True,True
4509,False,False,False,False,True,False,False,True
4510,False,False,True,False,True,False,False,False
4511,False,False,True,True,True,False,False,False
4512,True,True,False,False,True,False,False,True
4513,False,True,False,True,False,False,True,False
4514,False,True,True,True,False,False,False,True
4515,True,False,False,True,False,True,True,False
4516,True,True,False,False,True,False,False,False
4517,True,True,True,True,False,False,False,False
4518,True,False,False,True,True,False,True,True
4519,True,True,True,True,True,True,True,True
4520,False,False,False,False,False,True,True,False
4521,False,False,True,True,True,True,True,True
4522,False,False,True,False,False,True,False,True
4523,False,True,False,True,True,False,False,True
4524,True,True,True,True,True,True,True,False
4525,False,False,True,True,True,True,True,True
4526,False,True,True,True,False,False,False,True
4527,True,False,True,True,True,False,False,False
4528,True,False,False,True,False,False,True,False
4529,False,True,False,False,True,True,True,False
4530,False,True,True,True,True,False,False,True
4531,True,False,False,False,True,True,True,True
4532,False,True,True,True,True,False,False,False
4533,False,False,True,True,False,True,True,True
4534,False,False,True,True,True,True,True,True
4535,False,False,False,True,False,False,True,False
4536,False,True,True,True,True,False,True,False
4537,True,False,False,False,True,False,True,True
4538,False,True,False,True,True,False,True,True
4539,False,True,True,True,True,False,True,False
4540,True,True,False,True,True,True,True,False
4541,True,True,False,False,True,False,False,False
4542,False,False,False,True,True,True,True,True
4543,True,False,False,False,True,True,True,False
4544,True,False,False,False,False,False,True,False
4545,False,False,True,False,True,True,False,True
4546,False,True,True,False,True,False,False,True
4547,True,False,False,False,True,False,True,True
4548,True,True,True,False,False,True,False,True
4549,True,True,True,False,True,True,True,True
4550,True,True,False,True,False,False,False,False
4551,True,False,True,True,False,False,False,True
4552,True,False,True,True,True,False,False,True
4553,True,True,True,False,False,True,True,False
4554,True,True,False,False,True,True,True,True
4555,True,True,False,True,False,True,False,True
4556,False,False,False,True,True,False,True,False
4557,False,True,True,False,False,True,False,False
4558,False,False,False,False,True,True,False,True
4559,True,False,True,False,False,False,True,True
4560,True,True,True,True,False,False,False,False
4561,True,False,False,True,True,True,False,False
4562,True,False,True,False,False,False,False,False
4563,False,False,False,True,False,True,True,False
4564,True,False,True,False,True,True,True,False
4565,True,True,False,False,True,True,True,True
4566,False,True,True,False,False,True,True,True
4567,False,False,True,True,True,True,False,False
4568,False,False,False,True,False,False,False,True
4569,True,True,True,True,True,False,False,False
4570,False,True,True,True,True,False,False,False
4571,True,True,False,True,True,True,False,False
4572,True,True,True,False,False,False,False,True
4573,True,True,False,True,False,True,False,True
4574,False,True,False,True,True,True,True,True
4575,True,False,True,False,False,False,False,True
4576,True,False,True,False,False,False,True,True
4577,False,True,True,False,True,False,False,False
4578,True,True,True,False,True,True,False,True
4579,True,True,True,True,True,False,False,False
4580,False,True,True,False,False,True,False,False
4581,False,False,False,False,False,False,True,False
4582,True,True,True,False,False,True,False,True
4583,True,False,True,True,True,True,True,True
4584,False,True,True,True,False,True,False,True
4585,False,True,True,False,False,False,True,True
4586,False,True,False,False,True,True,True,False
4587,True,True,True,True,False,False,False,False
4588,False,True,True,True,True,True,False,True
4589,False,True,True,False,True,False,True,True
4590,True,False,False,False,False,False,False,True
4591,True,False,True,True,True,True,True,False
4592,False,True,False,False,True,False,True,True
4593,True,True,False,True,False,True,True,True
4594,False,False,False,False,True,True,False,True
4595,False,True,False,True,False,True,True,False
4596,True,True,False,True,False,False,False,False
4597,False,False,False,True,True,True,True,False
4598,False,True,False,True,True,False,False,False
4599,False,True,True,True,False,False,False,True
4600,True,False,True,False,True,True,True,True
4601,False,True,True,True,False,False,True,False
4602,False,False,False,False,False,False,False,False
4603,True,True,True,True,False,True,False,False
4604,True,True,False,False,False,True,True,True
4605,True,True,False,False,True,False,False,True
4606,True,False,False,True,False,False,True,True
4607,True,False,True,False,True,True,False,False
4608,False,True,False,False,False,True,False,True
4609,False,True,False,True,True,True,False,True
4610,False,True,True,True,False,False,False,True
4611,True,True,False,False,False,False,False,False
4612,False,True,True,False,True,True,False,False
4613,False,False,True,False,False,True,False,False
4614,False,False,True,False,True,False,False,False
4615,False,True,True,True,False,True,False,True
4616,False,False,False,True,True,False,True,True
4617,True,False,False,True,False,False,True,True
4618,True,True,True,False,True,True,True,True
4619,False,False,False,True,False,False,False,True
4620,True,True,True,True,False,True,True,False
4621,False,True,False,False,False,False,True,False
4622,True,False,False,False,True,False,False,False
4623,True,True,True,False,False,False,True,False
4624,False,True,False,False,False,False,False,False
4625,True,True,True,True,True,True,False,True
4626,True,True,False,False,False,True,True,True
4627,True,True,False,True,False,True,True,False
4628,False,True,False,False,True,True,False,False
4629,True,True,False,False,True,False,False,True
4630,False,True,False,False,False,True,False,True
4631,False,False,False,False,False,False,True,False
4632,True,True,False,False,False,False,True,True
4633,True,True,True,True,False,True,True,False
4634,False,False,True,True,False,True,False,True
4635,True,True,True,False,False,False,False,False
4636,True,False,False,False,False,False,False,False
4637,False,True,True,True,True,True,False,True
4638,False,True,True,True,True,True,False,True
4639,True,True,False,False,True,False,True,True
4640,False,False,True,True,True,True,False,True
4641,False,True,True,True,True,True,False,False
4642,False,True,False,True,False,True,True,True
4643,False,False,True,False,True,False,False,True
4644,True,True,True,False,False,False,True,False
4645,False,False,True,False,False,True,False,False
4646,False,False,True,False,False,False,False,True
4647,True,True,False,False,False,True,False,True
4648,False,False,False,True,False,False,True,True
4649,True,True,True,True,True,True,False,False
4650,True,False,False,False,True,True,True,True
4651,False,False,False,True,True,False,True,True
4652,True,True,True,True,True,True,False,True
4653,True,True,False,False,False,True,False,False
4654,True,True,True,False,True,False,False,True
4655,True,False,True,True,False,False,True,False
4656,True,False,False,False,False,True,False,False
4657,False,True,False,False,False,False,True,False
4658,False,True,False,False,False,True,True,True
4659,False,False,True,True,False,False,True,True
4660,True,True,False,True,False,True,True,True
4661,True,False,False,True,True,False,True,False
4662,True,True,False,False,False,False,True,False
4663,True,False,True,False,False,False,False,False
4664,False,False,True,True,True,True,True,True
4665,False,False,False,True,False,True,True,False
4666,False,True,False,True,True,True,False,False
4667,False,True,False,True,True,True,False,False
4668,False,False,False,False,True,True,True,False
4669,True,False,True,False,True,False,False,False
4670,False,True,True,False,True,False,True,True
4671,False,True,False,True,True,True,True,True
4672,True,False,True,False,True,False,True,False
4673,True,True,False,False,True,True,False,False
4674,False,True,False,False,True,True,True,False
4675,True,False,False,True,False,False,False,False
4676,True,True,True,True,False,True,True,False
4677,True,True,True,True,True,True,True,True
4678,False,False,False,False,True,True,True,False
4679,True,False,True,True,False,False,True,True
4680,False,True,True,True,True,True,True,True
4681,True,False,True,True,False,True,False,True
4682,True,True,False,True,False,False,False,True
4683,True,True,True,False,True,False,False,False
4684,True,False,True,False,True,False,True,True
4685,True,False,True,False,True,False,False,False
4686,True,True,True,False,False,True,False,False
4687,False,False,False,True,True,False,True,True
4688,True,True,False,True,True,False,False,False
4689,True,True,False,False,True,True,False,False
4690,True,False,True,True,False,True,False,True
4691,True,True,True,False,True,False,False,False
4692,True,False,True,True,True,True,False,True
4693,True,False,False,True,False,False,False,False
4694,True,True,False,False,False,True,True,True
4695,False,True,False,False,True,True,True,False
4696,True,True,False,False,False,True,False,True
4697,False,True,False,False,False,True,True,True
4698,False,False,True,True,True,False,True,True
4699,False,False,True,True,False,True,True,True
4700,True,False,True,True,False,True,False,True
4701,False,False,True,False,False,False,False,False
4702,False,False,False,False,False,True,True,True
4703,False,True,False,True,False,True,True,False
4704,True,False,True,True,True,True,True,True
4705,True,True,False,False,True,True,True,False
4706,True,False,False,True,False,True,False,False
4707,True,False,True,False,True,True,True,False
4708,True,False,False,True,True,False,True,False
4709,True,True,False,False,True,False,True,True
4710,True,True,True,False,True,True,False,False
4711,True,True,False,False,True,True,False,False
4712,True,False,False,False,True,True,True,False
4713,False,False,True,True,True,False,False,True
4714,True,True,False,True,False,True,True,False
4715,False,True,False,True,False,False,True,True
4716,False,True,True,False,False,True,True,True
4717,True,True,True,True,False,False,False,True
4718,True,False,True,False,False,True,True,False
4719,False,True,False,False,False,True,True,False
4720,True,True,True,False,True,True,True,True
4721,False,False,True,True,False,True,True,True
4722,True,True,True,False,False,False,False,True
4723,True,False,False,True,False,False,False,False
4724,False,True,False,False,True,True,True,False
4725,True,False,False,True,False,False,True,False
4726,True,False,False,True,False,True,False,True
4727,False,True,True,True,False,False,False,False
4728,True,False,False,True,True,True,True,False
4729,True,False,True,True,True,False,True,True
4730,True,False,False,True,False,True,False,False
4731,True,False,True,True,True,True,True,True
4732,True,True,True,False,True,True,False,True
4733,True,False,False,False,False,True,False,False
4734,False,True,False,True,True,True,True,True
4735,True,False,True,False,True,True,False,False
4736,True,True,False,False,False,False,True,True
4737,False,True,True,True,True,True,True,False
4738,True,True,False,False,False,True,False,True
4739,True,False,True,True,False,True,True,False
4740,True,True,True,True,True,True,False,True
4741,False,True,True,False,False,False,True,False
4742,True,False,False,False,False,True,True,True
4743,True,True,False,False,True,True,False,True
4744,True,True,True,True,False,False,True,True
4745,False,False,False,True,True,True,False,False
4746,False,True,True,False,False,False,True,False
4747,False,True,True,True,False,False,True,True
4748,True,True,False,False,True,True,True,True
4749,False,False,True,False,False,False,False,True
4750,True,False,False,False,False,True,False,True
4751,False,True,True,True,False,False,True,True
4752,False,False,False,True,True,True,True,True
4753,True,False,False,False,False,False,True,True
4754,True,True,False,False,True,True,True,True
4755,True,True,True,True,False,False,False,True
4756,False,True,True,True,True,False,False,True
4757,False,False,True,False,True,False,True,True
4758,True,True,True,False,True,True,False,False
4759,True,False,False,True,False,True,False,True
4760,True,True,True,True,True,False,False,False
4761,False,True,False,True,True,False,True,False
4762,True,True,False,True,False,True,False,True
4763,True,True,True,False,True,True,True,True
4764,True,True,True,True,False,False,True,False
4765,True,True,False,True,True,False,False,False
4766,True,True,False,True,False,False,False,False
4767,True,True,True,False,False,False,True,False
4768,False,False,False,False,True,False,True,False
4769,False,True,False,True,True,False,False,False
4770,False,True,True,True,True,False,False,True
4771,True,False,False,True,True,False,False,True
4772,True,True,True,True,False,True,False,True
4773,False,False,True,False,True,False,False,True
4774,False,False,True,False,True,False,False,False
4775,False,False,False,True,True,False,False,False
4776,True,False,True,False,False,True,True,False
4777,False,True,False,True,True,True,False,False
4778,True,False,False,False,False,True,True,True
4779,False,False,True,False,False,True,True,True
4780,False,True,False,False,True,True,False,True
4781,False,False,False,True,False,True,True,True
4782,False,False,True,True,False,False,False,True
4783,False,False,False,False,False,True,False,False
4784,True,False,False,True,True,True,False,True
4785,True,False,True,True,False,False,False,False
4786,False,True,False,True,True,False,False,False
4787,True,True,True,False,True,False,True,False
4788,True,False,False,True,False,False,False,True
4789,False,False,False,True,True,False,False,True
4790,False,True,True,True,True,True,False,True
4791,False,True,True,False,False,True,True,True
4792,True,False,True,True,False,False,True,False
4793,True,True,False,False,False,True,True,False
4794,False,True,False,True,True,False,False,True
4795,True,False,True,True,False,False,False,False
4796,True,False,True,False,True,False,True,False
4797,False,False,False,True,False,True,False,True
4798,True,True,False,True,False,False,True,False
4799,True,True,True,False,False,False,True,True
4800,False,True,True,False,False,True,False,False
4801,False,False,True,True,True,False,False,False
4802,False,False,False,True,False,True,False,False
4803,False,False,False,False,False,False,False,True
4804,True,True,False,True,True,False,False,True
4805,False,False,True,True,False,False,False,True
4806,False,True,False,False,False,False,False,False
4807,True,True,False,False,False,False,False,True
4808,True,False,True,False,True,True,False,False
4809,True,True,True,False,False,True,False,True
4810,True,True,False,True,False,False,False,False
4811,True,True,True,False,True,True,True,True
4812,False,True,True,False,True,False,True,True
4813,True,True,False,False,False,False,True,False
4814,True,True,False,False,False,False,True,True
4815,False,True,False,False,False,False,True,False
4816,False,True,True,True,True,False,True,False
4817,True,False,True,False,True,False,True,False
4818,False,False,True,False,True,True,True,False
4819,True,True,False,True,False,True,False,True
4820,False,True,True,True,False,False,True,False
4821,False,True,False,True,True,False,False,True
4822,True,False,False,True,True,True,True,False
4823,False,True,True,False,True,True,False,False
4824,True,True,True,True,True,False,True,True
4825,True,True,True,False,True,False,True,False
4826,False,True,False,False,True,False,True,False
4827,True,True,True,False,True,True,True,False
4828,False,True,False,True,True,False,True,True
4829,False,False,True,True,True,True,False,False
4830,False,False,False,True,False,True,False,False
4831,True,True,False,True,False,True,True,False
4832,True,False,False,False,False,False,False,False
4833,True,False,True,True,True,False,False,True
4834,True,False,True,True,False,True,True,True
4835,True,True,True,True,False,False,True,False
4836,False,False,False,True,True,False,True,True
4837,False,False,False,False,False,True,True,True
4838,False,False,True,False,False,True,False,True
4839,False,True,True,False,False,True,True,True
4840,True,False,False,False,False,True,False,False
4841,True,True,False,False,True,True,True,False
4842,True,False,False,False,False,True,True,True
4843,True,True,False,False,False,True,False,False
4844,False,False,False,True,False,False,True,False
4845,False,True,True,True,False,True,False,True
4846,False,True,False,False,True,True,True,True
4847,True,False,True,True,False,True,False,True
4848,True,True,True,True,True,False,False,False
4849,True,False,False,False,False,False,True,True
4850,False,False,True,True,True,False,True,False
4851,False,False,False,True,True,True,False,False
4852,False,True,False,False,False,False,True,True
4853,True,False,False,False,True,True,True,False
4854,False,True,False,True,False,True,True,True
4855,True,True,False,True,False,True,True,False
4856,False,True,False,False,False,False,True,False
4857,False,True,True,True,False,True,False,False
4858,False,True,False,False,True,False,True,False
4859,False,False,False,False,True,False,False,True
4860,False,True,True,False,False,False,True,True
4861,False,True,True,False,False,False,True,True
4862,False,True,False,False,False,True,True,False
4863,False,True,False,False,False,True,False,False
4864,False,False,False,False,True,False,True,True
4865,False,False,False,False,True,False,False,True
4866,False,False,False,True,True,True,True,True
4867,False,False,True,True,True,True,False,False
4868,False,False,True,False,True,False,False,False
4869,True,True,True,False,False,True,True,True
4870,True,True,False,False,True,False,False,False
4871,True,True,False,False,False,True,True,True
4872,False,True,False,True,False,False,False,False
4873,True,False,False,True,True,False,False,False
4874,True,False,True,False,False,False,True,False
4875,True,True,False,False,True,True,False,True
4876,True,True,False,True,True,False,False,True
4877,False,True,False,False,False,False,True,False
4878,False,True,True,False,False,True,False,True
4879,True,True,False,False,False,True,False,True
4880,False,True,False,True,True,False,True,True
4881,False,True,False,True,False,True,True,False
4882,False,False,False,True,True,True,True,False
4883,False,True,False,False,True,False,False,True
4884,True,False,False,True,True,True,False,False
4885,True,True,False,True,True,False,False,True
4886,False,False,False,False,False,False,False,True
4887,False,False,False,True,True,True,False,False
4888,False,False,False,False,True,False,True,False
4889,False,False,False,True,False,True,False,True
4890,False,True,False,False,False,True,False,False
4891,True,True,False,False,True,False,False,True
4892,True,True,False,False,True,False,False,False
4893,True,False,False,False,False,False,False,True
4894,False,True,False,False,True,True,True,False
4895,False,True,False,False,True,True,True,True
4896,False,True,True,True,False,False,False,False
4897,True,False,True,True,False,False,False,False
4898,True,True,False,False,False,True,True,False
4899,False,True,False,False,False,False,False,False
4900,False,False,True,True,True,False,True,True
4901,True,False,True,True,False,False,True,False
4902,False,True,True,True,True,True,True,False
4903,False,True,False,False,False,True,False,False
4904,False,True,False,True,True,False,False,False
4905,False,True,True,False,False,False,True,False
4906,True,True,False,False,True,True,True,True
4907,True,True,False,True,False,False,False,True
4908,False,False,True,True,True,False,False,True
4909,False,True,False,False,True,True,False,False
4910,True,False,False,False,False,False,False,True
4911,True,False,False,True,False,False,False,True
4912,False,True,False,True,False,True,False,False
4913,True,False,True,True,False,False,True,False
4914,False,True,True,True,True,True,True,True
4915,True,True,True,False,True,True,True,False
4916,False,True,False,True,False,True,False,True
4917,False,False,False,True,False,False,False,False
4918,True,True,False,True,True,True,True,True
4919,True,False,False,True,False,True,False,False
4920,False,False,False,True,True,True,True,False
4921,False,False,True,True,False,True,False,False
4922,False,True,False,True,False,False,True,True
4923,False,True,True,False,True,False,False,False
4924,True,True,True,True,False,False,True,True
4925,False,True,False,False,False,False,True,False
4926,True,True,False,True,True,False,True,True
4927,True,True,True,False,True,True,True,False
4928,True,False,False,True,True,False,True,True
4929,True,True,True,False,True,True,False,True
4930,True,False,False,False,False,True,False,True
4931,False,True,False,True,True,True,False,True
4932,False,False,False,True,True,True,True,True
4933,True,True,False,False,True,False,True,True
4934,True,False,True,False,False,True,False,True
4935,True,True,True,True,False,True,True,False
4936,True,False,True,False,True,True,True,False
4937,False,False,False,False,True,True,False,False
4938,False,False,False,False,False,True,True,False
4939,False,False,True,True,False,False,False,True
4940,False,False,False,True,False,False,False,True
4941,False,True,True,False,True,False,True,False
4942,True,True,True,False,True,False,True,False
4943,True,False,False,False,True,True,True,False
4944,False,True,False,True,True,False,False,True
4945,True,False,True,False,True,False,True,True
4946,False,True,False,False,False,True,False,False
4947,False,True,False,True,False,True,True,False
4948,True,True,False,False,False,False,False,False
4949,True,True,True,True,True,True,True,False
4950,True,True,True,True,True,False,True,False
4951,False,False,True,False,False,True,False,False
4952,True,True,False,False,False,False,True,False
4953,True,True,False,False,False,True,False,False
4954,False,True,False,False,False,False,True,True
4955,True,False,False,True,True,False,True,True
4956,True,True,True,False,False,False,False,False
4957,False,True,True,False,True,False,True,True
4958,False,True,False,False,False,True,False,True
4959,True,True,False,False,True,True,False,False
4960,False,False,True,False,False,True,True,False
4961,True,False,False,False,True,False,True,True
4962,True,True,False,True,True,False,True,True
4963,False,False,False,True,True,True,False,False
4964,True,True,False,True,False,True,False,False
4965,False,False,False,True,True,False,False,False
4966,True,False,False,True,False,False,True,False
4967,True,False,False,False,True,False,False,True
4968,False,True,True,False,True,True,False,False
4969,True,False,False,False,True,True,True,False
4970,True,False,True,True,True,True,False,True
4971,False,True,True,False,True,False,True,True
4972,False,False,False,False,False,False,False,False
4973,False,False,False,True,True,True,True,False
4974,False,False,True,True,True,True,True,True
4975,True,False,True,True,False,False,True,False
4976,False,True,True,True,True,False,False,False
4977,False,False,False,True,False,True,True,False
4978,True,True,True,True,True,False,True,False
4979,False,False,True,True,True,False,False,False
4980,True,True,False,False,False,False,False,False
4981,True,True,True,True,True,True,True,False
4982,True,True,True,False,True,False,False,False
4983,True,False,True,False,True,True,False,False
4984,False,False,True,True,False,True,False,True
4985,False,True,False,False,False,True,False,False
4986,False,False,False,False,True,False,True,True
4987,False,False,False,False,True,True,True,False
4988,False,False,True,True,True,False,False,True
4989,False,True,False,True,True,False,True,True
4990,True,True,True,True,False,True,True,False
4991,False,False,False,True,False,False,False,True
4992,True,False,True,True,True,False,True,False
4993,False,False,True,False,True,False,False,False
4994,False,True,True,True,True,True,True,False
4995,False,True,False,True,True,True,False,True
4996,True,True,False,False,False,False,True,False
4997,True,True,False,True,True,True,False,True
4998,True,True,False,True,True,False,True,True
4999,False,True,True,False,True,True,False,True
5000,True,False,True,True,False,False,False,True
5001,False,True,True,True,False,False,False,False
5002,True,False,True,True,True,True,False,True
5003,False,False,False,False,True,False,False,True
5004,True,False,True,False,False,False,False,True
5005,False,True,False,False,False,True,False,False
5006,True,True,False,False,True,True,False,True
5007,False,False,True,False,True,True,False,True
5008,True,True,True,False,False,True,False,True
5009,False,False,False,True,True,False,False,True
5010,False,False,True,False,False,False,True,True
5011,False,False,False,False,True,True,True,True
5012,False,True,False,True,True,True,False,False
5013,False,False,False,False,False,True,True,False
5014,True,True,True,True,False,False,True,True
5015,True,False,True,True,True,False,True,False
5016,False,False,True,False,True,False,False,False
5017,True,True,True,True,False,False,True,False
5018,True,True,True,True,False,False,True,False
5019,True,True,True,True,False,True,False,False
5020,False,False,True,True,True,True,False,True
5021,False,False,True,False,True,False,True,False
5022,False,True,False,False,False,False,False,True
5023,False,False,False,True,True,True,True,False
5024,True,False,True,True,True,False,True,True
5025,True,True,False,True,True,False,True,False
5026,False,False,True,False,True,False,False,False
5027,True,True,False,False,True,True,False,True
5028,True,False,False,True,False,True,True,False
5029,True,False,False,False,True,False,True,False
5030,True,True,True,False,True,True,True,False
5031,True,False,True,False,True,False,True,False
5032,False,True,True,False,True,False,False,True
5033,True,True,False,False,False,True,True,False
5034,True,True,True,True,False,True,True,True
5035,True,False,True,False,False,False,True,True
5036,True,False,True,False,True,False,False,True
5037,True,False,True,True,False,True,False,True
5038,False,False,True,False,True,True,False,False
5039,True,True,True,False,False,False,False,True
5040,True,True,True,True,False,True,True,False
5041,True,True,True,True,False,True,True,True
5042,False,True,False,False,True,True,False,True
5043,False,True,False,True,False,False,False,False
5044,False,False,False,True,False,False,False,False
5045,False,False,False,False,False,True,True,True
5046,True,True,False,False,False,True,False,True
5047,False,True,False,False,False,False,True,False
5048,False,True,True,True,False,True,False,False
5049,True,False,True,True,False,False,False,False
5050,True,False,False,True,True,True,False,False
5051,True,False,False,True,False,False,False,False
5052,False,True,False,False,False,True,True,False
5053,False,True,True,False,False,True,False,False
5054,True,False,True,True,False,True,False,False
5055,True,False,True,True,True,True,True,True
5056,True,True,True,True,False,True,False,False
5057,False,True,False,True,True,True,False,True
5058,True,True,True,False,False,False,False,False
5059,False,True,False,True,False,False,True,True
5060,False,True,False,False,True,False,True,False
5061,True,False,True,True,True,False,True,False
5062,True,True,True,True,True,True,False,False
5063,True,False,True,False,True,True,True,True
5064,True,True,True,False,False,True,True,False
5065,False,True,True,False,False,False,True,False
5066,False,True,True,True,True,False,True,False
5067,False,True,True,False,True,True,True,False
5068,False,False,True,False,False,False,True,True
5069,True,False,True,False,False,True,True,True
5070,False,True,False,False,False,True,False,True
5071,False,True,True,True,False,False,False,True
5072,False,False,True,True,True,False,False,True
5073,True,False,False,True,False,True,True,True
5074,True,False,True,False,True,True,False,False
5075,False,True,False,True,True,False,False,False
5076,True,False,False,False,False,False,True,False
5077,False,False,True,True,True,True,False,True
5078,True,False,True,True,False,False,True,True
5079,True,False,False,False,False,True,False,True
5080,False,True,True,False,False,True,True,False
5081,True,False,True,True,True,True,False,True
5082,False,False,True,False,False,False,False,True
5083,False,False,False,False,True,False,False,True
5084,True,True,True,False,True,False,False,True
5085,True,True,False,False,False,False,True,False
5086,False,False,False,True,False,False,False,False
5087,False,True,False,False,False,False,False,False
5088,False,False,True,True,False,True,False,True
5089,True,False,False,True,False,False,True,True
5090,True,True,False,True,True,True,False,False
5091,False,False,False,False,False,True,False,True
5092,True,False,True,True,True,False,True,False
5093,True,True,False,False,False,False,False,True
5094,True,False,False,False,True,False,True,False
5095,False,False,True,True,True,True,True,False
5096,False,False,False,True,False,True,True,True
5097,True,True,True,True,True,False,True,False
5098,True,True,False,False,False,True,False,True
5099,False,False,True,False,True,False,True,False
5100,True,False,False,False,True,False,True,True
5101,False,True,True,True,False,False,True,True
5102,True,False,False,False,False,True,True,False
5103,False,True,True,False,False,False,True,True
5104,True,False,True,True,False,True,True,True
5105,True,True,False,False,True,False,False,True
5106,False,False,False,False,True,True,False,False
5107,False,True,True,False,True,False,False,False
5108,True,True,False,True,False,True,True,False
5109,False,True,True,False,True,False,True,False
5110,False,False,True,True,True,True,False,True
5111,True,True,True,True,False,False,False,True
5112,False,True,True,False,False,True,False,False
5113,False,False,True,True,True,True,True,False
5114,True,False,False,True,True,False,True,True
5115,False,False,False,True,True,False,True,True
5116,False,True,False,True,False,True,True,False
5117,False,False,False,False,False,False,True,False
5118,True,False,False,True,True,False,True,False
5119,True,True,False,True,False,True,True,True
5120,False,False,False,True,False,True,False,False
5121,False,True,True,True,True,True,True,False
5122,True,True,False,False,True,True,False,False
5123,False,False,True,True,True,False,False,True
5124,True,False,True,False,False,True,True,True
5125,False,True,True,False,True,True,False,False
5126,True,False,False,True,False,False,False,True
5127,False,False,True,False,True,True,False,True
5128,False,True,True,False,False,True,True,False
5129,True,True,True,True,False,True,True,False
5130,True,False,True,False,True,True,False,False
5131,False,False,True,False,False,True,False,False
5132,True,True,True,True,True,False,False,True
5133,False,True,False,True,True,False,False,True
5134,True,True,False,True,True,True,False,False
5135,False,True,True,False,True,True,False,False
5136,False,False,True,False,True,True,True,False
5137,False,False,False,True,True,True,False,True
5138,False,True,True,False,True,True,True,False
5139,False,False,True,True,True,True,False,True
5140,False,True,False,False,False,False,True,False
5141,False,False,True,False,False,True,True,False
5142,False,True,False,False,True,False,False,False
5143,True,False,False,True,True,False,True,False
5144,True,False,False,False,True,False,False,False
5145,False,False,True,True,False,False,True,True
5146,True,True,False,False,False,True,False,False
5147,False,True,False,False,True,True,True,False
5148,True,True,False,True,True,False,True,False
5149,False,True,False,False,False,False,True,False
5150,True,True,True,False,False,True,False,True
5151,True,False,False,False,False,True,False,False
5152,False,True,False,False,True,False,True,False
5153,True,False,False,False,True,False,True,True
5154,False,True,False,False,True,True,True,True
5155,False,False,True,False,False,False,True,False
5156,False,True,False,True,False,False,False,True
5157,False,True,True,True,True,False,True,False
5158,False,False,True,False,False,False,False,True
5159,True,True,False,False,True,False,True,False
5160,False,True,False,False,True,False,True,True
5161,False,False,True,True,False,False,False,False
5162,True,False,True,False,True,False,True,True
5163,True,False,True,True,True,True,True,False
5164,True,True,True,False,True,False,True,False
5165,False,False,True,True,True,False,False,True
5166,False,False,True,True,True,True,True,False
5167,False,False,False,True,False,False,True,False
5168,False,True,False,False,True,False,False,True
5169,False,False,True,True,True,False,True,True
5170,True,True,True,False,True,True,False,True
5171,True,True,True,False,False,False,True,False
5172,False,False,True,False,True,False,True,False
5173,False,True,True,False,True,True,True,False
5174,False,False,False,True,False,False,False,True
5175,True,True,True,True,False,True,True,True
5176,False,True,True,False,False,True,True,False
5177,False,False,False,False,False,False,True,True
5178,False,True,True,False,False,False,True,True
5179,True,False,True,False,True,True,False,True
5180,True,False,True,True,False,True,True,False
5181,False,False,True,False,True,False,True,True
5182,False,True,True,True,True,False,True,True
5183,True,True,False,True,True,False,False,False
5184,True,False,True,True,False,False,True,False
5185,True,False,False,False,False,True,False,True
5186,False,False,True,False,True,False,True,False
5187,True,False,True,True,True,False,True,True
5188,True,True,True,False,True,True,False,False
5189,False,False,False,True,True,True,False,False
5190,False,False,False,False,True,True,True,True
5191,True,True,False,False,False,True,False,True
5192,False,True,True,True,False,True,False,False
5193,False,True,False,True,False,True,False,False
5194,False,True,True,False,True,False,True,False
5195,False,False,True,True,True,True,False,True
5196,False,True,True,True,False,True,True,False
5197,True,False,True,False,True,False,True,False
5198,False,False,True,False,False,False,False,True
5199,False,True,True,False,False,True,True,False
5200,False,False,False,False,True,True,False,True
5201,False,False,True,True,False,False,True,True
5202,False,False,True,False,True,True,False,False
5203,False,False,False,False,True,False,True,False
5204,True,False,True,False,False,True,True,True
5205,False,True,False,True,False,True,False,False
5206,True,True,True,True,True,False,False,False
5207,False,True,False,False,True,False,True,True
5208,False,True,False,False,True,True,False,True
5209,False,True,False,False,True,True,False,True
5210,True,True,False,True,False,True,True,True
5211,True,False,True,False,False,False,False,True
5212,False,True,False,True,True,True,True,True
5213,False,False,True,False,False,True,False,False
5214,False,True,True,True,False,True,False,True
5215,True,False,True,False,False,True,False,False
5216,False,False,True,True,False,False,False,False
5217,False,True,False,False,True,False,False,False
5218,True,True,False,False,True,False,True,False
5219,True,True,False,False,False,False,False,True
5220,False,False,True,False,False,True,True,True
5221,False,True,True,False,False,True,False,True
5222,True,True,False,False,True,False,False,True
5223,False,False,True,True,False,True,False,False
5224,True,False,False,False,False,True,True,True
5225,True,False,False,True,False,False,False,False
5226,False,True,True,True,False,True,True,True
5227,True,False,True,True,False,True,False,True
5228,False,True,True,True,False,False,True,False
5229,False,False,True,False,True,False,False,True
5230,True,True,True,True,False,False,False,False
5231,True,True,False,True,True,False,True,False
5232,True,True,True,True,False,False,False,False
5233,True,False,False,True,False,False,False,True
5234,True,True,True,True,False,False,True,True
5235,True,True,False,False,True,False,False,True
5236,False,False,True,True,False,False,False,False
5237,False,True,True,False,False,True,True,True
5238,True,True,True,False,False,True,True,False
5239,True,False,True,False,True,True,False,False
5240,True,True,False,True,True,True,True,False
5241,False,True,True,True,False,True,False,True
5242,False,True,True,True,False,False,False,True
5243,True,False,False,True,True,True,True,False
5244,False,False,True,True,False,True,True,True
5245,True,False,True,False,True,False,False,True
5246,False,False,False,True,True,False,False,False
5247,True,True,False,False,True,True,True,False
5248,True,True,False,True,True,True,False,False
5249,True,True,True,True,False,True,False,True
5250,False,False,False,False,False,True,False,True
5251,True,True,False,False,False,False,True,False
5252,False,False,False,False,True,True,False,True
5253,True,False,True,False,True,False,False,True
5254,False,False,True,True,True,True,False,True
5255,False,False,False,False,False,False,False,True
5256,False,True,False,False,True,True,False,False
5257,True,True,False,True,False,False,True,True
5258,False,True,True,False,False,False,True,False
5259,True,True,False,False,True,False,True,True
5260,True,True,False,True,True,True,False,False
5261,False,True,True,True,False,True,False,True
5262,True,True,True,False,True,True,True,True
5263,True,True,False,False,False,True,False,True
5264,False,False,False,True,False,True,True,True
5265,True,False,True,False,True,False,False,False
5266,True,False,False,False,True,True,False,True
5267,True,False,False,False,True,True,False,True
5268,True,True,True,False,False,True,True,True
5269,True,False,True,True,False,True,False,True
5270,True,False,True,False,False,True,False,True
5271,True,False,False,True,True,True,False,True
5272,True,False,False,True,True,True,False,True
5273,True,False,True,True,True,True,False,True
5274,False,False,False,True,False,True,False,False
5275,True,False,False,False,False,False,False,True
5276,False,True,True,False,False,False,True,True
5277,True,False,True,True,True,False,True,False
5278,False,True,True,True,True,True,True,True
5279,True,False,False,True,False,True,False,False
5280,True,True,True,False,True,True,False,True
5281,True,True,True,True,False,False,False,True
5282,False,False,True,False,False,False,False,False
5283,True,True,False,True,True,False,False,False
5284,False,True,False,True,True,False,True,True
5285,True,True,False,True,True,True,True,False
5286,True,False,False,False,True,False,False,False
5287,False,False,False,False,False,True,False,False
5288,False,False,True,False,False,False,False,True
5289,False,True,False,False,False,True,True,False
5290,True,False,True,False,False,False,True,False
5291,False,False,True,True,True,True,True,False
5292,False,False,False,False,False,True,True,False
5293,True,True,True,False,True,True,False,True
5294,False,False,True,False,True,True,False,True
5295,False,False,True,True,True,False,False,False
5296,False,True,True,True,False,False,False,True
5297,True,True,False,False,False,False,True,False
5298,True,False,False,False,True,False,True,False
5299,False,False,True,False,True,False,True,False
5300,True,True,False,True,True,True,True,True
5301,True,False,False,True,False,False,False,True
5302,False,True,True,True,False,False,False,False
5303,False,True,False,True,False,False,False,False
5304,False,False,False,False,True,False,True,False
5305,False,True,False,False,False,True,True,True
5306,False,True,False,False,True,False,True,False
5307,False,True,False,False,False,False,True,False
5308,True,True,False,False,True,True,True,False
5309,True,False,True,False,True,True,True,False
5310,False,True,True,True,True,False,True,False
5311,True,True,False,True,True,True,False,True
5312,False,True,True,False,True,False,False,False
5313,True,False,True,False,False,False,True,True
5314,False,False,True,True,True,False,True,False
5315,True,True,False,True,True,False,False,True
5316,True,False,True,False,False,False,False,False
5317,False,False,True,False,True,False,True,False
5318,False,False,False,False,True,False,True,False
5319,False,False,False,True,False,True,True,True
5320,True,False,True,True,False,False,True,True
5321,False,False,True,False,False,False,False,True
5322,True,False,False,False,True,False,False,True
5323,False,False,True,True,False,False,True,False
5324,False,False,False,True,False,True,False,True
5325,True,False,True,True,False,False,False,True
5326,False,True,False,True,False,True,True,True
5327,True,False,True,True,True,True,True,False
5328,True,True,False,True,False,True,False,False
5329,False,False,False,False,True,False,False,True
5330,False,True,False,True,True,False,True,False
5331,False,False,True,False,True,True,False,False
5332,False,False,True,False,True,False,False,True
5333,True,False,True,True,True,True,False,False
5334,False,True,True,True,False,False,False,False
5335,True,True,False,False,True,True,False,False
5336,True,False,False,False,True,True,True,True
5337,False,False,True,False,False,False,True,False
5338,True,True,False,True,False,False,True,True
5339,True,True,False,False,False,True,True,True
5340,False,False,True,False,False,True,False,True
5341,True,True,False,False,True,False,False,False
5342,True,False,True,True,True,False,False,True
5343,True,True,False,True,False,True,True,True
5344,False,True,False,True,False,False,True,True
5345,False,True,False,False,True,False,False,False
5346,True,True,False,False,False,False,True,False
5347,False,False,True,True,True,True,False,False
5348,True,True,False,True,True,False,False,False
5349,False,False,False,True,True,False,True,True
5350,True,True,False,False,False,True,False,True
5351,True,True,True,False,True,False,False,True
5352,True,True,True,True,True,False,False,True
5353,True,False,True,False,True,False,True,False
5354,True,True,True,False,True,False,False,True
5355,False,False,True,False,True,True,False,True
5356,False,True,True,False,False,False,True,False
5357,True,True,False,False,False,True,True,False
5358,False,True,True,True,True,True,True,True
5359,True,False,True,False,True,False,True,False
5360,False,True,True,False,True,False,True,True
5361,True,True,True,True,False,True,True,True
5362,True,False,True,False,False,True,False,True
5363,False,False,True,False,True,False,False,True
5364,False,True,False,False,True,True,True,False
5365,True,False,True,False,True,False,True,True
5366,True,True,True,False,False,False,False,False
5367,True,True,True,True,True,False,False,False
5368,False,True,True,True,False,True,True,True
5369,False,True,False,True,True,False,True,True
5370,False,False,False,True,True,True,False,False
5371,False,False,True,False,True,True,True,True
5372,True,False,False,False,False,False,True,False
5373,False,False,False,True,False,False,True,False
5374,True,True,False,False,False,False,False,True
5375,True,True,True,True,False,False,False,True
5376,False,False,False,True,True,True,True,False
5377,False,False,False,False,True,True,True,True
5378,True,True,True,False,False,False,True,False
5379,False,True,False,True,True,False,False,False
5380,False,True,False,False,False,False,True,False
5381,True,True,True,True,True,False,False,True
5382,False,False,False,True,False,True,False,False
5383,False,False,False,False,True,True,True,False
5384,True,False,False,False,False,False,False,True
5385,True,False,False,False,False,True,True,False
5386,False,True,True,True,True,False,False,False
5387,False,True,False,False,True,False,True,True
5388,False,True,True,True,False,True,True,False
5389,False,True,False,False,True,False,False,True
5390,False,False,False,False,True,True,False,True
5391,False,False,True,False,True,True,False,False
5392,True,False,False,True,True,True,True,False
5393,True,True,False,True,True,True,True,False
5394,True,False,True,True,True,False,True,False
5395,False,True,False,False,True,False,True,False
5396,True,False,True,False,True,True,False,True
5397,False,False,False,False,True,False,False,False
5398,True,False,True,True,True,True,True,False
5399,True,False,True,True,True,False,False,True
5400,True,True,False,False,False,False,True,True
5401,False,True,True,False,True,False,False,False
5402,True,True,True,True,False,False,True,False
5403,False,True,True,False,False,False,True,False
5404,True,False,True,False,True,False,True,False
5405,True,True,True,True,False,False,False,False
5406,False,True,False,True,False,False,True,False
5407,False,False,True,False,False,False,True,False
5408,False,False,False,True,True,True,False,False
5409,False,True,True,False,True,False,False,True
5410,False,False,True,True,True,True,True,False
5411,False,True,False,True,True,True,False,False
5412,True,False,False,False,True,False,True,True
5413,True,True,True,True,True,False,True,False
5414,False,True,True,True,False,True,True,True
5415,False,False,False,False,True,False,False,True
5416,True,True,True,False,True,False,False,False
5417,True,False,False,True,True,False,False,False
5418,False,False,True,True,True,False,False,False
5419,True,False,True,False,False,True,False,True
5420,False,False,True,True,False,True,True,False
5421,False,True,True,False,False,False,False,True
5422,True,False,False,True,False,False,True,True
5423,True,False,False,False,True,True,True,True
5424,False,True,True,False,True,True,False,False
5425,False,False,True,True,True,True,False,False
5426,False,True,False,True,False,False,False,False
5427,True,True,True,False,False,False,True,True
5428,False,False,True,False,False,False,False,False
5429,False,True,False,False,False,False,True,True
5430,True,False,False,True,True,True,True,False
5431,False,True,False,False,False,True,True,True
5432,False,True,False,True,False,True,True,True
5433,True,False,False,False,True,True,True,False
5434,True,True,True,True,False,True,False,False
5435,False,True,False,True,False,True,True,True
5436,True,True,True,False,False,True,False,True
5437,False,True,True,True,True,False,True,True
5438,False,False,True,False,False,True,True,True
5439,True,False,True,True,True,False,True,False
5440,True,True,True,True,True,True,True,True
5441,True,True,True,False,False,False,False,True
5442,True,True,False,True,True,False,False,True
5443,True,True,True,False,False,True,True,False
5444,True,False,False,False,False,False,True,True
5445,True,True,True,True,True,False,False,True
5446,True,True,False,False,False,True,False,False
5447,True,False,True,True,True,True,True,False
5448,True,True,False,True,False,False,True,True
5449,False,False,False,False,False,True,False,True
5450,False,False,False,True,True,True,False,False
5451,True,False,True,True,True,True,True,True
5452,True,False,True,False,True,False,True,False
5453,False,False,False,True,False,True,False,True
5454,True,True,False,True,False,False,False,True
5455,True,True,True,True,False,False,True,False
5456,True,True,True,True,True,False,True,True
5457,True,False,False,True,True,False,True,True
5458,False,False,True,False,True,True,False,True
5459,True,True,False,True,False,True,False,False
5460,False,True,False,False,True,True,False,False
5461,True,True,True,False,False,False,False,True
5462,False,True,True,True,True,False,True,False
5463,False,True,False,True,False,True,True,True
5464,True,False,True,True,False,True,True,False
5465,True,False,True,True,False,True,False,True
5466,False,True,True,True,False,True,False,False
5467,True,False,True,False,False,True,True,False
5468,False,True,False,True,True,True,True,True
5469,True,False,False,True,True,True,False,False
5470,True,False,False,True,True,True,False,True
5471,False,False,True,True,False,False,True,True
5472,False,False,True,False,False,True,True,True
5473,False,True,True,True,False,False,True,False
5474,False,False,True,False,True,True,False,False
5475,True,False,True,False,True,False,True,False
5476,True,False,True,True,True,False,False,True
5477,True,True,False,False,True,True,False,False
5478,True,False,False,False,True,False,False,False
5479,True,True,True,True,False,False,False,True
5480,False,True,True,True,False,True,False,False
5481,True,True,False,True,True,True,True,False
5482,False,False,False,True,True,False,True,False
5483,True,False,False,True,False,True,False,False
5484,False,True,False,True,False,True,False,True
5485,False,True,False,False,False,True,True,True
5486,True,True,True,False,True,True,False,False
5487,False,True,False,False,True,True,False,True
5488,True,False,True,True,False,False,True,False
5489,False,False,True,True,False,False,True,False
5490,False,True,True,False,True,True,True,True
5491,False,False,False,False,True,True,True,True
5492,False,True,False,True,False,True,True,False
5493,False,False,True,False,False,True,True,True
5494,False,False,True,False,False,False,False,False
5495,False,False,True,True,False,True,True,False
5496,False,True,False,True,False,False,False,False
5497,True,True,False,True,False,False,True,False
5498,False,False,False,False,False,True,False,True
5499,True,False,True,True,False,True,True,True
5500,False,False,False,True,True,True,False,True
5501,False,False,True,True,True,True,False,True
5502,False,False,False,False,True,False,True,False
5503,False,False,False,True,False,True,False,True
5504,False,True,False,False,False,False,True,True
5505,True,True,False,False,True,False,False,True
5506,True,False,True,True,True,False,True,False
5507,False,True,False,False,False,True,False,True
5508,False,False,True,True,True,True,True,True
5509,False,False,False,True,True,False,True,False
5510,True,False,True,False,False,False,False,True
5511,False,False,False,True,True,False,True,True
5512,True,False,False,True,True,False,False,False
5513,True,False,True,False,True,False,True,False
5514,False,True,False,False,False,True,True,False
5515,False,True,False,False,True,True,False,False
5516,True,True,True,True,True,True,False,True
5517,True,True,True,False,False,False,True,True
5518,False,False,True,True,True,True,True,False
5519,True,False,False,True,False,False,False,True
5520,False,False,False,True,False,True,True,True
5521,True,True,False,False,True,False,True,False
5522,False,True,True,True,True,True,True,False
5523,False,False,False,True,True,True,True,True
5524,True,False,False,False,False,True,False,False
5525,False,True,True,True,True,True,True,True
5526,True,False,False,False,False,True,False,False
5527,False,False,True,False,False,True,True,True
5528,False,True,True,False,True,False,False,True
5529,False,True,False,False,True,True,False,True
5530,False,False,False,True,True,True,True,False
5531,False,True,True,False,True,True,True,True
5532,True,True,False,True,False,True,True,True
5533,False,True,False,True,False,False,False,True
5534,False,False,True,False,True,False,True,True
5535,True,True,True,False,True,False,True,False
5536,True,False,True,False,False,True,False,False
5537,True,False,False,True,True,True,True,True
5538,False,True,False,False,False,True,False,True
5539,False,False,True,True,False,True,True,True
5540,False,False,False,False,False,False,True,False
5541,False,True,True,True,True,True,True,False
5542,True,True,True,False,False,True,False,False
5543,True,False,False,True,True,True,True,True
5544,True,False,True,True,False,False,False,False
5545,False,False,True,True,False,False,True,False
5546,False,False,False,False,False,True,True,False
5547,True,False,False,False,False,True,False,False
5548,False,False,False,True,True,True,True,True
5549,False,False,True,False,False,True,False,False
5550,True,False,True,True,False,False,True,False
5551,True,True,True,True,False,False,False,True
5552,True,True,False,False,True,True,True,False
5553,False,True,True,False,True,False,False,True
5554,True,True,False,False,True,True,False,True
5555,True,False,False,False,False,False,True,True
5556,True,True,True,True,False,False,True,False
5557,False,False,True,False,True,False,False,False
5558,False,True,False,True,False,True,True,False
5559,True,False,True,False,False,True,True,False
5560,False,False,False,False,True,True,True,True
5561,True,True,True,False,False,True,False,True
5562,True,False,True,True,True,False,True,False
5563,True,False,True,True,False,False,False,True
5564,True,False,False,True,True,True,False,True
5565,False,False,False,True,True,False,True,False
5566,True,False,False,True,True,True,True,False
5567,False,False,False,True,False,True,False,False
5568,False,False,False,False,True,False,False,False
5569,True,True,False,False,True,True,True,False
5570,False,True,True,True,False,False,False,True
5571,False,True,False,False,True,True,False,False
5572,False,True,False,False,False,True,True,True
5573,True,False,False,False,True,False,True,False
5574,True,True,False,False,True,True,True,True
5575,False,True,False,True,False,True,True,False
5576,False,False,True,False,False,False,False,True
5577,True,False,True,True,True,True,True,False
5578,True,False,True,False,True,True,False,False
5579,False,False,True,False,True,False,True,False
5580,True,False,False,False,False,False,False,True
5581,True,True,True,True,True,True,False,True
5582,True,True,True,True,True,False,True,False
5583,True,True,True,False,True,False,True,False
5584,False,False,False,False,True,True,True,True
5585,True,False,False,False,False,False,False,True
5586,False,True,False,False,False,True,True,True
5587,True,False,False,False,True,False,False,True
5588,False,False,True,False,False,True,False,False
5589,True,True,False,False,True,True,True,True
5590,True,True,True,False,False,False,True,True
5591,False,True,False,True,True,False,False,True
5592,True,False,False,True,False,False,True,False
5593,True,True,False,True,False,True,False,False
5594,False,False,True,False,True,False,False,False
5595,True,True,False,True,False,True,False,True
5596,False,True,True,True,True,True,True,False
5597,True,True,True,False,False,False,False,False
5598,True,False,False,True,False,True,False,True
5599,False,True,True,False,False,True,True,False
5600,True,True,True,False,True,True,True,True
5601,False,True,True,True,False,True,True,True
5602,True,False,True,False,True,True,False,True
5603,True,True,True,False,True,True,True,False
5604,True,True,True,True,True,False,True,True
5605,True,True,False,True,True,True,False,False
5606,False,True,True,True,True,True,False,True
5607,False,True,True,False,True,False,False,False
5608,False,False,False,False,False,True,False,True
5609,False,False,True,False,False,False,True,False
5610,False,False,False,True,True,True,False,True
5611,True,False,True,False,False,True,False,True
5612,True,True,False,False,True,False,True,False
5613,True,True,True,False,True,True,False,True
5614,False,True,False,True,True,True,True,True
5615,False,True,False,False,True,True,True,False
5616,False,False,False,False,True,True,True,False
5617,True,True,True,True,False,False,False,False
5618,False,True,False,False,True,True,False,True
5619,False,False,False,False,False,False,True,True
5620,True,False,True,False,True,False,True,False
5621,True,True,True,False,True,False,True,False
5622,False,True,True,True,False,True,True,False
5623,True,True,False,True,False,False,False,True
5624,False,True,False,False,False,True,False,True
5625,True,True,False,False,True,False,True,False
5626,False,True,False,False,True,False,False,True
5627,True,True,True,True,True,True,False,True
5628,False,True,True,True,True,False,True,False
5629,False,True,False,False,False,False,True,False
5630,False,False,True,False,True,True,False,True
5631,True,False,False,True,False,False,False,False
5632,True,True,False,True,False,False,False,True
5633,True,True,True,True,False,True,False,True
5634,True,False,False,False,False,False,True,False
5635,False,True,True,False,True,False,False,True
5636,True,False,False,False,True,False,False,False
5637,False,False,False,True,False,True,True,True
5638,True,False,False,False,False,True,False,True
5639,False,True,True,True,True,False,False,False
5640,True,True,False,False,False,False,True,True
5641,True,False,True,False,True,True,True,False
5642,True,False,True,False,True,True,True,True
5643,False,True,True,True,False,True,False,False
5644,False,False,True,False,True,False,False,False
5645,True,True,False,True,True,True,True,True
5646,True,True,False,True,True,False,True,True
5647,True,True,False,False,False,False,True,False
5648,False,True,False,False,False,True,False,True
5649,True,True,False,True,False,True,False,True
5650,True,False,True,True,True,False,False,False
5651,True,False,False,False,True,True,False,True
5652,True,True,True,True,False,True,False,True
5653,False,True,True,True,True,False,False,True
5654,True,False,True,True,False,True,True,True
5655,True,False,False,False,False,False,True,False
5656,False,True,True,True,True,False,True,False
5657,True,False,True,False,False,False,True,False
5658,False,False,True,False,False,False,True,True
5659,False,True,True,True,True,True,True,True
5660,False,False,True,False,True,False,False,False
5661,True,False,False,False,False,False,False,False
5662,True,True,False,False,False,False,True,True
5663,False,True,True,True,False,False,True,False
5664,True,False,False,True,True,True,True,True
5665,True,True,True,True,True,True,True,False
5666,False,True,False,False,True,True,True,True
5667,True,False,False,False,False,False,False,True
5668,True,True,False,True,False,True,False,True
5669,True,False,False,True,False,False,True,True
5670,False,False,False,True,True,False,False,False
5671,False,False,False,True,False,True,False,False
5672,True,True,True,True,True,False,True,False
5673,False,True,False,True,True,True,True,False
5674,False,False,False,True,True,False,True,False
5675,True,False,False,True,True,True,False,True
5676,True,False,True,False,True,True,False,True
5677,False,True,False,False,True,True,True,True
5678,False,True,True,False,True,False,True,False
5679,False,True,True,True,False,False,True,False
5680,True,False,True,False,False,True,True,False
5681,True,False,True,True,True,True,True,True
5682,True,True,False,True,False,False,True,True
5683,True,False,True,False,False,True,True,True
5684,True,True,False,True,False,False,False,False
5685,True,True,False,True,True,False,True,False
5686,False,True,True,True,True,True,True,False
5687,False,False,True,True,True,False,False,True
5688,True,True,True,False,False,False,True,True
5689,False,True,False,False,True,False,True,True
5690,False,True,True,True,False,False,True,True
5691,False,False,True,False,True,True,False,True
5692,False,False,False,True,True,False,True,False
5693,False,False,True,True,True,True,False,False
5694,False,False,True,True,True,False,True,True
5695,False,True,True,True,True,True,True,True
5696,False,True,True,True,True,True,False,True
5697,False,False,True,True,False,False,True,True
5698,True,False,False,True,False,False,False,True
5699,False,False,True,False,True,True,True,True
5700,False,False,True,True,True,False,False,False
5701,False,True,True,True,True,True,True,True
5702,True,False,True,False,True,True,True,False
5703,False,False,True,True,True,False,False,True
5704,True,False,True,True,False,True,False,False
5705,True,True,True,True,False,False,False,True
5706,False,False,True,False,True,False,False,True
5707,True,False,False,False,True,True,True,True
5708,True,True,False,False,False,False,False,False
5709,True,True,True,True,False,False,False,False
5710,False,True,False,True,False,False,True,True
5711,False,True,True,False,False,True,False,True
5712,True,True,True,True,False,False,False,False
5713,False,True,True,True,True,False,False,False
5714,True,True,False,False,False,True,True,True
5715,False,True,True,False,False,False,True,False
5716,False,True,False,False,True,True,True,True
5717,False,True,False,True,True,True,False,False
5718,False,True,False,False,False,True,False,False
5719,False,True,False,True,True,False,True,True
5720,True,False,False,False,True,True,True,False
5721,True,False,True,False,False,False,True,True
5722,False,False,True,True,False,True,True,False
5723,False,False,False,False,False,False,False,True
5724,True,False,False,False,False,False,True,True
5725,True,True,False,True,False,False,False,True
5726,True,True,True,True,False,True,False,False
5727,False,True,True,True,True,False,False,True
5728,False,False,False,True,True,True,True,False
5729,True,True,False,True,False,False,True,False
5730,True,True,False,True,True,True,False,False
5731,True,True,True,True,False,True,True,True
5732,False,True,False,False,False,True,True,True
5733,True,False,False,False,False,True,True,False
5734,False,True,True,False,False,True,False,False
5735,True,True,True,True,False,True,True,False
5736,False,True,False,True,False,False,False,False
5737,True,False,False,False,False,True,True,False
5738,True,True,True,True,True,True,True,False
5739,False,True,False,True,True,True,False,False
5740,True,True,False,True,True,True,True,False
5741,True,False,False,True,False,False,False,True
5742,False,True,True,False,True,False,True,False
5743,True,True,False,True,False,True,False,True
5744,False,False,True,False,True,True,True,False
5745,False,True,True,False,True,True,False,False
5746,False,False,False,False,True,False,False,True
5747,True,False,True,False,True,False,False,True
5748,False,False,True,True,True,True,False,False
5749,True,True,True,True,False,True,False,False
5750,True,True,True,True,True,True,False,False
5751,True,True,False,True,False,True,False,True
5752,True,True,False,True,False,True,False,True
5753,True,True,True,False,False,False,False,True
5754,False,True,False,False,False,True,True,False
5755,True,True,False,False,False,False,False,True
5756,False,True,True,False,False,True,False,False
5757,True,True,True,True,True,True,True,False
5758,False,False,True,True,True,False,False,True
5759,True,True,True,True,True,True,True,True
5760,False,False,True,False,True,False,False,False
5761,False,False,False,False,False,True,False,False
5762,True,True,False,True,False,True,False,True
5763,False,True,False,True,False,True,False,False
5764,False,False,True,False,True,True,False,True
5765,False,False,True,True,False,False,False,True
5766,False,False,False,True,True,False,True,False
5767,False,False,False,True,False,True,True,False
5768,True,True,False,True,False,True,False,True
5769,False,False,False,False,True,True,False,True
5770,False,True,False,False,True,False,True,False
5771,True,True,False,False,True,True,True,True
5772,True,True,False,False,False,False,True,True
5773,True,False,False,False,True,True,True,True
5774,False,False,False,False,False,True,False,True
5775,False,True,True,False,True,False,False,True
5776,True,True,True,True,False,True,True,True
5777,True,False,True,False,True,True,False,True
5778,False,False,False,True,True,True,True,True
5779,False,False,True,False,False,True,False,False
5780,True,False,True,False,False,True,True,False
5781,True,True,False,False,True,False,True,True
5782,False,True,True,True,True,False,True,True
5783,False,True,False,True,True,False,True,False
5784,False,True,True,False,False,False,True,False
5785,True,True,True,False,True,False,True,False
5786,False,True,True,True,True,False,False,False
5787,False,False,True,False,True,True,False,False
5788,False,True,True,False,True,True,True,True
5789,False,False,True,False,True,True,True,True
5790,True,False,False,True,False,False,True,False
5791,True,True,False,False,False,False,True,False
5792,True,True,True,True,False,False,True,False
5793,True,False,False,False,True,False,False,False
5794,True,True,False,False,True,False,True,True
5795,True,True,False,True,False,True,False,True
5796,False,False,True,False,True,False,True,False
5797,True,True,True,True,True,True,False,True
5798,True,False,False,False,True,True,False,True
5799,False,False,True,True,False,False,True,False
5800,False,True,False,True,False,True,False,True
5801,True,False,True,True,True,True,False,True
5802,False,True,False,True,True,False,True,True
5803,False,True,True,False,False,True,True,False
5804,False,True,False,True,False,True,False,False
5805,False,False,True,False,False,True,True,False
5806,False,True,False,True,True,True,True,True
5807,True,True,True,True,False,True,False,False
5808,True,False,False,False,True,True,True,True
5809,False,False,False,True,True,True,False,False
5810,True,True,True,False,True,True,True,True
5811,False,False,True,False,False,True,True,True
5812,True,False,False,True,True,True,False,True
5813,False,True,True,True,False,True,False,True
5814,False,True,True,True,False,False,False,False
5815,True,False,True,True,True,False,True,True
5816,True,False,False,False,True,True,True,True
5817,False,False,False,False,True,True,False,False
5818,True,False,False,False,True,True,False,True
5819,True,False,False,False,False,True,True,True
5820,True,False,False,False,False,False,True,True
5821,True,True,True,False,True,True,False,True
5822,False,False,True,True,False,False,False,True
5823,True,True,False,True,False,False,False,False
5824,True,False,False,True,True,False,True,False
5825,False,False,False,False,True,False,True,True
5826,True,True,False,False,False,False,True,False
5827,False,False,True,True,False,False,True,False
5828,False,False,True,True,True,False,False,True
5829,False,True,False,True,False,True,False,False
5830,False,True,True,True,True,True,False,False
5831,False,False,True,False,False,False,False,False
5832,False,True,True,True,False,False,False,True
5833,False,True,True,True,True,False,True,False
5834,False,True,True,True,True,False,True,False
5835,False,False,False,False,False,True,True,True
5836,True,True,False,False,False,False,False,True
5837,True,True,False,False,False,False,True,False
5838,True,True,False,False,True,False,True,True
5839,False,False,False,False,True,True,True,True
5840,False,False,True,False,True,True,False,True
5841,False,True,False,True,True,True,False,False
5842,False,False,True,True,True,True,False,False
5843,True,False,True,False,True,False,False,False
5844,True,True,False,True,True,False,True,True
5845,True,False,True,False,True,False,False,False
5846,False,False,False,False,True,False,True,True
5847,False,True,False,False,False,True,False,True
5848,True,False,True,True,True,True,False,True
5849,False,True,True,True,True,True,True,True
5850,True,False,True,False,True,True,False,True
5851,True,False,True,True,False,True,True,True
5852,False,False,True,True,True,False,False,False
5853,False,True,True,True,False,False,False,True
5854,True,True,False,True,False,True,False,True
5855,False,False,False,True,False,False,True,True
5856,True,True,True,False,False,True,False,False
5857,False,False,False,True,True,False,True,True
5858,True,True,False,True,False,True,False,False
5859,False,False,False,False,True,False,True,True
5860,True,True,True,False,False,False,False,True
5861,True,True,True,True,False,True,True,False
5862,True,True,False,True,False,False,True,False
5863,True,True,False,True,True,True,False,False
5864,True,True,True,False,True,False,True,True
5865,False,True,False,True,False,True,True,True
5866,False,False,True,False,True,False,True,False
5867,True,True,True,True,True,True,False,True
5868,False,True,False,False,False,False,False,False
5869,False,True,True,False,False,True,False,False
5870,False,False,True,True,True,False,True,True
5871,False,False,False,True,True,True,False,True
5872,True,False,True,False,False,False,True,True
5873,True,False,True,False,False,True,True,False
5874,False,False,False,True,False,False,False,False
5875,True,False,False,True,False,False,True,False
5876,True,True,False,False,False,True,True,False
5877,True,True,True,True,False,True,False,False
5878,False,True,False,False,False,True,False,False
5879,False,False,True,False,True,True,True,False
5880,False,True,False,True,True,True,True,False
5881,True,True,False,True,True,True,False,False
5882,False,True,False,False,True,False,True,True
5883,False,True,False,True,False,False,True,False
5884,True,False,False,True,False,False,True,False
5885,True,False,True,False,True,False,True,True
5886,False,True,True,True,False,True,True,False
5887,False,True,False,False,False,False,True,True
5888,True,True,True,True,False,False,False,True
5889,True,False,True,True,False,True,False,False
5890,False,False,True,False,False,False,False,True
5891,True,True,True,False,False,True,False,True
5892,True,True,True,False,False,True,False,False
5893,True,False,False,False,False,True,True,False
5894,True,False,False,False,False,False,False,True
5895,True,False,False,True,False,False,True,False
5896,True,True,True,False,False,False,False,False
5897,True,True,True,False,True,False,False,True
5898,False,True,True,False,True,True,True,True
5899,False,True,True,False,False,True,True,True
5900,False,False,True,False,False,False,True,False
5901,False,True,False,False,False,True,False,True
5902,False,False,False,True,False,False,False,True
5903,False,True,False,False,True,True,True,True
5904,False,False,True,False,True,True,True,True
5905,True,False,False,False,False,True,True,True
5906,False,False,False,True,False,True,True,True
5907,False,True,True,True,True,False,True,False
5908,False,False,True,True,True,True,False,False
5909,False,True,False,True,True,False,False,True
5910,False,True,True,True,False,True,True,True
5911,False,True,True,True,True,True,False,True
5912,False,True,True,True,True,True,True,False
5913,True,False,True,False,False,True,False,True
5914,False,False,True,False,False,False,True,False
5915,False,True,False,True,True,False,False,True
5916,True,True,False,False,False,True,False,False
5917,True,True,False,True,True,True,False,True
5918,False,False,False,False,True,False,False,True
5919,True,False,True,True,False,False,False,True
5920,True,False,False,False,False,True,True,False
5921,True,True,True,False,False,True,False,True
5922,True,False,True,True,True,True,False,False
5923,True,False,False,True,False,True,False,False
5924,False,True,True,True,True,True,False,False
5925,False,False,True,False,True,False,False,False
5926,True,False,False,False,True,True,False,True
5927,False,False,False,False,False,False,True,False
5928,False,False,False,False,True,False,True,True
5929,False,True,True,False,True,True,True,False
5930,False,True,True,False,False,True,False,True
5931,False,True,False,True,True,False,True,True
5932,False,True,True,True,False,True,True,True
5933,True,False,False,False,True,True,True,False
5934,True,False,True,True,True,False,False,False
5935,True,False,True,True,False,True,True,False
5936,True,False,False,False,True,True,False,True
5937,True,True,True,True,True,True,False,True
5938,False,False,False,True,True,False,True,True
5939,True,False,True,True,False,False,True,True
5940,False,True,False,True,True,False,False,True
5941,True,False,False,True,True,False,False,True
5942,True,True,False,False,False,False,True,False
5943,False,True,True,True,True,True,True,True
5944,True,False,False,True,False,False,True,False
5945,True,True,False,True,True,False,True,False
5946,False,True,False,False,True,False,True,False
5947,False,True,False,False,False,False,False,True
5948,True,False,True,False,True,True,False,True
5949,False,True,True,True,False,True,False,False
5950,True,True,True,False,False,True,False,True
5951,False,True,True,False,False,True,False,True
5952,False,True,True,True,True,False,False,True
5953,False,False,True,False,False,False,True,True
5954,False,False,False,False,False,True,False,False
5955,True,True,True,True,True,True,False,True
5956,True,False,False,False,False,False,True,False
5957,True,True,False,False,False,False,True,False
5958,False,False,True,True,True,True,False,False
5959,True,False,True,False,True,False,True,False
5960,True,False,True,True,True,False,False,False
5961,False,True,False,False,True,False,True,False
5962,False,True,False,True,False,True,False,False
5963,True,True,False,False,False,False,True,False
5964,False,True,True,True,False,True,False,True
5965,False,False,True,True,False,False,False,True
5966,False,False,True,True,False,False,True,False
5967,False,True,True,True,False,False,False,True
5968,False,True,False,True,False,True,True,False
5969,True,False,True,False,False,True,False,True
5970,False,False,True,False,True,True,True,False
5971,False,True,False,True,True,True,False,False
5972,False,True,False,True,True,False,False,False
5973,True,False,True,True,False,True,True,True
5974,False,True,True,True,False,False,False,True
5975,True,False,False,True,False,True,False,False
5976,False,True,False,True,False,True,False,False
5977,True,True,True,False,False,True,True,True
5978,True,True,False,False,False,False,False,True
5979,True,True,True,True,True,False,False,True
5980,True,False,False,True,True,False,False,False
5981,False,True,True,False,True,False,False,False
5982,False,True,False,False,True,True,False,True
5983,True,False,True,True,True,False,True,True
5984,True,False,False,True,False,False,False,False
5985,False,False,True,False,False,False,True,True
5986,False,False,True,False,False,False,True,False
5987,False,False,True,True,False,True,True,True
5988,False,True,True,False,False,True,True,False
5989,True,False,False,True,True,False,True,True
5990,False,True,True,False,True,False,False,False
5991,True,True,False,True,True,True,False,True
5992,True,True,True,True,True,True,False,False
5993,True,False,False,True,True,True,False,False
5994,False,True,True,True,False,True,False,False
5995,True,True,True,False,True,False,False,True
5996,False,True,True,False,True,False,True,False
5997,False,False,False,True,False,True,False,True
5998,True,False,False,True,False,False,True,False
5999,True,False,True,True,True,False,False,True
6000,True,False,True,False,False,False,False,False
6001,False,True,True,True,False,True,False,True
6002,False,False,False,True,True,False,True,False
6003,True,True,True,True,False,True,False,False
6004,False,False,True,True,True,True,False,False
6005,False,True,False,False,True,True,False,True
6006,True,True,False,True,True,False,True,False
6007,False,False,True,False,True,True,False,False
6008,True,False,False,True,False,True,True,False
6009,False,False,False,False,False,False,False,True
6010,False,False,True,False,False,True,True,True
6011,False,False,True,False,False,False,False,True
6012,True,False,False,False,False,True,False,True
6013,False,False,True,False,False,False,False,True
6014,True,False,False,True,True,True,True,True
6015,False,False,True,False,False,True,True,False
6016,True,False,False,True,False,True,False,False
6017,True,True,False,False,True,True,False,False
6018,False,False,False,False,False,False,True,False
6019,True,True,True,True,True,False,False,False
6020,False,False,False,False,False,True,False,True
6021,True,True,False,True,True,True,False,True
6022,False,False,False,False,False,False,False,False
6023,True,False,False,True,False,False,True,True
6024,False,True,True,False,True,True,True,False
6025,True,False,True,True,False,False,True,False
6026,True,False,True,False,True,True,True,True
6027,False,False,False,False,True,False,True,False
6028,True,False,False,True,False,False,False,False
6029,True,False,True,True,True,True,True,False
6030,False,True,False,False,False,False,True,False
6031,False,False,False,True,True,True,False,True
6032,True,False,True,False,True,False,True,True
6033,True,False,False,False,True,False,True,False
6034,False,False,False,True,True,True,True,False
6035,False,False,False,True,False,True,True,False
6036,True,False,False,True,True,False,False,True
6037,True,True,False,False,False,True,True,False
6038,True,True,False,True,False,True,True,True
6039,False,False,True,False,False,False,True,False
6040,False,True,True,False,True,False,False,True
6041,True,False,False,True,True,True,True,False
6042,True,False,True,True,True,True,False,False
6043,True,True,False,False,False,True,False,True
6044,True,False,True,False,False,True,False,False
6045,False,False,True,False,False,True,False,False
6046,False,False,False,False,True,True,True,False
6047,True,False,True,False,False,False,False,True
6048,False,True,False,False,False,False,True,False
6049,False,False,True,False,False,True,True,True
6050,False,True,False,True,False,True,False,True
6051,False,False,False,True,False,True,True,True
6052,False,False,True,False,False,True,False,True
6053,False,False,True,False,False,True,True,False
6054,False,True,True,True,True,False,True,False
6055,True,True,True,False,True,False,True,True
6056,False,False,True,False,False,False,True,False
6057,False,False,True,False,False,False,True,True
6058,True,True,False,True,True,False,False,False
6059,False,True,False,True,False,True,False,True
6060,False,False,True,False,True,False,False,False
6061,True,True,False,False,False,True,False,True
6062,True,False,True,True,False,True,False,False
6063,True,False,True,True,False,False,False,False
6064,True,False,False,False,False,True,True,False
6065,False,True,False,False,True,True,True,False
6066,True,False,False,True,True,False,False,False
6067,True,True,False,True,False,True,True,True
6068,False,True,True,False,True,False,False,False
6069,False,True,False,False,True,True,False,False
6070,True,True,True,False,False,True,False,True
6071,True,True,True,True,False,True,True,True
6072,False,False,True,True,True,False,True,True
6073,True,False,False,True,True,False,True,True
6074,True,False,False,False,True,True,True,False
6075,False,False,True,True,True,True,True,False
6076,False,True,True,False,True,True,True,True
6077,False,True,True,True,False,False,True,True
6078,False,False,True,False,True,True,True,True
6079,False,True,False,True,False,False,False,False
6080,False,True,False,True,False,True,True,True
6081,True,True,False,True,False,True,True,True
6082,False,True,True,True,False,False,False,False
6083,True,True,True,False,True,True,False,True
6084,False,False,True,False,True,False,True,False
6085,True,True,True,False,True,False,True,True
6086,False,False,True,False,True,True,False,True
6087,False,True,False,False,True,True,False,True
6088,True,True,True,False,False,False,True,False
6089,False,False,False,True,False,False,False,True
6090,False,True,False,False,False,True,False,False
6091,False,False,True,False,True,False,True,False
6092,True,False,True,True,True,False,True,True
6093,True,True,True,False,True,True,False,False
6094,False,True,True,True,True,True,True,False
6095,False,False,True,True,True,True,False,True
6096,False,True,False,False,False,False,False,True
6097,True,False,True,True,True,True,False,False
6098,True,True,True,True,False,False,False,False
6099,True,False,True,True,True,False,False,False
6100,True,False,False,False,True,True,False,False
6101,False,True,False,True,True,False,True,True
6102,False,True,False,False,True,False,False,True
6103,False,True,False,True,True,False,False,False
6104,True,False,True,True,False,True,True,True
6105,False,True,False,False,True,False,False,False
6106,False,False,False,True,False,False,True,True
6107,False,False,False,False,False,True,False,True
6108,False,False,False,False,False,False,False,False
6109,False,True,False,False,False,False,True,True
6110,False,False,True,False,True,False,True,True
6111,False,True,True,True,False,True,True,False
6112,False,True,True,True,True,True,True,False
6113,False,True,False,False,False,False,True,True
6114,False,True,True,False,False,True,False,True
6115,True,True,False,False,True,True,True,False
6116,True,True,False,True,True,False,True,False
6117,True,True,True,False,True,True,True,False
6118,False,False,True,True,False,False,True,False
6119,False,False,True,False,True,True,False,False
6120,False,False,False,True,False,False,True,False
6121,False,False,True,False,True,False,True,False
6122,False,False,True,True,True,False,True,False
6123,True,False,False,False,True,False,True,False
6124,True,False,False,True,False,True,True,False
6125,True,True,False,False,False,False,False,True
6126,True,False,False,False,False,True,True,True
6127,True,False,False,True,True,False,False,True
6128,True,True,False,False,False,False,False,False
6129,True,False,False,False,True,False,False,True
6130,True,False,True,True,False,False,False,True
6131,False,True,False,True,False,True,False,False
6132,True,True,False,True,False,False,False,False
6133,False,True,False,False,True,True,True,False
6134,False,True,False,False,True,True,True,False
6135,True,True,True,True,False,False,True,True
6136,False,False,True,False,False,True,True,True
6137,True,False,False,False,False,False,False,False
6138,True,False,False,True,True,True,True,False
6139,False,True,True,True,False,True,True,False
6140,True,False,True,True,False,True,True,False
6141,False,True,False,True,True,True,True,True
6142,False,False,True,True,False,False,True,False
6143,True,True,False,True,False,False,True,False
6144,True,False,False,False,False,True,False,True
6145,True,False,True,False,True,True,True,True
6146,False,False,False,False,False,True,False,False
6147,True,True,False,False,True,False,False,False
6148,True,True,False,False,True,False,True,True
6149,True,False,True,True,False,True,True,True
6150,False,False,False,False,True,True,True,False
6151,True,False,False,False,True,False,True,False
6152,True,False,True,True,True,True,True,False
6153,True,True,True,False,False,True,True,False
6154,True,True,False,True,True,True,False,True
6155,False,False,False,True,True,False,True,True
6156,True,False,False,True,False,False,False,True
6157,True,True,True,False,True,False,False,False
6158,False,False,False,True,True,False,True,True
6159,True,True,False,True,True,True,True,True
6160,True,False,False,True,True,False,False,True
6161,True,False,True,False,False,True,True,True
6162,True,False,True,False,False,True,True,False
6163,True,True,False,True,True,False,True,False
6164,True,True,True,True,False,False,False,False
6165,False,False,False,True,False,True,True,False
6166,False,False,False,True,True,True,False,True
6167,True,False,True,False,False,False,False,True
6168,True,False,False,True,True,True,True,False
6169,True,True,True,False,False,False,True,False
6170,True,True,False,True,True,True,False,True
6171,True,False,False,True,True,False,False,False
6172,True,False,False,True,True,True,False,False
6173,False,True,False,True,True,True,False,False
6174,True,True,True,True,False,True,False,False
6175,False,True,False,False,True,False,True,False
6176,False,True,True,False,True,True,True,False
6177,True,False,False,False,False,False,True,False
6178,False,False,True,False,False,True,True,True
6179,True,False,True,True,True,True,True,True
6180,True,False,False,True,True,True,True,True
6181,False,False,True,False,True,False,True,False
6182,True,False,True,False,True,True,False,True
6183,True,True,False,False,False,False,False,True
6184,False,False,True,False,False,True,True,False
6185,True,True,True,False,True,True,True,True
6186,False,True,True,True,False,False,False,False
6187,True,False,True,True,False,False,False,True
6188,False,True,True,False,True,False,True,True
6189,False,False,False,True,False,False,True,False
6190,False,True,True,True,False,True,True,True
6191,True,False,True,True,False,True,True,True
6192,True,True,True,False,False,False,False,False
6193,True,False,True,False,False,False,True,False
6194,False,True,True,False,True,False,True,True
6195,True,False,False,True,True,False,True,True
6196,False,True,False,True,True,True,True,True
6197,True,True,True,True,False,False,True,False
6198,False,True,True,False,True,False,True,True
6199,True,True,False,False,False,True,False,False
6200,False,False,True,False,True,True,False,False
6201,True,True,True,False,False,True,False,False
6202,True,False,False,False,False,True,False,False
6203,True,True,False,False,True,True,True,False
6204,True,True,False,False,False,False,True,True
6205,True,True,True,False,False,False,True,False
6206,False,True,False,True,False,True,True,True
6207,True,True,False,True,False,True,True,True
6208,False,True,False,False,True,True,False,False
6209,False,True,False,False,True,True,False,False
6210,False,False,True,True,False,False,False,False
6211,True,False,True,False,True,False,True,False
6212,True,False,False,False,True,True,True,True
6213,True,False,True,True,True,False,True,False
6214,False,True,False,False,True,True,False,False
6215,False,False,False,True,False,False,False,True
6216,False,True,False,True,False,True,False,True
6217,True,True,False,False,False,False,False,True
6218,True,False,True,True,True,True,True,True
6219,False,False,False,False,False,False,False,False
6220,True,True,True,True,False,True,False,False
6221,True,False,False,False,False,False,True,False
6222,True,True,False,True,True,False,False,True
6223,False,False,False,False,False,True,True,False
6224,True,True,True,True,False,True,False,False
6225,False,True,True,False,True,False,True,True
6226,True,False,False,False,False,True,False,True
6227,False,True,True,True,True,False,False,True
6228,False,False,True,False,True,False,False,False
6229,False,True,True,True,True,False,False,True
6230,True,True,False,False,False,True,True,True
6231,False,False,False,False,True,False,False,False
6232,False,True,False,True,False,False,False,False
6233,False,False,False,False,True,True,True,True
6234,False,True,False,True,False,False,False,False
6235,True,False,True,False,True,False,False,False
6236,True,False,True,True,False,False,False,False
6237,False,False,False,False,False,False,False,True
6238,True,True,True,True,False,False,False,False
6239,False,False,False,False,False,True,False,False
6240,False,True,True,False,False,True,True,True
6241,True,True,False,False,True,True,False,False
6242,True,False,False,True,True,True,False,True
6243,True,False,False,True,False,True,True,True
6244,True,False,True,False,True,True,True,True
6245,True,False,False,False,True,False,True,True
6246,True,True,False,True,False,True,True,False
6247,True,False,True,False,False,False,True,True
6248,True,True,False,False,True,True,False,False
6249,True,True,False,False,True,True,False,True
6250,True,False,True,False,True,False,True,False
6251,True,False,True,True,False,True,True,True
6252,True,False,True,False,False,False,False,False
6253,True,True,False,False,True,False,True,True
6254,False,False,True,True,False,True,True,False
6255,True,True,True,False,False,False,False,False
6256,False,True,True,True,False,False,False,True
6257,False,False,False,False,True,True,True,True
6258,False,False,True,False,False,True,True,False
6259,True,True,False,False,True,False,False,False
6260,False,True,False,False,True,False,False,False
6261,True,True,False,True,True,True,True,False
6262,False,True,True,True,True,True,True,False
6263,True,False,False,True,False,True,True,False
6264,True,True,True,False,False,False,True,False
6265,False,True,False,True,False,False,False,True
6266,False,False,False,True,True,False,True,True
6267,True,False,True,True,True,True,False,True
6268,False,False,True,False,False,True,False,True
6269,False,True,True,False,True,False,False,True
6270,True,True,True,False,True,False,True,True
6271,False,True,True,True,True,False,False,False
6272,True,False,False,True,True,False,False,True
6273,True,False,False,True,True,False,True,False
6274,True,True,True,True,False,False,True,True
6275,True,True,False,False,False,True,True,True
6276,False,False,True,True,True,True,True,False
6277,False,True,False,True,False,True,False,False
6278,False,True,False,False,True,False,True,False
6279,False,False,True,True,True,True,False,True
6280,True,True,True,False,False,True,False,False
6281,True,False,True,False,False,False,True,True
6282,False,False,True,True,True,True,False,True
6283,False,False,True,True,True,False,True,False
6284,True,True,True,True,False,False,False,True
6285,False,False,True,True,False,False,True,True
6286,True,False,True,True,False,True,False,False
6287,False,False,True,True,True,True,False,True
6288,False,False,True,True,False,True,False,False
6289,True,True,True,False,True,True,False,False
6290,False,True,True,False,False,True,False,True
6291,True,True,False,True,False,True,True,False
6292,True,True,False,False,False,True,False,True
6293,True,False,False,False,False,False,False,True
6294,False,False,True,False,False,False,True,True
6295,True,True,True,True,True,True,True,False
6296,True,False,True,True,False,True,True,True
6297,False,True,False,False,False,False,False,False
6298,False,False,True,True,False,False,True,True
6299,False,False,False,True,True,False,False,True
6300,False,True,True,False,False,False,True,True
6301,True,False,False,False,False,False,False,False
6302,True,False,True,False,False,False,False,False
6303,False,True,True,True,True,False,False,True
6304,False,False,False,True,True,False,False,True
6305,True,False,True,False,False,True,True,False
6306,True,False,True,False,False,False,False,False
6307,False,True,False,True,False,False,True,True
6308,True,True,False,True,True,False,False,False
6309,True,False,True,True,True,False,False,True
6310,True,True,False,True,False,True,True,False
6311,False,True,True,True,False,True,True,False
6312,False,True,True,False,False,False,True,False
6313,False,False,True,True,True,True,True,False
6314,False,False,False,False,True,True,False,False
6315,True,False,False,False,False,False,False,True
6316,True,True,True,True,True,True,True,True
6317,False,True,True,True,False,False,False,True
6318,True,False,False,True,False,True,False,True
6319,False,False,False,True,True,True,False,False
6320,False,False,True,False,True,False,False,True
6321,False,False,False,False,False,True,False,True
6322,False,False,True,False,True,True,False,True
6323,False,False,True,True,True,True,True,False
6324,False,False,False,True,True,True,True,False
6325,False,False,True,True,False,True,False,False
6326,False,True,False,False,True,False,True,False
6327,True,False,True,False,False,False,False,False
6328,True,True,False,True,True,False,True,False
6329,True,True,False,True,True,False,False,False
6330,True,True,True,True,False,True,True,True
6331,True,False,False,True,False,True,False,True
6332,False,False,False,True,False,True,False,True
6333,True,False,False,True,True,False,True,True
6334,True,False,True,False,True,True,False,True
6335,False,False,True,True,False,True,True,False
6336,True,False,False,False,False,False,False,True
6337,True,False,True,False,True,True,True,False
6338,False,True,False,True,False,False,False,False
6339,True,False,True,False,False,True,True,True
6340,False,True,False,False,True,False,True,True
6341,True,True,False,True,True,False,False,True
6342,True,False,False,True,False,False,True,False
6343,False,True,True,False,True,True,False,True
6344,True,True,False,True,True,True,True,True
6345,False,False,False,True,True,False,False,False
6346,False,False,True,True,False,True,False,False
6347,False,True,False,False,True,True,False,False
6348,True,True,False,True,False,True,False,False
6349,True,False,False,False,False,True,False,False
6350,False,True,False,True,True,False,False,False
6351,False,True,False,True,True,True,False,False
6352,True,True,True,True,True,False,True,False
6353,True,True,True,False,True,True,True,True
6354,False,True,True,True,False,False,False,False
6355,False,True,False,True,True,True,True,False
6356,False,True,False,False,True,False,False,False
6357,True,False,False,True,False,True,False,False
6358,False,False,False,True,True,True,False,False
6359,True,False,True,False,True,True,False,True
6360,True,True,False,True,False,False,False,False
6361,False,False,False,False,True,False,True,False
6362,True,False,False,False,False,True,True,False
6363,False,True,True,False,True,True,False,True
6364,False,True,True,False,True,True,True,False
6365,True,False,True,False,True,True,False,False
6366,False,False,False,False,False,True,True,False
6367,True,False,True,False,True,True,True,True
6368,True,False,True,True,True,True,False,False
6369,False,True,True,False,True,True,False,False
6370,False,False,False,True,True,False,True,True
6371,False,False,True,True,True,True,True,True
6372,True,True,True,False,False,False,False,False
6373,True,False,False,True,False,False,True,False
6374,False,True,True,True,False,True,False,True
6375,True,False,True,True,False,False,False,True
6376,False,False,True,False,True,False,True,True
6377,True,True,True,True,True,True,True,False
6378,False,False,False,True,False,False,False,True
6379,True,True,True,False,True,True,True,False
6380,True,True,False,False,False,False,False,False
6381,True,True,True,False,False,False,True,True
6382,False,True,False,True,True,True,False,True
6383,True,False,True,True,False,False,True,True
6384,False,True,False,False,True,True,False,True
6385,False,False,False,False,True,True,False,True
6386,False,False,False,True,True,False,False,True
6387,False,True,False,True,False,False,True,False
6388,False,False,False,False,False,False,False,False
6389,True,True,False,False,True,False,True,False
6390,False,True,False,False,False,False,False,False
6391,True,False,True,True,True,True,False,False
6392,True,False,True,True,True,True,True,True
6393,False,True,True,False,True,True,False,True
6394,True,True,False,False,True,True,True,False
6395,False,False,False,False,True,True,False,False
6396,False,False,False,True,False,False,False,True
6397,True,True,True,False,True,True,True,True
6398,True,False,False,False,False,True,True,False
6399,False,True,True,True,True,True,True,False
6400,False,False,False,True,False,False,False,True
6401,False,False,True,True,True,False,True,False
6402,False,True,True,True,True,True,False,False
6403,True,False,True,False,True,True,True,False
6404,True,True,True,True,False,True,True,False
6405,True,False,True,False,True,True,False,True
6406,False,True,True,True,True,True,False,True
6407,True,False,False,True,False,True,True,False
6408,True,True,False,False,True,False,False,True
6409,True,True,True,False,False,False,True,True
6410,True,False,True,False,True,False,False,True
6411,False,True,False,False,False,False,True,True
6412,False,True,True,True,True,True,True,True
6413,True,False,True,False,True,False,True,False
6414,True,False,False,True,False,False,False,False
6415,True,True,True,True,True,False,False,False
6416,False,True,True,True,False,False,False,False
6417,True,True,False,False,False,False,True,True
6418,True,False,False,False,True,True,True,False
6419,False,True,False,True,True,False,False,False
6420,False,False,False,False,False,True,False,True
6421,True,True,True,False,False,True,True,True
6422,True,False,True,False,True,True,True,True
6423,True,False,True,True,False,True,False,True
6424,False,False,False,False,False,False,True,False
6425,True,True,True,True,True,True,True,True
6426,True,True,True,True,True,False,False,True
6427,True,True,False,False,False,True,True,False
6428,True,False,False,True,True,False,False,False
6429,True,True,False,True,False,False,False,True
6430,False,True,True,True,False,True,True,False
6431,True,False,False,False,True,False,True,False
6432,True,True,False,True,False,True,True,True
6433,True,True,True,False,False,True,False,True
6434,False,False,True,False,False,False,True,False
6435,True,False,False,False,False,False,False,False
6436,False,False,False,True,True,True,True,True
6437,True,False,False,True,False,False,False,False
6438,False,True,True,True,False,False,False,False
6439,True,True,False,True,True,False,False,False
6440,False,True,False,False,False,False,False,False
6441,True,False,False,False,False,True,False,True
6442,True,True,True,False,True,True,False,True
6443,False,False,True,False,True,False,True,False
6444,True,False,True,False,False,True,False,False
6445,True,True,False,True,True,True,False,False
6446,True,False,False,False,True,False,True,True
6447,True,False,False,False,True,False,True,False
6448,False,True,False,True,False,False,False,False
6449,False,False,True,False,True,False,True,False
6450,True,False,False,True,False,False,False,True
6451,False,False,True,True,False,False,True,True
6452,False,False,True,False,False,False,True,False
6453,False,True,True,False,False,True,True,False
6454,False,True,True,False,True,True,False,False
6455,True,False,True,True,False,False,True,True
6456,False,True,True,True,True,False,True,False
6457,False,False,True,False,False,False,True,False
6458,False,True,False,False,False,True,False,True
6459,True,True,False,False,False,False,False,True
6460,False,False,True,True,False,False,True,False
6461,True,False,False,True,False,True,True,True
6462,False,False,False,True,False,False,True,True
6463,True,True,True,True,False,False,True,True
6464,False,False,True,True,True,False,True,True
6465,True,True,False,True,False,False,True,False
6466,False,True,True,False,True,False,True,False
6467,True,False,False,False,False,False,True,False
6468,True,True,False,True,True,True,True,False
6469,True,False,True,True,True,False,False,True
6470,True,True,True,False,False,False,True,True
6471,True,True,True,False,False,True,True,True
6472,False,True,True,True,False,False,False,True
6473,True,False,True,True,True,False,True,True
6474,False,True,False,True,False,False,True,False
6475,False,False,True,False,False,False,True,False
6476,False,False,True,True,False,True,True,True
6477,True,True,False,False,True,True,True,True
6478,True,False,False,True,True,True,False,True
6479,True,True,False,False,False,False,False,False
6480,False,True,False,False,False,True,False,False
6481,False,True,True,True,True,True,False,True
6482,False,True,False,True,False,True,False,False
6483,True,True,True,True,True,False,True,False
6484,True,False,False,False,False,False,True,True
6485,True,True,True,True,False,True,False,True
6486,True,True,True,True,False,False,False,False
6487,True,False,False,True,True,False,False,False
6488,False,False,False,False,True,False,False,True
6489,True,False,True,True,False,True,True,False
6490,False,False,False,False,False,False,False,True
6491,False,True,False,False,False,False,False,False
6492,True,True,True,True,False,True,True,True
6493,True,True,True,False,False,True,False,False
6494,True,False,False,True,False,False,True,True
6495,False,False,True,True,False,False,False,False
6496,False,True,False,True,False,True,True,False
6497,False,True,False,False,False,True,True,True
6498,False,False,False,True,True,False,False,True
6499,True,False,True,True,False,True,True,True
6500,True,True,False,True,False,False,True,False
6501,False,False,False,True,True,False,True,True
6502,True,False,False,True,False,True,False,True
6503,False,True,False,False,True,True,True,False
6504,True,True,False,False,False,True,False,False
6505,True,True,False,True,False,False,False,False
6506,False,True,False,False,False,False,False,True
6507,False,False,True,True,False,True,True,False
6508,False,True,False,True,False,False,True,True
6509,False,False,False,True,True,True,False,True
6510,True,True,True,True,True,True,False,False
6511,True,True,False,False,True,True,False,True
6512,True,False,True,True,True,True,True,False
6513,True,False,True,True,True,False,False,True
6514,True,True,False,False,True,False,False,True
6515,False,True,True,False,True,True,True,False
6516,True,True,False,True,False,False,False,True
6517,True,False,False,True,True,False,False,False
6518,False,True,True,False,False,True,False,False
6519,False,True,True,False,True,True,False,True
6520,True,False,False,True,False,True,True,False
6521,False,True,False,False,False,False,False,True
6522,True,True,False,True,False,True,False,True
6523,False,False,True,True,True,True,True,False
6524,False,True,True,False,False,False,False,False
6525,True,False,False,False,True,False,False,False
6526,True,True,True,True,True,True,False,False
6527,True,False,True,True,True,True,True,False
6528,False,False,False,False,False,True,False,False
6529,True,True,True,False,True,False,False,True
6530,False,True,False,True,True,True,True,True
6531,False,True,True,False,True,False,True,False
6532,False,True,False,True,True,True,True,True
6533,True,True,True,False,True,False,False,False
6534,False,False,False,False,False,False,True,True
6535,True,False,True,True,False,False,False,True
6536,True,True,True,False,True,False,True,True
6537,False,False,True,True,True,True,True,True
6538,True,False,False,True,True,False,False,False
6539,True,True,False,True,False,True,True,True
6540,False,False,True,False,True,True,True,True
6541,False,False,False,True,False,True,True,False
6542,True,False,True,False,True,False,False,True
6543,True,False,False,False,True,False,True,False
6544,True,False,True,False,True,True,True,True
6545,False,False,False,False,False,False,False,False
6546,True,False,False,True,True,False,True,True
6547,True,True,True,True,False,True,False,True
6548,False,True,False,True,False,False,True,True
6549,True,False,False,False,False,True,True,True
6550,True,False,True,False,True,False,True,False
6551,True,False,True,True,False,False,False,False
6552,True,False,True,False,True,False,True,False
6553,True,True,False,False,False,True,True,True
6554,False,False,False,False,False,True,True,True
6555,False,False,False,True,False,True,True,False
6556,True,False,False,True,True,False,True,False
6557,True,False,False,True,False,True,False,False
6558,False,False,False,True,False,False,False,True
6559,False,True,True,True,False,False,True,True
6560,True,True,True,True,True,True,True,False
6561,True,True,True,False,True,True,False,True
6562,False,True,True,False,True,False,True,True
6563,True,False,True,True,False,True,False,False
6564,False,True,False,False,True,False,False,False
6565,True,False,True,False,False,True,False,True
6566,True,False,False,True,False,False,True,True
6567,True,True,False,True,True,False,True,True
6568,False,False,False,True,True,True,True,False
6569,False,True,True,True,True,True,True,False
6570,False,False,False,False,False,True,True,False
6571,False,False,False,True,False,False,True,False
6572,False,False,False,False,True,False,False,False
6573,True,False,True,True,False,True,True,True
6574,True,True,False,True,False,True,False,True
6575,True,True,False,False,False,False,True,True
6576,False,False,True,True,True,False,True,False
6577,True,False,True,False,True,False,False,True
6578,False,True,True,False,True,True,False,False
6579,False,False,True,True,False,False,True,True
6580,False,False,False,False,True,False,False,False
6581,False,True,False,False,False,True,True,True
6582,True,True,False,False,False,True,False,True
6583,False,False,False,True,False,True,False,True
6584,True,True,False,False,True,True,False,True
6585,True,False,False,False,False,False,False,True
6586,True,True,False,False,True,False,False,False
6587,True,True,False,True,False,False,True,False
6588,True,False,False,False,True,True,True,False
6589,False,False,True,True,False,True,False,False
6590,True,False,False,False,False,False,True,True
6591,True,True,False,True,True,True,True,False
6592,True,True,True,False,True,False,True,True
6593,True,True,True,False,False,False,False,True
6594,True,False,False,False,True,True,True,True
6595,False,False,False,False,False,True,True,True
6596,True,True,False,False,True,False,True,True
6597,False,True,False,False,True,True,False,True
6598,False,True,False,False,True,True,False,False
6599,True,True,False,False,False,True,False,True
6600,False,False,False,False,True,True,False,False
6601,True,False,True,True,False,True,False,True
6602,True,False,False,False,False,True,False,True
6603,False,True,True,True,True,True,True,True
6604,True,False,False,True,True,True,True,True
6605,False,True,False,True,True,False,True,True
6606,True,False,False,True,True,False,True,True
6607,True,False,True,True,True,True,False,False
6608,False,False,False,False,True,False,True,True
6609,True,True,True,True,True,True,True,False
6610,True,False,False,False,False,False,False,True
6611,True,True,False,False,True,True,True,False
6612,True,False,True,False,True,True,False,False
6613,True,False,True,True,True,False,True,False
6614,True,False,True,False,False,False,False,False
6615,True,False,False,False,False,True,False,True
6616,True,True,True,False,True,True,True,True
6617,True,False,True,True,True,True,True,True
6618,False,False,True,True,False,True,False,True
6619,False,False,True,True,False,True,True,False
6620,True,False,True,True,True,True,True,False
6621,True,True,False,False,True,True,True,True
6622,True,True,False,True,True,True,True,True
6623,True,True,False,True,False,False,False,True
6624,True,True,True,True,False,False,True,False
6625,True,True,False,True,True,True,True,False
6626,True,False,True,True,True,True,True,True
6627,False,True,True,False,True,True,False,True
6628,False,True,False,False,True,False,False,True
6629,True,False,True,False,False,True,False,False
6630,True,False,True,True,False,True,False,False
6631,False,True,False,False,True,True,True,True
6632,True,False,True,True,True,True,False,False
6633,True,False,False,False,True,False,True,False
6634,True,False,False,False,False,False,False,True
6635,True,False,True,False,True,True,True,False
6636,True,True,True,False,False,False,False,True
6637,False,True,False,True,False,False,True,True
6638,True,False,True,False,False,True,True,True
6639,False,True,False,False,True,True,True,True
6640,False,True,False,False,False,False,True,True
6641,True,False,True,False,True,False,False,True
6642,True,False,False,False,True,True,False,False
6643,False,False,True,True,False,True,False,False
6644,False,True,True,False,False,True,False,True
6645,True,False,True,True,False,True,False,True
6646,True,False,False,False,True,True,True,True
6647,False,True,True,False,True,False,False,False
6648,False,False,True,False,False,True,False,False
6649,True,False,True,False,True,False,False,False
6650,False,False,False,False,True,True,True,False
6651,True,True,True,True,True,False,True,False
6652,False,True,False,False,False,False,True,False
6653,True,False,True,False,False,True,False,False
6654,True,False,True,True,True,True,False,True
6655,False,True,False,False,True,False,True,True
6656,True,True,True,False,True,False,True,True
6657,True,False,False,True,False,False,False,False
6658,True,False,False,False,True,False,True,False
6659,False,True,True,True,True,False,False,True
6660,True,True,False,False,True,False,True,False
6661,False,True,False,True,False,False,False,False
6662,False,True,True,False,True,True,True,True
6663,True,True,False,True,False,True,False,False
6664,True,False,False,True,False,False,True,False
6665,False,True,False,False,False,True,False,True
6666,True,False,False,False,True,True,True,False
6667,True,False,True,False,True,False,False,True
6668,False,True,False,True,False,True,True,True
6669,False,True,True,True,True,False,False,True
6670,True,True,False,False,False,False,True,False
6671,True,True,False,False,False,True,True,False
6672,False,False,True,False,False,False,False,False
6673,False,False,False,False,False,True,False,False
6674,True,False,False,False,False,False,False,True
6675,False,False,True,False,True,True,True,True
6676,False,False,True,False,False,True,True,False
6677,True,False,True,True,False,True,True,False
6678,False,True,False,True,True,False,True,False
6679,False,True,False,False,True,True,True,False
6680,True,True,True,False,True,True,True,False
6681,False,True,True,True,False,True,True,True
6682,False,True,False,True,True,True,False,True
6683,False,False,False,True,False,True,True,False
6684,False,True,False,False,True,False,False,False
6685,False,False,True,False,False,True,False,True
6686,True,False,True,True,True,True,False,False
6687,True,True,True,False,False,True,True,False
6688,False,False,False,False,False,True,False,False
6689,True,False,False,True,False,True,True,True
6690,False,True,True,False,False,False,False,True
6691,False,False,True,True,False,True,False,True
6692,True,True,True,True,True,True,True,True
6693,True,False,False,True,False,False,False,True
6694,True,True,False,False,False,False,False,True
6695,False,True,True,True,True,True,False,True
6696,False,False,False,True,True,True,False,False
6697,True,False,False,True,True,False,False,False
6698,False,False,True,True,True,False,True,False
6699,True,False,False,False,False,False,False,False
6700,True,True,False,False,False,True,True,False
6701,True,True,False,True,True,True,False,True
6702,False,True,True,False,False,True,False,False
6703,True,False,True,False,True,False,False,False
6704,False,True,True,False,True,True,False,True
6705,False,True,True,False,True,True,False,True
6706,True,False,True,False,True,False,False,True
6707,False,True,False,True,True,False,True,True
6708,False,True,False,False,False,True,True,True
6709,True,False,False,True,True,False,False,True
6710,False,False,False,True,False,False,True,True
6711,False,False,False,True,True,False,True,True
6712,False,False,False,True,False,True,True,False
6713,True,False,False,False,True,False,True,True
6714,False,False,True,True,False,False,False,False
6715,True,True,False,True,True,False,False,True
6716,False,True,False,True,False,True,True,True
6717,True,True,False,True,False,False,True,True
6718,False,True,False,True,True,False,False,True
6719,False,True,False,False,False,False,True,False
6720,False,True,True,False,True,True,True,True
6721,True,True,True,True,True,True,False,True
6722,False,True,True,True,False,True,True,True
6723,True,True,True,False,False,False,False,False
6724,False,False,False,False,False,False,True,False
6725,True,False,False,False,False,False,True,True
6726,False,True,False,True,True,True,False,False
6727,False,True,False,True,False,True,True,True
6728,True,False,False,False,True,False,False,False
6729,True,False,False,False,True,True,True,False
6730,True,False,False,True,False,False,False,False
6731,False,True,True,True,False,True,True,True
6732,True,True,False,False,False,True,False,False
6733,True,True,True,False,True,False,True,False
6734,False,True,True,True,True,False,False,True
6735,False,True,False,False,True,False,True,False
6736,True,True,True,True,True,False,False,False
6737,True,True,True,False,True,True,False,True
6738,True,True,True,False,True,False,True,False
6739,False,True,False,False,False,False,False,True
6740,False,False,False,True,False,True,True,True
6741,True,True,False,True,True,False,False,True
6742,True,True,False,False,True,False,True,True
6743,True,True,True,True,True,True,False,True
6744,False,False,True,False,False,True,False,True
6745,True,True,False,False,False,True,False,True
6746,False,False,True,True,True,False,False,False
6747,True,True,False,True,False,False,True,True
6748,False,True,True,False,True,False,True,True
6749,False,False,False,True,True,False,False,False
6750,True,True,False,True,True,False,True,True
6751,True,True,True,True,False,False,True,False
6752,True,False,False,True,False,True,False,True
6753,True,False,False,False,False,True,False,False
6754,True,True,True,True,False,False,False,True
6755,True,False,False,True,False,True,False,True
6756,False,False,True,True,False,False,True,True
6757,True,False,False,False,False,True,False,False
6758,True,True,False,False,False,False,False,True
6759,False,False,False,False,True,True,True,True
6760,True,False,False,False,True,False,False,True
6761,False,True,False,True,True,True,True,True
6762,False,True,True,False,False,True,False,False
6763,False,False,True,True,False,True,False,False
6764,False,False,True,False,True,True,False,False
6765,False,True,False,True,True,True,True,True
6766,True,True,True,False,False,False,True,False
6767,False,True,True,False,True,False,False,False
6768,False,True,False,False,False,False,False,False
6769,False,False,False,False,True,False,True,True
6770,True,True,False,False,True,True,True,False
6771,False,False,False,True,True,True,False,True
6772,True,True,True,True,True,False,False,True
6773,True,True,True,False,False,True,True,False
6774,True,False,True,False,True,False,False,False
6775,True,False,True,True,False,False,False,False
6776,False,False,True,False,False,False,True,True
6777,False,True,True,False,True,False,False,True
6778,False,False,True,True,False,True,False,False
6779,True,True,True,True,True,True,False,False
6780,False,True,False,False,False,True,False,False
6781,True,False,False,True,True,False,True,False
6782,True,False,True,True,False,False,False,False
6783,False,False,False,False,True,False,True,True
6784,True,False,False,False,True,False,True,False
6785,True,False,True,True,True,True,True,False
6786,True,True,True,True,True,True,True,True
6787,False,False,True,True,True,False,False,False
6788,True,False,True,False,False,False,True,False
6789,True,True,False,False,False,False,True,False
6790,True,True,False,True,True,False,True,False
6791,False,True,False,False,True,True,True,False
6792,True,False,False,True,False,True,False,True
6793,True,True,True,False,True,False,True,False
6794,False,False,False,True,False,True,False,False
6795,True,True,True,True,False,False,False,True
6796,True,True,False,False,False,True,False,True
6797,True,False,False,False,False,False,False,True
6798,True,True,False,False,False,True,False,False
6799,True,True,True,True,False,False,False,True
6800,True,False,True,False,False,False,False,False
6801,False,True,False,True,True,True,True,False
6802,True,False,True,False,False,True,True,True
6803,False,True,False,False,False,True,True,True
6804,False,False,True,False,True,False,True,True
6805,True,True,True,False,False,False,True,False
6806,False,False,False,False,True,False,False,False
6807,True,False,True,False,True,False,True,True
6808,True,False,False,True,False,True,True,True
6809,True,True,True,True,False,False,False,True
6810,True,False,False,False,False,True,True,False
6811,False,True,True,True,True,True,True,True
6812,True,True,False,False,True,True,False,True
6813,True,True,False,False,True,False,False,False
6814,False,False,True,False,False,True,False,True
6815,True,True,False,True,True,False,False,True
6816,False,True,False,True,True,False,False,True
6817,True,True,True,False,False,False,True,False
6818,True,True,False,True,False,False,False,True
6819,False,True,False,True,False,False,True,True
6820,False,True,False,True,False,True,False,False
6821,True,True,True,True,False,False,False,True
6822,True,True,True,True,False,True,True,False
6823,True,False,False,True,False,False,False,True
6824,True,False,False,False,True,True,False,False
6825,False,False,True,True,False,True,False,True
6826,True,True,True,True,False,True,False,False
6827,False,False,True,True,True,False,True,False
6828,True,True,True,False,True,False,True,False
6829,False,True,True,True,True,False,True,False
6830,False,True,False,False,False,False,False,True
6831,False,False,True,False,True,True,False,True
6832,False,True,True,True,True,True,True,False
6833,True,False,False,False,True,False,False,False
6834,True,True,True,False,False,False,False,False
6835,False,False,True,True,True,False,True,True
6836,True,False,True,False,True,False,False,False
6837,False,True,True,False,True,False,False,True
6838,False,False,False,False,False,True,True,False
6839,True,False,False,True,False,True,False,True
6840,True,False,True,True,True,False,True,True
6841,True,True,False,False,True,True,False,False
6842,False,True,False,True,False,False,False,False
6843,True,False,True,False,True,False,False,False
6844,False,False,True,True,False,True,True,False
6845,False,True,False,False,False,False,True,False
6846,False,True,True,False,False,False,True,True
6847,False,False,False,True,False,False,False,False
6848,False,False,False,False,False,True,True,False
6849,True,False,True,False,False,False,True,True
6850,False,False,False,True,True,False,True,False
6851,True,False,True,True,True,False,True,True
6852,False,True,False,True,False,True,True,False
6853,False,False,False,False,True,False,True,False
6854,False,False,True,False,True,True,True,False
6855,False,True,True,True,False,True,True,False
6856,True,False,True,True,True,True,False,False
6857,True,True,True,False,False,False,True,False
6858,False,True,True,True,True,True,True,True
6859,True,True,False,True,True,True,True,True
6860,True,True,False,False,True,True,True,True
6861,True,False,True,False,False,False,True,False
6862,True,True,True,False,False,False,False,True
6863,True,True,False,False,False,False,False,False
6864,False,False,True,False,False,False,True,True
6865,True,True,False,True,True,True,True,True
6866,True,False,False,True,True,True,False,True
6867,False,True,False,False,False,False,True,False
6868,False,True,True,False,True,False,False,True
6869,True,True,True,True,False,True,False,False
6870,False,True,True,True,False,False,True,False
6871,False,True,False,False,False,False,False,True
6872,False,False,False,False,False,True,True,True
6873,True,True,True,False,True,True,True,True
6874,False,False,False,True,True,False,False,True
6875,False,True,True,True,False,True,True,False
6876,True,True,True,True,True,False,True,True
6877,True,False,False,True,False,True,True,True
6878,True,True,True,False,False,True,True,False
6879,False,True,True,False,True,True,True,False
6880,True,False,False,False,True,False,True,True
6881,False,True,False,False,True,False,False,True
6882,False,False,False,False,True,False,False,False
6883,False,True,True,True,True,False,False,True
6884,False,True,False,True,False,False,True,True
6885,True,True,False,True,True,False,False,False
6886,True,True,True,True,False,False,True,False
6887,True,True,True,False,True,True,True,True
6888,False,False,True,False,True,True,True,True
6889,True,True,False,True,True,True,False,False
6890,True,False,False,False,True,False,False,False
6891,False,True,False,False,False,True,False,False
6892,True,True,True,True,True,True,False,False
6893,True,True,False,True,False,False,True,False
6894,True,True,False,True,False,False,False,True
6895,True,False,False,False,True,True,False,True
6896,False,True,True,False,False,True,False,False
6897,False,True,False,False,True,False,False,True
6898,False,True,False,False,True,True,False,False
6899,False,True,False,True,True,True,True,False
6900,False,False,False,False,False,False,False,False
6901,False,False,False,False,False,False,True,False
6902,True,True,True,False,True,True,True,True
6903,True,True,True,False,False,False,True,True
6904,True,True,False,False,False,False,True,False
6905,False,False,True,True,False,True,True,False
6906,True,False,True,False,True,False,True,False
6907,False,False,False,True,True,True,False,True
6908,True,False,True,True,False,False,True,False
6909,False,False,True,True,True,False,True,False
6910,False,False,False,True,False,False,True,False
6911,False,True,False,True,True,True,False,False
6912,True,True,True,False,False,False,True,False
6913,True,True,True,False,True,False,False,True
6914,False,True,False,True,True,False,True,False
6915,True,True,False,True,True,True,False,True
6916,False,True,True,False,True,True,False,True
6917,False,True,True,False,False,True,True,True
6918,False,False,False,False,True,False,False,True
6919,False,False,True,False,True,True,True,True
6920,False,False,False,False,True,False,False,False
6921,True,False,True,True,False,True,False,False
6922,True,False,True,True,True,True,False,True
6923,False,True,True,False,False,False,True,False
6924,True,False,False,True,False,True,True,False
6925,True,False,True,True,False,True,False,False
6926,True,True,True,True,True,False,False,True
6927,False,False,True,True,False,True,False,False
6928,False,False,True,True,False,True,True,False
6929,True,False,True,True,False,False,True,False
6930,True,False,True,False,False,False,False,True
6931,True,True,False,False,True,False,True,False
6932,True,False,False,True,False,False,True,False
6933,False,True,True,True,False,True,False,True
6934,True,True,True,True,False,False,True,False
6935,True,True,False,False,False,False,False,True
6936,False,False,False,False,False,False,False,True
6937,False,True,False,False,False,True,False,True
6938,False,True,True,False,True,False,False,False
6939,False,False,True,False,True,False,False,False
6940,False,False,False,True,False,False,False,False
6941,True,False,True,False,True,True,False,True
6942,True,True,False,False,False,False,True,False
6943,True,False,False,False,False,False,True,False
6944,True,True,False,True,False,True,True,False
6945,False,True,False,True,False,False,False,False
6946,False,True,True,False,True,True,True,True
6947,True,False,True,True,True,True,False,False
6948,True,False,False,True,True,False,False,True
6949,True,False,False,True,True,False,True,False
6950,False,True,True,False,True,True,True,True
6951,True,True,False,False,True,False,False,False
6952,False,False,False,True,True,False,True,True
6953,True,False,True,True,True,True,True,False
6954,False,True,True,False,False,False,True,True
6955,False,True,False,False,True,True,False,True
6956,True,True,False,True,True,False,True,True
6957,True,False,False,False,True,False,False,False
6958,False,False,True,False,False,True,False,False
6959,True,True,False,False,True,True,True,True
6960,True,True,False,True,False,True,False,False
6961,True,True,True,False,False,True,True,False
6962,False,True,True,True,True,False,True,True
6963,True,True,True,True,True,False,False,False
6964,False,True,False,False,True,True,False,False
6965,False,True,True,False,False,True,False,True
6966,False,False,False,True,True,False,True,False
6967,True,True,False,False,False,False,False,False
6968,False,True,True,True,True,False,True,False
6969,False,True,True,False,False,True,True,False
6970,False,True,False,False,False,False,True,True
6971,False,False,True,False,True,True,False,True
6972,False,False,True,False,True,False,False,True
6973,True,True,False,True,False,False,False,False
6974,False,True,False,True,True,False,True,False
6975,False,True,False,True,False,True,True,False
6976,False,False,False,False,False,True,False,True
6977,False,False,True,True,False,True,True,True
6978,False,True,True,False,False,True,False,True
6979,False,False,True,False,False,True,False,True
6980,False,False,True,True,False,False,False,False
6981,True,False,False,False,True,True,False,True
6982,False,True,False,True,True,False,True,True
6983,True,True,True,False,False,False,True,True
6984,False,False,True,False,False,False,True,True
6985,False,True,True,True,False,True,True,False
6986,True,False,False,False,True,False,True,False
6987,False,True,False,True,False,True,False,False
6988,True,False,False,False,False,False,True,True
6989,True,True,True,False,True,False,True,False
6990,True,True,True,True,False,True,True,True
6991,True,False,True,False,False,False,False,True
6992,False,True,True,False,False,True,False,True
6993,False,False,False,True,False,True,True,False
6994,True,True,True,False,False,True,False,True
6995,True,False,False,False,False,False,True,True
6996,True,True,True,False,False,False,False,True
6997,True,False,False,True,True,True,False,False
6998,False,False,True,False,False,True,False,False
6999,True,False,False,True,True,True,False,True
7000,True,True,False,True,False,False,True,True
7001,False,False,False,False,True,True,True,False
7002,False,False,True,True,False,False,False,False
7003,True,False,False,False,True,True,True,True
7004,False,True,False,True,False,True,True,True
7005,True,True,False,False,True,False,False,True
7006,True,False,False,False,True,False,True,True
7007,False,True,False,True,False,False,True,False
7008,True,True,True,True,True,True,False,True
7009,True,False,True,True,False,True,False,True
7010,True,True,True,False,True,True,True,False
7011,True,False,False,False,True,True,False,False
7012,True,True,False,False,False,False,False,True
7013,False,True,False,True,False,False,False,False
7014,False,True,False,False,True,False,True,True
7015,False,False,False,True,False,True,True,False
7016,True,True,False,True,True,False,True,True
7017,True,True,True,True,False,True,False,True
7018,False,False,True,True,False,False,True,False
7019,False,True,False,False,False,True,True,False
7020,False,False,False,True,True,True,False,False
7021,False,True,False,True,True,True,True,False
7022,True,False,False,False,True,True,False,True
7023,False,True,True,True,False,True,True,True
7024,True,True,False,False,False,False,True,True
7025,False,True,False,False,True,False,True,False
7026,True,False,True,False,False,False,False,False
7027,True,True,False,True,False,True,True,True
7028,False,False,True,True,False,True,False,True
7029,True,True,True,True,True,True,False,False
7030,True,False,True,True,False,False,True,False
7031,True,False,True,False,True,True,False,False
7032,True,True,True,False,False,True,False,False
7033,True,True,False,False,True,True,False,True
7034,True,False,True,True,True,True,True,False
7035,False,False,True,True,False,True,False,True
7036,False,False,False,True,True,True,False,True
7037,True,True,True,False,False,True,False,False
7038,True,True,True,False,True,True,False,True
7039,True,True,True,True,True,False,True,False
7040,False,True,False,True,False,True,False,False
7041,False,True,True,True,False,True,False,False
7042,False,False,False,True,True,True,False,True
7043,False,False,True,True,True,True,True,True
7044,True,True,True,False,False,True,True,True
7045,False,False,False,False,False,False,False,False
7046,True,False,False,False,True,True,True,False
7047,False,True,False,False,False,True,True,False
7048,False,False,True,True,True,True,False,False
7049,True,False,True,True,False,True,False,False
7050,False,True,False,False,False,False,False,True
7051,True,True,True,True,True,False,True,False
7052,False,False,True,False,True,True,True,True
7053,False,True,True,False,True,True,False,True
7054,True,True,True,True,False,True,False,True
7055,True,False,True,True,True,False,True,False
7056,False,False,True,False,True,False,True,True
7057,False,False,True,False,True,False,False,False
7058,False,True,False,False,False,True,False,False
7059,False,True,False,True,True,False,True,False
7060,True,True,True,True,False,True,True,False
7061,False,True,True,True,False,False,True,False
7062,True,False,True,True,True,True,True,False
7063,False,False,True,True,True,False,False,True
7064,False,True,False,True,True,True,True,True
7065,True,False,True,False,False,False,True,True
7066,True,True,False,False,False,True,True,True
7067,True,True,True,True,False,False,False,True
7068,False,False,False,True,True,False,True,True
7069,False,False,True,True,True,False,True,True
7070,False,True,True,True,True,False,False,True
7071,False,False,True,False,True,True,True,True
7072,False,True,True,True,False,True,False,True
7073,False,False,True,False,True,True,False,True
7074,True,True,True,False,True,False,True,False
7075,True,True,False,True,True,True,True,True
7076,True,False,False,True,True,True,True,True
7077,False,True,False,False,False,True,True,False
7078,True,False,False,False,False,True,True,False
7079,False,False,False,True,True,True,False,False
7080,True,False,False,False,True,False,True,True
7081,True,True,True,True,True,False,True,False
7082,True,True,False,False,True,False,False,True
7083,True,False,True,True,False,False,False,False
7084,True,True,False,False,True,True,True,True
7085,True,True,True,False,True,False,False,True
7086,True,True,True,False,False,True,False,False
7087,True,False,True,True,False,False,True,False
7088,False,False,True,False,False,True,True,False
7089,True,False,True,False,True,True,False,False
7090,True,True,True,True,True,False,False,True
7091,False,False,False,False,False,False,False,False
7092,False,False,True,False,False,True,False,False
7093,False,False,False,False,False,False,True,False
7094,True,True,False,True,False,True,False,False
7095,True,True,True,True,False,True,True,False
7096,True,False,False,True,False,False,True,False
7097,True,True,True,False,False,True,False,True
7098,False,True,True,False,True,False,False,False
7099,False,False,True,True,False,False,False,False
7100,True,False,False,False,True,False,True,False
7101,False,True,True,True,False,True,False,False
7102,False,False,False,True,True,False,True,True
7103,False,True,True,False,True,True,True,True
7104,True,False,True,False,True,True,True,True
7105,False,False,False,True,True,False,False,False
7106,True,True,True,True,True,True,False,True
7107,False,False,False,False,True,False,False,False
7108,False,False,False,False,False,True,False,True
7109,True,False,False,False,True,True,True,False
7110,True,True,False,False,False,False,False,False
7111,False,True,True,True,True,True,True,False
7112,False,True,False,False,False,True,False,True
7113,True,False,False,True,False,False,False,True
7114,False,True,True,True,True,True,True,False
7115,True,True,True,False,False,False,True,True
7116,False,True,True,False,True,True,False,False
7117,False,True,False,True,True,True,False,False
7118,False,False,False,True,False,True,False,True
7119,False,False,True,True,False,False,True,False
7120,False,False,True,False,False,True,False,True
7121,True,True,False,True,True,True,False,False
7122,False,False,True,False,True,True,True,False
7123,True,False,False,False,False,True,False,True
7124,True,True,False,False,False,False,False,True
7125,False,True,True,False,True,True,False,True
7126,False,False,True,False,False,True,False,False
7127,False,False,True,False,True,True,True,True
7128,False,True,True,True,False,False,True,False
7129,False,False,False,True,True,True,True,True
7130,True,False,False,True,False,True,False,True
7131,True,False,True,False,False,False,True,True
7132,True,True,True,True,False,False,False,True
7133,False,False,True,True,False,False,False,False
7134,False,False,False,True,True,True,False,False
7135,True,False,True,False,False,True,False,False
7136,True,True,True,False,True,True,False,True
7137,True,False,False,False,False,False,True,True
7138,False,False,False,False,True,False,True,True
7139,False,False,False,True,False,False,True,True
7140,True,False,False,True,False,False,True,True
7141,True,False,True,False,False,True,False,True
7142,True,False,False,False,True,False,False,False
7143,True,True,True,True,True,False,False,False
7144,False,False,False,False,True,False,True,True
7145,False,True,True,False,True,False,False,False
7146,True,False,False,False,False,True,False,False
7147,True,False,True,True,False,False,True,False
7148,False,False,True,True,True,False,False,True
7149,False,False,False,True,True,False,False,False
7150,False,False,False,False,True,True,True,True
7151,True,False,False,False,True,False,True,True
7152,True,True,True,True,True,False,True,True
7153,False,False,False,True,True,True,False,False
7154,True,False,True,True,False,False,True,False
7155,False,True,False,True,False,True,True,True
7156,False,True,False,True,False,True,False,False
7157,True,True,True,False,False,False,True,False
7158,True,True,True,False,True,True,False,False
7159,True,True,True,False,True,False,False,False
7160,False,True,False,True,False,True,False,True
7161,True,True,False,False,True,True,False,False
7162,True,True,False,True,False,True,True,False
7163,True,False,False,True,False,True,False,False
7164,True,False,True,True,True,False,True,True
7165,True,True,False,True,False,False,True,False
7166,True,True,True,True,True,True,False,True
7167,True,True,False,True,True,False,True,True
7168,False,False,False,True,False,False,True,True
7169,True,True,True,True,True,True,False,False
7170,False,False,False,True,True,True,True,False
7171,False,False,False,False,False,False,True,False
7172,True,False,False,True,False,False,False,False
7173,False,True,True,True,False,False,True,True
7174,False,False,True,True,True,True,True,False
7175,False,False,True,False,False,False,True,False
7176,False,False,True,True,False,False,False,True
7177,False,True,False,False,False,True,False,False
7178,False,False,False,False,False,True,True,True
7179,False,False,False,False,False,False,True,False
7180,True,False,True,True,True,False,False,False
7181,True,False,True,True,True,False,True,True
7182,False,False,False,False,True,True,False,False
7183,False,True,False,False,True,False,False,False
7184,True,True,True,True,False,True,False,True
7185,False,True,False,True,True,True,True,True
7186,True,False,True,False,False,True,False,True
7187,False,True,False,False,True,True,True,True
7188,False,True,True,False,True,True,True,True
7189,False,True,False,True,True,False,False,False
7190,False,False,True,False,True,True,True,False
7191,False,True,True,True,True,True,True,True
7192,True,True,False,False,False,True,True,True
7193,False,True,True,True,True,False,False,False
7194,False,False,False,True,False,True,True,False
7195,True,False,False,True,False,False,True,True
7196,True,True,True,True,True,True,False,False
7197,False,True,True,False,True,True,False,True
7198,False,False,False,True,False,False,True,False
7199,False,True,True,False,True,True,False,True
7200,False,True,False,False,True,True,True,True
7201,True,False,False,False,False,False,True,False
7202,False,True,False,False,True,True,False,True
7203,True,True,True,True,False,True,True,False
7204,True,True,False,False,True,True,False,True
7205,False,True,False,True,True,True,True,True
7206,True,False,True,True,False,True,False,True
7207,False,True,True,False,False,True,False,True
7208,False,False,True,False,True,False,False,False
7209,False,True,True,True,False,True,True,False
7210,True,False,True,False,True,False,True,True
7211,True,True,True,True,True,True,True,True
7212,True,False,False,False,False,True,True,True
7213,False,True,False,False,True,True,False,True
7214,False,False,False,False,False,False,True,False
7215,True,True,True,True,False,True,False,True
7216,True,True,False,False,True,True,False,False
7217,False,True,True,True,False,False,True,True
7218,False,True,True,False,False,False,False,True
7219,False,True,True,True,False,False,True,False
7220,False,False,False,False,False,True,False,False
7221,True,True,False,False,True,False,True,False
7222,True,False,True,False,True,True,False,False
7223,False,False,True,True,True,True,True,False
7224,False,True,False,False,False,True,False,True
7225,False,False,True,False,False,False,False,False
7226,True,True,False,False,True,False,True,False
7227,False,True,False,True,True,False,False,False
7228,False,True,True,False,True,True,False,False
7229,True,False,False,False,False,True,True,False
7230,True,False,True,False,True,False,True,True
7231,True,True,False,False,False,True,True,False
7232,True,False,False,False,True,True,False,False
7233,False,False,True,True,True,False,False,False
7234,True,False,True,False,False,True,True,True
7235,False,False,False,False,False,True,False,True
7236,True,True,True,True,True,True,False,False
7237,True,False,False,False,True,False,False,False
7238,False,True,False,False,False,True,False,True
7239,True,False,False,True,True,True,True,False
7240,False,True,True,True,True,True,True,False
7241,True,True,False,True,False,True,False,False
7242,False,True,True,False,True,False,True,False
7243,True,False,False,False,False,True,True,True
7244,False,False,False,False,True,False,True,True
7245,False,False,True,False,True,True,True,False
7246,True,True,False,True,False,False,True,False
7247,False,False,True,False,True,True,True,False
7248,True,True,True,True,True,True,False,True
7249,True,True,False,True,False,True,True,False
7250,True,True,False,True,True,False,True,False
7251,True,True,True,False,False,True,True,True
7252,False,True,False,False,True,False,False,True
7253,True,False,True,False,False,False,True,True
7254,True,False,True,False,False,False,True,False
7255,True,True,False,False,False,True,True,False
7256,False,True,True,False,False,False,False,False
7257,False,True,True,True,True,False,True,True
7258,False,False,True,False,False,True,False,True
7259,False,False,False,False,False,False,True,False
7260,False,True,True,False,False,True,True,False
7261,False,True,False,False,True,True,False,False
7262,False,True,True,False,False,False,True,False
7263,True,True,True,False,True,True,False,False
7264,False,True,False,True,False,True,False,True
7265,False,False,False,False,True,True,False,False
7266,True,False,False,False,False,True,False,False
7267,False,True,True,True,True,False,True,False
7268,True,True,True,False,False,True,True,False
7269,False,False,False,True,True,False,False,True
7270,False,False,False,True,True,False,False,False
7271,True,False,False,False,False,False,True,True
7272,False,False,False,True,False,True,True,False
7273,False,True,False,True,False,True,False,False
7274,True,False,False,False,True,True,True,True
7275,False,False,True,True,True,True,True,False
7276,False,False,True,True,True,False,True,True
7277,False,True,False,True,True,True,True,True
7278,False,False,True,True,True,True,False,True
7279,False,False,True,False,True,True,True,False
7280,True,True,True,False,False,True,True,False
7281,False,False,False,False,True,True,False,True
7282,False,True,False,True,True,False,False,False
7283,True,True,True,True,False,True,True,False
7284,True,False,False,True,True,False,False,True
7285,False,True,False,False,False,True,False,True
7286,False,True,True,False,True,True,False,True
7287,False,True,True,False,False,False,True,False
7288,False,False,True,True,True,True,True,False
7289,False,True,True,True,False,True,True,True
7290,False,False,True,True,False,False,True,True
7291,False,False,True,False,False,True,False,False
7292,True,False,True,True,False,False,True,False
7293,True,True,True,True,True,True,False,False
7294,False,True,False,True,False,False,True,True
7295,False,False,True,True,False,False,False,False
7296,True,True,False,False,False,False,False,False
7297,True,True,True,False,True,False,True,False
7298,True,True,False,False,False,True,True,False
7299,True,False,True,True,False,True,True,False
7300,False,False,True,False,True,True,False,True
7301,False,True,True,True,True,False,False,True
7302,True,False,False,False,True,True,True,True
7303,True,False,True,False,True,True,False,False
7304,True,False,True,True,True,True,False,False
7305,True,False,False,True,True,True,True,True
7306,False,True,False,False,False,False,True,False
7307,False,False,False,False,True,True,True,False
7308,True,False,True,True,True,True,True,True
7309,False,False,False,False,True,True,False,True
7310,True,True,True,False,False,True,False,True
7311,False,True,True,True,True,False,False,True
7312,True,True,False,False,True,False,False,True
7313,False,True,True,False,False,True,True,False
7314,True,False,True,True,False,True,True,True
7315,False,False,False,True,True,True,False,True
7316,False,True,True,True,False,True,True,False
7317,False,False,True,False,False,False,True,True
7318,False,False,True,False,True,False,True,False
7319,False,True,False,False,True,False,True,False
7320,False,True,False,True,False,True,True,True
7321,True,False,False,True,False,True,True,True
7322,True,True,False,False,False,False,True,True
7323,True,True,True,True,True,True,False,True
7324,True,True,True,True,False,False,True,True
7325,False,False,True,True,True,False,True,True
7326,False,True,False,True,True,False,False,False
7327,False,True,False,True,True,True,False,True
7328,True,True,True,False,False,False,True,True
7329,True,False,False,False,False,True,True,False
7330,False,True,False,True,True,True,False,False
7331,True,True,True,False,False,False,False,True
7332,False,False,False,True,True,False,False,True
7333,False,True,True,True,False,False,False,True
7334,True,True,True,False,True,True,True,False
7335,True,False,True,False,True,True,False,False
7336,True,True,True,True,False,False,False,False
7337,True,False,True,True,False,True,True,False
7338,False,False,True,False,True,False,False,False
7339,True,True,True,False,False,True,True,True
7340,True,True,False,True,False,False,True,True
7341,False,False,False,False,False,True,False,False
7342,False,False,True,False,True,False,True,True
7343,True,False,False,True,True,True,True,True
7344,False,True,True,True,True,True,True,True
7345,False,True,True,False,True,True,False,False
7346,False,False,True,False,True,True,True,True
7347,False,False,False,False,True,False,True,True
7348,True,True,True,False,True,False,True,True
7349,True,True,False,True,True,False,True,False
7350,False,True,True,False,True,True,True,True
7351,False,True,False,True,True,True,False,False
7352,True,True,True,False,False,True,False,True
7353,True,True,True,False,False,False,False,False
7354,True,False,True,False,True,False,True,True
7355,True,True,False,False,False,False,True,True
7356,True,True,True,False,False,False,True,False
7357,False,False,True,False,False,True,True,True
7358,False,False,False,False,True,False,True,True
7359,True,False,False,True,False,False,False,True
7360,False,True,False,False,True,False,False,False
7361,True,False,False,True,False,True,False,True
7362,False,True,False,True,True,True,False,False
7363,False,False,True,False,True,True,True,False
7364,True,True,False,True,True,False,True,False
7365,True,False,False,False,False,False,False,True
7366,False,False,True,True,False,True,False,False
7367,True,True,False,False,True,False,False,False
7368,False,True,False,True,True,True,False,False
7369,False,True,True,False,True,True,True,False
7370,False,True,True,False,False,True,False,True
7371,False,False,False,True,True,True,False,False
7372,True,True,True,True,False,True,True,False
7373,True,True,True,True,True,False,True,True
7374,True,False,True,True,True,True,True,True
7375,False,False,False,False,False,False,True,True
7376,True,True,False,False,True,True,True,True
7377,True,False,False,False,True,False,False,False
7378,True,False,True,True,True,False,True,False
7379,False,False,True,True,True,False,True,True
7380,True,False,True,False,False,True,False,False
7381,False,True,True,False,True,True,False,True
7382,False,True,True,True,False,True,False,True
7383,True,False,True,False,False,True,False,True
7384,True,True,True,True,False,True,False,False
7385,True,False,False,True,False,True,False,False
7386,True,True,False,False,True,True,True,False
7387,True,True,False,False,True,False,False,False
7388,True,False,True,False,False,True,False,True
7389,False,True,True,True,True,False,False,False
7390,False,False,True,False,False,True,True,False
7391,True,False,False,False,False,True,True,False
7392,True,False,True,True,False,False,False,False
7393,True,True,True,True,False,False,False,True
7394,True,True,False,False,False,False,False,True
7395,True,True,False,True,True,False,True,True
7396,False,True,True,True,True,False,False,True
7397,False,False,False,False,False,False,True,True
7398,False,False,True,False,True,False,True,True
7399,False,False,False,True,False,False,False,True
7400,False,False,True,True,True,True,True,True
7401,False,True,False,False,False,False,True,True
7402,False,False,False,True,True,False,False,False
7403,False,True,False,False,False,True,False,True
7404,False,False,False,False,False,False,False,False
7405,True,False,False,False,False,True,False,False
7406,True,False,True,True,True,True,True,False
7407,True,False,False,False,True,True,True,False
7408,True,False,True,False,False,True,False,False
7409,True,False,False,True,False,False,False,True
7410,True,True,True,True,False,True,True,False
7411,True,False,False,True,True,False,True,True
7412,False,True,True,False,True,False,False,True
7413,True,True,False,False,False,False,False,False
7414,False,True,True,False,True,True,False,True
7415,True,False,False,False,True,False,True,True
7416,False,True,True,False,True,False,True,True
7417,True,False,True,True,True,False,False,False
7418,True,False,True,True,False,False,False,True
7419,False,False,True,False,True,False,True,True
7420,True,False,True,True,False,True,False,True
7421,False,False,False,False,False,False,True,True
7422,True,True,True,True,False,True,True,True
7423,False,False,False,False,True,True,True,True
7424,True,False,False,False,True,True,False,False
7425,False,False,True,False,False,False,False,False
7426,False,True,False,False,True,False,False,True
7427,False,True,False,False,True,False,True,False
7428,True,False,True,False,True,True,True,True
7429,True,False,False,True,False,True,False,False
7430,True,True,True,False,True,False,True,False
7431,True,False,False,False,False,True,True,True
7432,False,True,True,False,True,False,True,True
7433,True,True,True,False,False,True,True,True
7434,False,True,False,False,False,False,False,True
7435,True,True,True,True,False,True,True,False
7436,False,False,False,True,True,True,True,False
7437,True,False,True,False,False,False,False,False
7438,True,True,True,True,True,True,True,True
7439,True,False,True,True,True,True,False,True
7440,False,True,True,False,True,True,True,True
7441,False,True,True,False,False,True,True,False
7442,False,False,False,False,False,True,True,False
7443,True,False,False,True,True,False,True,True
7444,False,False,True,False,False,False,True,True
7445,True,False,True,True,False,False,True,False
7446,False,True,True,False,False,False,False,True
7447,True,True,False,False,False,False,False,False
7448,True,True,True,True,False,False,False,True
7449,False,False,True,True,True,True,True,False
7450,False,True,False,False,False,True,False,True
7451,False,True,False,True,True,False,False,True
7452,True,True,True,True,False,True,True,True
7453,False,False,True,True,True,True,False,False
7454,False,True,False,False,True,False,True,True
7455,False,False,True,True,False,True,False,True
7456,True,False,False,True,True,True,True,True
7457,False,False,False,False,False,True,False,False
7458,True,True,False,True,True,True,True,True
7459,False,False,False,True,False,False,False,False
7460,True,True,True,True,False,False,True,True
7461,False,True,True,True,False,False,False,False
7462,True,True,False,True,False,True,True,True
7463,False,True,True,False,False,False,True,True
7464,False,False,False,False,True,False,False,True
7465,True,False,True,False,False,False,False,True
7466,False,False,True,False,False,True,False,True
7467,True,True,True,True,False,False,False,False
7468,True,True,False,False,False,False,False,False
7469,True,False,True,False,True,False,True,False
7470,True,True,True,False,True,False,True,False
7471,True,False,True,True,False,True,False,True
7472,False,False,False,False,True,True,False,True
7473,False,True,False,False,True,False,False,True
7474,False,True,False,True,False,False,True,False
7475,False,True,True,True,False,True,False,False
7476,True,True,True,True,False,False,False,True
7477,False,False,False,True,False,True,True,False
7478,True,True,False,False,True,True,True,False
7479,True,True,False,True,True,False,False,False
7480,False,True,False,True,True,False,True,False
7481,True,True,False,True,False,True,True,True
7482,False,False,True,True,True,True,False,False
7483,False,False,True,False,False,True,False,False
7484,False,True,True,True,True,True,False,True
7485,True,False,True,False,True,False,True,False
7486,True,True,True,False,False,False,True,False
7487,True,False,True,True,False,False,False,True
7488,True,False,False,False,False,False,True,True
7489,True,False,True,True,False,True,False,True
7490,True,True,True,False,True,False,True,True
7491,True,True,True,False,True,False,True,False
7492,True,False,False,True,False,False,True,False
7493,True,True,True,True,False,True,False,True
7494,True,True,False,False,False,False,False,False
7495,True,True,False,True,True,True,True,False
7496,False,True,True,False,False,False,True,True
7497,True,True,True,True,True,False,False,False
7498,False,True,True,False,False,False,True,True
7499,False,True,True,False,False,True,True,False
7500,True,False,False,True,True,False,True,False
7501,True,True,False,False,False,True,False,False
7502,False,False,True,False,False,False,False,False
7503,True,False,False,True,False,False,True,False
7504,False,False,False,True,True,False,False,True
7505,True,False,False,True,True,True,True,False
7506,False,False,True,False,True,False,False,True
7507,False,True,True,False,True,True,True,True
7508,False,False,False,True,True,False,False,False
7509,False,True,True,False,False,False,False,False
7510,True,False,False,True,True,True,True,False
7511,True,False,False,False,True,False,False,True
7512,True,True,True,True,False,True,True,True
7513,True,True,True,False,False,False,True,False
7514,True,True,True,True,True,False,False,True
7515,False,True,True,True,True,False,False,True
7516,False,True,False,False,True,False,False,True
7517,True,False,False,True,False,False,False,True
7518,False,False,True,True,False,True,False,True
7519,False,False,False,True,True,False,False,False
7520,True,True,True,True,False,False,False,False
7521,True,True,False,False,False,False,True,True
7522,False,True,False,False,True,True,True,False
7523,False,False,True,True,False,True,True,True
7524,False,False,True,True,True,False,False,False
7525,True,False,False,False,False,False,False,True
7526,False,False,True,False,False,True,False,False
7527,True,True,False,False,False,True,False,False
7528,True,False,False,True,False,False,True,True
7529,False,True,False,True,True,True,False,True
7530,False,False,True,True,True,False,False,True
7531,True,True,False,True,True,False,False,True
7532,False,True,False,False,True,False,True,False
7533,True,False,False,True,True,True,True,True
7534,False,True,False,True,False,True,False,True
7535,True,False,False,False,True,True,False,False
7536,False,True,False,True,False,True,False,False
7537,True,False,False,False,True,False,False,False
7538,True,False,False,False,True,False,False,False
7539,False,True,False,True,False,False,False,False
7540,False,True,False,False,True,True,True,False
7541,True,False,True,True,False,False,False,True
7542,True,False,True,True,False,False,False,True
7543,False,True,True,True,True,False,True,False
7544,False,True,False,False,True,True,False,False
7545,True,True,False,False,True,True,False,False
7546,False,True,True,True,False,False,False,True
7547,True,False,True,True,True,False,False,True
7548,False,True,True,False,True,True,True,True
7549,True,False,False,True,False,True,False,True
7550,False,True,False,False,False,False,False,False
7551,True,True,True,False,False,False,True,False
7552,False,True,False,False,False,True,False,False
7553,False,False,True,True,False,True,True,False
7554,True,True,True,False,True,True,True,True
7555,True,False,False,True,True,False,True,False
7556,True,False,False,True,True,True,False,False
7557,True,True,False,False,False,False,False,True
7558,True,True,True,False,True,False,False,False
7559,True,True,True,False,False,False,False,False
7560,True,True,True,False,False,False,True,True
7561,True,True,True,True,True,True,True,False
7562,False,True,False,False,True,False,False,True
7563,True,False,False,True,True,False,False,True
7564,True,True,False,False,False,False,True,True
7565,False,False,False,True,True,True,True,True
7566,False,False,True,False,False,True,False,False
7567,False,False,True,False,True,False,False,True
7568,False,False,True,False,False,False,False,False
7569,False,True,True,False,True,False,True,False
7570,False,False,False,True,True,False,False,False
7571,False,False,False,True,False,False,True,False
7572,True,True,True,True,False,True,False,True
7573,False,True,False,True,False,True,False,False
7574,False,True,True,False,False,False,False,False
7575,False,True,True,True,False,True,True,True
7576,False,False,True,True,True,False,True,False
7577,False,False,True,False,False,True,False,False
7578,True,True,False,True,True,False,True,False
7579,True,True,False,True,True,False,True,False
7580,False,False,False,True,True,True,False,True
7581,False,False,True,False,False,True,False,False
7582,False,True,True,True,False,False,True,True
7583,False,False,False,False,False,True,True,True
7584,False,True,False,True,True,True,False,False
7585,True,True,True,False,False,True,False,True
7586,True,True,False,False,True,False,True,False
7587,True,True,False,False,True,True,False,True
7588,True,True,True,True,True,True,True,True
7589,True,True,True,False,True,True,False,False
7590,True,True,False,False,True,False,False,False
7591,False,False,True,True,False,True,True,True
7592,False,True,False,True,True,True,True,True
7593,True,False,False,False,False,True,True,True
7594,True,True,True,True,False,False,False,False
7595,False,False,True,False,False,True,True,True
7596,False,True,True,False,True,True,True,False
7597,False,False,True,True,True,False,True,False
7598,True,False,True,True,False,False,True,True
7599,True,False,False,True,False,True,True,False
7600,True,True,True,False,True,True,False,False
7601,False,True,False,True,True,False,True,False
7602,False,False,True,False,False,False,False,False
7603,False,True,False,True,False,True,False,True
7604,False,False,True,True,True,False,False,True
7605,False,True,True,False,True,False,True,True
7606,False,True,True,False,True,False,True,True
7607,True,True,True,False,False,True,False,True
7608,True,True,False,True,True,True,False,True
7609,True,True,True,False,False,False,True,True
7610,True,True,True,False,True,True,False,False
7611,True,True,True,True,False,True,True,True
7612,False,True,True,False,False,False,True,True
7613,True,True,False,True,True,False,False,True
7614,True,False,True,True,True,True,True,True
7615,True,True,False,False,False,False,False,False
7616,False,False,True,False,True,True,False,False
7617,True,False,True,True,True,False,True,False
7618,False,True,False,True,True,False,False,False
7619,False,False,False,False,False,False,True,False
7620,True,True,False,False,True,False,True,True
7621,False,False,False,True,False,False,False,False
7622,False,False,True,True,False,True,False,False
7623,True,False,True,False,False,False,True,False
7624,True,False,False,False,True,False,True,True
7625,True,True,True,True,False,False,False,True
7626,False,False,True,True,False,True,False,True
7627,False,False,True,True,False,False,False,True
7628,True,False,False,True,False,False,False,False
7629,False,True,True,False,True,True,True,False
7630,False,False,False,True,False,True,False,False
7631,False,True,True,True,True,False,False,False
7632,False,False,False,False,True,True,False,False
7633,True,True,True,False,False,True,False,True
7634,False,True,False,True,False,False,True,False
7635,False,False,False,False,False,True,True,True
7636,True,True,True,False,False,True,False,True
7637,False,False,False,True,False,True,False,True
7638,True,False,False,True,True,True,True,True
7639,False,False,True,True,True,False,True,True
7640,True,False,True,True,True,True,True,True
7641,True,False,True,True,False,True,True,False
7642,True,False,False,False,True,True,True,False
7643,True,True,True,True,False,False,True,False
7644,True,False,True,False,False,False,False,True
7645,True,True,False,True,False,False,False,False
7646,True,False,True,False,False,True,True,False
7647,True,False,True,False,False,False,False,True
7648,True,True,False,False,True,False,False,False
7649,True,False,True,True,False,True,False,True
7650,False,True,False,False,False,False,True,True
7651,False,True,False,True,False,True,True,False
7652,False,True,False,True,True,True,False,False
7653,True,False,True,True,False,True,True,True
7654,False,False,True,False,False,True,False,True
7655,True,True,True,True,False,False,True,False
7656,True,False,True,True,False,True,False,True
7657,False,False,True,False,True,False,False,False
7658,False,False,False,False,True,False,False,True
7659,False,True,True,False,True,True,True,True
7660,True,True,True,False,False,True,False,True
7661,True,False,False,True,False,False,True,False
7662,False,True,True,False,True,True,False,True
7663,False,False,False,False,False,False,False,True
7664,False,True,True,True,False,False,False,False
7665,False,True,False,False,False,False,True,False
7666,True,False,False,False,True,False,False,True
7667,False,True,True,True,False,True,False,False
7668,True,True,True,True,True,True,False,False
7669,True,True,True,False,True,False,True,False
7670,True,False,True,True,False,True,False,False
7671,False,False,True,False,False,True,False,False
7672,True,False,False,True,True,True,False,False
7673,True,False,True,True,True,True,True,True
7674,False,True,False,True,True,False,False,False
7675,True,False,False,True,True,True,True,False
7676,True,False,False,True,True,True,True,False
7677,False,True,True,True,False,True,True,False
7678,False,True,False,False,False,False,True,False
7679,True,False,False,False,True,False,False,False
7680,True,True,False,False,False,True,True,True
7681,True,True,True,True,False,False,False,False
7682,True,False,True,True,False,False,True,True
7683,False,False,False,True,False,True,False,False
7684,True,False,True,True,True,False,True,True
7685,False,True,False,False,False,True,False,True
7686,True,True,True,True,True,False,False,True
7687,True,True,False,False,True,False,True,False
7688,True,True,False,False,False,False,False,False
7689,False,True,True,False,False,True,False,False
7690,True,False,False,True,True,False,True,False
7691,True,True,False,True,False,True,False,True
7692,True,False,True,True,True,False,False,False
7693,True,False,True,True,False,False,False,False
7694,True,False,False,True,False,False,True,True
7695,True,False,False,True,True,True,False,False
7696,True,True,True,True,True,False,False,False
7697,False,True,False,True,True,False,False,True
7698,True,False,True,True,False,True,True,False
7699,False,True,False,True,False,True,False,True
7700,True,True,False,True,True,False,True,False
7701,False,True,True,False,False,True,True,True
7702,True,True,False,True,True,False,True,True
7703,True,True,True,False,False,False,False,False
7704,False,False,True,True,False,True,True,True
7705,False,False,False,False,True,False,True,True
7706,True,True,True,True,True,True,False,True
7707,True,False,False,True,True,False,False,False
7708,True,False,False,True,False,True,False,True
7709,False,False,True,True,True,False,True,False
7710,False,True,True,True,False,True,False,False
7711,False,True,True,False,True,False,True,True
7712,True,True,False,True,True,True,False,True
7713,False,True,False,True,True,True,False,True
7714,True,True,True,False,True,False,True,True
7715,True,True,False,False,False,True,False,False
7716,False,True,True,True,False,False,True,False
7717,False,True,True,False,True,False,False,True
7718,False,True,True,True,False,True,True,True
7719,True,False,True,False,True,True,False,False
7720,False,False,True,True,False,False,False,False
7721,True,True,True,False,False,False,False,False
7722,True,False,True,False,False,False,True,False
7723,False,False,True,True,False,True,True,True
7724,False,True,True,False,False,False,False,False
7725,False,False,False,True,False,False,False,True
7726,False,True,True,False,False,True,True,False
7727,True,False,True,False,True,False,False,False
7728,True,True,False,False,False,False,False,True
7729,True,True,True,True,False,False,True,True
7730,False,True,False,False,True,True,False,True
7731,True,True,False,True,True,False,False,True
7732,False,True,True,False,True,False,False,True
7733,False,True,False,False,True,True,True,False
7734,True,True,False,True,True,True,True,False
7735,True,False,True,False,True,False,True,False
7736,True,True,True,False,True,True,False,True
7737,False,True,False,True,True,False,False,False
7738,False,True,False,True,False,True,False,False
7739,False,False,True,True,False,True,False,True
7740,False,True,True,False,False,True,True,True
7741,True,False,True,False,False,True,False,True
7742,False,False,False,True,False,True,False,True
7743,True,False,False,True,True,True,True,True
7744,False,False,False,True,True,False,True,False
7745,True,False,False,True,True,True,False,False
7746,False,True,False,True,True,True,True,True
7747,False,True,False,True,False,True,True,True
7748,True,False,True,True,False,True,True,False
7749,False,True,True,False,True,False,False,True
7750,False,False,True,False,False,False,True,False
7751,False,False,True,False,True,False,True,True
7752,False,False,False,True,False,True,True,True
7753,True,True,True,True,True,False,True,False
7754,True,False,False,True,True,True,True,False
7755,False,True,False,True,True,True,False,True
7756,True,True,False,False,False,False,True,False
7757,True,True,True,True,False,True,False,True
7758,False,False,True,False,True,False,False,True
7759,True,True,True,True,True,False,True,True
7760,False,True,False,False,False,True,True,False
7761,True,False,False,True,True,False,True,False
7762,True,True,False,False,False,True,False,False
7763,True,False,True,False,False,False,True,False
7764,True,False,True,True,False,False,False,True
7765,True,True,False,False,False,True,False,False
7766,True,True,False,False,False,False,True,True
7767,True,True,True,True,True,True,True,False
7768,False,False,False,True,True,True,False,False
7769,True,True,False,False,False,False,False,False
7770,False,False,False,True,True,False,False,False
7771,True,False,False,True,False,False,False,False
7772,False,False,True,False,False,False,False,False
7773,True,True,True,False,False,False,False,True
7774,False,False,True,False,False,False,True,False
7775,False,True,True,True,False,True,True,True
7776,True,True,False,False,True,True,True,False
7777,False,True,False,False,True,True,True,False
7778,True,True,False,False,False,False,False,False
7779,False,False,False,True,True,True,False,True
7780,True,False,True,True,True,True,True,True
7781,False,True,False,True,True,False,True,False
7782,False,False,True,False,True,False,False,True
7783,True,False,True,True,False,False,False,False
7784,True,True,True,False,True,True,False,True
7785,True,False,True,True,False,True,False,False
7786,True,True,False,True,False,True,False,True
7787,True,False,True,True,False,True,True,False
7788,False,False,False,False,False,False,True,False
7789,False,False,False,True,False,False,False,True
7790,True,True,False,True,False,False,True,False
7791,True,False,False,False,False,False,True,False
7792,True,False,False,False,False,True,True,False
7793,False,True,False,False,True,False,True,True
7794,True,False,True,False,False,False,True,False
7795,True,False,False,True,True,False,True,False
7796,True,False,False,True,False,False,False,True
7797,False,False,False,True,True,True,True,True
7798,True,True,False,False,True,False,False,False
7799,False,True,False,False,True,True,False,True
7800,False,False,False,True,False,False,False,True
7801,False,False,True,False,True,False,False,True
7802,False,True,False,True,True,False,True,False
7803,False,True,False,True,False,True,True,False
7804,True,False,False,True,False,True,False,False
7805,False,False,True,True,True,False,True,True
7806,True,True,True,True,False,True,True,False
7807,True,True,True,False,False,False,False,False
7808,False,True,True,False,True,True,True,True
7809,False,True,False,False,True,False,True,True
7810,True,True,False,False,True,False,False,False
7811,False,True,False,False,False,True,True,True
7812,True,True,False,True,True,False,False,False
7813,False,True,True,True,False,False,True,False
7814,False,True,False,False,True,False,False,False
7815,False,False,True,False,True,False,True,False
7816,True,False,False,True,True,True,True,False
7817,False,False,False,True,True,True,True,False
7818,False,False,False,True,True,False,True,False
7819,False,True,True,False,True,True,False,False
7820,False,True,False,True,True,True,False,False
7821,True,True,False,True,False,True,True,False
7822,True,False,True,False,True,False,True,False
7823,True,True,True,False,False,False,False,False
7824,False,False,False,True,False,False,True,False
7825,False,False,True,True,False,False,False,False
7826,True,True,True,False,True,False,False,True
7827,True,True,True,True,True,False,True,False
7828,False,False,True,True,False,True,True,False
7829,True,True,False,True,False,False,False,False
7830,True,False,True,True,True,False,True,True
7831,False,False,True,True,False,True,True,True
7832,True,False,False,False,False,False,True,True
7833,True,False,True,True,False,True,True,True
7834,True,True,True,True,False,True,False,True
7835,False,False,False,False,True,False,False,True
7836,False,False,True,True,True,False,False,True
7837,False,False,True,True,True,False,False,False
7838,True,True,True,False,True,False,True,True
7839,True,False,True,True,True,True,True,False
7840,True,True,False,False,False,False,False,True
7841,False,True,False,True,False,False,True,False
7842,True,False,False,True,False,False,False,False
7843,True,True,True,False,True,False,False,False
7844,False,True,False,False,False,True,False,False
7845,True,True,False,True,True,False,False,False
7846,True,True,False,True,False,True,False,False
7847,True,False,False,True,False,False,True,False
7848,False,True,True,False,False,True,False,False
7849,True,False,True,False,True,False,False,True
7850,False,False,True,True,False,True,True,False
7851,False,True,True,True,True,False,True,True
7852,True,True,False,True,False,True,True,False
7853,True,False,True,True,False,True,False,True
7854,True,False,False,False,False,False,False,True
7855,True,False,True,True,True,True,False,True
7856,True,False,True,False,False,False,False,False
7857,False,False,True,True,True,True,True,False
7858,False,True,True,False,True,True,True,False
7859,False,False,False,True,True,False,True,True
7860,True,True,False,True,True,False,False,True
7861,True,True,False,False,False,False,False,True
7862,False,False,True,False,False,False,False,False
7863,False,False,True,True,False,True,False,True
7864,False,True,True,True,True,False,False,True
7865,True,False,False,False,True,True,False,True
7866,False,True,False,True,False,True,True,True
7867,False,True,True,True,False,False,False,True
7868,False,False,True,True,True,False,False,True
7869,False,False,False,False,False,False,True,True
7870,False,False,False,False,False,True,True,False
7871,False,True,True,True,True,True,True,True
7872,True,False,True,True,True,False,False,False
7873,False,False,True,True,False,False,True,False
7874,True,False,False,True,False,True,True,True
7875,False,True,True,True,False,False,False,True
7876,True,False,False,False,False,False,True,False
7877,False,False,False,True,True,True,False,True
7878,True,False,False,True,True,False,True,False
7879,False,False,False,True,False,False,True,False
7880,True,False,True,False,True,False,True,True
7881,False,False,False,True,False,False,False,False
7882,True,False,False,False,False,True,True,True
7883,False,False,True,True,True,True,True,False
7884,False,False,False,False,True,True,False,True
7885,False,True,True,False,True,True,True,False
7886,True,False,True,False,True,False,True,False
7887,False,True,True,True,True,True,True,True
7888,False,True,True,True,True,True,True,True
7889,False,True,True,False,False,True,True,False
7890,False,True,False,True,False,True,False,True
7891,True,True,True,False,False,True,True,True
7892,False,False,False,False,True,True,False,True
7893,False,True,False,False,False,True,False,True
7894,False,True,True,True,True,False,False,True
7895,True,False,False,False,False,False,True,True
7896,False,False,True,False,True,True,False,False
7897,False,False,True,False,False,False,True,True
7898,True,False,False,True,False,True,False,False
7899,True,True,True,True,False,False,False,True
7900,False,False,False,True,True,True,False,True
7901,True,True,True,True,False,True,True,True
7902,True,False,True,True,True,False,True,True
7903,True,True,True,False,True,False,False,True
7904,True,False,False,True,True,True,False,True
7905,True,True,True,True,True,False,False,True
7906,False,False,True,True,False,True,True,True
7907,True,False,False,False,False,True,True,True
7908,False,True,False,False,True,False,True,False
7909,True,False,True,False,True,True,False,False
7910,False,False,False,False,True,True,False,True
7911,True,False,False,False,False,False,True,True
7912,False,True,True,True,False,False,False,True
7913,True,True,False,False,False,True,True,False
7914,True,True,True,True,True,False,True,False
7915,False,False,False,True,False,False,False,True
7916,True,True,True,False,True,True,True,True
7917,True,True,False,True,False,True,False,True
7918,False,False,False,True,True,False,False,False
7919,False,True,False,True,True,True,True,False
7920,True,True,False,False,False,False,True,True
7921,False,True,True,True,False,False,False,True
7922,False,False,False,False,True,False,False,False
7923,False,False,True,False,False,True,True,False
7924,False,True,True,True,True,True,True,True
7925,False,False,True,True,True,True,False,False
7926,True,False,True,False,False,False,False,True
7927,False,True,True,False,True,False,False,False
7928,True,True,False,True,False,True,False,True
7929,True,True,True,False,False,True,True,False
7930,True,False,True,False,True,False,True,True
7931,True,True,False,False,True,True,False,False
7932,True,True,True,True,False,False,True,False
7933,True,False,True,True,False,False,True,False
7934,True,False,False,False,True,True,False,True
7935,True,False,True,True,True,True,True,True
7936,False,False,False,True,True,True,True,True
7937,False,True,False,False,False,False,False,True
7938,True,False,False,True,True,False,True,False
7939,True,True,True,True,True,False,False,True
7940,False,True,True,False,True,True,False,True
7941,True,True,False,True,True,False,True,True
7942,False,True,True,False,True,True,False,False
7943,True,True,True,False,False,False,False,True
7944,True,True,False,False,False,False,True,True
7945,True,True,False,True,False,False,True,False
7946,True,True,False,False,False,False,True,True
7947,True,False,False,True,False,True,True,True
7948,False,True,True,True,False,False,True,False
7949,False,False,True,True,False,False,False,False
7950,False,True,False,False,False,False,True,True
7951,True,False,False,False,True,False,False,False
7952,True,True,False,True,False,False,True,True
7953,False,True,False,True,True,True,True,False
7954,True,False,True,False,False,False,True,False
7955,False,True,True,True,True,False,True,False
7956,False,False,False,True,True,False,True,True
7957,True,False,True,True,True,False,True,False
7958,True,True,False,True,False,False,True,False
7959,True,False,False,True,False,False,False,True
7960,True,True,True,True,False,False,True,False
7961,True,False,True,False,True,False,True,True
7962,True,True,False,False,False,False,False,False
7963,True,True,True,True,True,True,True,True
7964,True,False,False,True,True,False,False,False
7965,True,False,False,True,False,True,True,True
7966,True,True,True,True,True,False,False,False
7967,True,True,False,True,False,True,False,True
7968,False,False,True,True,False,False,True,False
7969,True,True,True,True,False,True,False,True
7970,False,True,False,False,False,False,True,True
7971,True,True,False,False,False,False,True,False
7972,True,False,True,False,True,True,False,False
7973,False,True,False,False,True,True,True,True
7974,False,False,True,True,True,True,True,True
7975,False,True,True,False,False,False,True,True
7976,True,True,False,False,False,False,True,True
7977,True,True,False,True,True,True,True,False
7978,True,True,False,False,False,True,False,False
7979,False,True,True,True,True,False,False,False
7980,False,True,True,False,True,True,False,True
7981,False,True,True,False,False,True,True,True
7982,True,False,False,False,True,True,True,True
7983,True,True,True,True,True,False,False,True
7984,True,True,True,True,False,True,False,True
7985,True,False,True,True,True,True,True,False
7986,True,True,True,True,False,True,False,False
7987,False,False,True,False,True,False,False,False
7988,True,False,False,False,True,True,True,True
7989,True,False,True,False,True,False,False,True
7990,True,False,False,False,False,True,False,True
7991,True,False,True,False,False,False,True,True
7992,False,True,True,True,False,True,True,True
7993,False,True,True,False,True,True,False,True
7994,True,True,False,True,False,False,False,True
7995,False,False,True,False,True,True,False,True
7996,False,True,True,True,False,False,True,False
7997,False,True,False,True,True,True,True,True
7998,False,True,True,False,True,False,True,False
7999,False,True,False,False,True,True,True,False
8000,False,True,True,False,True,False,True,False
8001,True,False,False,False,True,True,True,True
8002,True,False,False,False,True,True,False,False
8003,False,True,False,True,True,True,False,True
8004,False,True,True,False,False,False,True,True
8005,False,True,False,True,True,True,False,True
8006,True,True,True,True,True,True,True,False
8007,True,False,True,False,False,True,True,False
8008,True,False,True,False,False,False,True,True
8009,True,True,True,False,False,False,False,True
8010,False,False,False,False,True,False,True,False
8011,True,True,True,True,False,True,False,False
8012,True,False,True,False,True,True,False,True
8013,True,False,False,True,True,False,False,False
8014,True,False,True,False,True,True,True,True
8015,True,False,False,False,False,True,False,True
8016,False,True,False,False,True,True,False,True
8017,True,False,True,True,False,False,True,False
8018,True,True,False,True,False,True,False,True
8019,True,True,True,True,False,False,False,True
8020,True,False,True,False,True,False,False,True
8021,True,False,False,False,False,False,False,True
8022,False,True,False,False,True,True,False,True
8023,False,True,False,True,False,False,False,True
8024,True,True,True,False,False,True,True,True
8025,True,False,False,False,False,False,True,False
8026,True,False,False,False,False,False,False,True
8027,False,True,False,False,False,False,True,True
8028,False,True,False,False,False,False,True,True
8029,True,True,False,True,True,True,False,True
8030,True,True,True,True,False,False,True,True
8031,False,True,False,True,True,True,True,False
8032,False,False,False,False,True,True,False,False
8033,False,True,True,False,True,True,False,False
8034,False,False,False,True,False,True,True,True
8035,True,False,True,True,True,True,False,False
8036,False,False,True,True,False,False,True,False
8037,True,False,False,False,True,False,True,False
8038,False,False,False,False,True,False,False,True
8039,True,False,False,True,False,False,False,False
8040,True,False,False,False,False,False,False,True
8041,True,True,False,False,False,True,True,False
8042,False,True,True,True,True,True,False,True
8043,True,True,False,False,True,True,True,False
8044,True,True,False,False,True,False,True,False
8045,False,True,False,False,True,False,False,True
8046,True,False,True,False,False,True,False,False
8047,True,False,False,True,True,False,False,False
8048,True,False,False,True,False,False,False,True
8049,True,False,False,False,True,True,False,True
8050,False,True,False,True,True,True,False,True
8051,False,False,False,True,True,True,False,True
8052,False,False,False,False,False,False,False,False
8053,True,False,True,True,True,False,True,False
8054,True,True,False,False,True,True,True,True
8055,False,False,False,True,True,True,True,True
8056,True,False,True,False,False,True,True,True
8057,True,False,True,False,False,False,True,True
8058,False,False,True,True,True,True,False,False
8059,False,True,True,False,True,True,True,False
8060,False,True,False,False,True,True,True,False
8061,False,False,False,True,True,False,False,False
8062,False,False,False,True,True,False,True,False
8063,True,True,False,True,True,True,True,True
8064,False,True,False,True,True,True,True,False
8065,True,True,True,True,True,False,True,True
8066,False,False,False,False,True,True,False,False
8067,False,False,False,True,False,True,False,True
8068,True,False,False,True,False,False,True,False
8069,True,True,True,False,True,False,False,False
8070,True,True,False,False,False,True,True,True
8071,False,True,True,False,True,False,False,False
8072,False,False,True,False,False,False,False,True
8073,True,False,True,False,True,False,False,True
8074,False,False,False,False,True,False,True,True
8075,False,False,False,True,True,False,False,False
8076,False,False,True,False,False,False,True,False
8077,False,False,True,False,True,True,True,False
8078,False,True,False,False,True,False,True,True
8079,True,False,False,True,False,True,False,False
8080,True,False,True,False,True,False,False,True
8081,True,False,False,True,False,False,True,True
8082,True,True,True,True,True,False,False,True
8083,True,True,False,True,False,True,True,True
8084,False,False,True,True,True,False,False,True
8085,False,True,False,False,False,False,True,False
8086,True,True,True,True,True,True,False,True
8087,False,True,True,False,False,False,False,True
8088,False,True,False,False,False,True,False,False
8089,False,True,True,False,True,True,True,False
8090,False,False,True,False,True,True,False,True
8091,False,True,True,False,True,True,False,False
8092,False,False,False,False,False,False,True,True
8093,True,True,False,True,True,True,False,False
8094,True,True,True,False,False,False,False,False
8095,False,False,True,True,True,False,True,False
8096,False,False,True,True,False,False,False,False
8097,True,False,True,False,True,True,True,False
8098,False,False,False,False,False,False,True,False
8099,True,False,True,False,False,True,True,False
8100,False,True,False,True,False,False,False,False
8101,True,False,True,True,True,False,True,True
8102,True,True,True,False,False,False,False,True
8103,True,True,False,True,True,True,False,False
8104,False,True,True,True,True,True,False,True
8105,True,False,False,False,True,True,True,True
8106,False,False,True,False,False,False,False,True
8107,False,True,False,True,False,False,False,True
8108,True,False,False,False,True,False,False,True
8109,True,True,False,False,False,True,False,True
8110,False,False,False,False,False,False,True,True
8111,True,True,True,False,False,True,True,True
8112,False,False,True,False,True,False,True,True
8113,True,True,True,False,False,False,True,True
8114,True,False,False,False,False,True,True,True
8115,False,True,False,True,True,True,True,False
8116,True,False,True,True,False,True,True,True
8117,False,True,False,True,True,False,False,False
8118,True,True,True,False,True,True,False,True
8119,True,False,True,False,True,False,True,False
8120,True,True,True,False,True,True,True,False
8121,False,False,True,True,False,True,False,False
8122,False,True,True,False,True,True,True,True
8123,True,True,False,False,True,False,False,True
8124,True,False,False,True,False,True,True,True
8125,True,False,False,True,True,False,True,False
8126,True,False,True,False,False,True,True,True
8127,True,False,True,False,True,False,False,False
8128,True,True,True,True,True,False,False,False
8129,False,False,True,False,False,False,True,False
8130,True,True,False,True,False,False,True,True
8131,False,True,False,False,False,True,True,True
8132,True,True,True,True,False,False,True,True
8133,False,False,True,False,False,False,True,False
8134,True,True,False,True,True,False,False,False
8135,False,True,False,True,True,False,False,True
8136,False,False,True,False,False,True,False,False
8137,False,True,False,True,True,False,True,True
8138,False,False,True,True,True,False,True,False
8139,False,False,True,True,True,False,True,False
8140,False,False,True,False,True,True,True,False
8141,True,False,False,True,False,True,True,True
8142,True,True,True,False,True,True,False,True
8143,True,False,True,True,True,False,True,False
8144,True,False,False,True,False,True,True,True
8145,False,True,True,True,False,True,True,True
8146,True,False,True,False,True,True,False,False
8147,True,True,True,True,False,False,False,False
8148,False,True,False,True,True,False,False,False
8149,True,False,False,False,False,True,True,True
8150,True,False,True,False,True,True,True,True
8151,False,False,False,False,True,True,False,False
8152,False,True,True,True,False,True,True,False
8153,True,True,False,False,False,True,False,False
8154,False,True,True,False,True,True,True,True
8155,True,False,True,True,True,False,True,False
8156,False,True,False,True,False,False,True,False
8157,True,False,False,False,False,False,True,True
8158,False,True,False,False,False,False,False,True
8159,True,False,True,True,True,True,False,True
8160,True,False,True,False,True,False,False,False
8161,True,False,False,True,False,False,True,True
8162,True,True,True,True,False,True,False,True
8163,False,True,True,False,False,True,False,False
8164,False,True,True,False,False,True,False,True
8165,True,False,True,True,False,True,False,True
8166,True,False,False,False,True,True,True,False
8167,True,True,False,False,False,True,False,False
8168,True,True,True,False,False,True,True,False
8169,True,False,False,False,False,False,False,True
8170,True,False,True,True,False,True,True,False
8171,False,True,False,False,False,False,False,False
8172,False,False,True,True,False,False,False,True
8173,True,True,False,True,True,True,True,True
8174,True,True,False,False,True,False,True,False
8175,True,True,True,True,True,False,False,False
8176,True,True,False,False,False,False,False,False
8177,True,True,True,True,True,True,False,True
8178,True,True,False,False,False,False,False,False
8179,False,False,True,True,True,False,True,True
8180,False,False,True,True,False,False,False,False
8181,False,False,True,True,True,False,True,True
8182,False,True,True,True,True,False,True,False
8183,False,True,True,True,True,False,False,False
8184,True,False,True,False,False,False,False,True
8185,True,True,False,True,True,False,True,False
8186,True,True,False,False,False,False,False,True
8187,True,True,False,False,True,True,False,False
8188,False,True,True,False,False,False,True,True
8189,True,True,False,False,True,True,False,True
8190,False,True,False,False,False,True,True,False
8191,True,False,False,False,False,True,True,True
8192,True,False,True,False,True,True,True,False
8193,True,True,True,True,False,True,True,False
8194,True,False,False,True,False,False,False,True
8195,False,True,False,False,True,True,True,True
8196,True,True,True,False,True,True,True,True
8197,False,False,False,True,False,False,True,True
8198,True,True,True,False,False,True,True,False
8199,False,True,False,True,False,True,False,True
8200,True,False,True,False,False,True,False,True
8201,True,False,True,True,False,False,False,False
8202,True,True,False,False,True,True,True,True
8203,True,True,True,False,True,True,False,True
8204,False,True,False,True,False,False,True,True
8205,True,False,False,False,False,False,False,True
8206,True,True,False,True,False,False,True,True
8207,True,False,True,False,True,True,True,False
8208,False,True,False,True,False,False,True,True
8209,True,True,False,False,False,False,False,True
8210,False,False,False,True,False,True,True,False
8211,True,False,False,False,False,False,False,False
8212,False,True,True,True,False,True,True,True
8213,True,False,True,True,False,False,True,False
8214,True,False,True,True,True,False,False,True
8215,True,True,True,False,False,False,False,True
8216,True,False,True,False,False,False,True,False
8217,False,False,True,False,False,True,True,True
8218,False,False,True,False,True,False,False,True
8219,True,True,False,False,True,True,True,True
8220,False,True,True,True,True,True,True,False
8221,False,True,True,True,True,True,True,True
8222,False,False,False,True,False,True,False,True
8223,True,True,True,False,False,False,False,True
8224,False,False,True,True,True,False,True,False
8225,False,False,False,False,True,False,False,False
8226,False,False,False,False,True,False,False,True
8227,False,True,True,True,False,False,True,False
8228,True,True,False,False,False,False,True,False
8229,True,False,False,True,True,True,False,True
8230,True,True,True,False,False,False,False,True
8231,False,False,False,False,False,False,True,True
8232,True,False,False,False,False,False,True,True
8233,False,True,True,True,False,False,True,True
8234,False,True,True,True,True,False,True,True
8235,False,True,False,False,False,True,False,True
8236,True,False,True,True,True,False,False,True
8237,False,False,True,False,True,False,False,True
8238,True,True,False,True,True,True,False,True
8239,False,True,False,True,False,True,False,True
8240,True,True,True,False,True,False,True,True
8241,False,True,True,True,True,False,False,False
8242,False,False,True,True,True,True,False,False
8243,True,True,True,False,False,False,True,False
8244,True,False,False,False,False,True,True,True
8245,True,True,False,True,False,True,True,True
8246,True,False,False,False,True,False,True,False
8247,True,True,False,True,False,False,False,True
8248,True,True,True,True,False,False,False,True
8249,True,True,False,True,True,True,True,True
8250,False,False,True,False,False,False,True,False
8251,False,True,False,False,True,True,True,False
8252,True,True,True,False,False,False,True,False
8253,False,True,False,True,False,False,True,False
8254,True,True,False,True,False,False,False,True
8255,False,True,False,True,False,True,True,False
8256,False,False,True,False,False,True,True,True
8257,False,False,False,True,False,True,False,False
8258,False,False,True,True,False,True,False,True
8259,True,False,False,True,False,True,True,False
8260,True,True,True,False,True,True,True,False
8261,True,False,False,False,False,False,True,False
8262,False,True,False,True,False,False,True,True
8263,False,True,True,True,False,False,False,False
8264,False,True,False,True,True,True,True,True
8265,False,False,True,True,False,False,True,False
8266,False,False,True,True,True,False,False,True
8267,False,True,True,False,False,False,True,True
8268,True,True,False,False,False,True,False,True
8269,True,False,True,True,True,True,True,False
8270,True,False,True,False,True,False,True,False
8271,True,False,False,True,False,True,False,True
8272,True,True,False,False,False,False,False,True
8273,True,True,True,False,True,False,False,True
8274,False,False,False,False,True,True,False,True
8275,True,True,False,False,True,False,False,False
8276,True,True,True,True,False,True,True,False
8277,True,True,True,True,False,True,True,True
8278,False,False,True,False,False,False,True,True
8279,True,False,True,False,False,False,False,False
8280,False,False,False,True,False,True,True,False
8281,True,False,True,True,False,True,True,True
8282,True,False,True,True,True,False,True,True
8283,True,False,False,True,False,True,True,False
8284,True,True,True,True,False,False,True,False
8285,True,False,True,True,True,False,False,True
8286,True,True,True,True,False,False,True,True
8287,False,True,False,True,True,False,True,True
8288,True,True,False,False,True,True,False,True
8289,False,True,False,True,False,False,False,True
8290,False,False,True,True,True,True,False,False
8291,False,False,False,True,True,False,False,True
8292,False,False,False,False,False,False,True,False
8293,True,False,False,False,True,False,False,False
8294,False,False,True,False,True,False,True,False
8295,False,True,False,False,True,False,True,True
8296,True,True,True,True,False,False,False,True
8297,False,False,True,False,False,True,True,False
8298,True,True,False,False,True,True,False,False
8299,True,False,False,False,True,True,False,False
8300,True,True,True,True,False,True,True,False
8301,True,True,False,False,True,False,True,False
8302,True,False,False,False,True,True,False,True
8303,False,True,False,True,False,True,True,True
8304,False,False,False,False,False,True,True,True
8305,False,False,False,False,False,True,False,True
8306,True,False,False,False,True,True,False,True
8307,True,False,True,True,False,False,False,False
8308,False,True,True,False,True,True,False,False
8309,True,True,True,True,False,True,True,True
8310,False,True,False,True,True,True,True,False
8311,False,True,False,False,True,False,True,False
8312,False,True,False,True,False,False,True,True
8313,True,False,False,False,True,False,True,True
8314,True,False,True,True,True,False,True,True
8315,True,True,False,True,True,True,False,False
8316,False,True,True,False,False,False,True,True
8317,False,True,False,False,True,False,False,True
8318,True,False,False,True,True,False,True,False
8319,False,False,True,True,False,False,False,True
8320,True,True,True,False,False,False,False,False
8321,False,False,True,True,False,True,True,True
8322,True,True,False,True,False,True,True,True
8323,True,False,False,True,True,False,True,True
8324,False,True,False,False,True,False,False,False
8325,True,False,False,False,True,True,False,True
8326,False,False,True,True,True,True,True,True
8327,False,True,False,True,False,True,False,True
8328,False,True,True,True,False,True,True,False
8329,True,True,False,True,True,True,True,False
8330,True,False,False,False,False,True,True,True
8331,False,False,False,True,False,True,True,True
8332,False,False,True,True,True,True,True,False
8333,True,True,False,False,False,False,True,True
8334,True,True,False,True,True,True,False,False
8335,False,False,True,True,False,False,False,True
8336,True,True,True,True,False,False,False,False
8337,True,True,True,True,False,False,False,False
8338,False,False,False,False,False,True,False,False
8339,False,False,True,True,True,False,False,False
8340,False,True,False,True,True,False,False,True
8341,False,True,False,True,True,False,True,True
8342,True,False,False,True,True,False,True,True
8343,False,False,False,True,True,True,True,True
8344,True,True,True,False,True,False,False,True
8345,False,True,True,False,True,False,True,False
8346,False,True,True,False,True,False,True,False
8347,False,False,False,False,True,False,False,False
8348,False,True,False,False,False,False,True,True
8349,False,True,False,True,False,False,True,True
8350,False,False,True,False,False,False,False,True
8351,True,True,False,True,True,True,True,False
8352,True,False,True,True,True,False,False,True
8353,True,True,True,True,False,True,False,True
8354,False,False,False,True,True,False,True,True
8355,False,True,False,True,False,False,False,True
8356,False,False,True,True,True,True,False,True
8357,True,False,True,False,True,False,False,False
8358,False,False,True,False,False,True,False,True
8359,True,True,False,True,True,False,False,False
8360,False,True,True,False,True,False,True,True
8361,True,True,True,False,True,True,False,True
8362,False,False,False,False,True,True,False,True
8363,False,True,False,False,True,True,False,True
8364,True,True,False,False,False,True,True,True
8365,False,True,True,False,False,True,False,False
8366,False,False,True,False,False,False,False,True
8367,False,True,True,False,False,False,False,True
8368,True,True,False,False,True,False,True,True
8369,True,True,False,True,False,False,False,False
8370,True,True,True,True,False,False,True,True
8371,True,True,True,True,True,True,True,False
8372,True,False,True,True,False,False,False,True
8373,False,True,True,False,True,True,True,False
8374,True,False,True,False,True,True,False,False
8375,True,False,True,False,True,True,False,True
8376,False,True,True,True,False,True,False,True
8377,True,False,False,False,False,False,True,True
8378,False,True,True,True,True,True,False,True
8379,True,False,True,False,True,False,False,True
8380,True,False,False,True,False,False,False,True
8381,True,True,False,True,True,True,False,True
8382,False,True,True,True,True,False,True,False
8383,False,False,True,True,True,False,True,False
8384,True,False,False,True,False,True,True,False
8385,True,True,True,False,False,False,True,True
8386,True,True,True,False,False,False,False,False
8387,True,False,False,False,True,True,True,True
8388,True,True,False,False,True,True,False,False
8389,True,True,False,False,True,True,False,True
8390,False,False,True,False,True,True,False,True
8391,True,True,False,False,True,False,False,True
8392,False,False,True,True,False,False,False,True
8393,True,True,True,False,False,False,True,False
8394,False,False,False,False,True,True,True,False
8395,False,True,True,False,True,False,True,True
8396,False,False,False,False,True,False,False,True
8397,True,False,False,False,True,True,False,False
8398,True,False,False,False,False,True,True,True
8399,True,True,False,False,False,True,False,False
8400,False,True,False,False,False,True,True,False
8401,False,False,False,True,True,False,True,False
8402,True,True,True,True,False,True,False,False
8403,True,True,False,False,False,False,True,True
8404,False,True,False,False,True,False,True,False
8405,False,False,True,False,True,False,True,False
8406,True,False,False,False,False,False,True,False
8407,True,False,True,False,False,True,False,True
8408,False,False,False,True,True,True,True,False
8409,False,True,True,False,False,False,False,False
8410,False,True,False,False,True,True,True,False
8411,True,False,False,False,False,False,False,True
8412,False,True,True,False,True,False,True,False
8413,False,False,False,False,True,False,True,True
8414,False,False,True,True,False,True,True,False
8415,False,True,True,False,False,False,True,True
8416,False,False,False,False,True,False,False,False
8417,True,False,True,False,True,True,True,True
8418,False,True,True,False,False,True,True,True
8419,True,False,True,True,True,False,True,False
8420,True,True,True,True,True,False,False,False
8421,True,True,True,False,False,False,False,False
8422,True,False,True,True,False,False,False,False
8423,False,False,True,True,False,False,False,False
8424,True,True,True,False,False,True,False,True
8425,False,False,False,False,False,True,True,False
8426,True,False,True,False,False,False,True,False
8427,True,False,True,True,True,False,True,False
8428,False,False,False,False,False,False,False,True
8429,True,False,True,False,False,False,True,False
8430,False,False,True,False,False,False,False,False
8431,False,False,True,True,False,False,False,True
8432,False,False,True,True,True,False,True,False
8433,True,True,True,False,True,True,True,True
8434,False,False,True,False,False,False,False,True
8435,True,True,False,True,False,True,True,True
8436,False,True,False,False,False,False,True,True
8437,True,True,False,False,True,True,False,True
8438,True,False,True,False,True,True,True,False
8439,True,True,True,False,False,False,False,False
8440,True,True,True,False,True,True,False,False
8441,True,False,False,False,False,True,False,False
8442,False,False,False,False,False,True,False,False
8443,False,True,True,True,False,True,False,False
8444,True,False,True,False,True,False,True,True
8445,False,False,True,True,False,False,False,False
8446,True,True,False,True,False,False,True,False
8447,True,True,False,False,True,True,False,True
8448,False,True,True,False,True,False,True,True
8449,True,False,True,False,True,True,True,True
8450,True,True,False,False,True,False,True,False
8451,True,True,False,False,False,False,False,False
8452,False,False,False,True,True,False,True,False
8453,True,True,False,False,False,False,True,True
8454,False,False,False,False,True,False,True,False
8455,True,True,False,True,False,True,True,True
8456,False,True,True,False,False,True,True,True
8457,True,False,True,True,False,False,False,False
8458,True,True,False,False,False,True,False,True
8459,True,False,True,True,False,True,True,False
8460,False,True,True,False,True,False,True,False
8461,False,False,True,False,False,True,True,False
8462,False,True,False,True,False,False,False,False
8463,True,True,False,False,False,True,False,False
8464,True,True,True,True,False,True,True,False
8465,False,True,False,True,True,False,False,False
8466,False,True,True,False,False,False,True,False
8467,True,False,True,True,True,True,True,True
8468,False,True,False,True,True,True,True,True
8469,False,True,True,True,False,True,True,True
8470,False,False,False,False,False,False,True,False
8471,False,True,True,True,True,False,True,False
8472,True,True,True,True,False,True,False,False
8473,True,True,False,True,False,False,False,True
8474,False,True,True,True,True,True,True,False
8475,False,True,True,True,True,True,False,True
8476,True,False,False,True,False,False,False,True
8477,True,False,True,False,False,False,True,True
8478,True,False,True,True,True,True,True,True
8479,True,False,False,False,True,True,False,True
8480,True,True,True,True,True,False,True,True
8481,True,False,False,True,False,True,True,True
8482,False,False,False,True,False,False,True,True
8483,True,True,True,False,True,False,True,True
8484,True,True,True,False,False,False,True,True
8485,True,True,True,True,False,True,False,True
8486,True,True,False,True,False,False,False,False
8487,False,False,True,False,True,True,False,False
8488,False,True,True,True,False,False,False,False
8489,True,False,False,False,False,False,True,False
8490,True,True,True,True,True,True,True,False
8491,True,True,True,True,True,False,False,True
8492,True,True,True,False,False,False,True,True
8493,False,True,True,True,True,True,False,False
8494,False,False,True,False,True,True,False,False
8495,False,False,True,False,False,True,True,False
8496,True,False,True,True,True,False,True,False
8497,False,False,True,True,False,True,True,True
8498,False,False,True,True,False,False,False,False
8499,True,True,False,True,True,False,False,False
8500,True,True,False,True,False,True,False,False
8501,False,True,True,False,False,False,False,False
8502,False,True,False,True,False,False,False,False
8503,False,True,False,False,True,False,True,True
8504,False,True,True,True,True,True,False,True
8505,True,False,False,False,False,False,False,True
8506,False,False,False,False,False,False,True,False
8507,False,False,True,True,False,False,False,False
8508,False,True,True,False,True,False,True,False
8509,True,False,True,True,True,False,True,True
8510,True,True,False,True,False,False,False,False
8511,True,False,False,True,True,True,False,False
8512,False,False,False,False,False,False,True,False
8513,False,True,True,False,False,False,False,True
8514,True,False,False,False,True,False,False,True
8515,False,True,True,True,False,False,False,False
8516,False,False,True,True,True,False,True,False
8517,True,True,False,True,True,False,True,False
8518,False,False,True,False,False,False,False,True
8519,True,False,True,True,False,False,True,False
8520,True,False,True,True,False,False,True,True
8521,True,True,True,False,False,False,False,False
8522,False,False,True,True,True,True,True,True
8523,False,False,False,True,True,True,True,True
8524,True,True,True,True,True,True,False,False
8525,False,True,False,False,False,True,True,False
8526,False,True,True,True,False,True,False,True
8527,True,True,True,True,True,False,True,False
8528,True,True,False,False,True,False,True,False
8529,False,False,False,False,True,True,True,False
8530,False,False,False,True,True,True,True,False
8531,False,False,True,False,True,False,False,True
8532,False,False,False,True,True,False,False,True
8533,True,False,True,False,False,False,False,True
8534,False,True,False,True,True,False,False,True
8535,False,False,True,False,True,False,False,False
8536,False,True,False,True,True,True,True,False
8537,True,False,False,True,False,True,False,True
8538,True,False,False,True,False,False,True,False
8539,True,True,True,False,False,False,False,False
8540,False,False,False,True,True,True,False,True
8541,True,False,False,False,False,True,False,True
8542,True,False,False,False,True,False,True,False
8543,True,False,True,False,False,False,True,False
8544,False,False,True,False,False,True,False,True
8545,True,False,True,False,False,False,True,True
8546,True,False,False,True,True,False,True,False
8547,True,False,True,False,False,True,False,False
8548,False,False,True,False,True,False,True,True
8549,True,True,False,True,True,False,True,True
8550,True,False,True,False,True,True,True,True
8551,False,False,True,False,True,False,False,False
8552,False,False,True,True,False,True,True,False
8553,True,False,True,True,True,False,True,True
8554,True,False,True,False,True,True,False,False
8555,True,False,False,True,False,True,True,True
8556,False,True,True,False,True,True,True,True
8557,True,False,False,False,False,True,False,False
8558,True,True,True,False,False,True,True,True
8559,True,False,True,False,True,True,True,False
8560,False,True,True,False,True,False,False,False
8561,False,True,False,False,True,True,True,False
8562,False,False,False,True,False,True,True,False
8563,True,True,True,True,True,False,True,True
8564,False,False,False,False,False,False,False,True
8565,True,False,False,True,True,False,False,False
8566,True,True,True,True,True,True,True,True
8567,False,True,True,True,False,True,False,False
8568,True,True,True,False,False,False,True,False
8569,True,True,False,False,True,True,False,True
8570,True,False,True,False,True,False,False,False
8571,False,False,True,False,True,False,True,False
8572,True,False,True,False,False,False,True,True
8573,True,False,True,True,True,False,True,True
8574,False,True,True,True,False,True,True,True
8575,True,False,True,True,True,True,False,False
8576,True,False,False,False,False,False,False,False
8577,True,False,True,False,True,True,True,False
8578,True,False,True,True,False,True,False,True
8579,False,True,True,True,False,False,True,True
8580,False,True,True,False,True,False,True,False
8581,True,False,False,False,True,False,False,False
8582,True,False,False,False,True,True,False,False
8583,True,True,False,False,True,False,False,True
8584,False,True,True,False,False,False,True,False
8585,True,True,True,False,False,True,True,False
8586,True,False,False,False,True,False,False,True
8587,True,False,True,True,False,False,False,True
8588,False,False,False,True,False,False,False,False
8589,True,False,True,False,True,False,True,True
8590,False,True,False,False,False,False,False,False
8591,False,False,False,True,True,False,True,False
8592,False,False,True,False,True,False,False,False
8593,False,True,False,True,True,True,False,True
8594,False,False,True,True,False,False,True,True
8595,True,False,False,True,True,False,False,False
8596,False,False,False,True,False,True,False,False
8597,True,False,False,True,True,True,True,False
8598,True,True,False,True,True,False,True,True
8599,True,True,False,False,True,False,False,True
8600,False,True,True,True,True,True,False,True
8601,True,False,False,False,False,True,True,True
8602,False,True,False,False,True,True,True,False
8603,False,True,False,True,False,True,False,False
8604,False,False,False,False,True,True,True,True
8605,False,False,True,False,True,False,True,False
8606,False,False,True,True,False,True,True,False
8607,False,False,True,False,True,True,False,True
8608,False,False,True,False,True,False,False,True
8609,False,True,False,False,True,True,False,False
8610,False,True,True,True,False,False,False,True
8611,True,True,True,False,False,True,True,False
8612,False,False,True,True,True,False,False,False
8613,True,False,False,True,True,False,False,False
8614,False,False,True,True,True,False,False,True
8615,False,False,False,False,False,True,True,True
8616,True,True,False,False,True,True,False,False
8617,True,False,True,False,False,True,True,False
8618,False,True,False,True,True,False,True,True
8619,False,True,False,False,True,False,False,False
8620,True,True,True,False,True,True,False,False
8621,True,False,False,False,False,False,True,False
8622,False,False,True,True,False,False,True,True
8623,True,True,True,False,False,True,True,False
8624,False,False,True,False,True,False,True,True
8625,True,True,True,False,False,False,False,True
8626,True,True,False,True,True,True,True,True
8627,True,False,False,False,True,True,False,True
8628,False,True,False,False,True,False,False,False
8629,False,False,True,False,True,False,True,True
8630,True,True,False,False,True,False,True,False
8631,False,False,True,False,False,True,False,False
8632,True,True,False,False,False,True,True,True
8633,True,False,False,True,False,False,True,True
8634,False,False,True,True,True,False,True,False
8635,True,True,False,True,True,False,True,False
8636,False,False,False,False,True,False,False,False
8637,True,False,False,True,False,False,True,False
8638,True,False,False,True,True,True,True,True
8639,True,False,True,False,False,True,True,False
8640,False,True,False,False,False,True,True,False
8641,True,False,True,False,False,False,True,True
8642,False,False,False,False,True,False,False,False
8643,False,True,False,True,True,True,True,False
8644,False,False,False,True,False,False,True,False
8645,False,False,True,False,True,True,True,True
8646,False,False,False,False,True,False,False,True
8647,True,True,False,True,True,False,False,False
8648,False,True,True,False,False,False,False,True
8649,True,True,True,True,True,True,False,True
8650,True,True,True,True,True,False,True,False
8651,False,False,False,False,False,False,False,True
8652,False,False,False,True,True,False,True,True
8653,True,False,True,True,False,True,False,True
8654,False,False,False,True,True,True,False,False
8655,False,True,False,False,True,False,False,False
8656,True,False,True,True,False,True,False,True
8657,False,False,True,False,False,False,True,False
8658,True,True,False,True,True,True,False,False
8659,False,True,True,False,True,True,True,True
8660,False,False,True,False,False,True,False,False
8661,False,False,True,True,True,False,False,True
8662,True,False,False,False,False,False,True,False
8663,False,True,False,False,True,True,True,True
8664,True,True,True,False,False,True,True,False
8665,True,True,False,True,True,True,True,True
8666,True,False,True,False,False,True,True,False
8667,False,False,True,False,False,False,False,True
8668,False,False,False,False,True,False,False,True
8669,False,True,False,True,True,True,True,False
8670,False,False,False,False,True,True,False,False
8671,False,True,True,False,False,True,True,False
8672,True,True,False,True,True,True,True,False
8673,True,True,False,True,True,True,False,False
8674,True,True,False,False,False,True,True,False
8675,True,False,True,False,True,True,False,False
8676,True,False,False,False,False,False,False,False
8677,False,True,True,True,False,False,True,True
8678,False,False,False,True,False,True,True,True
8679,False,True,True,True,False,False,True,False
8680,True,False,False,False,True,False,True,False
8681,False,False,False,False,False,False,False,True
8682,False,True,True,False,False,True,False,True
8683,False,False,False,False,True,True,True,False
8684,True,False,False,False,True,True,True,False
8685,True,False,True,False,False,False,True,False
8686,False,True,False,False,False,True,True,False
8687,True,False,False,True,False,False,True,True
8688,True,True,True,True,True,False,False,True
8689,False,True,False,False,False,False,True,True
8690,False,True,False,True,False,True,True,False
8691,False,True,False,True,False,False,True,False
8692,True,False,False,False,True,True,False,True
8693,True,False,False,False,False,True,False,False
8694,False,True,False,True,True,False,True,True
8695,False,True,False,False,False,True,True,True
8696,False,True,False,False,True,False,True,True
8697,False,True,False,False,True,True,False,True
8698,True,False,False,False,True,False,True,False
8699,True,True,False,False,True,True,True,True
8700,False,True,True,False,True,False,True,False
8701,False,False,True,False,True,True,True,False
8702,False,True,True,True,False,True,True,True
8703,False,False,False,False,True,True,True,True
8704,False,True,False,False,True,False,False,False
8705,False,True,True,True,False,False,False,True
8706,False,True,True,False,True,True,True,False
8707,False,False,False,True,True,False,False,False
8708,True,False,True,False,False,True,True,True
8709,False,True,False,False,True,True,False,False
8710,False,False,False,False,True,True,False,False
8711,True,True,True,False,True,True,True,False
8712,False,True,False,True,True,False,False,False
8713,True,True,True,True,False,False,False,False
8714,False,False,True,True,False,False,True,True
8715,False,True,True,True,False,False,False,False
8716,False,False,False,True,True,False,True,False
8717,True,True,True,True,True,True,False,False
8718,True,True,False,True,False,False,False,False
8719,True,True,True,False,False,False,False,False
8720,True,True,False,False,True,True,True,False
8721,False,True,True,False,False,True,False,True
8722,False,False,True,True,True,False,False,False
8723,True,True,False,True,False,False,False,True
8724,True,True,False,False,True,False,False,False
8725,False,False,True,False,False,True,True,True
8726,True,False,False,False,False,False,True,False
8727,False,False,True,False,True,True,True,True
8728,False,True,False,False,False,False,False,False
8729,False,True,True,True,True,True,False,False
8730,True,False,False,False,True,True,False,True
8731,False,True,True,True,False,False,False,False
8732,False,True,False,True,False,False,True,False
8733,True,False,False,False,False,True,True,False
8734,False,True,False,True,True,False,True,False
8735,False,False,False,True,True,False,True,False
8736,False,True,False,False,True,True,False,True
8737,True,False,True,False,True,True,False,True
8738,False,True,True,True,False,True,True,True
8739,False,False,True,False,True,False,True,True
8740,False,True,True,True,True,False,True,False
8741,False,True,False,False,False,True,False,False
8742,False,False,False,True,True,True,False,False
8743,True,True,True,False,True,True,False,True
8744,False,True,True,False,False,True,True,True
8745,False,False,False,True,True,True,False,True
8746,False,True,True,True,True,False,False,True
8747,True,False,True,False,True,False,True,True
8748,False,False,False,False,False,False,False,False
8749,False,True,False,True,False,False,False,True
8750,True,False,True,True,False,False,False,True
8751,False,False,False,True,True,False,False,False
8752,False,True,True,True,True,True,True,False
8753,False,False,False,True,True,False,False,False
8754,True,False,True,True,False,True,False,True
8755,True,True,False,False,True,True,False,False
8756,True,False,False,True,True,False,False,True
8757,True,False,False,False,False,True,True,False
8758,False,True,False,False,True,True,True,True
8759,False,False,False,False,True,False,True,False
8760,False,True,True,True,False,True,False,False
8761,False,True,True,True,True,True,False,True
8762,False,True,True,True,True,False,False,False
8763,False,True,False,True,True,False,False,False
8764,False,True,False,False,False,True,True,False
8765,True,False,True,True,True,False,True,False
8766,True,True,True,True,False,False,False,False
8767,True,True,False,False,True,False,False,False
8768,False,False,True,False,True,False,True,True
8769,True,False,True,False,False,False,False,True
8770,False,True,False,True,True,False,False,False
8771,True,False,True,False,False,True,False,False
8772,False,True,True,True,False,True,False,False
8773,False,True,False,False,True,False,False,True
8774,False,False,False,True,False,False,True,True
8775,False,False,True,False,True,True,True,False
8776,False,True,False,False,False,False,True,False
8777,True,False,False,False,True,True,False,True
8778,True,True,True,True,True,True,True,True
8779,True,False,True,True,True,True,False,False
8780,True,False,True,True,True,False,False,False
8781,True,True,False,True,True,True,False,False
8782,False,False,True,True,True,True,True,True
8783,False,False,True,True,False,True,True,False
8784,False,True,False,False,True,True,False,False
8785,False,True,True,False,True,True,False,False
8786,False,True,False,False,True,True,True,False
8787,False,True,False,False,True,False,True,False
8788,False,False,False,False,False,False,True,True
8789,True,False,True,True,True,True,True,False
8790,False,True,True,True,True,False,True,False
8791,False,True,False,True,True,False,True,False
8792,True,True,True,False,True,False,True,False
8793,False,True,False,True,False,False,True,False
8794,True,False,True,False,False,True,False,False
8795,False,False,True,True,False,True,False,True
8796,True,True,True,True,False,True,True,False
8797,True,True,False,True,True,True,True,False
8798,True,True,False,True,False,True,False,True
8799,True,True,False,True,False,False,False,True
8800,False,False,False,False,False,False,True,True
8801,True,True,False,True,False,True,False,False
8802,True,True,True,False,True,False,False,False
8803,True,False,True,False,True,True,True,True
8804,True,True,False,False,False,False,True,True
8805,False,True,True,True,True,False,True,False
8806,False,True,False,False,False,True,True,False
8807,False,False,False,False,True,False,True,False
8808,True,True,False,True,False,False,False,False
8809,False,True,False,True,True,False,True,False
8810,True,False,False,True,False,False,False,True
8811,True,False,True,False,False,False,True,False
8812,False,False,True,False,False,False,True,True
8813,True,False,True,True,True,True,True,True
8814,False,False,False,False,False,False,False,False
8815,True,True,False,False,True,True,True,False
8816,False,True,False,False,True,False,False,True
8817,True,True,True,False,False,False,True,False
8818,True,False,True,True,False,True,False,False
8819,True,False,True,True,True,True,False,True
8820,False,True,True,False,False,False,True,True
8821,False,False,False,True,True,False,True,True
8822,False,False,False,False,False,False,True,False
8823,True,False,True,True,False,False,False,True
8824,False,True,False,False,True,True,True,True
8825,False,False,False,False,False,True,False,True
8826,True,False,True,False,True,True,False,False
8827,True,False,False,True,True,False,True,True
8828,False,False,True,False,True,False,True,False
8829,False,True,False,True,True,False,False,False
8830,True,True,True,True,False,True,True,False
8831,False,False,False,False,False,False,False,False
8832,False,True,True,True,True,True,True,True
8833,False,True,False,False,False,True,True,False
8834,True,False,True,True,False,False,True,True
8835,False,False,False,False,True,False,True,True
8836,True,False,False,False,True,False,True,True
8837,False,True,True,True,False,True,True,True
8838,True,True,False,True,False,False,False,False
8839,True,False,True,True,True,False,True,True
8840,False,True,True,False,False,True,False,True
8841,True,True,False,True,True,True,True,True
8842,False,False,True,False,False,False,True,False
8843,True,True,False,False,True,True,True,True
8844,False,True,False,True,True,False,False,False
8845,True,True,False,True,False,False,True,False
8846,True,True,True,False,True,True,False,False
8847,False,True,False,True,False,False,True,True
8848,True,False,True,False,True,False,False,False
8849,False,False,True,True,False,True,False,True
8850,False,False,False,False,False,True,True,True
8851,False,True,False,True,False,False,False,False
8852,True,True,False,True,True,False,False,True
8853,False,True,True,True,False,True,True,False
8854,True,True,True,False,False,False,False,False
8855,True,False,False,True,True,False,True,False
8856,True,False,True,True,True,False,False,False
8857,False,False,True,True,False,True,False,True
8858,False,True,False,True,False,False,False,True
8859,True,True,False,False,False,True,True,False
8860,True,True,True,True,True,True,False,False
8861,False,True,True,False,False,False,False,False
8862,True,False,True,True,False,True,True,True
8863,False,True,False,True,True,True,False,True
8864,False,False,False,False,True,False,True,True
8865,True,True,True,False,False,False,True,False
8866,True,False,False,False,False,False,True,False
8867,False,False,True,True,True,False,False,False
8868,True,True,True,True,False,True,True,True
8869,True,True,False,False,False,False,False,False
8870,True,True,False,True,False,False,True,False
8871,True,True,True,True,True,True,True,True
8872,False,False,True,True,True,False,True,False
8873,True,True,True,True,False,True,False,False
8874,False,False,True,False,True,True,False,False
8875,True,True,True,True,True,False,True,True
8876,False,True,False,False,True,True,True,False
8877,True,False,False,False,False,False,False,False
8878,False,True,True,True,False,True,True,True
8879,False,False,False,False,False,False,True,False
8880,True,True,False,True,True,True,False,True
8881,True,False,True,False,True,True,True,False
8882,True,False,True,True,False,True,True,False
8883,True,True,False,True,True,False,True,True
8884,False,False,False,True,False,False,False,False
8885,False,False,True,True,False,False,True,True
8886,False,False,True,False,True,False,True,True
8887,False,True,True,True,True,True,False,True
8888,False,False,True,True,False,True,False,True
8889,True,False,True,False,True,True,True,False
8890,True,True,False,True,False,True,False,True
8891,True,False,True,False,False,True,False,False
8892,False,False,True,False,True,False,True,False
8893,False,False,False,True,True,True,True,False
8894,True,False,False,True,True,True,False,False
8895,True,True,True,False,True,True,False,True
8896,True,False,True,True,False,False,True,True
8897,True,True,False,True,True,True,True,False
8898,True,False,False,True,True,False,False,False
8899,False,True,False,True,True,False,False,False
8900,True,False,False,False,False,False,True,True
8901,False,False,True,False,False,False,False,True
8902,False,False,True,True,True,True,False,False
8903,True,False,False,False,False,True,True,False
8904,True,True,True,False,True,False,True,True
8905,True,True,True,True,True,True,True,True
8906,False,False,True,True,False,False,True,False
8907,False,True,False,True,True,False,True,True
8908,False,True,True,False,False,True,True,True
8909,True,False,False,False,True,False,True,True
8910,True,True,True,False,False,True,True,False
8911,False,False,False,True,False,True,False,False
8912,True,False,False,True,False,True,False,True
8913,True,False,True,True,True,False,True,True
8914,True,False,True,True,False,True,True,True
8915,False,True,True,True,False,True,False,True
8916,True,True,True,True,False,True,False,True
8917,False,False,False,False,True,False,True,False
8918,False,False,False,False,False,True,True,False
8919,True,False,False,False,False,True,False,True
8920,True,True,True,True,True,False,True,False
8921,True,True,True,True,True,True,False,False
8922,False,True,False,True,False,False,False,True
8923,False,True,True,False,True,False,False,True
8924,False,False,True,False,False,True,False,True
8925,True,True,False,True,True,True,False,False
8926,False,False,True,True,False,True,False,True
8927,False,False,True,False,True,True,True,True
8928,False,False,False,True,True,True,True,True
8929,False,False,False,False,False,False,True,False
8930,True,True,True,True,True,False,True,False
8931,False,False,False,False,True,False,False,True
8932,True,True,True,True,True,False,False,True
8933,True,False,True,False,False,True,True,True
8934,True,True,False,False,True,False,False,False
8935,False,True,False,False,False,False,True,True
8936,False,False,True,True,False,True,True,True
8937,True,False,True,False,False,False,False,False
8938,False,False,True,True,False,True,False,True
8939,False,False,False,False,False,True,False,True
8940,True,True,False,False,True,False,False,True
8941,True,False,False,False,False,True,False,False
8942,False,True,True,False,False,False,False,True
8943,True,False,True,True,False,True,True,True
8944,True,False,False,False,True,False,False,False
8945,False,True,False,True,True,True,True,False
8946,True,False,True,True,False,True,False,False
8947,True,False,False,True,True,False,False,True
8948,True,True,False,False,True,True,False,True
8949,False,False,True,False,True,True,True,False
8950,True,False,True,True,True,False,True,True
8951,True,True,True,True,False,False,False,False
8952,False,True,True,True,True,False,False,False
8953,True,False,True,True,False,False,False,True
8954,True,True,False,False,False,True,False,False
8955,True,True,True,False,False,False,True,False
8956,False,True,False,True,False,False,True,False
8957,True,False,False,True,False,False,True,False
8958,False,True,True,True,False,False,False,False
8959,True,False,False,True,False,False,False,True
8960,True,False,False,False,True,False,True,True
8961,True,False,True,False,True,True,False,True
8962,True,False,True,True,False,False,True,False
8963,True,False,True,False,True,False,True,True
8964,True,True,False,False,True,False,True,False
8965,False,False,False,False,False,True,False,True
8966,False,False,True,False,False,True,True,True
8967,True,True,False,False,False,False,True,False
8968,False,True,False,True,False,False,False,True
8969,False,True,True,False,False,True,False,True
8970,False,True,False,False,True,True,False,False
8971,True,False,True,False,True,True,True,False
8972,True,True,True,False,True,True,True,True
8973,True,False,True,True,True,False,False,True
8974,False,True,False,False,False,False,False,False
8975,False,False,False,False,False,True,False,True
8976,True,True,True,True,False,False,True,True
8977,True,True,True,True,True,True,True,False
8978,False,False,True,True,False,False,True,False
8979,False,True,False,False,True,False,True,False
8980,True,True,True,True,False,False,True,True
8981,True,False,False,True,False,False,True,True
8982,True,True,True,False,False,False,True,True
8983,False,False,True,True,False,False,False,False
8984,False,True,False,True,False,False,True,False
8985,True,False,True,True,False,True,True,False
8986,True,True,True,True,True,True,False,False
8987,False,False,False,False,True,False,False,False
8988,True,True,True,False,False,False,False,True
8989,True,True,False,True,True,False,True,True
8990,False,False,True,True,False,True,True,False
8991,True,False,False,True,True,True,True,False
8992,True,False,True,True,True,True,True,True
8993,True,False,False,False,False,False,True,True
8994,True,True,True,False,False,True,False,False
8995,True,False,True,True,False,False,True,False
8996,False,True,False,True,True,False,True,True
8997,False,True,True,False,False,True,True,False
8998,False,True,False,True,False,True,True,False
8999,False,False,True,False,True,True,False,True
9000,False,True,False,True,False,True,True,False
9001,True,True,True,False,False,True,True,True
9002,True,False,True,False,True,False,False,True
9003,False,True,False,True,True,False,True,True
9004,False,True,True,False,False,False,True,True
9005,True,False,True,False,True,True,True,False
9006,False,False,False,True,False,False,True,True
9007,False,True,False,False,True,False,False,False
9008,False,False,False,True,False,True,True,False
9009,False,False,True,False,False,False,False,True
9010,False,True,False,False,True,False,False,True
9011,False,False,True,True,True,False,True,False
9012,False,True,False,False,False,False,True,True
9013,False,False,False,True,False,True,True,True
9014,False,True,True,False,True,False,False,False
9015,True,True,False,True,False,True,True,False
9016,False,False,True,True,False,False,True,False
9017,True,False,False,False,True,True,False,True
9018,False,False,True,False,True,True,True,True
9019,True,False,True,True,True,True,False,False
9020,False,True,False,True,True,False,True,True
9021,True,False,False,False,False,False,False,True
9022,False,True,False,False,True,False,True,False
9023,False,True,False,False,True,False,False,False
9024,True,True,True,False,False,True,False,True
9025,True,False,False,True,True,False,True,True
9026,True,False,False,False,False,True,False,True
9027,True,False,True,True,False,True,True,True
9028,True,False,True,False,False,False,True,True
9029,False,False,True,True,False,True,False,True
9030,False,False,False,True,True,False,False,True
9031,True,True,True,False,True,False,True,False
9032,False,True,False,False,False,False,True,False
9033,True,True,True,False,True,True,True,True
9034,False,True,False,False,True,True,True,False
9035,True,True,False,True,True,False,False,True
9036,True,False,False,True,True,True,True,False
9037,False,True,True,True,False,False,True,True
9038,False,True,True,False,False,False,False,True
9039,False,True,True,True,True,True,True,True
9040,False,False,False,True,True,True,False,True
9041,False,True,False,False,False,False,True,False
9042,True,True,False,True,False,False,False,False
9043,True,True,False,False,False,False,False,True
9044,False,False,True,False,True,True,False,False
9045,False,True,False,True,True,True,False,False
9046,False,True,False,True,True,True,False,False
9047,True,False,True,False,False,False,False,False
9048,True,False,False,True,True,False,True,False
9049,False,True,True,False,True,True,False,False
9050,False,True,False,True,False,False,True,True
9051,True,True,False,False,True,False,True,True
9052,True,False,True,False,False,True,True,True
9053,True,True,True,True,True,True,True,False
9054,False,True,True,True,True,False,True,False
9055,True,False,True,False,False,True,False,False
9056,False,True,False,True,True,True,False,False
9057,False,False,True,False,True,True,False,True
9058,False,False,True,True,False,True,True,True
9059,False,True,False,True,True,True,True,True
9060,False,True,False,False,True,False,False,False
9061,False,False,False,False,False,True,True,True
9062,True,False,False,True,True,True,True,False
9063,False,False,True,False,False,True,True,False
9064,True,False,True,True,True,False,True,True
9065,False,True,True,True,False,True,False,False
9066,True,False,True,False,False,False,True,False
9067,False,False,True,False,True,True,True,True
9068,False,True,False,True,False,False,True,False
9069,False,True,True,True,True,True,False,False
9070,True,True,False,False,True,False,False,False
9071,False,False,True,True,False,True,True,False
9072,False,True,False,True,False,True,True,False
9073,True,False,True,True,False,True,False,False
9074,False,True,False,False,True,True,True,False
9075,True,True,False,True,True,False,False,True
9076,True,False,True,True,True,False,True,True
9077,False,False,True,True,True,False,True,True
9078,False,False,False,True,True,False,False,False
9079,True,False,True,True,False,True,False,False
9080,False,True,False,False,True,False,False,True
9081,False,False,False,False,True,True,True,False
9082,True,False,True,False,False,True,False,False
9083,True,True,True,True,False,False,False,True
9084,True,False,False,True,True,False,True,True
9085,False,True,False,True,False,True,True,False
9086,False,True,True,False,False,False,False,True
9087,False,True,False,False,False,False,True,True
9088,False,False,True,True,False,False,True,False
9089,True,False,True,True,False,True,True,True
9090,True,True,False,True,False,True,True,True
9091,False,False,False,True,False,True,True,False
9092,True,False,False,True,True,False,True,False
9093,True,False,True,True,True,True,True,True
9094,True,False,True,False,True,True,True,False
9095,True,False,True,True,False,False,True,False
9096,False,False,False,False,False,False,True,True
9097,False,False,False,True,False,False,False,False
9098,False,True,True,False,True,False,True,True
9099,False,True,True,True,False,False,False,True
9100,True,False,True,True,False,True,False,False
9101,False,True,False,True,True,True,False,False
9102,True,True,False,True,False,False,False,False
9103,True,True,False,True,True,False,False,False
9104,True,False,False,True,False,True,False,False
9105,True,False,False,True,True,False,True,False
9106,False,True,False,False,True,True,False,False
9107,True,True,False,True,False,True,False,False
9108,True,True,False,False,True,False,False,False
9109,True,True,True,True,True,True,True,False
9110,True,False,True,False,False,True,True,True
9111,False,False,False,True,True,True,True,True
9112,False,True,True,False,True,True,False,False
9113,False,True,False,True,False,True,False,True
9114,False,True,False,True,False,False,False,True
9115,True,True,True,False,False,False,True,True
9116,False,False,False,True,False,False,True,False
9117,False,True,False,True,True,True,True,True
9118,True,False,True,True,True,True,False,True
9119,False,True,False,False,True,False,False,False
9120,True,False,False,True,False,False,False,True
9121,False,True,False,True,True,False,True,False
9122,True,False,True,True,False,True,False,False
9123,True,True,True,False,True,True,True,True
9124,False,True,False,False,False,False,False,True
9125,False,True,False,False,False,True,True,True
9126,True,True,True,True,False,True,True,True
9127,True,True,False,True,True,False,True,False
9128,False,True,False,False,True,True,False,True
9129,True,False,True,True,False,False,False,False
9130,False,False,True,True,True,True,False,False
9131,False,True,True,True,True,True,True,False
9132,True,True,True,False,False,False,True,False
9133,False,False,True,False,False,False,True,False
9134,True,True,True,True,False,True,True,True
9135,False,False,False,False,True,False,False,False
9136,True,True,False,False,False,False,False,True
9137,False,False,True,False,True,True,True,True
9138,False,False,True,True,False,True,True,True
9139,False,False,True,False,False,True,True,False
9140,False,True,True,True,True,True,False,True
9141,False,False,False,True,False,True,True,False
9142,True,False,False,False,True,False,False,False
9143,True,True,True,False,True,False,True,True
9144,False,False,False,False,True,True,False,True
9145,True,True,True,True,True,False,False,False
9146,True,True,False,True,True,False,True,True
9147,True,False,False,False,False,False,True,True
9148,True,True,True,True,False,True,False,True
9149,False,False,True,True,True,True,False,True
9150,False,False,False,False,True,True,True,False
9151,True,True,False,True,False,False,False,True
9152,True,True,True,False,True,True,True,True
9153,True,False,False,False,False,False,False,True
9154,True,False,False,False,False,False,True,False
9155,False,True,False,True,True,True,False,False
9156,False,True,True,True,True,False,False,False
9157,True,False,False,True,False,True,True,True
9158,True,True,True,True,False,True,False,True
9159,True,True,False,False,True,True,True,True
9160,True,True,True,True,True,True,True,True
9161,True,False,False,False,True,False,True,True
9162,True,True,True,True,True,True,True,True
9163,False,False,False,True,True,True,True,True
9164,True,False,False,True,False,True,False,False
9165,False,False,True,False,True,False,True,True
9166,True,False,False,False,True,False,False,True
9167,True,False,False,False,False,False,True,True
9168,True,False,True,True,False,True,False,True
9169,True,False,True,True,True,True,True,False
9170,False,False,True,False,False,False,True,False
9171,False,False,False,False,False,False,True,False
9172,False,False,True,True,False,True,False,False
9173,False,True,False,False,False,True,True,True
9174,False,True,False,True,True,False,False,True
9175,True,True,False,False,False,True,True,False
9176,False,True,False,False,True,False,False,True
9177,True,False,False,True,False,True,False,True
9178,False,False,True,True,True,True,True,False
9179,True,True,False,False,False,False,False,True
9180,False,True,False,True,False,False,True,True
9181,False,True,False,False,True,False,False,False
9182,False,False,False,True,True,False,False,True
9183,True,False,True,False,False,True,True,True
9184,False,False,False,False,True,True,False,True
9185,False,True,False,True,True,True,True,True
9186,False,True,True,True,False,True,False,True
9187,False,True,False,True,False,True,True,True
9188,False,True,True,True,False,False,False,False
9189,True,False,False,True,False,False,False,False
9190,False,False,True,True,False,True,True,True
9191,True,False,False,False,True,True,True,True
9192,True,False,True,True,True,True,True,True
9193,False,False,False,True,False,True,True,True
9194,False,True,True,False,True,False,True,True
9195,False,True,False,False,True,True,True,False
9196,True,True,False,False,True,True,True,False
9197,True,False,True,True,False,False,False,True
9198,False,True,False,True,False,True,False,False
9199,False,True,True,False,False,False,False,False
9200,True,True,True,False,False,False,False,False
9201,True,False,True,True,False,False,False,True
9202,True,True,False,False,False,True,False,True
9203,False,True,False,True,False,True,True,False
9204,False,True,False,True,False,True,False,False
9205,True,False,False,True,True,True,True,False
9206,False,False,False,True,False,True,False,True
9207,False,False,True,False,False,False,True,True
9208,False,False,False,True,False,True,False,False
9209,False,False,False,False,True,True,True,False
9210,True,False,False,False,False,True,False,True
9211,True,True,True,False,True,False,False,True
9212,False,False,False,True,True,False,True,True
9213,False,False,True,True,True,False,True,False
9214,True,True,True,False,False,True,False,True
9215,True,True,False,True,True,True,False,True
9216,True,True,True,False,False,True,False,False
9217,True,False,True,False,False,True,True,True
9218,True,False,True,True,False,True,True,True
9219,True,False,True,False,True,True,True,True
9220,False,True,False,False,True,False,False,False
9221,False,False,False,True,True,True,True,False
9222,True,True,True,False,True,False,False,True
9223,False,False,True,False,True,True,True,True
9224,True,False,False,False,False,True,True,False
9225,False,True,True,False,True,True,False,False
9226,False,True,True,True,True,False,True,False
9227,True,False,True,False,False,False,True,True
9228,False,True,False,False,False,False,False,False
9229,False,True,True,True,False,False,False,True
9230,True,True,True,False,False,False,True,False
9231,True,True,True,False,False,True,False,False
9232,False,True,False,False,False,True,True,True
9233,True,True,False,True,True,False,False,False
9234,True,False,False,False,False,False,False,False
9235,True,False,True,False,False,True,True,True
9236,True,False,True,False,True,False,True,True
9237,True,False,True,False,True,False,False,False
9238,True,True,False,True,False,True,True,True
9239,False,True,False,False,True,False,True,False
9240,True,False,False,False,False,False,True,False
9241,False,True,True,False,False,False,False,False
9242,True,True,True,False,False,True,False,True
9243,True,False,False,False,True,False,False,False
9244,True,False,True,True,True,False,False,False
9245,False,False,True,False,False,False,False,False
9246,False,False,True,False,False,True,True,True
9247,True,True,True,False,False,False,True,False
9248,False,True,False,False,False,True,False,False
9249,False,False,False,False,False,True,False,True
9250,True,False,False,False,True,False,True,False
9251,True,True,True,True,True,True,False,False
9252,True,True,False,False,True,True,True,False
9253,False,True,True,True,True,True,False,True
9254,True,True,True,True,False,True,False,True
9255,True,True,True,False,True,False,False,True
9256,False,True,False,False,True,False,True,False
9257,False,False,True,False,True,True,False,True
9258,False,True,False,False,False,False,True,True
9259,False,True,True,False,False,False,True,True
9260,True,True,True,False,True,False,True,True
9261,True,True,False,False,False,True,False,False
9262,False,False,True,True,False,True,False,False
9263,False,True,True,True,False,True,True,False
9264,False,False,False,False,False,True,False,True
9265,True,False,True,True,False,False,True,True
9266,True,False,True,True,True,True,False,True
9267,True,True,False,True,False,True,True,False
9268,False,False,False,True,False,False,False,True
9269,True,True,False,True,False,True,True,True
9270,True,True,True,True,False,False,False,False
9271,False,True,False,False,True,False,False,True
9272,False,False,False,True,False,False,False,True
9273,False,False,False,False,True,False,True,True
9274,False,False,False,True,True,False,False,True
9275,True,False,False,True,True,False,False,False
9276,True,True,False,False,False,True,False,False
9277,False,True,True,False,True,True,False,True
9278,True,True,False,False,True,True,True,True
9279,False,False,False,True,True,False,True,True
9280,False,False,True,True,True,False,False,True
9281,False,True,True,False,False,False,False,False
9282,False,True,False,False,False,True,True,True
9283,False,True,True,False,False,False,True,True
9284,True,True,False,True,False,True,True,False
9285,False,True,True,True,True,False,False,False
9286,True,True,True,True,False,False,False,False
9287,True,False,False,False,True,False,True,False
9288,False,False,True,True,True,False,True,False
9289,True,False,False,False,False,False,True,True
9290,True,False,True,True,False,False,False,False
9291,False,True,False,True,True,True,True,False
9292,False,True,True,False,False,True,True,False
9293,False,True,False,True,False,True,True,False
9294,True,True,False,False,False,True,False,True
9295,False,False,True,False,False,True,True,False
9296,True,True,False,False,True,True,True,True
9297,False,False,True,False,True,True,True,True
9298,False,True,False,True,False,False,True,False
9299,True,False,False,True,False,True,True,True
9300,True,True,True,False,True,True,True,True
9301,True,True,True,False,True,True,False,False
9302,True,False,True,True,False,True,False,False
9303,False,False,True,False,True,False,True,True
9304,False,False,False,False,True,False,True,True
9305,True,True,True,True,False,False,True,False
9306,False,False,True,False,False,True,True,False
9307,True,True,False,True,False,True,False,True
9308,True,True,False,True,True,False,False,False
9309,True,False,False,True,True,True,False,False
9310,False,True,False,True,False,True,True,True
9311,False,True,True,True,True,True,True,False
9312,False,False,False,False,True,True,True,False
9313,True,True,True,False,True,False,True,False
9314,True,False,False,True,False,False,True,False
9315,True,True,False,True,False,True,True,False
9316,True,True,True,False,True,False,True,True
9317,True,False,True,True,True,False,False,True
9318,True,False,True,False,False,False,False,False
9319,False,False,True,True,False,True,True,False
9320,True,True,True,True,False,True,True,False
9321,True,True,True,True,True,False,False,True
9322,False,False,False,False,False,True,True,True
9323,True,True,False,False,False,False,False,False
9324,True,False,False,False,True,True,False,True
9325,True,False,True,False,False,False,True,False
9326,False,False,True,False,False,True,True,True
9327,False,False,True,True,True,False,True,False
9328,False,False,True,False,True,True,True,False
9329,False,False,False,True,False,False,True,False
9330,True,True,False,False,True,True,False,True
9331,True,False,False,True,False,True,False,True
9332,False,True,True,False,False,True,False,True
9333,True,False,False,False,True,True,True,True
9334,True,True,False,True,True,False,False,False
9335,False,False,True,False,False,True,True,True
9336,False,False,False,True,True,False,True,False
9337,False,True,False,True,True,False,False,True
9338,True,False,False,True,False,True,True,True
9339,False,False,False,False,True,False,True,False
9340,False,False,True,False,True,False,True,True
9341,True,False,False,False,True,False,False,False
9342,True,False,False,False,False,False,False,True
9343,False,False,True,True,False,False,False,False
9344,True,False,False,False,False,False,True,False
9345,False,False,True,True,False,True,True,True
9346,False,True,False,False,True,False,True,False
9347,True,False,False,True,True,False,False,True
9348,True,False,False,False,False,True,False,False
9349,False,False,False,False,True,False,True,False
9350,False,False,False,True,True,True,False,True
9351,False,False,False,False,True,True,True,False
9352,True,False,False,True,False,True,False,True
9353,True,True,True,True,True,False,False,False
9354,False,False,True,True,True,False,False,True
9355,False,False,True,True,False,False,False,False
9356,False,True,False,True,False,True,False,False
9357,False,False,True,False,True,True,True,True
9358,True,False,True,True,True,False,True,False
9359,False,False,True,True,True,True,False,True
9360,True,False,False,False,True,False,False,True
9361,True,False,False,False,True,False,False,False
9362,True,False,True,False,True,True,False,True
9363,False,True,False,True,True,True,False,False
9364,False,True,False,False,False,False,False,True
9365,True,True,True,False,False,True,True,False
9366,False,True,False,False,True,True,True,True
9367,False,False,False,False,True,False,False,True
9368,False,True,False,True,False,False,True,True
9369,True,True,True,False,True,False,False,False
9370,True,False,True,False,False,False,False,False
9371,True,True,True,True,False,False,False,True
9372,True,False,False,True,True,True,True,False
9373,False,False,True,True,False,False,True,False
9374,True,False,True,True,False,True,True,False
9375,False,False,False,True,True,False,False,False
9376,True,False,False,False,True,False,True,True
9377,False,False,False,False,False,True,False,True
9378,True,True,True,False,True,False,True,True
9379,False,True,False,False,True,False,False,False
9380,False,True,True,True,False,True,False,True
9381,True,False,True,False,True,False,True,True
9382,True,True,True,False,True,True,True,True
9383,False,False,False,True,True,True,True,False
9384,True,True,True,False,True,False,True,True
9385,True,True,True,False,False,False,True,False
9386,False,False,True,True,False,True,True,False
9387,True,True,False,True,True,True,True,True
9388,True,True,True,False,True,False,True,False
9389,True,True,True,False,True,True,True,True
9390,True,True,True,False,True,False,False,False
9391,False,False,True,False,False,False,True,False
9392,True,False,False,True,True,True,True,False
9393,True,True,False,False,True,False,True,False
9394,True,False,False,False,True,False,False,True
9395,True,False,False,True,True,True,True,False
9396,False,False,False,True,True,False,True,False
9397,True,False,True,True,True,False,False,False
9398,True,True,False,True,False,True,False,False
9399,True,True,True,False,False,False,True,True
9400,False,False,True,True,True,True,True,False
9401,False,True,False,True,False,True,False,True
9402,True,False,True,False,False,True,True,False
9403,False,False,False,False,False,True,True,True
9404,True,False,False,False,False,True,False,True
9405,False,False,True,False,False,True,False,False
9406,False,True,False,False,False,False,False,False
9407,True,True,True,True,True,False,False,True
9408,True,False,False,True,False,False,False,True
9409,True,True,True,True,False,True,False,False
9410,True,False,True,True,True,True,False,False
9411,True,False,True,True,False,False,False,True
9412,True,False,False,False,False,False,False,True
9413,False,False,True,True,False,True,True,True
9414,False,True,False,True,True,False,True,False
9415,True,False,False,True,False,True,False,True
9416,False,True,True,False,True,True,False,False
9417,True,True,True,True,False,False,True,True
9418,True,True,False,True,True,False,True,False
9419,False,True,True,False,False,True,False,False
9420,True,False,False,True,False,False,False,False
9421,True,False,False,False,False,False,True,True
9422,True,False,True,False,True,True,True,True
9423,False,False,False,False,False,True,False,True
9424,True,True,False,False,False,True,True,True
9425,False,False,False,True,True,False,True,True
9426,True,True,False,False,True,True,True,False
9427,True,True,False,False,True,True,True,True
9428,False,True,True,True,True,True,False,True
9429,True,True,False,True,True,False,True,True
9430,True,False,True,False,True,True,True,False
9431,True,False,True,False,False,False,False,False
9432,False,True,False,False,True,False,True,True
9433,True,True,False,True,True,True,False,True
9434,True,False,False,False,True,True,True,False
9435,False,False,False,True,True,True,True,False
9436,True,True,True,False,False,True,True,True
9437,False,True,True,False,False,True,False,True
9438,True,True,False,True,False,False,False,False
9439,False,True,True,True,True,True,True,False
9440,True,True,True,True,True,True,False,False
9441,True,True,False,False,True,True,False,False
9442,True,False,True,False,True,False,False,True
9443,True,True,True,True,True,False,True,False
9444,True,False,True,False,False,True,False,True
9445,False,True,True,False,False,True,True,False
9446,True,True,False,False,False,True,False,True
9447,True,False,True,False,True,False,True,True
9448,True,False,False,False,False,False,False,True
9449,False,False,False,False,True,True,True,False
9450,False,True,True,True,True,True,True,True
9451,True,True,True,True,True,True,False,False
9452,False,False,False,True,True,True,True,False
9453,False,False,False,False,False,True,False,False
9454,True,True,True,True,True,True,True,False
9455,False,False,False,False,True,True,False,False
9456,False,False,False,False,True,True,True,False
9457,True,False,True,False,False,True,False,False
9458,True,False,True,True,False,False,True,False
9459,True,False,True,False,False,False,True,True
9460,True,False,True,True,False,False,False,True
9461,False,True,False,False,True,False,True,False
9462,True,True,False,False,False,True,True,False
9463,True,False,True,True,True,True,False,True
9464,True,False,False,False,True,True,True,True
9465,False,True,True,False,True,False,False,True
9466,False,True,False,True,False,True,True,False
9467,True,False,False,False,False,True,True,True
9468,True,True,True,False,True,False,False,False
9469,False,False,False,False,False,False,False,False
9470,True,False,False,False,False,True,True,False
9471,False,False,False,False,True,True,True,True
9472,False,False,False,False,True,False,True,False
9473,False,False,False,False,True,False,True,False
9474,False,True,False,False,False,False,False,False
9475,False,False,False,True,False,True,True,True
9476,True,True,True,True,True,True,False,True
9477,False,False,False,True,False,True,True,False
9478,False,True,True,True,False,True,True,True
9479,True,True,True,True,True,False,True,False
9480,True,True,True,False,False,True,False,True
9481,False,True,False,True,True,False,True,False
9482,False,True,True,False,True,True,True,True
9483,False,True,True,True,True,True,True,True
9484,True,True,True,True,False,True,False,False
9485,True,True,True,True,False,False,False,True
9486,False,False,True,True,False,False,False,True
9487,True,True,True,False,True,False,False,True
9488,True,True,False,False,True,False,True,True
9489,True,False,False,True,True,False,True,False
9490,False,True,False,True,False,False,False,True
9491,True,False,True,True,True,True,False,True
9492,False,True,False,True,False,True,False,True
9493,False,False,True,False,True,True,True,False
9494,True,False,True,True,True,False,False,False
9495,False,False,True,True,False,True,True,True
9496,False,False,True,False,True,False,False,False
9497,True,True,True,False,False,False,False,False
9498,False,True,True,False,False,True,False,True
9499,False,False,False,True,False,False,False,True
9500,False,False,True,False,True,False,True,False
9501,False,True,True,False,True,True,False,False
9502,True,True,True,False,True,False,True,False
9503,False,True,True,True,True,True,False,False
9504,True,True,False,True,False,False,True,True
9505,False,True,True,False,True,False,False,False
9506,True,True,False,True,True,True,False,True
9507,False,False,False,False,True,False,False,False
9508,True,True,True,True,False,True,False,False
9509,True,True,True,False,False,True,False,False
9510,False,False,True,False,False,False,False,True
9511,True,False,True,False,False,False,True,False
9512,False,False,False,True,True,False,True,False
9513,True,True,True,True,False,False,False,True
9514,False,True,True,True,False,False,False,True
9515,True,False,False,False,True,True,False,True
9516,False,False,True,True,False,True,True,False
9517,False,False,True,False,True,True,True,True
9518,False,False,False,True,True,True,False,True
9519,False,True,False,False,False,False,False,False
9520,False,False,True,False,False,False,True,False
9521,False,False,True,False,True,True,True,True
9522,False,True,False,False,True,False,False,False
9523,True,True,False,True,True,False,True,True
9524,False,False,True,True,False,True,False,True
9525,False,False,True,True,True,True,False,False
9526,False,True,False,True,False,True,False,False
9527,True,True,True,False,True,False,True,True
9528,True,True,True,False,False,True,True,True
9529,False,False,True,False,False,True,False,True
9530,True,True,True,False,False,True,True,True
9531,True,True,False,True,False,False,True,False
9532,True,True,True,True,False,True,True,True
9533,True,False,False,False,True,False,False,False
9534,False,False,False,True,True,False,True,True
9535,True,False,False,True,False,True,True,True
9536,False,False,False,True,True,False,False,False
9537,True,False,False,False,False,False,False,True
9538,False,False,True,True,True,False,True,True
9539,False,False,True,True,True,True,False,True
9540,True,True,False,False,True,False,True,False
9541,False,True,False,True,False,True,False,False
9542,False,False,False,True,True,True,True,True
9543,True,True,False,False,False,True,True,False
9544,False,False,True,True,False,True,True,False
9545,False,True,False,False,True,False,False,False
9546,False,True,False,True,True,False,False,True
9547,False,True,False,True,True,False,False,True
9548,True,False,True,True,True,False,False,True
9549,True,False,True,True,True,False,False,True
9550,True,True,False,True,True,False,False,True
9551,False,True,False,False,False,False,False,False
9552,True,True,False,True,True,False,False,False
9553,True,True,False,True,False,False,True,False
9554,False,False,True,False,True,False,True,True
9555,True,False,True,False,True,True,True,False
9556,True,True,True,True,True,False,True,False
9557,False,False,False,True,False,True,False,False
9558,False,True,True,False,True,False,False,True
9559,False,True,True,True,False,False,False,True
9560,True,True,False,True,False,True,True,True
9561,True,False,True,False,False,True,False,True
9562,True,True,False,False,False,True,True,True
9563,False,False,True,False,False,True,True,False
9564,True,True,False,False,False,False,True,True
9565,False,False,False,True,True,False,False,False
9566,False,True,True,True,True,True,False,False
9567,False,True,True,False,True,False,True,False
9568,True,False,False,True,True,False,False,False
9569,True,False,True,False,False,True,True,True
9570,False,True,False,False,True,True,False,False
9571,False,False,False,False,False,False,False,True
9572,True,True,False,False,False,False,True,True
9573,True,True,False,False,True,True,True,True
9574,False,True,True,False,False,True,True,True
9575,True,False,True,True,True,True,False,False
9576,True,True,True,False,True,False,False,False
9577,False,False,False,False,True,True,False,True
9578,True,True,False,True,False,True,False,False
9579,False,False,False,False,True,True,False,False
9580,True,True,True,True,False,True,False,True
9581,True,True,True,False,True,False,False,False
9582,False,False,True,True,True,False,True,False
9583,True,True,True,False,True,True,False,True
9584,True,False,False,True,True,True,True,True
9585,False,True,False,True,True,True,False,True
9586,False,True,True,False,False,True,False,True
9587,False,True,False,True,False,True,True,True
9588,False,False,False,True,False,False,False,False
9589,False,False,False,True,False,False,True,False
9590,True,True,True,False,True,False,False,True
9591,True,True,True,False,False,False,False,True
9592,False,True,True,True,True,True,True,True
9593,False,False,True,False,True,False,True,True
9594,True,False,False,True,False,False,True,True
9595,False,False,False,False,True,True,True,False
9596,False,True,True,True,True,True,False,True
9597,True,True,True,False,True,True,False,False
9598,False,True,True,False,False,True,False,False
9599,True,False,True,True,True,False,False,False
9600,True,False,False,True,True,False,True,True
9601,False,True,True,False,False,True,True,False
9602,False,False,True,False,True,False,True,False
9603,True,False,True,True,True,False,False,False
9604,False,False,False,True,False,True,True,False
9605,False,False,False,False,True,False,False,True
9606,False,False,True,False,False,True,True,True
9607,False,True,True,True,False,False,True,True
9608,True,True,True,False,True,True,True,True
9609,True,True,True,False,False,True,False,True
9610,False,False,True,True,True,False,False,True
9611,True,True,True,False,False,False,False,False
9612,False,True,True,True,False,True,True,True
9613,True,False,True,False,False,False,False,False
9614,False,True,True,True,True,False,False,False
9615,True,True,False,False,False,True,False,False
9616,True,True,True,False,True,True,True,True
9617,True,True,False,True,False,True,False,True
9618,True,False,False,False,True,True,True,False
9619,False,True,False,True,False,False,True,False
9620,False,True,False,False,True,True,False,True
9621,True,True,True,False,True,True,True,True
9622,False,True,False,False,True,False,False,True
9623,True,False,False,False,False,True,False,True
9624,True,True,False,False,True,False,False,False
9625,True,True,True,False,True,True,False,False
9626,True,False,False,True,True,False,True,False
9627,False,False,True,False,False,True,False,True
9628,True,False,True,False,False,True,False,False
9629,False,False,False,False,False,True,False,True
9630,True,True,True,True,False,True,False,False
9631,True,False,True,False,True,True,True,True
9632,False,False,False,True,False,True,True,False
9633,False,False,False,False,True,False,True,True
9634,False,False,False,False,True,False,True,False
9635,False,False,True,False,True,True,False,True
9636,True,True,True,True,False,True,True,False
9637,False,False,True,True,True,False,True,False
9638,False,False,False,False,False,False,False,False
9639,True,False,True,False,True,False,False,False
9640,False,False,True,True,True,False,False,True
9641,False,True,True,False,True,True,True,True
9642,False,False,True,True,True,True,False,True
9643,False,True,False,False,True,False,False,True
9644,False,True,True,False,False,True,True,False
9645,True,True,False,False,True,True,True,False
9646,False,True,False,True,False,True,False,True
9647,False,False,False,False,True,True,False,False
9648,False,True,True,False,False,True,True,True
9649,False,False,True,True,False,False,True,True
9650,True,True,False,False,True,False,False,True
9651,True,True,False,True,True,False,True,True
9652,True,True,True,False,True,False,False,True
9653,False,False,True,True,True,True,False,False
9654,False,True,True,True,True,False,False,True
9655,True,True,False,True,True,True,True,True
9656,False,False,False,True,True,True,False,False
9657,False,False,True,False,True,True,False,False
9658,False,True,True,False,True,True,False,True
9659,True,True,False,True,True,True,False,True
9660,True,False,True,False,True,False,False,True
9661,True,True,True,True,True,True,False,False
9662,False,True,True,True,True,False,True,True
9663,True,True,True,False,True,False,True,True
9664,False,False,True,False,False,True,False,False
9665,True,False,False,False,False,True,False,True
9666,True,True,True,False,True,False,False,True
9667,True,False,True,True,True,False,False,True
9668,False,True,True,False,True,True,True,True
9669,False,True,True,True,False,True,False,True
9670,True,True,True,False,True,True,True,True
9671,True,False,False,True,True,True,False,False
9672,True,False,False,False,False,True,False,True
9673,True,False,False,True,False,False,False,False
9674,False,True,True,True,True,False,True,False
9675,True,False,True,True,True,False,True,True
9676,True,True,True,False,False,True,False,True
9677,True,False,True,True,True,False,False,False
9678,True,True,False,True,True,True,False,True
9679,True,True,False,False,False,False,True,True
9680,False,True,True,True,False,True,False,True
9681,True,False,False,False,False,True,False,False
9682,False,True,True,True,False,True,True,True
9683,False,False,True,False,False,True,True,False
9684,False,False,False,True,False,True,False,True
9685,False,True,True,True,False,False,False,True
9686,True,False,True,True,False,False,True,False
9687,True,True,False,False,False,False,True,True
9688,False,False,False,False,False,True,True,True
9689,False,True,False,True,True,True,False,True
9690,True,True,True,False,True,True,True,True
9691,True,False,True,False,False,False,True,False
9692,True,True,False,True,False,False,True,False
9693,False,False,True,False,True,False,True,False
9694,False,False,False,False,False,True,False,True
9695,False,True,False,True,False,True,True,False
9696,True,False,False,True,True,True,True,True
9697,True,False,False,True,True,True,False,False
9698,False,True,False,False,True,True,True,True
9699,False,True,False,True,False,True,True,True
9700,False,True,True,True,True,True,True,False
9701,True,True,True,False,False,True,True,False
9702,False,True,False,True,True,True,False,False
9703,True,True,True,False,True,True,True,True
9704,False,True,False,False,True,False,True,True
9705,False,False,True,False,True,False,True,False
9706,True,False,True,False,False,False,True,False
9707,True,False,True,False,False,False,False,False
9708,True,True,False,True,False,False,False,False
9709,False,False,False,False,False,True,False,False
9710,True,True,True,False,True,True,False,False
9711,False,True,False,False,False,False,True,False
9712,False,False,False,True,True,True,True,True
9713,False,True,False,True,True,False,False,True
9714,False,True,False,True,True,True,True,True
9715,False,False,True,True,True,True,False,False
9716,False,True,False,True,False,True,False,True
9717,False,True,False,False,True,False,False,False
9718,True,False,False,False,True,True,True,True
9719,True,True,False,False,True,False,False,False
9720,True,True,True,True,False,True,True,True
9721,True,False,True,True,True,False,True,True
9722,False,False,True,True,True,True,True,False
9723,True,True,False,False,False,True,False,True
9724,True,True,True,False,True,True,True,True
9725,True,False,True,False,False,True,True,True
9726,False,False,True,True,True,False,False,True
9727,True,True,False,False,True,False,True,False
9728,False,True,False,False,True,True,False,False
9729,False,False,False,False,True,True,True,True
9730,True,True,True,True,False,True,False,False
9731,False,False,False,False,False,True,True,False
9732,False,True,False,False,False,True,False,False
9733,True,False,True,True,True,True,True,False
9734,True,True,True,True,False,True,False,True
9735,True,False,True,False,True,False,False,True
9736,False,True,True,True,False,True,False,False
9737,False,False,False,True,False,True,True,False
9738,False,False,True,True,False,True,True,True
9739,True,True,True,False,True,True,True,False
9740,True,True,True,True,False,True,True,True
9741,False,True,False,True,True,True,False,True
9742,False,True,False,False,True,True,True,False
9743,False,True,True,False,True,True,True,True
9744,True,False,False,True,False,False,False,True
9745,True,False,True,True,False,False,False,False
9746,False,False,True,False,False,False,True,False
9747,True,False,True,True,False,False,True,False
9748,True,True,False,False,True,False,True,False
9749,False,True,False,False,True,True,False,True
9750,True,True,False,True,False,True,False,False
9751,False,False,False,False,False,True,True,False
9752,False,False,True,True,True,False,False,False
9753,True,True,True,True,False,False,True,False
9754,True,False,False,False,True,True,True,True
9755,False,True,True,False,True,True,False,False
9756,True,True,False,False,False,True,False,False
9757,True,False,False,True,False,False,False,False
9758,False,False,False,False,True,False,False,False
9759,True,True,False,True,False,False,True,True
9760,False,False,True,False,True,False,True,False
9761,True,False,False,True,False,True,True,True
9762,True,False,True,False,True,False,True,True
9763,False,False,False,False,False,False,False,True
9764,True,False,True,False,False,False,False,True
9765,True,False,False,True,True,True,True,False
9766,False,False,True,False,True,False,False,False
9767,True,True,False,False,True,True,True,True
9768,True,True,False,True,True,False,False,True
9769,True,True,True,True,False,False,True,False
9770,True,True,False,True,False,True,False,True
9771,True,False,True,False,False,False,False,False
9772,False,False,True,True,False,True,False,False
9773,True,False,False,False,False,True,False,False
9774,True,False,True,False,True,False,False,False
9775,True,False,False,False,False,False,True,False
9776,False,False,False,True,False,False,False,True
9777,False,True,True,False,False,False,False,True
9778,True,True,False,True,False,False,True,False
9779,False,False,True,False,True,True,True,True
9780,False,False,False,True,False,True,False,True
9781,True,True,True,False,False,False,False,False
9782,False,True,True,True,True,True,False,True
9783,False,True,True,True,True,True,True,True
9784,False,True,False,True,False,False,False,False
9785,True,True,True,True,False,False,False,True
9786,False,True,False,True,True,True,False,False
9787,False,True,False,True,True,False,False,False
9788,False,True,True,True,False,True,True,True
9789,False,False,True,False,True,False,False,True
9790,False,False,True,False,True,False,True,False
9791,True,True,False,True,False,False,True,False
9792,False,False,False,False,False,False,True,False
9793,False,True,True,True,True,False,True,False
9794,True,True,False,False,True,True,True,True
9795,False,True,False,False,False,False,True,False
9796,True,False,False,False,True,False,False,False
9797,True,False,False,False,False,False,False,False
9798,False,True,False,True,False,False,True,False
9799,True,False,True,False,True,True,False,True
9800,False,True,True,False,False,False,True,False
9801,True,False,False,True,True,False,False,False
9802,False,False,True,True,False,True,False,False
9803,False,False,False,False,False,False,True,False
9804,False,False,False,False,False,False,False,False
9805,True,False,False,True,False,False,False,True
9806,False,True,False,False,False,True,False,False
9807,True,True,True,False,False,False,False,False
9808,True,True,False,False,True,False,False,True
9809,False,False,False,False,False,True,False,False
9810,False,True,False,True,False,True,True,False
9811,False,False,True,True,False,False,True,True
9812,True,True,True,True,False,False,True,True
9813,False,False,False,True,True,True,True,False
9814,True,True,False,False,True,False,False,False
9815,False,True,False,False,True,True,False,True
9816,False,False,False,False,True,True,True,False
9817,True,True,False,True,True,False,True,True
9818,False,True,True,False,True,False,False,False
9819,True,False,True,True,False,True,True,False
9820,True,False,False,False,False,True,True,False
9821,False,False,True,False,False,False,True,True
9822,True,True,False,False,True,True,False,False
9823,True,True,False,False,True,False,False,True
9824,True,True,True,True,False,True,False,False
9825,False,True,True,False,True,False,False,False
9826,False,True,False,False,True,False,False,False
9827,True,True,True,False,True,False,False,False
9828,True,True,False,True,False,False,False,True
9829,True,True,False,True,True,False,False,True
9830,False,True,True,True,True,True,False,True
9831,True,False,True,False,True,False,True,False
9832,False,True,True,True,False,False,True,False
9833,True,True,True,True,True,True,True,False
9834,False,True,False,False,False,False,False,False
9835,False,False,True,True,True,False,True,True
9836,False,True,False,False,True,False,True,True
9837,True,True,True,True,True,False,False,True
9838,False,True,False,True,False,False,True,True
9839,False,False,False,True,False,False,False,False
9840,True,False,True,True,False,False,False,True
9841,True,False,False,False,True,False,False,True
9842,True,False,False,True,True,True,True,True
9843,False,True,False,False,True,True,True,True
9844,False,True,True,True,True,False,False,True
9845,False,True,False,False,True,True,True,True
9846,True,False,True,False,False,False,True,True
9847,True,True,True,False,True,True,True,True
9848,True,True,False,False,True,False,True,False
9849,True,True,False,True,True,True,True,True
9850,False,True,False,True,False,True,True,False
9851,False,False,False,False,False,True,False,False
9852,False,True,True,False,False,True,False,False
9853,True,True,False,True,False,True,False,True
9854,False,True,False,False,False,False,False,False
9855,True,False,False,True,False,True,False,True
9856,False,False,False,True,True,False,True,True
9857,True,True,True,True,True,True,False,False
9858,True,False,False,True,True,True,False,False
9859,True,False,True,True,False,True,True,True
9860,False,False,False,True,False,True,False,True
9861,False,True,True,False,True,True,True,True
9862,True,False,False,False,False,True,False,False
9863,False,False,True,False,False,False,False,False
9864,True,False,True,True,False,True,True,False
9865,True,False,True,False,False,False,False,False
9866,False,False,True,False,False,True,True,True
9867,False,False,True,False,True,False,True,True
9868,False,True,True,True,True,False,False,False
9869,False,False,True,False,True,True,False,False
9870,False,False,False,True,True,True,True,False
9871,False,False,False,False,False,False,True,True
9872,True,False,False,False,False,True,True,True
9873,False,True,False,False,False,False,True,False
9874,True,True,False,False,True,False,True,False
9875,True,True,True,False,True,True,True,True
9876,True,True,False,False,False,True,True,False
9877,True,False,False,False,False,False,True,True
9878,False,False,True,False,True,False,True,False
9879,False,True,True,False,True,True,False,True
9880,False,True,False,False,True,False,True,False
9881,False,False,False,False,False,True,True,True
9882,False,True,False,True,True,True,False,False
9883,False,True,True,False,False,True,True,True
9884,True,True,False,True,False,True,True,False
9885,False,True,False,True,False,False,True,True
9886,False,True,False,True,False,False,False,False
9887,True,True,False,False,True,True,False,False
9888,True,False,True,True,False,False,True,False
9889,False,False,True,False,True,True,True,True
9890,True,True,False,True,True,True,True,False
9891,False,True,True,False,False,True,True,False
9892,False,False,False,True,True,True,False,True
9893,True,True,True,False,False,True,True,True
9894,False,True,True,True,False,True,False,False
9895,False,False,False,True,False,True,False,False
9896,False,True,False,False,False,False,False,True
9897,False,True,True,True,True,False,False,False
9898,False,False,True,True,False,False,False,False
9899,True,True,True,False,True,False,True,True
9900,False,False,False,True,True,False,False,False
9901,False,True,False,False,False,False,False,True
9902,False,False,True,False,False,False,False,False
9903,True,False,False,False,False,False,False,False
9904,False,False,True,False,False,False,False,True
9905,False,True,False,False,False,False,False,True
9906,False,True,True,True,True,False,False,True
9907,False,True,True,True,False,True,False,True
9908,False,False,True,True,True,True,False,True
9909,False,False,False,False,True,False,True,False
9910,False,False,True,False,False,True,False,False
9911,True,True,True,True,True,False,True,False
9912,True,False,True,True,False,True,True,True
9913,False,False,False,True,False,False,True,False
9914,True,True,True,True,False,False,True,False
9915,True,True,False,False,True,True,True,False
9916,True,True,True,True,True,True,True,True
9917,True,False,False,True,True,True,True,False
9918,True,True,True,False,False,True,False,False
9919,False,True,True,False,True,True,False,True
9920,False,False,True,True,False,False,True,False
9921,False,False,False,False,True,True,True,False
9922,True,True,False,True,False,False,True,True
9923,False,True,False,False,True,True,False,True
9924,True,False,False,False,False,True,True,False
9925,True,True,False,True,False,False,True,False
9926,False,True,False,False,False,False,True,True
9927,False,True,True,False,False,False,False,False
9928,False,False,True,True,True,True,False,False
9929,False,False,False,False,True,False,True,False
9930,False,True,True,False,True,True,True,True
9931,False,True,True,False,False,True,False,True
9932,True,False,False,False,False,False,True,False
9933,False,False,True,True,False,True,False,False
9934,False,True,True,False,False,False,True,True
9935,False,True,False,False,False,True,True,False
9936,True,False,False,True,False,False,True,True
9937,False,False,False,True,False,True,True,False
9938,False,False,True,False,True,False,True,False
9939,False,False,False,False,True,False,True,False
9940,True,True,True,False,False,True,True,False
9941,False,True,True,False,False,True,False,False
9942,False,False,True,False,False,True,False,False
9943,True,False,True,False,False,False,False,True
9944,True,False,False,False,False,False,True,True
9945,True,False,True,False,False,False,False,True
9946,False,False,False,True,True,True,True,False
9947,False,True,True,True,False,False,True,False
9948,True,True,True,False,True,False,True,False
9949,False,False,False,True,True,True,False,False
9950,True,True,True,True,True,False,True,True
9951,False,True,True,True,True,False,True,True
9952,False,True,False,False,True,False,True,True
9953,False,False,True,True,False,False,False,False
9954,False,True,True,False,False,True,True,False
9955,False,True,False,True,True,True,False,True
9956,False,True,True,False,False,False,True,False
9957,False,True,True,True,True,True,True,True
9958,False,False,True,False,True,True,True,True
9959,True,False,False,True,False,True,True,False
9960,False,False,False,True,False,False,True,True
9961,True,False,False,True,True,True,True,True
9962,False,False,False,False,False,False,False,True
9963,False,True,True,False,True,False,True,False
9964,False,True,False,True,False,True,False,False
9965,True,False,True,False,False,False,False,True
9966,True,True,True,True,True,False,False,False
9967,False,True,True,False,False,False,True,True
9968,False,True,False,False,True,True,True,True
9969,False,True,True,True,True,False,True,False
9970,False,True,False,False,False,False,False,True
9971,False,False,False,False,True,False,True,True
9972,True,False,False,True,True,False,True,True
9973,False,True,False,False,True,False,False,False
9974,False,True,True,True,True,False,True,True
9975,True,False,False,True,True,True,False,False
9976,True,True,True,True,True,True,True,False
9977,True,True,False,False,True,True,False,True
9978,True,False,True,False,False,False,False,True
9979,True,False,True,False,False,False,False,False
9980,False,True,False,False,True,True,False,True
9981,False,True,True,False,True,False,True,True
9982,False,False,False,False,False,True,True,False
9983,False,True,True,False,True,True,True,False
9984,True,False,True,False,False,True,False,True
9985,False,True,False,True,True,True,False,True
9986,True,True,True,False,False,False,False,True
9987,True,False,True,True,True,False,False,False
9988,False,False,False,False,False,True,False,False
9989,True,True,True,False,True,False,True,False
9990,False,True,False,False,False,False,True,True
9991,False,True,False,True,True,False,True,True
9992,False,True,False,True,True,True,True,False
9993,True,False,False,False,True,False,False,True
9994,True,True,False,False,False,False,True,False
9995,True,False,True,False,False,False,False,True
9996,False,True,True,False,True,True,False,True
9997,True,True,True,True,False,True,True,False
9998,False,True,True,True,False,True,False,True
9999,False,False,False,False,True,True,False,True
