4,2,11,8,3,697
4,2,11,5,10,145
4,2,11,5,10,152
4,2,11,1,2,206
4,2,11,8,3,158
4,2,11,3,8,126
4,2,11,9,6,177
4,2,11,3,8,134
4,2,11,4,5,138
4,2,11,4,5,138
4,2,11,7,7,154
4,2,11,4,5,143
4,2,11,6,9,209
4,2,11,2,4,135
4,2,11,5,10,158
4,2,11,7,7,147
4,2,11,3,8,105
4,2,11,3,8,194
4,2,11,3,8,126
4,2,11,4,5,118
4,2,11,3,8,161
4,2,11,3,8,148
4,2,11,6,9,108
4,2,11,1,2,138
4,2,11,8,3,114
4,2,11,9,6,164
4,2,11,3,8,166
4,2,11,1,2,162
4,2,11,6,9,216
4,2,11,1,2,203
4,2,11,1,2,153
4,2,11,8,3,158
4,2,11,8,3,878
4,2,11,7,7,190
4,2,11,8,3,155
4,2,11,6,9,182
4,2,11,1,2,176
4,2,11,2,4,206
4,2,11,1,2,156
4,2,11,3,8,190
4,2,11,5,10,244
4,2,11,6,9,311
4,2,11,7,7,174
4,2,11,6,9,261
4,2,11,7,7,248
4,2,11,3,8,273
4,2,11,5,10,189
4,2,11,5,10,235
4,2,11,7,7,234
4,2,11,6,9,247
4,2,11,6,9,246
4,2,11,2,4,239
4,2,11,2,4,170
4,2,11,7,7,160
4,2,11,5,10,167
4,2,11,8,3,146
4,2,11,7,7,218
4,2,11,7,7,167
4,2,11,7,7,733
4,2,11,8,3,218
4,2,11,4,5,142
4,2,11,4,5,143
4,2,11,3,8,150
4,2,11,6,9,208
4,2,11,8,3,220
4,2,11,2,4,176
4,2,11,5,10,136
4,2,11,6,9,131
4,2,11,3,8,113
4,2,11,4,5,116
4,2,11,8,3,206
4,2,11,9,6,135
4,2,11,1,2,139
4,2,11,2,4,137
4,2,11,1,2,144
4,2,11,3,8,123
4,2,11,5,10,112
4,2,11,1,2,155
4,2,11,6,9,370
4,2,11,4,5,154
4,2,11,7,7,131
4,2,11,4,5,124
4,2,11,7,7,110
4,2,11,9,6,132
4,2,11,9,6,221
4,2,11,2,4,155
4,2,11,8,3,147
4,2,11,5,10,150
4,2,11,9,6,149
4,2,11,6,9,115
4,2,11,5,10,105
4,2,11,4,5,92
4,2,11,5,10,154
4,2,11,1,2,152
4,2,11,3,8,139
4,2,11,4,5,136
4,2,11,6,9,125
4,2,11,4,5,110
4,2,11,1,2,111
4,2,11,4,5,160
4,2,11,2,4,157
4,2,11,4,5,133
4,2,11,4,5,119
4,2,11,3,8,136
4,2,11,8,3,96
4,2,11,7,7,105
4,2,11,9,6,151
4,2,11,5,10,172
4,2,11,5,10,150
4,2,11,7,7,140
4,2,11,8,3,132
4,2,11,6,9,110
4,2,11,1,2,160
4,2,11,9,6,174
4,2,11,4,5,179
4,2,11,6,9,149
4,2,11,6,9,161
4,2,11,3,8,139
4,2,11,4,5,162
4,2,11,5,10,210
4,2,11,8,3,157
4,2,11,4,5,124
4,2,11,6,9,121
4,2,11,2,4,128
4,2,11,7,7,155
4,2,11,9,6,155
4,2,11,9,6,144
4,2,11,1,2,137
4,2,11,2,4,128
4,2,11,1,2,109
4,2,11,3,8,206
4,2,11,3,8,190
4,2,11,5,10,148
4,2,11,8,3,130
4,2,11,9,6,123
4,2,11,3,8,126
4,2,11,9,6,150
4,2,11,7,7,137
4,2,11,1,2,115
4,2,11,4,5,133
4,2,11,8,3,126
4,2,11,7,7,114
4,2,11,4,5,121
4,2,11,9,6,137
4,2,11,1,2,110
4,2,11,3,8,123
4,2,11,7,7,114
4,2,11,8,3,99
4,2,11,9,6,126
4,2,11,8,3,115
4,2,11,8,3,118
4,2,11,8,3,129
4,2,11,1,2,119
4,2,11,5,10,101
4,2,11,5,10,107
4,2,11,4,5,148
4,2,11,5,10,138
4,2,11,4,5,138
4,2,11,9,6,130
4,2,11,9,6,150
4,2,11,3,8,133
4,2,11,2,4,131
4,2,11,7,7,168
4,2,11,7,7,133
4,2,11,1,2,203
4,2,11,7,7,134
4,2,11,1,2,125
4,2,11,6,9,194
4,2,11,6,9,133
4,2,11,7,7,142
4,2,11,1,2,143
4,2,11,1,2,122
4,2,11,3,8,152
4,2,11,6,9,123
4,2,11,1,2,128
4,2,11,4,5,190
4,2,11,9,6,132
4,2,11,9,6,114
4,2,11,3,8,133
4,2,11,9,6,123
4,2,11,8,3,139
4,2,11,2,4,154
4,2,11,1,2,178
4,2,11,3,8,145
4,2,11,1,2,132
4,2,11,2,4,149
4,2,11,3,8,142
4,2,11,3,8,136
4,2,11,7,7,137
4,2,11,1,2,122
4,2,11,5,10,205
4,2,11,7,7,148
4,2,11,2,4,130
4,2,11,4,5,165
4,2,11,1,2,142
4,2,11,8,3,236
4,2,11,9,6,210
4,2,11,4,5,196
4,2,11,4,5,238
4,2,11,2,4,161
4,2,11,6,9,169
4,2,11,5,10,151
4,2,11,4,5,189
4,2,11,7,7,165
4,2,11,7,7,180
4,2,11,8,3,162
4,2,11,4,5,211
4,2,11,2,4,241
4,2,11,8,3,215
4,2,11,5,10,248
4,2,11,1,2,267
4,2,11,4,5,159
4,2,11,9,6,357
4,2,11,6,9,165
4,2,11,9,6,187
4,2,11,5,10,158
4,2,11,9,6,223
4,2,11,4,5,170
4,2,11,9,6,222
4,2,11,3,8,150
4,2,11,9,6,173
4,2,11,7,7,460
4,2,11,4,5,189
4,2,11,2,4,123
4,2,11,5,10,128
4,2,11,5,10,177
4,2,11,9,6,234
4,2,11,9,6,160
4,2,11,1,2,141
4,2,11,4,5,137
4,2,11,6,9,126
4,2,11,8,3,122
4,2,11,8,3,109
4,2,11,9,6,251
4,2,11,4,5,152
4,2,11,6,9,137
4,2,11,7,7,122
4,2,11,8,3,115
4,2,11,7,7,128
4,2,11,8,3,133
4,2,11,3,8,161
4,2,11,1,2,135
4,2,11,3,8,125
4,2,11,4,5,115
4,2,11,6,9,128
4,2,11,2,4,102
4,2,11,5,10,133
4,2,11,5,10,122
4,2,11,3,8,103
4,2,11,4,5,141
4,2,11,8,3,124
4,2,11,9,6,119
4,2,11,5,10,110
4,2,11,1,2,98
4,2,11,2,4,108
4,2,11,1,2,110
4,2,11,9,6,90
4,2,11,6,9,92
4,2,11,3,8,92
4,2,11,7,7,96
4,2,11,7,7,92
4,2,11,9,6,83
4,2,11,8,3,106
4,2,11,2,4,87
4,2,11,7,7,98
4,2,11,2,4,87
4,2,11,7,7,104
4,2,11,3,8,108
4,2,11,7,7,85
4,2,11,8,3,101
4,2,11,9,6,93
4,2,11,3,8,133
4,2,11,8,3,128
4,2,11,3,8,163
4,2,11,9,6,130
4,2,11,1,2,143
4,2,11,8,3,115
4,2,11,1,2,133
4,2,11,6,9,118
4,2,11,9,6,139
4,2,11,5,10,125
4,2,11,3,8,134
4,2,11,1,2,138
4,2,11,1,2,130
4,2,11,3,8,109
4,2,11,7,7,125
4,2,11,9,6,118
4,2,11,7,7,127
4,2,11,7,7,141
4,2,11,4,5,124
4,2,11,4,5,121
4,2,11,1,2,139
4,2,11,7,7,129
4,2,11,4,5,133
4,2,11,3,8,133
4,2,11,5,10,119
4,2,11,7,7,117
4,2,11,7,7,138
4,2,11,5,10,114
4,2,11,2,4,173
4,2,11,4,5,132
4,2,11,2,4,107
4,2,11,1,2,138
4,2,11,9,6,121
4,2,11,1,2,134
4,2,11,9,6,135
4,2,11,5,10,158
4,2,11,4,5,151
4,2,11,9,6,145
4,2,11,8,3,134
4,2,11,9,6,120
4,2,11,3,8,156
4,2,11,2,4,148
4,2,11,3,8,159
4,2,11,7,7,130
4,2,11,4,5,140
4,2,11,8,3,110
4,2,11,2,4,125
4,2,11,1,2,154
4,2,11,4,5,123
4,2,11,2,4,193
4,2,11,1,2,162
4,2,11,2,4,114
4,2,11,2,4,133
4,2,11,1,2,105
4,2,11,4,5,135
4,2,11,1,2,141
4,2,11,2,4,121
4,2,11,8,3,104
4,2,11,4,5,195
4,2,11,3,8,177
4,2,11,8,3,214
4,2,11,5,10,147
4,2,11,1,2,181
4,2,11,4,5,161
4,2,11,6,9,133
4,2,11,9,6,136
4,2,11,1,2,145
4,2,11,2,4,151
4,2,11,2,4,179
4,2,11,7,7,156
4,2,11,1,2,262
4,2,11,3,8,167
4,2,11,4,5,244
4,2,11,8,3,148
4,2,11,2,4,241
4,2,11,3,8,194
4,2,11,4,5,163
4,2,11,9,6,516
4,2,11,6,9,146
4,2,11,5,10,144
4,2,11,7,7,136
4,2,11,4,5,179
4,2,11,2,4,180
4,2,11,6,9,149
4,2,11,6,9,197
4,2,11,1,2,158
4,2,11,8,3,168
4,2,11,8,3,233
4,2,11,2,4,158
4,2,11,7,7,245
4,2,11,6,9,158
4,2,11,4,5,144
4,2,11,2,4,191
4,2,11,2,4,173
4,2,11,9,6,334
4,2,11,2,4,165
4,2,11,7,7,168
4,2,11,1,2,192
4,2,11,6,9,243
4,2,11,4,5,139
4,2,11,9,6,278
4,2,11,9,6,244
4,2,11,1,2,194
4,2,11,3,8,151
4,2,11,5,10,242
4,2,11,4,5,165
4,2,11,9,6,166
4,2,11,3,8,157
4,2,11,1,2,261
4,2,11,2,4,167
4,2,11,5,10,154
4,2,11,6,9,176
4,2,11,1,2,164
4,2,11,2,4,155
4,2,11,5,10,116
4,2,11,3,8,122
4,2,11,1,2,98
4,2,11,3,8,136
4,2,11,9,6,98
4,2,11,7,7,153
4,2,11,2,4,151
4,2,11,1,2,130
4,2,11,5,10,113
4,2,11,3,8,103
4,2,11,2,4,143
4,2,11,2,4,162
4,2,11,1,2,230
4,2,11,4,5,210
4,2,11,3,8,214
4,2,11,3,8,159
4,2,11,8,3,310
4,2,11,4,5,210
4,2,11,7,7,160
4,2,11,5,10,149
4,2,11,9,6,174
4,2,11,1,2,142
4,2,11,6,9,136
4,2,11,2,4,131
4,2,11,3,8,131
4,2,11,1,2,150
4,2,11,4,5,144
4,2,11,9,6,104
4,2,11,5,10,112
4,2,11,3,8,116
4,2,11,8,3,125
4,2,11,1,2,156
4,2,11,6,9,154
4,2,11,4,5,190
4,2,11,6,9,192
4,2,11,9,6,212
4,2,11,3,8,148
4,2,11,8,3,145
4,2,11,5,10,124
4,2,11,3,8,129
4,2,11,1,2,213
4,2,11,9,6,156
4,2,11,9,6,141
4,2,11,4,5,139
4,2,11,8,3,147
4,2,11,4,5,147
4,2,11,8,3,155
4,2,11,9,6,159
4,2,11,1,2,128
4,2,11,3,8,137
4,2,11,1,2,172
4,2,11,6,9,192
4,2,11,9,6,209
4,2,11,4,5,133
4,2,11,5,10,137
4,2,11,8,3,173
4,2,11,7,7,144
4,2,11,2,4,200
4,2,11,6,9,150
4,2,11,6,9,131
4,2,11,3,8,219
4,2,11,3,8,143
4,2,11,3,8,175
4,2,11,4,5,213
4,2,11,5,10,153
4,2,11,6,9,148
4,2,11,9,6,137
4,2,11,3,8,131
4,2,11,8,3,159
4,2,11,6,9,148
4,2,11,4,5,118
4,2,11,1,2,149
4,2,11,3,8,152
4,2,11,1,2,153
4,2,11,4,5,144
4,2,11,4,5,129
4,2,11,5,10,150
4,2,11,8,3,151
4,2,11,9,6,150
4,2,11,6,9,140
4,2,11,6,9,157
4,2,11,1,2,161
4,2,11,1,2,188
4,2,11,5,10,185
4,2,11,6,9,152
4,2,11,1,2,158
4,2,11,8,3,240
4,2,11,9,6,150
4,2,11,4,5,170
4,2,11,5,10,195
4,2,11,9,6,185
4,2,11,3,8,261
4,2,11,9,6,172
4,2,11,8,3,358
4,2,11,7,7,244
4,2,11,5,10,167
4,2,11,2,4,171
4,2,11,5,10,180
4,2,11,3,8,167
4,2,11,2,4,121
4,2,11,9,6,134
4,2,11,7,7,222
4,2,11,5,10,156
4,2,11,7,7,148
4,2,11,8,3,171
4,2,11,2,4,190
4,2,11,6,9,420
4,2,11,1,2,154
4,2,11,4,5,384
4,2,11,4,5,366
4,2,11,5,10,231
4,2,11,6,9,160
4,2,11,5,10,212
4,2,11,4,5,195
4,2,11,4,5,164
4,2,11,3,8,232
4,2,11,3,8,152
4,2,11,3,8,225
4,2,11,6,9,204
4,2,11,5,10,175
4,2,11,3,8,157
4,2,11,1,2,143
4,2,11,5,10,172
4,2,11,5,10,170
4,2,11,1,2,168
4,2,11,5,10,150
4,2,11,3,8,149
4,2,11,8,3,156
4,2,11,9,6,138
4,2,11,2,4,181
4,2,11,6,9,179
4,2,11,5,10,151
4,2,11,6,9,115
4,2,11,5,10,139
4,2,11,2,4,108
4,2,11,1,2,96
4,2,11,3,8,197
4,2,11,7,7,147
4,2,11,9,6,144
4,2,11,5,10,100
4,2,11,2,4,97
4,2,11,2,4,95
4,2,11,5,10,149
4,2,11,6,9,169
4,2,11,1,2,141
4,2,11,9,6,147
4,2,11,5,10,174
4,2,11,2,4,368
4,2,11,4,5,149
4,2,11,5,10,140
4,2,11,7,7,128
4,2,11,7,7,148
4,2,11,6,9,172
4,2,11,2,4,150
4,2,11,2,4,151
4,2,11,2,4,193
4,2,11,9,6,159
4,2,11,8,3,163
4,2,11,2,4,126
4,2,11,7,7,116
4,2,11,5,10,213
4,2,11,4,5,156
4,2,11,7,7,124
4,2,11,8,3,109
4,2,11,5,10,103
4,2,11,4,5,148
4,2,11,7,7,169
4,2,11,4,5,174
4,2,11,1,2,178
4,2,11,7,7,170
4,2,11,5,10,180
4,2,11,3,8,219
4,2,11,9,6,166
4,2,11,8,3,132
4,2,11,9,6,138
4,2,11,7,7,137
4,2,11,9,6,152
4,2,11,5,10,151
4,2,11,9,6,156
4,2,11,1,2,124
4,2,11,7,7,103
4,2,11,1,2,99
4,2,11,8,3,153
4,2,11,3,8,122
4,2,11,5,10,97
4,2,11,7,7,91
4,2,11,9,6,79
4,2,11,4,5,88
4,2,11,3,8,122
4,2,11,3,8,155
4,2,11,1,2,123
4,2,11,7,7,106
4,2,11,7,7,103
4,2,11,9,6,113
4,2,11,9,6,117
4,2,11,1,2,122
4,2,11,5,10,155
4,2,11,7,7,137
4,2,11,5,10,180
4,2,11,6,9,142
4,2,11,8,3,174
4,2,11,5,10,174
4,2,11,3,8,196
4,2,11,9,6,140
4,2,11,5,10,460
4,2,11,2,4,152
4,2,11,8,3,111
4,2,11,2,4,114
4,2,11,5,10,167
4,2,11,8,3,163
4,2,11,7,7,205
4,2,11,1,2,175
4,2,11,8,3,184
4,2,11,9,6,185
4,2,11,3,8,179
4,2,11,2,4,169
4,2,11,8,3,155
4,2,11,1,2,154
4,2,11,8,3,184
4,2,11,5,10,182
4,2,11,1,2,139
4,2,11,1,2,151
4,2,11,4,5,151
4,2,11,6,9,226
4,2,11,4,5,201
4,2,11,9,6,151
4,2,11,3,8,145
4,2,11,5,10,143
4,2,11,4,5,177
4,2,11,2,4,151
4,2,11,9,6,135
4,2,11,3,8,121
4,2,11,7,7,112
4,2,11,9,6,133
4,2,11,1,2,145
4,2,11,3,8,143
4,2,11,1,2,125
4,2,11,8,3,202
4,2,11,5,10,148
4,2,11,8,3,131
4,2,11,7,7,130
4,2,11,6,9,198
4,2,11,2,4,144
4,2,11,5,10,137
4,2,11,6,9,182
4,2,11,6,9,167
4,2,11,7,7,161
4,2,11,2,4,188
4,2,11,7,7,148
4,2,11,9,6,434
4,2,11,4,5,196
4,2,11,7,7,188
4,2,11,3,8,159
4,2,11,8,3,202
4,2,11,7,7,156
4,2,11,3,8,234
4,2,11,5,10,169
4,2,11,3,8,233
4,2,11,9,6,151
4,2,11,1,2,198
4,2,11,4,5,184
4,2,11,3,8,159
4,2,11,8,3,158
4,2,11,2,4,142
4,2,11,3,8,161
4,2,11,2,4,153
4,2,11,8,3,140
4,2,11,3,8,142
4,2,11,5,10,167
4,2,11,4,5,130
4,2,11,9,6,212
4,2,11,4,5,196
4,2,11,3,8,215
4,2,11,5,10,143
4,2,11,8,3,128
4,2,11,9,6,131
4,2,11,6,9,153
4,2,11,8,3,133
4,2,11,4,5,160
4,2,11,2,4,144
4,2,11,6,9,188
4,2,11,5,10,156
4,2,11,8,3,147
4,2,11,5,10,155
4,2,11,8,3,134
4,2,11,8,3,131
4,2,11,8,3,117
4,2,11,9,6,171
4,2,11,4,5,118
4,2,11,1,2,126
4,2,11,9,6,147
4,2,11,3,8,143
4,2,11,9,6,132
4,2,11,6,9,123
4,2,11,2,4,144
4,2,11,7,7,150
4,2,11,4,5,449
4,2,11,9,6,135
4,2,11,4,5,124
4,2,11,6,9,317
4,2,11,4,5,153
4,2,11,9,6,204
4,2,11,6,9,186
4,2,11,5,10,152
4,2,11,3,8,138
4,2,11,5,10,140
4,2,11,4,5,136
4,2,11,4,5,130
4,2,11,3,8,126
4,2,11,6,9,130
4,2,11,5,10,116
4,2,11,2,4,95
4,2,11,5,10,112
4,2,11,7,7,89
4,2,11,6,9,106
4,2,11,6,9,116
4,2,11,1,2,116
4,2,11,5,10,113
4,2,11,6,9,116
4,2,11,5,10,117
4,2,11,6,9,108
4,2,11,6,9,102
4,2,11,6,9,93
4,2,11,6,9,84
4,2,11,4,5,90
4,2,11,8,3,93
4,2,11,1,2,114
4,2,11,8,3,137
4,2,11,4,5,162
4,2,11,4,5,176
4,2,11,9,6,115
4,2,11,5,10,124
4,2,11,5,10,164
4,2,11,1,2,131
4,2,11,9,6,127
4,2,11,2,4,124
4,2,11,1,2,142
4,2,11,3,8,131
4,2,11,9,6,138
4,2,11,2,4,128
4,2,11,2,4,137
4,2,11,1,2,205
4,2,11,9,6,133
4,2,11,1,2,170
4,2,11,9,6,141
4,2,11,9,6,112
4,2,11,1,2,116
4,2,11,7,7,128
4,2,11,1,2,188
4,2,11,5,10,145
4,2,11,5,10,140
4,2,11,4,5,141
4,2,11,4,5,142
4,2,11,8,3,144
4,2,11,6,9,139
4,2,11,3,8,151
4,2,11,4,5,156
4,2,11,6,9,134
4,2,11,7,7,143
4,2,11,8,3,140
4,2,11,9,6,138
4,2,11,9,6,148
4,2,11,7,7,151
4,2,11,5,10,137
4,2,11,1,2,178
4,2,11,2,4,128
4,2,11,8,3,120
4,2,11,7,7,126
4,2,11,1,2,121
4,2,11,9,6,146
4,2,11,5,10,132
4,2,11,1,2,138
4,2,11,1,2,115
4,2,11,8,3,131
4,2,11,4,5,128
4,2,11,3,8,117
4,2,11,3,8,135
4,2,11,7,7,116
4,2,11,7,7,118
4,2,11,5,10,156
4,2,11,1,2,123
4,2,11,3,8,106
4,2,11,7,7,120
4,2,11,3,8,117
4,2,11,6,9,107
4,2,11,1,2,119
4,2,11,7,7,168
4,2,11,9,6,109
4,2,11,5,10,111
4,2,11,8,3,118
4,2,11,3,8,102
4,2,11,9,6,93
4,2,11,9,6,103
4,2,11,2,4,134
4,2,11,9,6,114
4,2,11,2,4,117
4,2,11,1,2,122
4,2,11,2,4,134
4,2,11,3,8,133
4,2,11,9,6,143
4,2,11,7,7,149
4,2,11,9,6,177
4,2,11,9,6,142
4,2,11,5,10,162
4,2,11,8,3,152
4,2,11,5,10,166
4,2,11,5,10,167
4,2,11,2,4,123
4,2,11,6,9,118
4,2,11,3,8,151
4,2,11,8,3,115
4,2,11,2,4,132
4,2,11,6,9,173
4,2,11,6,9,108
4,2,11,8,3,157
4,2,11,8,3,146
4,2,11,3,8,210
4,2,11,6,9,199
4,2,11,3,8,150
4,2,11,1,2,256
4,2,11,4,5,125
4,2,11,3,8,151
4,2,11,8,3,217
4,2,11,6,9,237
4,2,11,6,9,157
4,2,11,2,4,157
4,2,11,2,4,187
4,2,11,8,3,668
4,2,11,9,6,134
4,2,11,7,7,140
4,2,11,7,7,223
4,2,11,3,8,169
4,2,11,6,9,152
4,2,11,9,6,159
4,2,11,3,8,155
4,2,11,3,8,141
4,2,11,4,5,132
4,2,11,8,3,138
4,2,11,1,2,132
4,2,11,3,8,117
4,2,11,7,7,132
4,2,11,3,8,135
4,2,11,2,4,192
4,2,11,3,8,251
4,2,11,9,6,224
4,2,11,4,5,173
4,2,11,2,4,136
4,2,11,2,4,141
4,2,11,5,10,148
4,2,11,5,10,165
4,2,11,6,9,164
4,2,11,6,9,143
4,2,11,2,4,131
4,2,11,9,6,219
4,2,11,1,2,159
4,2,11,4,5,196
4,2,11,4,5,220
4,2,11,8,3,235
4,2,11,5,10,235
4,2,11,7,7,156
4,2,11,6,9,248
4,2,11,6,9,206
4,2,11,4,5,169
4,2,11,5,10,203
4,2,11,1,2,405
4,2,11,5,10,154
4,2,11,2,4,153
4,2,11,8,3,155
4,2,11,6,9,152
4,2,11,6,9,164
4,2,11,5,10,231
4,2,11,1,2,156
4,2,11,4,5,170
4,2,11,4,5,140
4,2,11,5,10,132
4,2,11,6,9,107
4,2,11,9,6,104
4,2,11,4,5,252
4,2,11,3,8,150
4,2,11,1,2,171
4,2,11,1,2,317
4,2,11,5,10,117
4,2,11,1,2,143
4,2,11,3,8,224
4,2,11,1,2,180
4,2,11,2,4,152
4,2,11,4,5,108
4,2,11,6,9,95
4,2,11,6,9,134
4,2,11,4,5,163
4,2,11,5,10,160
4,2,11,4,5,144
4,2,11,4,5,192
4,2,11,6,9,169
4,2,11,2,4,227
4,2,11,9,6,234
4,2,11,8,3,159
4,2,11,9,6,177
4,2,11,1,2,133
4,2,11,1,2,162
4,2,11,7,7,239
4,2,11,7,7,178
4,2,11,5,10,222
4,2,11,4,5,183
4,2,11,7,7,181
4,2,11,9,6,201
4,2,11,4,5,159
4,2,11,9,6,146
4,2,11,4,5,159
4,2,11,3,8,165
4,2,11,2,4,148
4,2,11,2,4,143
4,2,11,7,7,226
4,2,11,4,5,256
4,2,11,9,6,159
4,2,11,7,7,158
4,2,11,4,5,132
4,2,11,5,10,139
4,2,11,3,8,166
4,2,11,6,9,145
4,2,11,1,2,181
4,2,11,4,5,158
4,2,11,5,10,148
4,2,11,9,6,158
4,2,11,9,6,410
4,2,11,6,9,155
4,2,11,1,2,179
4,2,11,8,3,219
4,2,11,9,6,193
4,2,11,5,10,156
4,2,11,6,9,145
4,2,11,3,8,168
4,2,11,4,5,158
4,2,11,8,3,159
4,2,11,3,8,213
4,2,11,1,2,150
4,2,11,1,2,158
4,2,11,7,7,194
4,2,11,4,5,157
4,2,11,6,9,122
4,2,11,9,6,125
4,2,11,4,5,153
4,2,11,1,2,165
4,2,11,7,7,126
4,2,11,7,7,130
4,2,11,2,4,155
4,2,11,7,7,143
4,2,11,9,6,124
4,2,11,8,3,118
4,2,11,1,2,105
4,2,11,4,5,138
4,2,11,6,9,152
4,2,11,8,3,182
4,2,11,1,2,157
4,2,11,6,9,205
4,2,11,3,8,211
4,2,11,9,6,230
4,2,11,1,2,207
4,2,11,5,10,192
4,2,11,3,8,204
4,2,11,8,3,152
4,2,11,9,6,203
4,2,11,5,10,209
4,2,11,4,5,336
4,2,11,5,10,158
4,2,11,8,3,135
4,2,11,4,5,178
4,2,11,2,4,216
4,2,11,7,7,187
4,2,11,3,8,157
4,2,11,2,4,148
4,2,11,4,5,214
4,2,11,9,6,258
4,2,11,8,3,171
4,2,11,4,5,139
4,2,11,7,7,150
4,2,11,3,8,225
4,2,11,6,9,277
4,2,11,3,8,144
4,2,11,1,2,125
4,2,11,2,4,126
4,2,11,3,8,151
4,2,11,6,9,172
4,2,11,2,4,218
4,2,11,8,3,158
4,2,11,5,10,146
4,2,11,4,5,164
4,2,11,2,4,242
4,2,11,5,10,244
4,2,11,2,4,166
4,2,11,4,5,133
4,2,11,3,8,153
4,2,11,1,2,210
4,2,11,4,5,164
4,2,11,5,10,148
4,2,11,3,8,115
4,2,11,6,9,244
4,2,11,1,2,234
4,2,11,9,6,203
4,2,11,4,5,159
4,2,11,1,2,145
4,2,11,1,2,146
4,2,11,9,6,174
4,2,11,9,6,199
4,2,11,5,10,158
4,2,11,3,8,150
4,2,11,5,10,179
4,2,11,9,6,172
4,2,11,8,3,220
4,2,11,4,5,214
4,2,11,5,10,204
4,2,11,5,10,215
4,2,11,6,9,185
4,2,11,4,5,162
4,2,11,5,10,241
5,5,23,16,3,206
5,5,23,10,9,155
5,5,23,20,12,232
5,5,23,1,5,270
5,5,23,4,4,165
5,5,23,21,14,158
5,5,23,21,14,228
5,5,23,16,3,232
5,5,23,20,12,273
5,5,23,5,20,161
5,5,23,14,13,170
5,5,23,16,3,225
5,5,23,15,19,270
5,5,23,3,10,155
5,5,23,12,18,147
5,5,23,3,10,153
5,5,23,8,16,157
5,5,23,13,21,263
5,5,23,19,7,163
5,5,23,20,12,190
5,5,23,1,5,228
5,5,23,17,15,744
5,5,23,21,14,163
5,5,23,16,3,151
5,5,23,8,16,190
5,5,23,15,19,164
5,5,23,16,3,167
5,5,23,3,10,156
5,5,23,6,8,149
5,5,23,5,20,226
5,5,23,6,8,159
5,5,23,16,3,169
5,5,23,12,18,149
5,5,23,16,3,146
5,5,23,19,7,163
5,5,23,15,19,148
5,5,23,3,10,199
5,5,23,5,20,150
5,5,23,9,11,148
5,5,23,3,10,146
5,5,23,18,6,218
5,5,23,21,14,178
5,5,23,17,15,156
5,5,23,8,16,144
5,5,23,13,21,142
5,5,23,18,6,164
5,5,23,17,15,150
5,5,23,15,19,127
5,5,23,12,18,132
5,5,23,6,8,140
5,5,23,1,5,139
5,5,23,2,2,150
5,5,23,12,18,203
5,5,23,18,6,303
5,5,23,7,17,160
5,5,23,10,9,133
5,5,23,7,17,223
5,5,23,13,21,163
5,5,23,5,20,160
5,5,23,12,18,199
5,5,23,16,3,140
5,5,23,18,6,149
5,5,23,19,7,154
5,5,23,18,6,170
5,5,23,3,10,151
5,5,23,11,22,113
5,5,23,1,5,89
5,5,23,3,10,86
5,5,23,21,14,145
5,5,23,1,5,148
5,5,23,14,13,226
5,5,23,21,14,157
5,5,23,2,2,134
5,5,23,4,4,108
5,5,23,9,11,140
5,5,23,13,21,138
5,5,23,15,19,90
5,5,23,17,15,78
5,5,23,6,8,109
5,5,23,4,4,87
5,5,23,18,6,109
5,5,23,21,14,101
5,5,23,18,6,140
5,5,23,19,7,178
5,5,23,18,6,169
5,5,23,9,11,148
5,5,23,8,16,123
5,5,23,2,2,109
5,5,23,6,8,172
5,5,23,2,2,148
5,5,23,3,10,211
5,5,23,18,6,154
5,5,23,16,3,135
5,5,23,8,16,117
5,5,23,7,17,99
5,5,23,8,16,160
5,5,23,14,13,180
5,5,23,14,13,185
5,5,23,3,10,145
5,5,23,11,22,141
5,5,23,5,20,128
5,5,23,20,12,212
5,5,23,8,16,382
5,5,23,5,20,156
5,5,23,7,17,153
5,5,23,10,9,163
5,5,23,20,12,175
5,5,23,11,22,165
5,5,23,7,17,152
5,5,23,21,14,216
5,5,23,4,4,191
5,5,23,16,3,159
5,5,23,18,6,253
5,5,23,19,7,162
5,5,23,2,2,165
5,5,23,16,3,240
5,5,23,13,21,159
5,5,23,8,16,235
5,5,23,19,7,181
5,5,23,18,6,164
5,5,23,6,8,182
5,5,23,17,15,163
5,5,23,10,9,138
5,5,23,5,20,159
5,5,23,19,7,195
5,5,23,15,19,187
5,5,23,19,7,143
5,5,23,11,22,171
5,5,23,14,13,157
5,5,23,20,12,195
5,5,23,9,11,156
5,5,23,3,10,125
5,5,23,11,22,159
5,5,23,15,19,172
5,5,23,20,12,156
5,5,23,19,7,110
5,5,23,20,12,205
5,5,23,3,10,168
5,5,23,4,4,158
5,5,23,5,20,221
5,5,23,21,14,139
5,5,23,18,6,109
5,5,23,6,8,125
5,5,23,8,16,126
5,5,23,1,5,164
5,5,23,8,16,135
5,5,23,11,22,125
5,5,23,4,4,164
5,5,23,13,21,149
5,5,23,5,20,177
5,5,23,8,16,155
5,5,23,9,11,198
5,5,23,2,2,153
5,5,23,4,4,136
5,5,23,7,17,131
5,5,23,14,13,149
5,5,23,11,22,220
5,5,23,14,13,160
5,5,23,13,21,231
5,5,23,5,20,220
5,5,23,2,2,223
5,5,23,4,4,146
5,5,23,7,17,159
5,5,23,12,18,145
5,5,23,7,17,135
5,5,23,21,14,163
5,5,23,3,10,188
5,5,23,10,9,233
5,5,23,18,6,161
5,5,23,4,4,163
5,5,23,4,4,188
5,5,23,14,13,154
5,5,23,12,18,142
5,5,23,15,19,210
5,5,23,1,5,264
5,5,23,5,20,158
5,5,23,20,12,247
5,5,23,19,7,248
5,5,23,8,16,158
5,5,23,19,7,175
5,5,23,17,15,156
5,5,23,19,7,192
5,5,23,18,6,154
5,5,23,6,8,165
5,5,23,15,19,195
5,5,23,6,8,154
5,5,23,4,4,148
5,5,23,3,10,172
5,5,23,3,10,128
5,5,23,9,11,130
5,5,23,3,10,140
5,5,23,19,7,150
5,5,23,9,11,163
5,5,23,2,2,154
5,5,23,17,15,182
5,5,23,18,6,211
5,5,23,10,9,146
5,5,23,13,21,147
5,5,23,11,22,152
5,5,23,2,2,148
5,5,23,15,19,114
5,5,23,21,14,141
5,5,23,7,17,153
5,5,23,17,15,188
5,5,23,3,10,114
5,5,23,5,20,100
5,5,23,6,8,96
5,5,23,15,19,151
5,5,23,15,19,164
5,5,23,11,22,128
5,5,23,21,14,126
5,5,23,8,16,118
5,5,23,9,11,122
5,5,23,4,4,120
5,5,23,4,4,111
5,5,23,11,22,136
5,5,23,1,5,120
5,5,23,14,13,104
5,5,23,21,14,101
5,5,23,6,8,92
5,5,23,8,16,101
5,5,23,3,10,104
5,5,23,21,14,108
5,5,23,2,2,128
5,5,23,5,20,107
5,5,23,17,15,119
5,5,23,6,8,119
5,5,23,7,17,97
5,5,23,1,5,88
5,5,23,7,17,90
5,5,23,1,5,98
5,5,23,12,18,106
5,5,23,17,15,100
5,5,23,17,15,113
5,5,23,12,18,118
5,5,23,10,9,108
5,5,23,19,7,124
5,5,23,17,15,125
5,5,23,1,5,97
5,5,23,6,8,122
5,5,23,11,22,138
5,5,23,12,18,112
5,5,23,21,14,146
5,5,23,4,4,127
5,5,23,16,3,154
5,5,23,1,5,133
5,5,23,7,17,221
5,5,23,11,22,268
5,5,23,17,15,167
5,5,23,2,2,138
5,5,23,10,9,225
5,5,23,2,2,139
5,5,23,20,12,234
5,5,23,13,21,174
5,5,23,15,19,228
5,5,23,14,13,224
5,5,23,19,7,164
5,5,23,19,7,157
5,5,23,1,5,225
5,5,23,9,11,229
5,5,23,8,16,186
5,5,23,20,12,153
5,5,23,7,17,151
5,5,23,1,5,127
5,5,23,1,5,156
5,5,23,18,6,184
5,5,23,1,5,112
5,5,23,13,21,126
5,5,23,9,11,116
5,5,23,14,13,130
5,5,23,5,20,132
5,5,23,17,15,141
5,5,23,4,4,164
5,5,23,9,11,137
5,5,23,8,16,118
5,5,23,12,18,146
5,5,23,4,4,195
5,5,23,17,15,151
5,5,23,21,14,134
5,5,23,19,7,142
5,5,23,12,18,135
5,5,23,16,3,218
5,5,23,14,13,203
5,5,23,10,9,154
5,5,23,2,2,194
5,5,23,19,7,208
5,5,23,19,7,156
5,5,23,10,9,154
5,5,23,8,16,225
5,5,23,2,2,135
5,5,23,20,12,138
5,5,23,10,9,172
5,5,23,13,21,204
5,5,23,20,12,121
5,5,23,13,21,118
5,5,23,1,5,177
5,5,23,5,20,131
5,5,23,3,10,125
5,5,23,14,13,122
5,5,23,17,15,107
5,5,23,14,13,114
5,5,23,11,22,104
5,5,23,13,21,107
5,5,23,8,16,156
5,5,23,6,8,136
5,5,23,5,20,142
5,5,23,1,5,113
5,5,23,12,18,141
5,5,23,6,8,127
5,5,23,21,14,138
5,5,23,19,7,125
5,5,23,9,11,117
5,5,23,5,20,150
5,5,23,21,14,146
5,5,23,5,20,142
5,5,23,1,5,401
5,5,23,5,20,159
5,5,23,10,9,151
5,5,23,9,11,149
5,5,23,12,18,144
5,5,23,2,2,115
5,5,23,4,4,113
5,5,23,7,17,106
5,5,23,10,9,121
5,5,23,1,5,168
5,5,23,8,16,220
5,5,23,9,11,161
5,5,23,1,5,149
5,5,23,7,17,143
5,5,23,21,14,227
5,5,23,11,22,205
5,5,23,9,11,169
5,5,23,11,22,133
5,5,23,2,2,123
5,5,23,7,17,200
5,5,23,2,2,939
5,5,23,18,6,162
5,5,23,10,9,145
5,5,23,1,5,139
5,5,23,9,11,156
5,5,23,1,5,237
5,5,23,10,9,197
5,5,23,10,9,170
5,5,23,10,9,175
5,5,23,15,19,223
5,5,23,8,16,167
5,5,23,5,20,154
5,5,23,13,21,145
5,5,23,11,22,245
5,5,23,7,17,149
5,5,23,7,17,158
5,5,23,14,13,201
5,5,23,13,21,222
5,5,23,19,7,240
5,5,23,5,20,171
5,5,23,20,12,147
5,5,23,12,18,134
5,5,23,14,13,154
5,5,23,16,3,156
5,5,23,4,4,147
5,5,23,1,5,127
5,5,23,5,20,123
5,5,23,2,2,120
5,5,23,9,11,151
5,5,23,6,8,128
5,5,23,10,9,110
5,5,23,19,7,114
5,5,23,15,19,99
5,5,23,5,20,96
5,5,23,7,17,93
5,5,23,21,14,139
5,5,23,8,16,235
5,5,23,3,10,168
5,5,23,11,22,145
5,5,23,12,18,145
5,5,23,5,20,149
5,5,23,2,2,143
5,5,23,7,17,155
5,5,23,14,13,148
5,5,23,10,9,185
5,5,23,7,17,157
5,5,23,19,7,144
5,5,23,16,3,245
5,5,23,7,17,183
5,5,23,14,13,170
5,5,23,11,22,149
5,5,23,11,22,237
5,5,23,11,22,190
5,5,23,6,8,157
5,5,23,18,6,181
5,5,23,16,3,137
5,5,23,7,17,110
5,5,23,2,2,122
5,5,23,20,12,102
5,5,23,15,19,155
5,5,23,12,18,129
5,5,23,5,20,165
5,5,23,21,14,139
5,5,23,16,3,139
5,5,23,14,13,162
5,5,23,17,15,368
5,5,23,21,14,163
5,5,23,14,13,149
5,5,23,1,5,185
5,5,23,4,4,100
5,5,23,2,2,128
5,5,23,9,11,211
5,5,23,10,9,154
5,5,23,1,5,144
5,5,23,12,18,165
5,5,23,19,7,146
5,5,23,10,9,139
5,5,23,12,18,138
5,5,23,7,17,139
5,5,23,19,7,112
5,5,23,15,19,109
5,5,23,12,18,119
5,5,23,4,4,111
5,5,23,21,14,90
5,5,23,14,13,78
5,5,23,6,8,79
5,5,23,15,19,139
5,5,23,15,19,120
5,5,23,18,6,126
5,5,23,14,13,97
5,5,23,17,15,103
5,5,23,17,15,99
5,5,23,13,21,98
5,5,23,2,2,104
5,5,23,10,9,94
5,5,23,1,5,123
5,5,23,2,2,150
5,5,23,17,15,122
5,5,23,2,2,120
5,5,23,2,2,117
5,5,23,11,22,98
5,5,23,14,13,112
5,5,23,1,5,116
5,5,23,12,18,110
5,5,23,9,11,182
5,5,23,21,14,160
5,5,23,13,21,136
5,5,23,19,7,128
5,5,23,3,10,140
5,5,23,11,22,139
5,5,23,1,5,156
5,5,23,17,15,151
5,5,23,15,19,149
5,5,23,8,16,130
5,5,23,10,9,153
5,5,23,17,15,157
5,5,23,19,7,148
5,5,23,7,17,162
5,5,23,6,8,135
5,5,23,5,20,137
5,5,23,13,21,132
5,5,23,4,4,133
5,5,23,17,15,142
5,5,23,13,21,138
5,5,23,13,21,145
5,5,23,11,22,118
5,5,23,2,2,131
5,5,23,20,12,138
5,5,23,19,7,117
5,5,23,9,11,136
5,5,23,13,21,119
5,5,23,4,4,126
5,5,23,8,16,138
5,5,23,8,16,146
5,5,23,17,15,142
5,5,23,2,2,127
5,5,23,1,5,138
5,5,23,16,3,139
5,5,23,19,7,135
5,5,23,15,19,136
5,5,23,13,21,142
5,5,23,4,4,139
5,5,23,2,2,161
5,5,23,14,13,122
5,5,23,18,6,139
5,5,23,18,6,135
5,5,23,9,11,143
5,5,23,8,16,144
5,5,23,7,17,111
5,5,23,10,9,105
5,5,23,13,21,89
5,5,23,21,14,158
5,5,23,12,18,175
5,5,23,19,7,149
5,5,23,13,21,141
5,5,23,17,15,107
5,5,23,21,14,169
5,5,23,18,6,90
5,5,23,9,11,116
5,5,23,8,16,125
5,5,23,17,15,103
5,5,23,5,20,105
5,5,23,1,5,113
5,5,23,20,12,125
5,5,23,10,9,109
5,5,23,11,22,109
5,5,23,8,16,133
5,5,23,8,16,127
5,5,23,9,11,133
5,5,23,1,5,150
5,5,23,8,16,121
5,5,23,7,17,131
5,5,23,8,16,131
5,5,23,8,16,161
5,5,23,15,19,161
5,5,23,13,21,130
5,5,23,6,8,124
5,5,23,10,9,126
5,5,23,13,21,136
5,5,23,15,19,144
5,5,23,18,6,115
5,5,23,20,12,103
5,5,23,3,10,113
5,5,23,8,16,146
5,5,23,7,17,134
5,5,23,10,9,125
5,5,23,7,17,126
5,5,23,11,22,143
5,5,23,21,14,142
5,5,23,12,18,137
5,5,23,16,3,137
5,5,23,8,16,139
5,5,23,18,6,135
5,5,23,7,17,128
5,5,23,20,12,132
5,5,23,11,22,133
5,5,23,8,16,215
5,5,23,16,3,136
5,5,23,12,18,101
5,5,23,21,14,109
5,5,23,10,9,148
5,5,23,18,6,294
5,5,23,18,6,236
5,5,23,8,16,171
5,5,23,3,10,159
5,5,23,1,5,125
5,5,23,21,14,131
5,5,23,7,17,169
5,5,23,10,9,156
5,5,23,18,6,144
5,5,23,12,18,127
5,5,23,6,8,111
5,5,23,16,3,129
5,5,23,10,9,109
5,5,23,6,8,114
5,5,23,16,3,119
5,5,23,17,15,132
5,5,23,9,11,140
5,5,23,14,13,123
5,5,23,11,22,179
5,5,23,2,2,122
5,5,23,8,16,98
5,5,23,1,5,124
5,5,23,4,4,129
5,5,23,10,9,126
5,5,23,10,9,134
5,5,23,13,21,112
5,5,23,16,3,138
5,5,23,5,20,128
5,5,23,7,17,154
5,5,23,12,18,143
5,5,23,6,8,200
5,5,23,1,5,171
5,5,23,2,2,132
5,5,23,14,13,144
5,5,23,8,16,130
5,5,23,8,16,120
5,5,23,21,14,120
5,5,23,18,6,132
5,5,23,3,10,159
5,5,23,11,22,159
5,5,23,3,10,142
5,5,23,16,3,158
5,5,23,11,22,164
5,5,23,18,6,224
5,5,23,9,11,167
5,5,23,20,12,148
5,5,23,5,20,198
5,5,23,19,7,163
5,5,23,19,7,149
5,5,23,9,11,179
5,5,23,17,15,162
5,5,23,20,12,162
5,5,23,6,8,169
5,5,23,9,11,238
5,5,23,3,10,246
5,5,23,12,18,218
5,5,23,16,3,154
5,5,23,15,19,159
5,5,23,2,2,181
5,5,23,4,4,167
5,5,23,7,17,154
5,5,23,12,18,166
5,5,23,5,20,323
5,5,23,20,12,184
5,5,23,17,15,218
5,5,23,18,6,182
5,5,23,21,14,355
5,5,23,16,3,159
5,5,23,16,3,144
5,5,23,15,19,173
5,5,23,8,16,183
5,5,23,10,9,143
5,5,23,13,21,127
5,5,23,17,15,179
5,5,23,12,18,218
5,5,23,21,14,158
5,5,23,3,10,154
5,5,23,14,13,171
5,5,23,10,9,172
5,5,23,1,5,160
5,5,23,20,12,163
5,5,23,7,17,179
5,5,23,14,13,255
5,5,23,16,3,262
5,5,23,13,21,143
5,5,23,13,21,242
5,5,23,5,20,177
5,5,23,19,7,188
5,5,23,15,19,152
5,5,23,13,21,131
5,5,23,2,2,156
5,5,23,1,5,173
5,5,23,17,15,196
5,5,23,19,7,129
5,5,23,19,7,199
5,5,23,3,10,154
5,5,23,4,4,126
5,5,23,20,12,108
5,5,23,16,3,94
5,5,23,2,2,94
5,5,23,18,6,148
5,5,23,11,22,151
5,5,23,19,7,160
5,5,23,18,6,148
5,5,23,12,18,117
5,5,23,13,21,106
5,5,23,4,4,194
5,5,23,19,7,112
5,5,23,18,6,119
5,5,23,2,2,135
5,5,23,7,17,175
5,5,23,5,20,119
5,5,23,13,21,83
5,5,23,8,16,101
5,5,23,2,2,97
5,5,23,10,9,111
5,5,23,21,14,113
5,5,23,18,6,116
5,5,23,17,15,131
5,5,23,21,14,134
5,5,23,8,16,99
5,5,23,4,4,127
5,5,23,3,10,143
5,5,23,3,10,123
5,5,23,21,14,135
5,5,23,10,9,140
5,5,23,4,4,115
5,5,23,14,13,128
5,5,23,6,8,119
5,5,23,17,15,116
5,5,23,1,5,118
5,5,23,18,6,133
5,5,23,7,17,115
5,5,23,11,22,130
5,5,23,7,17,116
5,5,23,16,3,129
5,5,23,9,11,140
5,5,23,6,8,133
5,5,23,20,12,135
5,5,23,1,5,161
5,5,23,12,18,112
5,5,23,11,22,120
5,5,23,17,15,138
5,5,23,3,10,169
5,5,23,16,3,150
5,5,23,11,22,122
5,5,23,19,7,142
5,5,23,11,22,210
5,5,23,19,7,174
5,5,23,10,9,189
5,5,23,13,21,161
5,5,23,3,10,178
5,5,23,9,11,150
5,5,23,16,3,147
5,5,23,8,16,280
5,5,23,13,21,162
5,5,23,21,14,179
5,5,23,10,9,156
5,5,23,18,6,143
5,5,23,14,13,152
5,5,23,15,19,152
5,5,23,14,13,128
5,5,23,11,22,132
5,5,23,17,15,143
5,5,23,7,17,115
5,5,23,2,2,131
5,5,23,11,22,145
5,5,23,19,7,172
5,5,23,4,4,173
5,5,23,14,13,149
5,5,23,15,19,137
5,5,23,16,3,229
5,5,23,1,5,151
5,5,23,12,18,158
5,5,23,20,12,141
5,5,23,19,7,124
5,5,23,9,11,200
5,5,23,19,7,152
5,5,23,12,18,227
5,5,23,17,15,152
5,5,23,18,6,144
5,5,23,9,11,173
5,5,23,11,22,254
5,5,23,7,17,162
5,5,23,3,10,130
5,5,23,16,3,105
5,5,23,12,18,163
5,5,23,1,5,118
5,5,23,10,9,161
5,5,23,18,6,129
5,5,23,20,12,141
5,5,23,4,4,130
5,5,23,12,18,112
5,5,23,19,7,124
5,5,23,11,22,147
5,5,23,19,7,145
5,5,23,17,15,156
5,5,23,19,7,146
5,5,23,9,11,123
5,5,23,3,10,110
5,5,23,18,6,155
5,5,23,5,20,154
5,5,23,5,20,163
5,5,23,17,15,150
5,5,23,2,2,143
5,5,23,14,13,151
5,5,23,1,5,146
5,5,23,20,12,162
5,5,23,10,9,179
5,5,23,18,6,143
5,5,23,3,10,119
5,5,23,19,7,155
5,5,23,13,21,161
5,5,23,16,3,172
5,5,23,13,21,141
5,5,23,12,18,159
5,5,23,19,7,261
5,5,23,2,2,159
5,5,23,4,4,134
5,5,23,18,6,146
5,5,23,12,18,153
5,5,23,21,14,263
5,5,23,6,8,153
5,5,23,14,13,134
5,5,23,18,6,140
5,5,23,7,17,160
5,5,23,4,4,225
5,5,23,16,3,172
5,5,23,8,16,153
5,5,23,5,20,183
5,5,23,14,13,188
5,5,23,4,4,242
5,5,23,19,7,159
5,5,23,2,2,139
5,5,23,14,13,144
5,5,23,15,19,120
5,5,23,18,6,174
5,5,23,11,22,156
5,5,23,11,22,151
5,5,23,17,15,123
5,5,23,10,9,124
5,5,23,16,3,103
5,5,23,7,17,191
5,5,23,9,11,148
5,5,23,20,12,160
5,5,23,18,6,189
5,5,23,10,9,141
5,5,23,17,15,128
5,5,23,19,7,124
5,5,23,4,4,197
5,5,23,19,7,149
5,5,23,21,14,148
5,5,23,10,9,124
5,5,23,4,4,101
5,5,23,8,16,122
5,5,23,18,6,149
5,5,23,3,10,172
5,5,23,6,8,148
5,5,23,8,16,126
5,5,23,18,6,142
5,5,23,6,8,125
5,5,23,5,20,149
5,5,23,1,5,178
5,5,23,11,22,151
5,5,23,2,2,135
5,5,23,15,19,118
5,5,23,9,11,118
5,5,23,19,7,138
5,5,23,2,2,165
5,5,23,16,3,146
5,5,23,19,7,108
5,5,23,21,14,97
5,5,23,1,5,128
5,5,23,11,22,150
5,5,23,7,17,188
5,5,23,20,12,173
5,5,23,13,21,152
5,5,23,17,15,122
5,5,23,8,16,198
5,5,23,6,8,204
5,5,23,21,14,198
5,5,23,17,15,137
5,5,23,17,15,108
5,5,23,17,15,105
5,5,23,5,20,148
5,5,23,17,15,143
5,5,23,19,7,156
5,5,23,13,21,140
5,5,23,19,7,112
5,5,23,5,20,146
5,5,23,4,4,130
5,5,23,17,15,140
5,5,23,17,15,157
5,5,23,4,4,184
5,5,23,10,9,132
5,5,23,4,4,130
5,5,23,2,2,111
5,5,23,10,9,166
5,5,23,14,13,143
5,5,23,12,18,154
5,5,23,11,22,140
5,5,23,5,20,133
5,5,23,8,16,94
5,5,23,5,20,167
5,5,23,11,22,151
5,5,23,20,12,146
5,5,23,12,18,154
5,5,23,5,20,211
5,5,23,7,17,175
5,5,23,11,22,266
5,5,23,12,18,227
5,5,23,7,17,253
5,5,23,2,2,252
5,5,23,11,22,226
5,5,23,13,21,157
5,5,23,20,12,201
5,5,23,5,20,183
5,5,23,5,20,319
5,5,23,11,22,161
5,5,23,14,13,225
5,5,23,21,14,218
5,5,23,1,5,211
5,5,23,14,13,254
5,5,23,4,4,184
5,5,23,4,4,172
5,5,23,12,18,161
5,5,23,15,19,143
5,5,23,3,10,135
5,5,23,21,14,152
5,5,23,11,22,141
5,5,23,20,12,150
5,5,23,3,10,126
5,5,23,10,9,142
5,5,23,15,19,153
5,5,23,6,8,220
5,5,23,18,6,172
5,5,23,9,11,255
5,5,23,13,21,147
5,5,23,17,15,148
5,5,23,20,12,130
5,5,23,16,3,184
5,5,23,18,6,172
5,5,23,15,19,155
5,5,23,3,10,205
5,5,23,1,5,156
5,5,23,13,21,248
5,5,23,17,15,158
5,5,23,8,16,223
5,5,23,8,16,212
5,5,23,4,4,213
5,5,23,12,18,157
5,5,23,14,13,224
5,5,23,5,20,221
5,5,23,16,3,229
5,5,23,7,17,165
5,5,23,2,2,180
5,5,23,18,6,162
5,5,23,9,11,280
5,5,23,20,12,159
5,5,23,4,4,137
5,5,23,18,6,157
5,5,23,12,18,181
5,5,23,21,14,165
5,5,23,16,3,139
5,5,23,17,15,132
5,5,23,20,12,207
5,5,23,8,16,151
5,5,23,2,2,123
5,5,23,16,3,120
5,5,23,3,10,131
5,5,23,1,5,204
5,5,23,5,20,153
5,5,23,9,11,250
5,5,23,17,15,177
5,5,23,14,13,292
5,5,23,13,21,174
5,5,23,14,13,170
5,5,23,5,20,157
5,5,23,9,11,124
5,5,23,15,19,212
5,5,23,16,3,180
5,5,23,6,8,159
5,5,23,9,11,123
5,5,23,8,16,200
5,5,23,2,2,212
5,5,23,16,3,168
5,5,23,10,9,161
5,5,23,4,4,159
5,5,23,3,10,214
5,5,23,20,12,177
5,5,23,12,18,157
5,5,23,7,17,147
5,5,23,5,20,138
5,5,23,11,22,180
5,5,23,18,6,175
5,5,23,16,3,225
5,5,23,16,3,152
5,5,23,16,3,150
5,5,23,3,10,151
5,5,23,21,14,205
5,5,23,1,5,246
5,5,23,14,13,188
5,5,23,2,2,144
5,5,23,9,11,151
5,5,23,15,19,234
5,5,23,17,15,171
5,5,23,15,19,148
5,5,23,18,6,144
5,5,23,19,7,135
5,5,23,21,14,156
5,5,23,2,2,166
5,5,23,8,16,154
5,5,23,4,4,137
5,5,23,5,20,159
5,5,23,20,12,158
5,5,23,19,7,255
5,5,23,18,6,131
5,5,23,20,12,178
5,5,23,18,6,177
5,5,23,19,7,150
5,5,23,4,4,166
5,5,23,12,18,98
5,5,23,12,18,183
5,5,23,13,21,145
5,5,23,8,16,140
5,5,23,20,12,217
5,5,23,18,6,140
5,5,23,2,2,120
5,5,23,17,15,112
5,5,23,9,11,148
5,5,23,9,11,169
5,5,23,5,20,150
5,5,23,8,16,113
5,5,23,18,6,154
5,5,23,18,6,236
5,5,23,10,9,155
5,5,23,9,11,137
5,5,23,8,16,119
5,5,23,21,14,161
5,5,23,6,8,143
5,5,23,3,10,232
5,5,23,13,21,149
5,5,23,4,4,112
5,5,23,19,7,140
5,5,23,21,14,213
5,5,23,17,15,156
5,5,23,4,4,173
5,5,23,12,18,146
5,5,23,15,19,133
5,5,23,12,18,126
5,5,23,15,19,152
5,5,23,10,9,256
5,5,23,6,8,154
5,5,23,10,9,118
5,5,23,11,22,145
5,5,23,20,12,140
5,5,23,11,22,209
5,5,23,3,10,231
5,5,23,3,10,139
5,5,23,5,20,226
5,5,23,19,7,158
5,5,23,4,4,213
5,5,23,14,13,149
5,5,23,15,19,138
6,2,59,32,51,1196
6,5,47,19,10,124
6,2,59,57,30,210
6,5,47,1,5,161
6,5,47,44,32,157
6,2,59,16,46,206
6,5,47,26,16,188
6,2,59,23,47,253
6,2,59,56,15,218
6,2,59,16,46,406
6,2,59,30,57,210
6,5,47,15,41,153
6,2,59,55,37,321
6,5,47,36,4,118
6,2,59,34,27,246
6,5,47,38,6,155
6,2,59,18,7,218
6,5,47,34,34,155
6,2,59,11,42,219
6,5,47,32,7,138
6,2,59,55,37,211
6,2,59,50,3,178
6,2,59,19,14,177
6,2,59,54,48,173
6,2,59,22,53,172
6,2,59,27,44,179
6,5,47,14,27,146
6,2,59,41,34,196
6,2,59,45,13,198
6,2,59,45,13,214
6,2,59,4,16,168
6,2,59,36,49,191
6,2,59,51,6,164
6,2,59,8,20,184
6,2,59,39,38,194
6,2,59,53,24,181
6,5,47,20,3,165
6,2,59,29,58,304
6,5,47,43,44,128
6,5,47,5,23,109
6,2,59,32,51,199
6,2,59,20,28,201
6,2,59,28,29,169
6,2,59,51,6,172
6,5,47,7,11,130
6,5,47,31,39,130
6,5,47,30,36,114
6,2,59,45,13,170
6,5,47,4,14,253
6,5,47,3,31,144
6,2,59,10,21,194
6,2,59,7,10,179
6,5,47,41,45,120
6,5,47,37,20,135
6,2,59,25,11,212
6,5,47,35,29,118
6,5,47,21,15,139
6,5,47,20,3,133
6,5,47,45,19,115
6,5,47,4,14,133
6,2,59,42,9,154
6,2,59,8,20,148
6,2,59,56,15,154
6,2,59,24,35,173
6,2,59,10,21,188
6,2,59,37,39,173
6,5,47,41,45,126
6,2,59,53,24,152
6,5,47,12,18,108
6,5,47,7,11,86
6,5,47,43,44,104
6,5,47,21,15,109
6,2,59,2,4,163
6,5,47,27,33,97
6,2,59,37,39,169
6,2,59,37,39,145
6,2,59,56,15,176
6,2,59,8,20,236
6,5,47,15,41,133
6,2,59,56,15,190
6,2,59,50,3,186
6,5,47,41,45,121
6,5,47,28,24,101
6,2,59,12,25,176
6,2,59,14,41,144
6,2,59,12,25,182
6,2,59,36,49,139
6,2,59,17,33,170
6,2,59,41,34,155
6,5,47,33,35,128
6,2,59,47,52,175
6,2,59,31,55,134
6,2,59,18,7,169
6,2,59,6,5,140
6,2,59,52,12,163
6,2,59,55,37,191
6,2,59,9,40,142
6,2,59,29,58,156
6,2,59,45,13,209
6,2,59,41,34,230
6,5,47,44,32,159
6,2,59,45,13,221
6,2,59,9,40,240
6,2,59,56,15,223
6,5,47,21,15,135
6,2,59,51,6,180
6,2,59,3,8,161
6,2,59,4,16,114
6,5,47,29,26,105
6,5,47,20,3,102
6,5,47,27,33,103
6,2,59,8,20,158
6,5,47,5,23,121
6,5,47,26,16,122
6,5,47,39,30,120
6,5,47,30,36,104
6,5,47,35,29,121
6,5,47,25,22,106
6,2,59,30,57,160
6,2,59,22,53,163
6,2,59,43,18,140
6,2,59,18,7,174
6,5,47,24,42,94
6,2,59,48,45,201
6,2,59,6,5,182
6,2,59,23,47,160
6,2,59,24,35,181
6,5,47,27,33,128
6,2,59,23,47,173
6,2,59,31,55,162
6,2,59,15,23,165
6,5,47,25,22,116
6,2,59,25,11,174
6,5,47,14,27,92
6,2,59,34,27,148
6,2,59,17,33,145
6,2,59,9,40,160
6,2,59,32,51,152
6,2,59,16,46,161
6,5,47,17,38,113
6,2,59,44,36,150
6,5,47,29,26,117
6,2,59,10,21,139
6,5,47,5,23,109
6,5,47,36,4,96
6,5,47,11,13,111
6,2,59,50,3,175
6,2,59,43,18,169
6,5,47,2,25,138
6,2,59,52,12,188
6,2,59,32,51,207
6,5,47,1,5,168
6,5,47,40,9,158
6,5,47,5,23,169
6,2,59,35,54,287
6,2,59,25,11,230
6,2,59,24,35,224
6,2,59,21,56,200
6,5,47,1,5,211
6,2,59,6,5,259
6,5,47,4,14,154
6,2,59,19,14,184
6,5,47,31,39,127
6,5,47,14,27,149
6,5,47,37,20,156
6,2,59,49,31,182
6,5,47,12,18,105
6,2,59,13,50,172
6,2,59,48,45,180
6,2,59,6,5,250
6,5,47,5,23,186
6,2,59,49,31,201
6,5,47,31,39,144
6,5,47,31,39,155
6,5,47,21,15,120
6,5,47,45,19,127
6,2,59,5,32,180
6,2,59,22,53,189
6,2,59,53,24,183
6,5,47,42,37,128
6,5,47,4,14,125
6,5,47,3,31,117
6,5,47,35,29,115
6,2,59,35,54,210
6,5,47,4,14,118
6,5,47,22,28,124
6,5,47,5,23,104
6,2,59,10,21,187
6,5,47,21,15,116
6,2,59,12,25,184
6,2,59,39,38,178
6,5,47,5,23,117
6,5,47,7,11,94
6,5,47,23,46,109
6,5,47,3,31,108
6,2,59,6,5,178
6,5,47,28,24,119
6,2,59,7,10,187
6,2,59,44,36,197
6,2,59,32,51,177
6,5,47,18,2,178
6,2,59,40,17,218
6,5,47,24,42,181
6,5,47,10,12,187
6,2,59,21,56,206
6,2,59,1,2,183
6,2,59,49,31,203
6,2,59,7,10,219
6,2,59,40,17,204
6,5,47,43,44,150
6,5,47,8,8,133
6,5,47,39,30,150
6,2,59,15,23,201
6,2,59,16,46,190
6,5,47,4,14,150
6,5,47,33,35,150
6,2,59,50,3,299
6,5,47,16,17,205
6,2,59,55,37,206
6,5,47,36,4,124
6,2,59,16,46,182
6,5,47,39,30,126
6,2,59,45,13,216
6,5,47,34,34,135
6,2,59,40,17,176
6,5,47,39,30,143
6,5,47,44,32,109
6,2,59,57,30,194
6,5,47,31,39,99
6,5,47,39,30,115
6,5,47,26,16,143
6,2,59,25,11,211
6,5,47,22,28,138
6,5,47,23,46,156
6,2,59,2,4,201
6,5,47,4,14,149
6,5,47,7,11,161
6,2,59,53,24,216
6,5,47,10,12,137
6,5,47,6,21,150
6,2,59,24,35,190
6,2,59,38,19,165
6,5,47,27,33,145
6,5,47,30,36,154
6,5,47,20,3,161
6,5,47,23,46,140
6,2,59,32,51,168
6,5,47,14,27,144
6,2,59,32,51,181
6,5,47,8,8,140
6,2,59,29,58,197
6,2,59,32,51,195
6,2,59,19,14,220
6,5,47,1,5,185
6,5,47,35,29,154
6,5,47,40,9,157
6,5,47,23,46,141
6,2,59,48,45,219
6,2,59,31,55,226
6,5,47,33,35,162
6,5,47,28,24,145
6,2,59,18,7,199
6,2,59,5,32,194
6,5,47,9,40,154
6,2,59,30,57,168
6,2,59,55,37,176
6,5,47,40,9,154
6,5,47,17,38,113
6,5,47,24,42,135
6,2,59,33,43,178
6,2,59,4,16,308
6,2,59,32,51,232
6,5,47,30,36,194
6,2,59,51,6,203
6,2,59,45,13,277
6,5,47,8,8,145
6,2,59,34,27,181
6,2,59,39,38,201
6,5,47,17,38,150
6,2,59,48,45,205
6,2,59,32,51,188
6,5,47,4,14,153
6,5,47,29,26,308
6,5,47,29,26,154
6,5,47,20,3,263
6,5,47,1,5,226
6,2,59,4,16,314
6,5,47,12,18,173
6,5,47,16,17,149
6,5,47,35,29,145
6,2,59,44,36,205
6,2,59,46,26,186
6,2,59,54,48,205
6,5,47,4,14,231
6,5,47,1,5,175
6,5,47,26,16,155
6,2,59,10,21,255
6,2,59,27,44,316
6,2,59,2,4,454
6,2,59,45,13,222
6,2,59,20,28,249
6,2,59,24,35,215
6,5,47,13,43,150
6,5,47,23,46,140
6,5,47,25,22,104
6,5,47,35,29,124
6,2,59,57,30,168
6,2,59,1,2,159
6,2,59,25,11,145
6,2,59,41,34,185
6,5,47,24,42,102
6,2,59,4,16,156
6,2,59,41,34,185
6,2,59,27,44,188
6,2,59,54,48,173
6,2,59,57,30,164
6,2,59,16,46,130
6,2,59,2,4,139
6,5,47,34,34,84
6,5,47,44,32,116
6,5,47,17,38,98
6,2,59,2,4,156
6,5,47,15,41,116
6,2,59,57,30,177
6,5,47,30,36,128
6,2,59,51,6,219
6,5,47,38,6,119
6,2,59,53,24,169
6,5,47,44,32,114
6,2,59,15,23,157
6,5,47,42,37,107
6,2,59,53,24,168
6,2,59,4,16,120
6,2,59,13,50,149
6,5,47,36,4,79
6,5,47,8,8,107
6,2,59,54,48,161
6,5,47,44,32,123
6,5,47,11,13,124
6,5,47,45,19,97
6,5,47,44,32,109
6,5,47,41,45,90
6,5,47,45,19,113
6,5,47,14,27,92
6,2,59,52,12,183
6,2,59,26,22,190
6,2,59,56,15,172
6,2,59,1,2,155
6,5,47,7,11,127
6,5,47,39,30,124
6,5,47,30,36,113
6,2,59,54,48,174
6,2,59,5,32,150
6,5,47,23,46,113
6,5,47,13,43,121
6,2,59,30,57,153
6,2,59,15,23,191
6,2,59,42,9,169
6,5,47,26,16,120
6,2,59,37,39,166
6,2,59,50,3,194
6,2,59,10,21,147
6,2,59,4,16,144
6,5,47,4,14,86
6,5,47,4,14,117
6,2,59,1,2,150
6,2,59,49,31,172
6,2,59,19,14,182
6,2,59,57,30,166
6,2,59,13,50,159
6,5,47,13,43,98
6,5,47,37,20,109
6,5,47,5,23,90
6,2,59,45,13,189
6,5,47,45,19,101
6,2,59,36,49,150
6,5,47,21,15,104
6,5,47,31,39,110
6,2,59,54,48,163
6,2,59,27,44,183
6,2,59,54,48,172
6,5,47,45,19,140
6,2,59,37,39,187
6,2,59,18,7,181
6,2,59,32,51,157
6,5,47,44,32,124
6,2,59,47,52,178
6,2,59,25,11,201
6,2,59,11,42,179
6,2,59,43,18,263
6,2,59,37,39,237
6,5,47,3,31,142
6,2,59,55,37,177
6,5,47,6,21,274
6,5,47,14,27,146
6,2,59,41,34,195
6,2,59,55,37,222
6,5,47,16,17,140
6,5,47,35,29,138
6,5,47,43,44,150
6,5,47,36,4,156
6,2,59,26,22,208
6,2,59,49,31,218
6,5,47,26,16,142
6,2,59,49,31,194
6,5,47,1,5,126
6,2,59,5,32,192
6,5,47,4,14,123
6,5,47,22,28,110
6,2,59,44,36,189
6,5,47,20,3,108
6,5,47,24,42,108
6,5,47,8,8,121
6,5,47,2,25,200
6,5,47,22,28,139
6,2,59,33,43,180
6,5,47,29,26,123
6,2,59,3,8,154
6,5,47,7,11,126
6,5,47,28,24,130
6,5,47,10,12,125
6,5,47,31,39,133
6,5,47,25,22,124
6,2,59,42,9,160
6,5,47,29,26,149
6,2,59,55,37,198
6,5,47,24,42,136
6,5,47,18,2,139
6,5,47,34,34,203
6,5,47,7,11,210
6,2,59,12,25,207
6,5,47,8,8,158
6,2,59,24,35,328
6,5,47,9,40,232
6,5,47,9,40,217
6,2,59,34,27,348
6,2,59,8,20,326
6,5,47,13,43,157
6,5,47,20,3,153
6,2,59,52,12,290
6,2,59,55,37,206
6,2,59,19,14,213
6,5,47,44,32,144
6,2,59,4,16,201
6,5,47,36,4,126
6,2,59,47,52,181
6,2,59,19,14,174
6,5,47,21,15,133
6,5,47,45,19,162
6,2,59,40,17,207
6,2,59,32,51,186
6,5,47,31,39,140
6,5,47,4,14,159
6,5,47,10,12,139
6,2,59,44,36,230
6,5,47,21,15,136
6,2,59,10,21,208
6,2,59,7,10,181
6,5,47,21,15,146
6,2,59,18,7,190
6,2,59,34,27,176
6,5,47,31,39,134
6,5,47,10,12,125
6,5,47,30,36,128
6,5,47,27,33,177
6,2,59,50,3,183
6,5,47,20,3,135
6,5,47,28,24,141
6,2,59,6,5,187
6,2,59,34,27,172
6,5,47,31,39,114
6,5,47,32,7,124
6,2,59,40,17,199
6,2,59,9,40,161
6,5,47,43,44,140
6,5,47,6,21,114
6,2,59,11,42,252
6,5,47,40,9,156
6,5,47,1,5,154
6,5,47,24,42,149
6,2,59,45,13,214
6,2,59,19,14,224
6,5,47,2,25,142
6,5,47,30,36,140
6,2,59,26,22,207
6,5,47,12,18,156
6,2,59,5,32,216
6,2,59,39,38,209
6,2,59,13,50,334
6,5,47,31,39,156
6,5,47,41,45,178
6,5,47,40,9,192
6,5,47,4,14,149
6,2,59,40,17,209
6,5,47,16,17,135
6,5,47,42,37,181
6,2,59,35,54,211
6,5,47,25,22,158
6,2,59,49,31,212
6,5,47,2,25,181
6,5,47,45,19,167
6,5,47,42,37,182
6,2,59,7,10,314
6,5,47,7,11,201
6,5,47,41,45,164
6,5,47,7,11,200
6,2,59,4,16,250
6,2,59,45,13,208
6,5,47,12,18,143
6,5,47,22,28,197
6,2,59,51,6,227
6,5,47,16,17,164
6,5,47,43,44,163
6,5,47,35,29,175
6,2,59,37,39,225
6,5,47,32,7,199
6,2,59,3,8,258
6,5,47,35,29,301
6,5,47,40,9,245
6,5,47,18,2,204
6,2,59,22,53,210
6,2,59,50,3,289
6,2,59,33,43,222
6,5,47,21,15,198
6,2,59,22,53,203
6,2,59,27,44,195
6,2,59,47,52,209
6,2,59,6,5,261
6,2,59,22,53,219
6,5,47,19,10,136
6,5,47,31,39,133
6,5,47,8,8,142
6,5,47,32,7,139
6,2,59,21,56,329
6,5,47,45,19,146
6,2,59,18,7,180
6,5,47,6,21,141
6,2,59,48,45,383
6,2,59,57,30,291
6,2,59,8,20,221
6,5,47,43,44,127
6,5,47,44,32,105
6,2,59,20,28,179
6,5,47,26,16,103
6,5,47,26,16,135
6,5,47,4,14,93
6,5,47,3,31,101
6,2,59,34,27,152
6,5,47,36,4,143
6,5,47,43,44,106
6,2,59,13,50,182
6,5,47,22,28,141
6,5,47,11,13,166
6,2,59,49,31,260
6,5,47,23,46,137
6,5,47,31,39,118
6,5,47,18,2,152
6,2,59,30,57,169
6,5,47,13,43,123
6,2,59,46,26,189
6,2,59,6,5,224
6,2,59,25,11,326
6,2,59,31,55,300
6,2,59,51,6,305
6,5,47,18,2,343
6,2,59,46,26,313
6,2,59,8,20,226
6,2,59,47,52,230
6,2,59,28,29,313
6,5,47,42,37,220
6,2,59,48,45,324
6,5,47,34,34,144
6,5,47,7,11,131
6,2,59,29,58,175
6,2,59,43,18,180
6,5,47,38,6,132
6,5,47,1,5,127
6,5,47,18,2,96
6,2,59,27,44,176
6,5,47,8,8,98
6,2,59,21,56,182
6,2,59,39,38,162
6,5,47,42,37,129
6,5,47,32,7,115
6,5,47,9,40,86
6,2,59,4,16,148
6,2,59,23,47,145
6,5,47,12,18,121
6,5,47,6,21,164
6,2,59,4,16,172
6,2,59,29,58,150
6,2,59,13,50,136
6,2,59,7,10,141
6,5,47,18,2,101
6,2,59,37,39,173
6,5,47,33,35,113
6,2,59,39,38,175
6,5,47,4,14,91
6,5,47,22,28,115
6,2,59,2,4,142
6,5,47,14,27,105
6,5,47,9,40,89
6,2,59,40,17,165
6,2,59,6,5,134
6,5,47,26,16,97
6,2,59,56,15,164
6,5,47,31,39,120
6,5,47,5,23,92
6,2,59,13,50,182
6,5,47,44,32,127
6,2,59,50,3,161
6,2,59,20,28,170
6,5,47,3,31,88
6,5,47,31,39,103
6,2,59,5,32,130
6,2,59,32,51,137
6,5,47,36,4,96
6,2,59,46,26,214
6,2,59,56,15,147
6,2,59,12,25,170
6,5,47,2,25,131
6,2,59,42,9,154
6,2,59,43,18,167
6,2,59,14,41,303
6,2,59,7,10,201
6,2,59,24,35,186
6,5,47,3,31,111
6,5,47,27,33,118
6,2,59,7,10,198
6,5,47,24,42,125
6,2,59,24,35,189
6,2,59,28,29,212
6,2,59,30,57,163
6,2,59,40,17,261
6,2,59,50,3,135
6,5,47,38,6,127
6,5,47,13,43,134
6,5,47,15,41,103
6,5,47,14,27,126
6,5,47,37,20,99
6,5,47,28,24,116
6,2,59,9,40,178
6,2,59,44,36,187
6,2,59,17,33,182
6,2,59,6,5,177
6,2,59,42,9,183
6,2,59,41,34,208
6,2,59,30,57,186
6,2,59,31,55,136
6,2,59,4,16,152
6,5,47,27,33,96
6,5,47,43,44,117
6,2,59,47,52,193
6,5,47,12,18,136
6,2,59,18,7,185
6,5,47,5,23,118
6,2,59,26,22,185
6,2,59,2,4,182
6,5,47,15,41,140
6,2,59,31,55,184
6,5,47,28,24,139
6,2,59,32,51,224
6,5,47,8,8,153
6,2,59,40,17,199
6,2,59,1,2,217
6,2,59,26,22,216
6,5,47,43,44,139
6,2,59,28,29,201
6,2,59,47,52,185
6,5,47,30,36,121
6,5,47,15,41,132
6,2,59,9,40,196
6,5,47,18,2,112
6,5,47,7,11,132
6,5,47,11,13,137
6,2,59,31,55,166
6,2,59,2,4,191
6,5,47,43,44,125
6,2,59,24,35,175
6,2,59,23,47,187
6,2,59,36,49,192
6,5,47,37,20,114
6,2,59,54,48,182
6,2,59,11,42,158
6,5,47,15,41,161
6,5,47,34,34,131
6,2,59,38,19,157
6,5,47,15,41,131
6,5,47,14,27,132
6,5,47,30,36,107
6,2,59,3,8,228
6,5,47,31,39,150
6,5,47,11,13,179
6,5,47,37,20,191
6,2,59,28,29,246
6,5,47,34,34,151
6,2,59,25,11,188
6,5,47,42,37,139
6,2,59,11,42,200
6,2,59,14,41,203
6,2,59,3,8,165
6,2,59,48,45,273
6,2,59,41,34,260
6,5,47,16,17,153
6,2,59,55,37,311
6,2,59,33,43,254
6,2,59,19,14,218
6,2,59,38,19,203
6,2,59,2,4,445
6,5,47,30,36,155
6,5,47,35,29,142
6,2,59,40,17,179
6,2,59,35,54,236
6,5,47,44,32,157
6,2,59,5,32,173
6,2,59,15,23,216
6,5,47,31,39,138
6,2,59,53,24,187
6,2,59,11,42,209
6,2,59,27,44,184
6,5,47,22,28,172
6,5,47,23,46,97
6,5,47,29,26,167
6,5,47,41,45,116
6,5,47,27,33,125
6,2,59,5,32,166
6,2,59,39,38,163
6,2,59,26,22,172
6,5,47,45,19,117
6,5,47,38,6,112
6,2,59,12,25,174
6,5,47,10,12,111
6,5,47,29,26,87
6,2,59,26,22,189
6,2,59,27,44,138
6,5,47,21,15,123
6,2,59,52,12,155
6,5,47,17,38,112
6,2,59,47,52,175
6,2,59,17,33,154
6,2,59,21,56,163
6,2,59,38,19,170
6,2,59,22,53,160
6,2,59,48,45,136
6,5,47,31,39,104
6,2,59,16,46,159
6,5,47,5,23,107
6,2,59,53,24,170
6,2,59,35,54,172
6,2,59,43,18,169
6,5,47,45,19,149
6,5,47,39,30,118
6,5,47,40,9,119
6,2,59,48,45,194
6,2,59,17,33,195
6,2,59,30,57,172
6,2,59,42,9,167
6,5,47,22,28,105
6,2,59,20,28,199
6,2,59,34,27,167
6,5,47,6,21,137
6,2,59,12,25,197
6,2,59,19,14,191
6,2,59,57,30,224
6,2,59,30,57,205
6,5,47,7,11,165
6,5,47,6,21,149
6,2,59,35,54,208
6,2,59,14,41,208
6,5,47,37,20,147
6,5,47,40,9,149
6,5,47,7,11,147
6,2,59,10,21,206
6,5,47,32,7,144
6,2,59,51,6,202
6,2,59,3,8,191
6,5,47,41,45,145
6,2,59,18,7,194
6,5,47,39,30,127
6,5,47,36,4,139
6,5,47,35,29,181
6,5,47,13,43,132
6,5,47,13,43,150
6,5,47,45,19,162
6,5,47,28,24,147
6,5,47,20,3,158
6,2,59,38,19,210
6,2,59,39,38,212
6,2,59,26,22,201
6,5,47,1,5,129
6,2,59,40,17,216
6,5,47,41,45,143
6,5,47,35,29,116
6,5,47,29,26,144
6,5,47,26,16,136
6,5,47,21,15,132
6,2,59,40,17,193
6,2,59,23,47,206
6,2,59,37,39,181
6,5,47,12,18,144
6,2,59,51,6,206
6,2,59,16,46,184
6,5,47,19,10,156
6,2,59,28,29,239
6,2,59,24,35,185
6,2,59,11,42,275
6,5,47,38,6,144
6,2,59,4,16,177
6,5,47,19,10,123
6,2,59,34,27,161
6,5,47,20,3,116
6,5,47,40,9,122
6,5,47,15,41,125
6,5,47,11,13,121
6,5,47,10,12,125
6,2,59,51,6,158
6,2,59,1,2,156
6,5,47,16,17,107
6,2,59,46,26,155
6,5,47,14,27,100
6,5,47,9,40,118
6,5,47,30,36,104
6,2,59,43,18,172
6,5,47,29,26,90
6,2,59,15,23,180
6,2,59,7,10,140
6,5,47,34,34,90
6,2,59,6,5,165
6,2,59,18,7,168
6,5,47,33,35,98
6,5,47,26,16,106
6,5,47,23,46,105
6,2,59,8,20,148
6,2,59,40,17,201
6,5,47,39,30,118
6,5,47,12,18,121
6,5,47,23,46,112
6,5,47,34,34,219
6,5,47,38,6,135
6,5,47,8,8,125
6,2,59,57,30,184
6,2,59,7,10,161
6,5,47,28,24,121
6,5,47,22,28,121
6,2,59,1,2,134
6,5,47,29,26,142
6,5,47,12,18,116
6,2,59,6,5,175
6,2,59,44,36,187
6,5,47,45,19,136
6,5,47,24,42,147
6,5,47,3,31,155
6,2,59,28,29,242
6,5,47,24,42,218
6,5,47,15,41,276
6,5,47,45,19,159
6,2,59,44,36,320
6,5,47,6,21,154
6,2,59,57,30,203
6,2,59,1,2,187
6,2,59,33,43,302
6,2,59,6,5,208
6,2,59,30,57,187
6,2,59,9,40,198
6,5,47,8,8,133
6,2,59,50,3,202
6,5,47,34,34,159
6,2,59,39,38,206
6,2,59,41,34,216
6,2,59,10,21,177
6,2,59,44,36,180
6,5,47,25,22,132
6,5,47,37,20,119
6,5,47,23,46,132
6,5,47,5,23,138
6,5,47,35,29,124
6,5,47,29,26,118
6,5,47,10,12,107
6,5,47,41,45,135
6,2,59,45,13,181
6,2,59,14,41,167
6,2,59,43,18,171
6,2,59,10,21,164
6,5,47,3,31,113
6,2,59,15,23,155
6,5,47,28,24,101
6,2,59,55,37,148
6,5,47,3,31,106
6,5,47,6,21,105
6,5,47,7,11,86
6,5,47,40,9,121
6,2,59,54,48,743
6,5,47,15,41,129
6,2,59,35,54,160
6,2,59,27,44,182
6,5,47,43,44,116
6,5,47,24,42,117
6,5,47,39,30,149
6,5,47,34,34,144
6,5,47,14,27,139
6,2,59,28,29,237
6,2,59,13,50,203
6,2,59,8,20,193
6,5,47,27,33,104
6,5,47,41,45,132
6,2,59,19,14,194
6,2,59,3,8,188
6,2,59,50,3,168
6,5,47,8,8,140
6,2,59,4,16,169
6,5,47,42,37,115
6,5,47,25,22,116
6,5,47,4,14,182
6,5,47,19,10,106
6,2,59,42,9,199
6,5,47,42,37,138
6,2,59,23,47,238
6,5,47,5,23,183
6,2,59,55,37,199
6,2,59,11,42,197
6,2,59,56,15,170
6,2,59,4,16,192
6,5,47,26,16,149
6,2,59,4,16,172
6,5,47,17,38,152
6,2,59,54,48,195
6,2,59,21,56,174
6,2,59,37,39,254
6,2,59,12,25,221
6,5,47,9,40,234
6,2,59,45,13,221
6,2,59,56,15,208
6,5,47,27,33,159
6,2,59,50,3,245
6,2,59,40,17,211
6,5,47,33,35,147
6,5,47,12,18,150
6,5,47,35,29,211
6,2,59,40,17,313
6,2,59,13,50,250
6,5,47,13,43,158
6,5,47,13,43,136
6,2,59,56,15,258
6,2,59,39,38,435
6,5,47,33,35,185
6,2,59,13,50,247
6,5,47,18,2,158
6,2,59,8,20,335
6,2,59,54,48,256
6,2,59,16,46,220
6,5,47,16,17,146
6,2,59,2,4,201
6,5,47,12,18,141
6,2,59,47,52,214
6,2,59,2,4,148
6,5,47,30,36,198
6,2,59,13,50,228
6,2,59,49,31,304
6,2,59,37,39,227
6,5,47,5,23,139
6,2,59,44,36,177
6,5,47,15,41,157
6,5,47,3,31,258
6,5,47,15,41,161
6,2,59,40,17,212
6,2,59,21,56,234
6,2,59,27,44,216
6,5,47,28,24,162
6,5,47,1,5,156
6,2,59,36,49,220
6,2,59,10,21,207
6,2,59,29,58,210
6,5,47,14,27,193
6,2,59,57,30,279
6,5,47,11,13,160
6,5,47,32,7,158
6,5,47,26,16,144
6,2,59,51,6,215
6,5,47,11,13,178
6,2,59,17,33,206
6,5,47,36,4,182
6,5,47,15,41,177
6,5,47,6,21,244
6,5,47,14,27,217
6,5,47,26,16,145
6,2,59,38,19,231
6,5,47,28,24,162
6,2,59,26,22,258
6,2,59,24,35,197
6,2,59,21,56,193
6,2,59,26,22,255
6,5,47,19,10,150
6,2,59,23,47,244
6,2,59,38,19,233
6,2,59,6,5,199
6,5,47,6,21,127
6,2,59,56,15,319
6,5,47,25,22,152
6,5,47,27,33,161
6,5,47,13,43,149
7,2,83,38,31,192
7,2,83,24,11,187
7,2,107,98,79,204
7,2,83,60,23,349
7,2,83,54,25,231
7,2,107,55,103,142
7,2,107,30,34,231
7,2,107,23,22,271
7,2,83,11,56,242
7,2,107,65,77,274
7,2,83,4,16,301
7,2,83,51,55,252
7,2,107,100,102,399
7,2,107,60,86,233
7,2,83,31,80,211
7,2,107,100,102,229
7,2,107,42,57,272
7,2,83,20,37,313
7,2,83,59,53,236
7,2,83,70,63,249
7,2,107,13,60,256
7,2,83,46,51,205
7,2,107,45,28,218
7,2,107,37,72,221
7,2,107,94,25,225
7,2,107,48,10,242
7,2,83,25,22,252
7,2,83,49,76,210
7,2,107,46,56,206
7,2,83,14,33,1015
7,2,83,6,64,214
7,2,83,11,56,207
7,2,83,24,11,237
7,2,107,99,51,260
7,2,107,63,46,227
7,2,107,23,22,193
7,2,83,42,81,208
7,2,83,49,76,844
7,2,83,30,40,194
7,2,83,59,53,182
7,2,107,105,54,239
7,2,107,77,63,328
7,2,83,64,36,219
7,2,83,63,18,211
7,2,107,30,34,203
7,2,107,18,101,227
7,2,83,43,79,362
7,2,83,33,71,225
7,2,107,12,30,319
7,2,83,15,66,551
7,2,107,94,25,229
7,2,107,43,7,324
7,2,107,68,81,341
7,2,83,44,75,212
7,2,107,100,102,208
7,2,107,66,47,266
7,2,83,36,70,249
7,2,83,5,32,211
7,2,107,26,69,223
7,2,107,73,24,279
7,2,107,48,10,276
7,2,83,79,52,215
7,2,107,89,71,211
7,2,107,93,66,220
7,2,107,16,52,220
7,2,107,35,18,211
7,2,107,17,104,241
7,2,107,33,58,216
7,2,107,71,6,210
7,2,107,51,80,181
7,2,83,7,45,203
7,2,107,20,83,215
7,2,83,20,37,205
7,2,107,90,35,193
7,2,83,27,5,331
7,2,107,12,30,215
7,2,107,28,62,222
7,2,83,54,25,240
7,2,83,68,78,236
7,2,107,62,23,367
7,2,107,53,106,192
7,2,107,50,40,234
7,2,83,4,16,420
7,2,83,4,16,207
7,2,83,22,65,209
7,2,83,41,82,216
7,2,83,37,57,267
7,2,107,25,88,235
7,2,83,13,58,264
7,2,107,23,22,223
7,2,83,76,48,226
7,2,83,13,58,238
7,2,83,14,33,302
7,2,107,58,75,207
7,2,107,31,68,205
7,2,83,30,40,191
7,2,83,23,47,195
7,2,83,17,15,156
7,2,107,49,20,200
7,2,83,53,54,210
7,2,83,64,36,168
7,2,83,50,69,180
7,2,107,79,38,165
7,2,83,8,7,195
7,2,107,89,71,209
7,2,107,63,46,226
7,2,83,28,10,161
7,2,83,62,9,187
7,2,107,60,86,159
7,2,83,53,54,180
7,2,107,19,95,165
7,2,83,52,27,170
7,2,83,2,4,171
7,2,107,87,98,154
7,2,107,83,73,175
7,2,107,82,90,185
7,2,107,31,68,182
7,2,83,16,49,160
7,2,107,17,104,170
7,2,107,36,36,155
7,2,83,24,11,222
7,2,107,16,52,199
7,2,83,20,37,173
7,2,107,27,31,191
7,2,83,76,48,165
7,2,83,59,53,164
7,2,83,68,78,200
7,2,107,21,59,190
7,2,83,41,82,158
7,2,83,39,62,181
7,2,107,27,31,200
7,2,83,54,25,322
7,2,107,80,76,340
7,2,83,30,40,213
7,2,107,64,92,215
7,2,83,61,46,205
7,2,107,7,21,240
7,2,83,42,81,231
7,2,107,65,77,207
7,2,107,51,80,249
7,2,83,12,29,224
7,2,107,100,102,217
7,2,107,68,81,191
7,2,107,44,14,271
7,2,83,15,66,229
7,2,107,88,89,179
7,2,83,39,62,184
7,2,107,104,27,186
7,2,107,101,97,178
7,2,83,62,9,168
7,2,107,85,78,236
7,2,107,71,6,160
7,2,107,65,77,219
7,2,83,37,57,171
7,2,83,5,32,206
7,2,107,43,7,240
7,2,83,28,10,232
7,2,107,20,83,214
7,2,107,60,86,151
7,2,107,62,23,217
7,2,107,12,30,222
7,2,107,21,59,224
7,2,83,19,60,196
7,2,107,42,57,200
7,2,107,88,89,199
7,2,107,54,105,208
7,2,107,30,34,226
7,2,83,27,5,190
7,2,107,77,63,246
7,2,107,70,3,222
7,2,83,74,12,245
7,2,107,101,97,222
7,2,107,87,98,202
7,2,107,25,88,179
7,2,107,97,93,339
7,2,83,24,11,213
7,2,107,11,15,235
7,2,83,57,34,206
7,2,83,29,20,186
7,2,107,50,40,196
7,2,83,18,30,189
7,2,107,30,34,177
7,2,83,3,8,229
7,2,107,49,20,229
7,2,83,1,2,151
7,2,107,38,37,196
7,2,107,75,96,168
7,2,107,36,36,187
7,2,107,52,53,161
7,2,83,44,75,126
7,2,83,19,60,232
7,2,83,78,26,243
7,2,83,10,28,235
7,2,83,57,34,163
7,2,83,59,53,325
7,2,83,17,15,269
7,2,83,47,19,216
7,2,107,64,92,228
7,2,83,66,61,267
7,2,83,12,29,241
7,2,83,44,75,255
7,2,107,61,65,238
7,2,107,7,21,258
7,2,107,16,52,249
7,2,107,49,20,330
7,2,83,54,25,226
7,2,107,34,9,626
7,2,107,98,79,239
7,2,107,62,23,264
7,2,83,62,9,243
7,2,107,66,47,228
7,2,107,24,44,231
7,2,83,26,44,267
7,2,107,7,21,288
7,2,83,35,35,209
7,2,83,56,17,246
7,2,83,61,46,226
7,2,107,13,60,267
7,2,107,71,6,214
7,2,107,93,66,269
7,2,107,32,29,249
7,2,107,42,57,210
7,2,107,88,89,218
7,2,107,10,61,224
7,2,107,77,63,249
7,2,107,34,9,390
7,2,83,13,58,237
7,2,107,89,71,213
7,2,83,21,74,351
7,2,83,59,53,321
7,2,83,38,31,300
7,2,107,100,102,320
7,2,83,81,42,257
7,2,83,29,20,257
7,2,83,62,9,247
7,2,83,3,8,274
7,2,83,30,40,237
7,2,107,42,57,219
7,2,107,26,69,179
7,2,107,21,59,231
7,2,107,37,72,249
7,2,83,56,17,228
7,2,83,15,66,195
7,2,83,1,2,161
7,2,83,59,53,208
7,2,83,78,26,218
7,2,107,76,85,202
7,2,83,26,44,171
7,2,83,39,62,164
7,2,83,50,69,231
7,2,83,20,37,218
7,2,107,53,106,366
7,2,107,105,54,217
7,2,83,71,43,205
7,2,107,37,72,295
7,2,107,61,65,213
7,2,83,79,52,284
7,2,83,23,47,224
7,2,83,23,47,200
7,2,83,44,75,259
7,2,107,20,83,238
7,2,83,40,41,250
7,2,107,82,90,215
7,2,107,9,84,216
7,2,83,24,11,345
7,2,83,47,19,225
7,2,107,62,23,675
7,2,83,79,52,239
7,2,107,42,57,206
7,2,83,15,66,391
7,2,107,70,3,319
7,2,83,47,19,231
7,2,107,42,57,202
7,2,107,61,65,185
7,2,107,11,15,218
7,2,83,39,62,241
7,2,107,34,9,226
7,2,83,4,16,220
7,2,107,9,84,224
7,2,107,44,14,213
7,2,107,60,86,230
7,2,83,21,74,237
7,2,107,2,4,202
7,2,83,64,36,247
7,2,107,52,53,215
7,2,107,16,52,258
7,2,83,44,75,200
7,2,107,95,50,203
7,2,83,4,16,204
7,2,107,69,55,236
7,2,83,70,63,228
7,2,107,18,101,218
7,2,83,69,73,188
7,2,83,77,13,336
7,2,83,38,31,306
7,2,107,75,96,395
7,2,107,57,91,207
7,2,83,78,26,165
7,2,107,21,59,177
7,2,107,38,37,275
7,2,83,35,35,228
7,2,83,64,36,231
7,2,83,73,6,214
7,2,107,104,27,199
7,2,107,91,70,184
7,2,83,49,76,223
7,2,107,37,72,212
7,2,107,82,90,226
7,2,83,48,38,211
7,2,83,14,33,194
7,2,107,105,54,225
7,2,83,67,39,219
7,2,107,94,25,231
7,2,107,7,21,199
7,2,107,25,88,196
7,2,107,63,46,214
7,2,83,14,33,233
7,2,83,73,6,258
7,2,83,66,61,216
7,2,83,11,56,203
7,2,83,36,70,199
7,2,83,34,59,220
7,2,83,52,27,226
7,2,83,44,75,179
7,2,107,78,19,223
7,2,107,102,87,246
7,2,107,21,59,180
7,2,83,60,23,243
7,2,107,10,61,579
7,2,83,18,30,224
7,2,83,27,5,277
7,2,83,69,73,240
7,2,107,38,37,327
7,2,107,55,103,211
7,2,107,68,81,240
7,2,83,46,51,250
7,2,83,13,58,362
7,2,107,75,96,251
7,2,107,65,77,217
7,2,83,53,54,232
7,2,83,6,64,860
7,2,83,40,41,201
7,2,107,36,36,328
7,2,107,44,14,232
7,2,83,22,65,344
7,2,107,15,26,225
7,2,107,53,106,275
7,2,83,14,33,378
7,2,83,26,44,416
7,2,107,8,42,224
7,2,83,2,4,240
7,2,107,99,51,307
7,2,107,36,36,256
7,2,83,22,65,247
7,2,107,105,54,208
7,2,83,72,3,375
7,2,83,37,57,212
7,2,83,39,62,221
7,2,107,53,106,210
7,2,83,77,13,229
7,2,107,57,91,247
7,2,107,10,61,361
7,2,83,62,9,195
7,2,107,57,91,291
7,2,107,75,96,317
7,2,107,92,33,247
7,2,83,11,56,207
7,2,83,73,6,360
7,2,107,17,104,322
7,2,83,49,76,348
7,2,83,64,36,227
7,2,83,43,79,269
7,2,107,92,33,230
7,2,107,69,55,334
7,2,83,24,11,207
7,2,107,55,103,289
7,2,83,35,35,233
7,2,107,56,99,234
7,2,107,64,92,241
7,2,83,47,19,232
7,2,107,77,63,332
7,2,107,75,96,317
7,2,83,9,14,221
7,2,83,20,37,223
7,2,107,23,22,180
7,2,107,80,76,214
7,2,107,3,8,180
7,2,107,33,58,188
7,2,107,84,39,182
7,2,83,30,40,194
7,2,107,47,5,209
7,2,107,101,97,177
7,2,107,57,91,186
7,2,107,16,52,155
7,2,107,57,91,157
7,2,107,26,69,142
7,2,107,67,94,189
7,2,107,50,40,162
7,2,107,39,74,166
7,2,83,40,41,197
7,2,83,7,45,206
7,2,107,79,38,227
7,2,107,63,46,221
7,2,83,17,15,392
7,2,107,26,69,229
7,2,107,64,92,211
7,2,107,18,101,177
7,2,83,58,68,288
7,2,107,105,54,238
7,2,83,45,67,193
7,2,107,50,40,206
7,2,107,80,76,189
7,2,83,70,63,198
7,2,107,12,30,200
7,2,107,37,72,196
7,2,83,71,43,171
7,2,83,76,48,195
7,2,83,71,43,168
7,2,107,82,90,206
7,2,83,49,76,215
7,2,107,32,29,165
7,2,107,34,9,172
7,2,83,51,55,149
7,2,107,58,75,255
7,2,107,15,26,188
7,2,83,21,74,183
7,2,107,72,12,185
7,2,83,65,72,201
7,2,83,48,38,643
7,2,83,67,39,210
7,2,107,11,15,164
7,2,83,65,72,192
7,2,83,69,73,179
7,2,83,69,73,129
7,2,83,3,8,180
7,2,107,64,92,207
7,2,107,61,65,212
7,2,107,25,88,192
7,2,107,61,65,291
7,2,83,36,70,215
7,2,107,24,44,164
7,2,83,21,74,219
7,2,107,94,25,192
7,2,107,26,69,220
7,2,83,63,18,202
7,2,83,7,45,192
7,2,83,53,54,180
7,2,107,48,10,206
7,2,107,32,29,160
7,2,107,60,86,160
7,2,83,28,10,165
7,2,107,98,79,199
7,2,107,91,70,228
7,2,107,23,22,221
7,2,107,56,99,175
7,2,83,26,44,151
7,2,83,69,73,178
7,2,83,13,58,184
7,2,83,60,23,161
7,2,83,40,41,196
7,2,83,45,67,149
7,2,83,74,12,159
7,2,83,57,34,132
7,2,83,50,69,152
7,2,83,61,46,169
7,2,83,13,58,233
7,2,107,14,13,157
7,2,107,24,44,150
7,2,107,77,63,154
7,2,107,77,63,164
7,2,107,23,22,173
7,2,83,56,17,162
7,2,107,58,75,164
7,2,107,43,7,173
7,2,83,29,20,175
7,2,83,8,7,165
7,2,83,61,46,183
7,2,107,79,38,226
7,2,107,74,48,191
7,2,83,52,27,177
7,2,107,11,15,163
7,2,107,36,36,182
7,2,83,74,12,184
7,2,107,1,2,176
7,2,107,41,82,203
7,2,83,63,18,193
7,2,107,6,64,165
7,2,83,20,37,174
7,2,83,35,35,181
7,2,83,36,70,160
7,2,83,51,55,206
7,2,107,57,91,178
7,2,83,73,6,169
7,2,107,76,85,164
7,2,83,68,78,163
7,2,107,68,81,170
7,2,83,68,78,175
7,2,107,35,18,206
7,2,107,9,84,199
7,2,83,29,20,180
7,2,107,56,99,151
7,2,83,52,27,161
7,2,107,71,6,171
7,2,107,64,92,238
7,2,107,43,7,159
7,2,83,22,65,174
7,2,107,77,63,127
7,2,83,68,78,150
7,2,83,52,27,135
7,2,83,22,65,235
7,2,83,28,10,160
7,2,83,23,47,176
7,2,83,1,2,133
7,2,107,10,61,144
7,2,107,77,63,135
7,2,83,8,7,207
7,2,107,68,81,180
7,2,83,73,6,169
7,2,107,9,84,181
7,2,107,93,66,159
7,2,83,68,78,177
7,2,107,50,40,202
7,2,83,40,41,150
7,2,107,40,41,173
7,2,83,34,59,220
7,2,83,29,20,194
7,2,83,42,81,181
7,2,83,64,36,201
7,2,83,16,49,232
7,2,107,78,19,186
7,2,107,42,57,211
7,2,83,55,50,190
7,2,107,44,14,201
7,2,83,60,23,206
7,2,83,10,28,227
7,2,83,53,54,186
7,2,107,24,44,215
7,2,107,102,87,316
7,2,107,73,24,176
7,2,107,66,47,189
7,2,107,84,39,173
7,2,107,100,102,134
7,2,83,22,65,159
7,2,107,72,12,152
7,2,107,42,57,230
7,2,107,42,57,208
7,2,107,71,6,180
7,2,107,82,90,187
7,2,83,43,79,163
7,2,107,83,73,215
7,2,107,12,30,254
7,2,83,33,71,224
7,2,107,92,33,187
7,2,107,32,29,220
7,2,83,30,40,220
7,2,83,19,60,307
7,2,107,92,33,438
7,2,107,80,76,211
7,2,107,104,27,242
7,2,83,23,47,256
7,2,107,95,50,261
7,2,83,76,48,250
7,2,83,56,17,221
7,2,83,70,63,194
7,2,83,16,49,197
7,2,83,23,47,187
7,2,83,78,26,182
7,2,107,43,7,213
7,2,107,74,48,185
7,2,83,58,68,205
7,2,107,93,66,308
7,2,83,10,28,222
7,2,107,28,62,162
7,2,83,70,63,143
7,2,107,43,7,187
7,2,83,32,77,182
7,2,83,18,30,164
7,2,107,25,88,192
7,2,83,31,80,162
7,2,107,40,41,174
7,2,83,44,75,121
7,2,107,8,42,131
7,2,83,74,12,176
7,2,107,63,46,160
7,2,107,35,18,177
7,2,83,54,25,139
7,2,83,29,20,137
7,2,107,66,47,179
7,2,83,29,20,183
7,2,107,78,19,179
7,2,83,37,57,174
7,2,107,52,53,153
7,2,83,17,15,166
7,2,83,28,10,233
7,2,107,16,52,200
7,2,83,78,26,224
7,2,83,7,45,182
7,2,107,6,64,166
7,2,107,9,84,179
7,2,83,64,36,171
7,2,107,56,99,166
7,2,83,56,17,218
7,2,107,26,69,173
7,2,107,17,104,177
7,2,107,56,99,165
7,2,83,53,54,152
7,2,83,25,22,170
7,2,83,30,40,183
7,2,83,49,76,201
7,2,83,12,29,198
7,2,83,58,68,218
7,2,107,93,66,189
7,2,83,81,42,161
7,2,83,52,27,218
7,2,83,81,42,185
7,2,83,45,67,169
7,2,83,52,27,187
7,2,107,82,90,182
7,2,83,52,27,179
7,2,83,67,39,236
7,2,83,15,66,194
7,2,107,50,40,205
7,2,83,15,66,175
7,2,83,40,41,177
7,2,107,1,2,181
7,2,107,40,41,195
7,2,83,12,29,206
7,2,107,105,54,181
7,2,83,54,25,164
7,2,83,60,23,164
7,2,107,21,59,173
7,2,107,96,100,147
7,2,83,21,74,173
7,2,83,40,41,193
7,2,83,45,67,154
7,2,83,13,58,325
7,2,107,78,19,336
7,2,83,21,74,313
7,2,83,23,47,338
7,2,83,42,81,201
7,2,107,16,52,264
7,2,107,15,26,332
7,2,83,12,29,325
7,2,83,68,78,309
7,2,83,58,68,226
7,2,83,20,37,278
7,2,107,81,45,334
7,2,83,47,19,321
7,2,83,40,41,354
7,2,107,7,21,307
7,2,83,54,25,312
7,2,107,102,87,316
7,2,83,25,22,239
7,2,83,45,67,293
7,2,107,15,26,214
7,2,107,23,22,208
7,2,107,59,43,188
7,2,107,81,45,198
7,2,107,52,53,188
7,2,107,21,59,217
7,2,107,2,4,243
7,2,107,82,90,277
7,2,107,51,80,224
7,2,83,58,68,320
7,2,107,81,45,396
7,2,107,100,102,219
7,2,107,31,68,283
7,2,83,18,30,283
7,2,107,98,79,239
7,2,107,18,101,325
7,2,83,47,19,184
7,2,83,59,53,251
7,2,83,4,16,193
7,2,107,71,6,210
7,2,83,63,18,203
7,2,107,53,106,234
7,2,107,89,71,223
7,2,83,67,39,200
7,2,107,96,100,206
7,2,107,33,58,192
7,2,107,74,48,201
7,2,83,16,49,202
7,2,107,8,42,205
7,2,107,65,77,222
7,2,83,78,26,231
7,2,83,43,79,185
7,2,83,55,50,261
7,2,83,35,35,216
7,2,107,51,80,193
7,2,107,30,34,172
7,2,107,44,14,389
7,2,107,89,71,187
7,2,107,93,66,177
7,2,83,55,50,180
7,2,83,23,47,161
7,2,83,2,4,158
7,2,83,2,4,166
7,2,107,26,69,179
7,2,107,69,55,185
7,2,83,80,21,211
7,2,107,84,39,268
7,2,107,56,99,375
7,2,83,13,58,249
7,2,83,23,47,326
7,2,83,15,66,313
7,2,83,29,20,244
7,2,83,44,75,200
7,2,107,99,51,221
7,2,83,78,26,807
7,2,83,52,27,230
7,2,83,43,79,164
7,2,107,10,61,202
7,2,83,48,38,283
7,2,83,60,23,210
7,2,83,64,36,184
7,2,107,89,71,200
7,2,83,19,60,201
7,2,107,21,59,229
7,2,83,8,7,218
7,2,83,31,80,206
7,2,83,38,31,200
7,2,83,32,77,195
7,2,83,23,47,206
7,2,107,86,49,145
7,2,83,78,26,154
7,2,107,81,45,169
7,2,83,43,79,181
7,2,83,3,8,198
7,2,107,89,71,187
7,2,107,26,69,289
7,2,107,18,101,181
7,2,83,74,12,183
7,2,83,35,35,184
7,2,107,39,74,194
7,2,107,76,85,178
7,2,107,100,102,179
7,2,83,31,80,151
7,2,107,40,41,162
7,2,83,50,69,140
7,2,83,47,19,141
7,2,107,56,99,286
7,2,83,40,41,199
7,2,107,81,45,192
7,2,83,34,59,160
7,2,107,45,28,139
7,2,107,74,48,146
7,2,83,38,31,164
7,2,83,46,51,157
7,2,83,43,79,182
7,2,83,6,64,176
7,2,83,17,15,187
7,2,83,42,81,131
7,2,107,88,89,166
7,2,83,40,41,169
7,2,83,25,22,185
7,2,83,70,63,176
7,2,83,36,70,200
7,2,83,67,39,167
7,2,83,60,23,194
7,2,107,72,12,156
7,2,107,77,63,267
7,2,83,77,13,200
7,2,107,40,41,159
7,2,107,13,60,305
7,2,83,74,12,194
7,2,107,66,47,181
7,2,107,37,72,204
7,2,107,104,27,193
7,2,107,51,80,176
7,2,107,99,51,174
7,2,107,82,90,136
7,2,83,17,15,205
7,2,83,27,5,198
7,2,107,51,80,231
7,2,83,22,65,206
7,2,107,66,47,315
7,2,83,72,3,330
7,2,83,33,71,240
7,2,83,46,51,208
7,2,107,56,99,189
7,2,107,42,57,196
7,2,107,97,93,200
7,2,107,48,10,207
7,2,83,46,51,195
7,2,83,70,63,197
7,2,83,18,30,631
7,2,107,23,22,178
7,2,107,64,92,166
7,2,107,16,52,304
7,2,83,18,30,213
7,2,83,37,57,160
7,2,107,105,54,156
7,2,107,23,22,179
7,2,83,70,63,219
7,2,107,73,24,170
7,2,107,18,101,176
7,2,83,38,31,210
7,2,83,67,39,196
7,2,83,46,51,172
7,2,107,40,41,176
7,2,83,15,66,178
7,2,107,83,73,201
7,2,83,32,77,161
7,2,83,9,14,226
7,2,107,10,61,196
7,2,107,16,52,195
7,2,107,75,96,219
7,2,83,15,66,251
7,2,83,1,2,321
7,2,107,33,58,187
7,2,83,47,19,183
7,2,83,3,8,200
7,2,107,28,62,206
7,2,83,17,15,199
7,2,107,30,34,203
7,2,83,1,2,166
7,2,83,9,14,189
7,2,83,68,78,206
7,2,107,43,7,245
7,2,107,56,99,180
7,2,83,43,79,203
7,2,83,11,56,187
7,2,107,92,33,194
7,2,107,11,15,190
7,2,83,20,37,218
7,2,83,8,7,236
7,2,107,6,64,194
7,2,107,54,105,134
7,2,107,13,60,182
7,2,83,6,64,162
7,2,107,17,104,345
7,2,83,70,63,325
7,2,107,23,22,203
7,2,83,64,36,208
7,2,83,70,63,154
7,2,107,30,34,212
7,2,107,61,65,216
7,2,107,17,104,188
7,2,83,34,59,208
7,2,83,5,32,148
7,2,107,82,90,213
7,2,83,61,46,208
7,2,83,48,38,221
7,2,83,35,35,233
7,2,83,38,31,212
7,2,107,64,92,215
7,2,107,88,89,223
7,2,83,13,58,387
7,2,107,87,98,216
7,2,83,17,15,255
7,2,107,77,63,216
7,2,107,2,4,355
7,2,83,24,11,220
7,2,107,23,22,305
7,2,107,1,2,213
7,2,107,95,50,357
7,2,83,52,27,217
7,2,83,47,19,242
7,2,107,91,70,217
7,2,107,93,66,257
7,2,83,73,6,222
7,2,83,75,24,240
7,2,107,103,67,221
7,2,83,59,53,204
7,2,83,54,25,194
7,2,83,48,38,168
7,2,83,13,58,258
7,2,83,47,19,198
7,2,107,76,85,216
7,2,83,80,21,243
7,2,83,46,51,165
7,2,107,80,76,195
7,2,107,48,10,196
7,2,107,50,40,194
7,2,107,26,69,194
7,2,107,33,58,178
7,2,83,53,54,138
7,2,107,83,73,175
7,2,83,60,23,170
7,2,83,50,69,162
7,2,83,56,17,168
7,2,107,68,81,146
7,2,83,30,40,164
7,2,83,34,59,182
7,2,107,53,106,158
7,2,83,5,32,121
7,2,83,39,62,166
7,2,83,39,62,159
7,2,107,70,3,167
7,2,83,6,64,237
7,2,107,10,61,203
7,2,83,54,25,199
7,2,107,63,46,189
7,2,107,44,14,161
7,2,83,21,74,186
7,2,107,42,57,183
7,2,107,7,21,146
7,2,107,8,42,178
7,2,83,34,59,169
7,2,107,93,66,195
7,2,107,27,31,170
7,2,107,69,55,204
7,2,107,82,90,223
7,2,83,5,32,157
7,2,107,101,97,287
7,2,83,62,9,233
7,2,107,22,11,287
7,2,107,52,53,233
7,2,107,77,63,314
7,2,107,34,9,329
7,2,83,70,63,212
7,2,107,74,48,182
7,2,83,53,54,195
7,2,83,7,45,228
7,2,83,26,44,245
7,2,107,83,73,221
7,2,107,63,46,211
7,2,107,3,8,225
7,2,107,3,8,203
7,2,83,45,67,218
7,2,83,44,75,226
7,2,83,9,14,222
7,2,83,30,40,218
7,2,83,46,51,504
7,2,83,73,6,221
7,2,107,24,44,210
7,2,107,102,87,211
7,2,107,62,23,255
7,2,107,50,40,189
7,2,83,22,65,217
7,2,107,74,48,201
7,2,83,75,24,208
7,2,83,20,37,205
7,2,107,74,48,198
7,2,107,28,62,227
7,2,107,102,87,227
7,2,107,42,57,210
7,2,83,33,71,270
7,2,107,102,87,234
7,2,83,3,8,324
7,2,107,56,99,363
7,2,107,104,27,233
7,2,83,17,15,198
7,2,107,49,20,291
7,2,83,10,28,303
7,2,107,56,99,293
7,2,83,20,37,300
7,2,107,2,4,337
7,2,107,75,96,219
7,2,83,5,32,206
7,2,83,70,63,238
7,2,107,41,82,210
7,2,83,41,82,251
7,2,107,85,78,194
7,2,83,78,26,286
7,2,107,57,91,302
7,2,83,31,80,197
7,2,83,23,47,212
7,2,107,51,80,831
7,2,83,6,64,259
7,2,83,79,52,219
7,2,83,40,41,206
7,2,83,1,2,195
7,2,107,58,75,193
7,2,83,57,34,214
7,2,107,81,45,209
7,2,83,40,41,214
7,2,107,22,11,192
7,2,107,81,45,288
7,2,83,67,39,200
7,2,107,58,75,186
7,2,83,72,3,213
7,2,107,54,105,424
7,2,83,40,41,221
7,2,107,5,32,165
7,2,83,50,69,207
7,2,83,31,80,205
7,2,83,59,53,204
7,2,83,11,56,288
7,2,107,33,58,202
7,2,83,55,50,190
7,2,107,13,60,290
7,2,83,44,75,220
7,2,107,22,11,449
7,2,107,53,106,243
7,2,83,66,61,242
7,2,83,4,16,191
7,2,83,45,67,211
7,2,107,90,35,255
7,2,83,81,42,222
7,2,83,81,42,240
7,2,83,67,39,242
7,2,83,52,27,214
7,2,83,39,62,231
7,2,107,34,9,206
7,2,83,68,78,210
7,2,107,97,93,209
7,2,107,58,75,185
7,2,83,68,78,196
7,2,107,41,82,194
8,5,167,97,41,183
8,2,179,10,129,162
8,2,179,123,33,195
8,2,227,50,48,150
8,2,179,138,5,205
8,5,167,165,67,223
8,2,227,208,155,227
8,2,227,1,2,183
8,2,227,185,162,182
8,5,167,111,156,232
8,2,227,65,208,455
8,5,167,12,152,224
8,2,227,137,127,211
8,2,179,109,6,288
8,5,167,70,49,223
8,5,167,96,75,204
8,2,179,111,24,190
8,5,167,112,112,256
8,2,227,124,222,290
8,2,227,81,138,192
8,5,167,78,87,224
8,2,179,59,71,194
8,5,167,28,11,197
8,5,167,151,145,200
8,2,179,173,28,194
8,2,227,141,216,192
8,2,227,2,4,132
8,2,227,175,201,166
8,2,179,111,24,167
8,2,179,59,71,213
8,5,167,26,114,259
8,2,179,120,116,208
8,2,179,96,51,195
8,5,167,80,4,216
8,5,167,14,126,197
8,2,179,15,11,194
8,2,179,115,26,257
8,5,167,55,91,236
8,2,227,122,169,200
8,2,179,92,171,219
8,5,167,5,119,329
8,2,179,69,30,198
8,2,227,94,36,198
8,2,227,135,202,188
8,2,179,79,111,695
8,2,227,121,198,191
8,2,179,164,49,191
8,5,167,4,124,208
8,2,227,198,62,206
8,2,227,115,223,183
8,5,167,46,21,168
8,2,227,20,63,173
8,2,227,68,75,205
8,5,167,74,64,213
8,2,227,128,147,230
8,5,167,114,128,201
8,5,167,144,130,158
8,2,227,2,4,185
8,2,227,113,226,151
8,5,167,154,89,165
8,2,179,44,39,209
8,5,167,27,69,202
8,2,179,19,176,207
8,2,179,48,87,187
8,2,227,77,37,185
8,2,227,27,119,221
8,5,167,68,22,182
8,2,179,167,34,201
8,2,227,21,126,173
8,5,167,73,113,231
8,2,179,159,119,198
8,2,179,22,155,218
8,5,167,130,62,222
8,2,179,132,70,210
8,2,227,5,32,334
8,5,167,74,64,231
8,2,179,161,118,236
8,5,167,62,18,240
8,2,227,185,162,232
8,5,167,79,101,224
8,2,227,200,21,193
8,2,227,222,71,261
8,2,227,176,175,239
8,2,227,26,173,228
8,2,179,53,99,191
8,5,167,153,118,210
8,5,167,143,26,194
8,5,167,127,86,212
8,5,167,13,92,207
8,5,167,1,5,220
8,5,167,165,67,214
8,5,167,18,93,203
8,5,167,99,23,161
8,2,227,85,165,225
8,2,179,56,76,249
8,5,167,1,5,216
8,2,227,209,83,191
8,2,179,123,33,166
8,2,179,73,122,197
8,2,227,138,27,236
8,5,167,44,81,226
8,2,179,59,71,259
8,5,167,37,159,200
8,2,179,134,101,221
8,5,167,37,159,228
8,2,179,12,158,210
8,2,179,173,28,187
8,2,227,149,135,189
8,2,179,39,18,292
8,2,179,101,21,209
8,2,227,19,145,222
8,2,179,96,51,187
8,5,167,26,114,202
8,5,167,40,2,200
8,2,227,96,144,297
8,2,227,159,224,219
8,2,227,3,8,184
8,2,179,174,56,186
8,5,167,11,164,168
8,5,167,72,56,183
8,2,179,83,165,211
8,2,179,120,116,225
8,2,179,127,170,211
8,2,227,34,23,185
8,2,227,55,174,199
8,5,167,25,123,336
8,2,227,121,198,296
8,5,167,30,108,286
8,5,167,38,127,247
8,5,167,4,124,173
8,2,179,163,114,200
8,2,227,13,20,318
8,2,227,109,156,225
8,2,179,145,103,206
8,5,167,9,60,172
8,5,167,47,105,242
8,5,167,102,36,231
8,2,227,47,6,213
8,2,227,12,10,174
8,2,179,110,12,146
8,5,167,87,43,190
8,5,167,8,12,207
8,5,167,124,157,216
8,2,179,56,76,311
8,5,167,54,85,201
8,2,179,87,134,319
8,5,167,126,84,223
8,2,227,98,122,234
8,5,167,111,156,292
8,2,227,222,71,222
8,2,227,175,201,224
8,5,167,94,3,240
8,5,167,147,51,206
8,2,227,154,7,212
8,5,167,64,116,607
8,2,179,89,178,194
8,2,179,12,158,223
8,5,167,129,146,248
8,2,179,89,178,198
8,2,227,120,99,196
8,2,227,157,56,219
8,2,179,116,52,192
8,2,179,22,155,224
8,2,227,125,217,194
8,2,227,66,189,170
8,2,179,37,94,205
8,5,167,35,160,187
8,5,167,91,155,223
8,5,167,33,140,245
8,2,179,12,158,217
8,2,179,126,85,193
8,5,167,122,33,200
8,5,167,128,96,180
8,2,179,70,60,306
8,5,167,154,89,209
8,2,227,15,80,203
8,2,179,133,140,192
8,2,179,86,67,166
8,2,179,46,156,180
8,2,179,73,122,199
8,2,179,98,25,156
8,2,179,45,78,195
8,2,179,18,88,191
8,5,167,24,58,150
8,5,167,75,153,163
8,2,179,127,170,170
8,2,179,6,64,153
8,5,167,2,25,127
8,2,179,83,165,156
8,2,227,132,82,159
8,2,227,123,111,148
8,2,227,163,179,209
8,5,167,101,74,202
8,2,227,51,96,178
8,5,167,68,22,172
8,2,227,225,114,194
8,2,179,47,133,223
8,5,167,47,105,180
8,5,167,107,109,190
8,5,167,103,13,194
8,2,179,52,139,242
8,5,167,74,64,212
8,2,179,53,99,205
8,5,167,142,72,203
8,5,167,100,115,184
8,5,167,69,110,196
8,2,179,13,137,234
8,2,227,73,130,241
8,5,167,25,123,187
8,2,227,136,177,212
8,5,167,155,111,227
8,2,227,85,165,231
8,2,179,81,86,202
8,2,227,108,78,214
8,5,167,78,87,203
8,2,179,36,47,212
8,5,167,99,23,201
8,2,179,119,58,207
8,2,227,75,66,209
8,5,167,139,46,246
8,5,167,140,63,206
8,2,227,45,115,207
8,2,179,123,33,393
8,2,227,156,28,194
8,2,179,15,11,182
8,2,227,180,76,220
8,5,167,50,99,205
8,2,227,99,17,209
8,5,167,113,59,206
8,2,227,70,73,199
8,2,227,26,173,241
8,2,179,56,76,210
8,5,167,28,11,225
8,5,167,90,31,203
8,5,167,85,142,211
8,2,179,135,23,210
8,2,179,2,4,198
8,5,167,154,89,201
8,5,167,144,130,222
8,2,179,70,60,218
8,2,227,197,31,252
8,2,179,8,77,220
8,5,167,2,25,242
8,5,167,10,133,218
8,2,227,194,89,223
8,2,227,185,162,208
8,2,179,40,36,207
8,5,167,123,165,208
8,2,179,25,166,231
8,2,227,61,13,202
8,2,179,33,73,225
8,2,179,24,83,214
8,5,167,24,58,209
8,2,179,141,40,222
8,5,167,67,138,845
8,2,227,9,58,222
8,5,167,48,24,233
8,5,167,35,160,239
8,5,167,29,55,229
8,2,227,191,153,228
8,2,227,30,44,242
8,2,179,162,57,245
8,2,179,95,115,299
8,5,167,154,89,215
8,5,167,150,29,436
8,5,167,99,23,236
8,2,227,2,4,204
8,2,227,39,55,251
8,2,227,189,95,239
8,2,227,206,209,271
8,2,179,78,145,228
8,5,167,73,113,214
8,5,167,136,150,265
8,2,227,117,211,192
8,5,167,53,17,178
8,2,227,86,103,174
8,2,227,108,78,152
8,2,179,131,35,205
8,2,179,85,123,209
8,2,227,10,116,207
8,2,227,137,127,296
8,5,167,83,166,157
8,5,167,152,57,183
8,2,179,132,70,249
8,2,179,158,149,218
8,2,179,54,19,198
8,2,179,10,129,181
8,2,179,119,58,157
8,2,179,30,121,197
8,2,179,8,77,216
8,2,227,222,71,281
8,5,167,54,85,197
8,2,227,173,107,201
8,5,167,67,138,210
8,2,227,91,118,157
8,2,179,52,139,246
8,2,227,147,204,194
8,2,179,103,84,184
8,2,227,8,29,183
8,2,179,96,51,164
8,2,227,114,225,241
8,2,227,61,13,213
8,2,227,138,27,214
8,5,167,58,19,220
8,2,227,177,123,192
8,2,179,130,107,185
8,2,179,8,77,173
8,2,227,106,133,202
8,2,227,133,164,206
8,2,179,86,67,178
8,2,179,143,160,164
8,2,227,31,88,194
8,2,179,73,122,200
8,5,167,15,129,214
8,2,227,202,84,206
8,5,167,57,104,164
8,2,227,171,197,205
8,2,227,167,140,170
8,2,179,37,94,244
8,2,227,154,7,217
8,5,167,113,59,217
8,5,167,14,126,163
8,5,167,37,159,187
8,2,179,66,138,195
8,2,179,154,110,264
8,5,167,6,94,183
8,2,227,101,68,201
8,2,227,108,78,177
8,2,179,44,39,196
8,2,227,217,137,176
8,2,227,116,219,168
8,2,227,141,216,176
8,2,179,87,134,173
8,2,227,109,156,158
8,2,179,20,173,202
8,2,179,153,55,185
8,5,167,132,47,195
8,2,179,127,170,219
8,2,227,206,209,178
8,2,227,58,30,251
8,2,227,43,199,184
8,2,179,156,82,176
8,2,179,43,109,181
8,2,179,166,17,176
8,2,179,26,153,175
8,2,227,147,204,193
8,5,167,87,43,137
8,2,179,100,100,185
8,2,179,30,121,198
8,2,227,203,168,161
8,5,167,32,28,169
8,2,227,204,109,202
8,2,179,111,24,182
8,2,179,83,165,177
8,2,227,79,148,169
8,2,179,23,131,155
8,2,179,21,167,140
8,2,227,152,172,184
8,2,179,145,103,182
8,2,179,3,8,181
8,2,227,221,149,154
8,5,167,113,59,162
8,2,227,85,165,137
8,2,179,161,118,150
8,2,227,163,179,152
8,5,167,108,44,154
8,2,227,10,116,132
8,2,227,106,133,153
8,2,227,206,209,156
8,2,227,50,48,135
8,2,227,15,80,159
8,5,167,142,72,171
8,2,227,195,178,161
8,2,179,173,28,161
8,5,167,127,86,148
8,2,179,129,143,128
8,5,167,14,126,178
8,2,227,102,136,185
8,5,167,133,68,146
8,5,167,48,24,177
8,5,167,157,103,154
8,5,167,135,30,199
8,2,179,117,104,254
8,2,227,9,58,216
8,5,167,33,140,200
8,2,179,15,11,210
8,2,179,20,173,188
8,2,227,219,94,201
8,5,167,111,156,186
8,2,179,36,47,188
8,5,167,137,82,221
8,5,167,64,116,172
8,2,179,135,23,169
8,2,179,36,47,156
8,2,179,67,97,187
8,2,179,138,5,224
8,5,167,140,63,201
8,2,179,21,167,204
8,2,179,65,69,190
8,2,227,206,209,334
8,5,167,51,161,348
8,5,167,19,131,212
8,5,167,34,32,196
8,5,167,136,150,231
8,2,227,19,145,247
8,2,227,218,47,315
8,2,227,111,170,478
8,2,227,165,35,314
8,5,167,22,9,327
8,2,179,92,171,334
8,5,167,73,113,216
8,2,179,171,7,286
8,2,227,120,99,212
8,2,227,222,71,209
8,2,179,127,170,207
8,5,167,66,61,211
8,2,179,63,62,203
8,2,227,91,118,205
8,5,167,40,2,209
8,5,167,108,44,267
8,2,179,46,156,205
8,2,227,102,136,233
8,2,227,210,166,475
8,2,227,54,87,224
8,2,227,133,164,374
8,5,167,14,126,236
8,2,179,142,80,239
8,2,227,109,156,697
8,5,167,67,138,270
8,2,227,112,113,221
8,2,179,51,159,251
8,2,179,40,36,207
8,5,167,13,92,278
8,2,179,55,38,198
8,5,167,38,127,161
8,5,167,65,79,253
8,2,179,62,31,194
8,5,167,52,137,168
8,2,227,122,169,191
8,2,179,93,163,133
8,2,227,128,147,204
8,2,227,117,211,269
8,2,227,207,191,267
8,2,179,90,177,216
8,2,179,97,102,170
8,2,227,51,96,209
8,5,167,102,36,209
8,2,179,98,25,206
8,5,167,21,102,169
8,2,179,9,154,154
8,2,227,82,49,155
8,5,167,88,48,190
8,2,179,176,45,195
8,2,179,67,97,586
8,2,227,141,216,244
8,2,179,97,102,174
8,5,167,79,101,198
8,2,179,48,87,204
8,2,179,45,78,208
8,2,179,87,134,181
8,2,179,109,6,201
8,2,179,19,176,212
8,5,167,123,165,244
8,2,179,77,162,175
8,2,179,76,81,204
8,5,167,17,52,205
8,2,179,107,91,226
8,2,179,20,173,205
8,2,179,88,89,207
8,2,179,49,174,203
8,5,167,110,98,197
8,5,167,47,105,193
8,5,167,78,87,208
8,2,179,42,144,190
8,2,227,221,149,164
8,2,179,69,30,173
8,2,227,58,30,195
8,2,227,77,37,164
8,2,227,109,156,212
8,2,179,121,53,211
8,5,167,164,147,164
8,2,179,118,29,180
8,2,227,191,153,228
8,2,179,169,136,235
8,5,167,20,154,198
8,5,167,138,76,204
8,2,227,77,37,200
8,5,167,108,44,183
8,2,179,55,38,198
8,2,179,34,146,159
8,2,227,198,62,171
8,5,167,57,104,197
8,2,179,52,139,187
8,2,227,2,4,173
8,2,179,141,40,178
8,2,227,35,46,199
8,5,167,164,147,927
8,2,179,153,55,307
8,5,167,110,98,286
8,2,179,64,124,205
8,2,179,81,86,207
8,5,167,67,138,230
8,5,167,103,13,209
8,5,167,113,59,201
8,2,179,32,126,208
8,5,167,43,83,211
8,2,179,143,160,210
8,2,227,180,76,225
8,2,179,137,92,211
8,2,179,104,168,201
8,5,167,128,96,222
8,2,227,144,139,235
8,5,167,16,144,208
8,2,179,49,174,213
8,5,167,148,88,213
8,2,179,23,131,243
8,2,179,141,40,205
8,2,179,133,140,225
8,5,167,100,115,217
8,2,179,111,24,199
8,5,167,1,5,190
8,5,167,162,66,217
8,5,167,31,39,220
8,5,167,83,166,202
8,2,179,144,141,764
8,2,227,131,41,429
8,2,227,209,83,213
8,2,179,166,17,341
8,5,167,6,94,224
8,5,167,120,8,349
8,2,227,41,220,353
8,2,179,139,10,291
8,5,167,95,15,279
8,5,167,47,105,222
8,2,179,20,173,221
8,2,179,174,56,308
8,2,227,47,6,236
8,2,179,69,30,221
8,2,179,12,158,178
8,2,179,156,82,328
8,2,227,94,36,252
8,2,227,123,111,197
8,5,167,118,7,200
8,2,227,112,113,202
8,2,227,87,206,203
8,2,227,55,174,218
8,2,179,72,61,196
8,2,179,154,110,198
8,2,179,14,95,203
8,2,179,69,30,186
8,5,167,104,65,162
8,2,179,48,87,299
8,5,167,93,34,205
8,2,227,195,178,148
8,5,167,65,79,191
8,2,179,23,131,164
8,5,167,64,116,188
8,2,179,44,39,204
8,2,227,23,50,195
8,2,227,57,15,214
8,2,179,111,24,174
8,2,179,95,115,157
8,5,167,19,131,196
8,2,227,199,124,216
8,2,179,94,147,190
8,2,227,208,155,202
8,2,227,155,14,753
8,5,167,112,112,186
8,2,179,80,43,167
8,2,227,54,87,213
8,2,227,191,153,187
8,2,179,124,66,166
8,5,167,24,58,170
8,2,179,18,88,162
8,2,227,168,53,166
8,2,227,190,190,222
8,2,227,47,6,241
8,5,167,98,38,222
8,2,227,136,177,180
8,5,167,22,9,227
8,2,179,72,61,218
8,2,227,181,152,238
8,2,179,169,136,177
8,2,179,30,121,192
8,2,179,69,30,220
8,2,227,136,177,188
8,5,167,67,138,235
8,2,227,48,12,171
8,2,227,204,109,166
8,2,179,95,115,176
8,2,179,9,154,157
8,5,167,19,131,220
8,2,179,97,102,260
8,2,179,20,173,351
8,5,167,11,164,222
8,2,227,168,53,166
8,2,227,7,128,216
8,5,167,149,106,212
8,2,227,41,220,242
8,5,167,10,133,200
8,2,227,19,145,192
8,5,167,107,109,234
8,2,179,163,114,223
8,5,167,149,106,245
8,2,227,116,219,203
8,2,179,115,26,183
8,2,179,52,139,193
8,5,167,61,37,216
8,5,167,62,18,220
8,2,179,107,91,226
8,2,179,170,93,243
8,2,227,95,72,218
8,2,179,27,127,247
8,5,167,46,21,222
8,2,227,165,35,236
8,5,167,139,46,230
8,5,167,84,162,160
8,5,167,69,110,202
8,2,227,44,171,186
8,2,227,80,69,325
8,2,179,146,27,226
8,2,179,116,52,208
8,2,227,203,168,238
8,5,167,32,28,159
8,2,227,46,3,216
8,5,167,55,91,177
8,2,227,198,62,217
8,5,167,145,149,201
8,5,167,62,18,172
8,2,227,5,32,176
8,2,179,158,149,188
8,5,167,115,139,198
8,2,227,146,102,230
8,2,179,144,141,205
8,2,227,89,143,200
8,5,167,158,14,176
8,2,227,74,33,329
8,5,167,40,2,190
8,2,227,118,195,161
8,5,167,95,15,161
8,2,227,217,137,161
8,2,179,4,16,154
8,2,179,66,138,186
8,2,227,180,76,173
8,2,179,60,142,208
8,2,227,63,52,266
8,5,167,152,57,205
8,2,179,152,117,187
8,2,227,20,63,172
8,5,167,55,91,164
8,2,179,18,88,152
8,2,227,135,202,154
8,2,179,75,130,133
8,2,227,69,150,168
8,2,227,25,200,210
8,2,227,82,49,223
8,5,167,147,51,189
8,2,227,6,64,172
8,5,167,123,165,221
8,2,227,36,92,197
8,2,227,88,185,207
8,2,227,219,94,221
8,2,227,95,72,214
8,2,179,110,12,220
8,2,179,24,83,193
8,2,179,125,132,244
8,2,179,158,149,214
8,5,167,137,82,304
8,2,227,175,201,219
8,2,227,115,223,193
8,5,167,135,30,181
8,2,227,118,195,212
8,2,227,208,155,233
8,2,227,156,28,260
8,2,227,1,2,193
8,2,227,207,191,212
8,2,179,162,57,237
8,5,167,10,133,217
8,5,167,141,148,210
8,5,167,142,72,361
8,2,179,121,53,256
8,2,179,33,73,247
8,2,179,64,124,230
8,2,179,175,112,222
8,2,179,77,162,380
8,2,179,60,142,286
8,2,179,104,168,210
8,5,167,54,85,279
8,2,179,49,174,285
8,2,179,163,114,256
8,2,179,24,83,218
8,2,179,104,168,253
8,2,179,10,129,216
8,2,227,12,10,249
8,2,179,106,135,241
8,5,167,110,98,190
8,5,167,135,30,208
8,2,227,100,34,186
8,5,167,82,100,285
8,5,167,30,108,224
8,2,227,59,60,228
8,2,227,217,137,200
8,2,179,103,84,206
8,5,167,42,50,211
8,5,167,11,164,214
8,5,167,62,18,232
8,2,179,101,21,193
8,2,179,32,126,193
8,2,227,39,55,206
8,2,227,224,57,181
8,2,227,185,162,247
8,2,227,218,47,222
8,2,179,164,49,252
8,5,167,18,93,194
8,2,227,133,164,184
8,5,167,157,103,244
8,2,179,134,101,330
8,2,227,8,29,212
8,2,179,2,4,221
8,2,179,14,95,253
8,2,179,10,129,263
8,5,167,34,32,237
8,2,179,34,146,190
8,2,227,57,15,231
8,2,227,195,178,190
8,2,227,171,197,503
8,2,179,173,28,224
8,2,227,202,84,199
8,2,179,108,3,188
8,5,167,25,123,166
8,2,227,42,213,215
8,5,167,140,63,219
8,2,179,49,174,263
8,2,179,124,66,206
8,2,179,67,97,220
8,2,179,20,173,397
8,2,179,60,142,221
8,5,167,20,154,201
8,2,179,26,153,190
8,2,179,140,20,159
8,2,179,8,77,220
8,5,167,163,163,242
8,5,167,57,104,204
8,2,179,89,178,199
8,2,179,18,88,247
8,2,227,94,36,226
8,5,167,89,73,177
8,2,179,150,74,205
8,2,227,184,81,655
8,2,227,124,222,206
8,5,167,54,85,196
8,2,179,88,89,327
8,5,167,137,82,213
8,5,167,74,64,207
8,2,227,133,164,183
8,2,227,94,36,228
8,2,179,125,132,211
8,2,179,50,169,180
8,2,179,85,123,209
8,5,167,105,158,245
8,5,167,77,151,237
8,2,227,211,105,200
8,2,227,9,58,153
8,2,227,186,97,173
8,5,167,134,6,154
8,2,179,7,128,209
8,2,227,178,19,250
8,5,167,29,55,170
8,5,167,100,115,186
8,2,179,7,128,137
8,5,167,107,109,179
8,2,227,103,45,209
8,2,179,140,20,195
8,2,179,97,102,184
8,2,227,17,93,192
8,2,227,113,226,129
8,2,227,100,34,182
8,2,227,132,82,221
8,2,179,142,80,210
8,2,179,82,172,187
8,2,179,165,98,200
8,2,179,96,51,162
8,2,227,38,141,314
8,2,179,10,129,209
8,5,167,140,63,163
8,2,179,149,37,190
8,2,179,107,91,154
8,2,179,61,105,172
8,2,227,150,43,211
8,5,167,142,72,209
8,2,227,87,206,194
8,5,167,90,31,194
8,2,227,2,4,169
8,2,179,126,85,504
8,5,167,95,15,305
8,2,179,73,122,257
8,5,167,101,74,199
8,2,227,3,8,306
8,5,167,39,134,748
8,2,227,67,151,213
8,2,179,166,17,205
8,5,167,97,41,227
8,2,179,93,163,318
8,5,167,78,87,218
8,5,167,153,118,225
8,2,179,127,170,226
8,5,167,135,30,231
8,2,227,95,72,240
8,2,179,153,55,355
8,5,167,68,22,224
8,5,167,27,69,212
8,5,167,97,41,206
8,2,227,7,128,245
8,2,227,120,99,208
8,2,179,51,159,209
8,2,227,215,91,209
8,5,167,109,53,366
8,5,167,74,64,217
8,5,167,43,83,333
8,2,227,146,102,404
8,2,179,109,6,359
8,5,167,84,162,216
8,5,167,94,3,228
8,5,167,138,76,208
8,2,179,123,33,326
8,2,227,104,90,229
8,2,227,156,28,217
8,5,167,2,25,187
8,5,167,146,77,277
8,2,179,86,67,197
8,5,167,106,122,199
8,5,167,116,27,224
8,5,167,150,29,274
8,5,167,145,149,224
8,2,179,3,8,284
8,2,227,77,37,449
8,2,179,91,175,208
8,2,227,197,31,184
8,2,179,143,160,203
8,2,179,146,27,359
8,2,227,142,205,261
8,5,167,59,95,214
8,2,227,160,221,250
8,2,227,138,27,465
8,5,167,38,127,220
8,2,227,30,44,292
8,5,167,126,84,219
8,2,179,168,68,233
8,2,179,50,169,199
8,2,227,125,217,213
8,2,227,199,124,210
8,5,167,46,21,257
8,2,227,221,149,221
8,2,179,117,104,182
8,2,227,56,121,274
8,2,227,114,225,191
8,2,227,180,76,330
8,5,167,49,120,338
8,5,167,146,77,476
8,2,179,102,42,261
8,5,167,47,105,214
8,5,167,72,56,600
8,5,167,107,109,217
8,5,167,165,67,231
8,2,179,163,114,356
8,2,227,38,141,232
8,2,179,34,146,225
8,2,179,122,106,225
8,5,167,32,28,205
8,2,179,21,167,203
8,2,227,175,201,202
8,2,179,107,91,214
8,2,227,15,80,168
8,5,167,112,112,179
8,5,167,120,8,257
8,2,179,99,50,267
8,2,227,39,55,204
8,2,179,16,22,166
8,2,227,221,149,173
8,5,167,4,124,149
8,2,179,17,44,327
8,2,179,160,59,207
8,2,179,15,11,181
8,2,179,15,11,191
8,5,167,67,138,189
8,5,167,33,140,417
8,2,179,147,54,194
8,2,227,93,18,214
8,5,167,60,141,179
8,5,167,130,62,201
8,2,179,71,120,219
8,5,167,55,91,212
8,5,167,2,25,176
8,5,167,114,128,177
8,5,167,40,2,205
8,2,179,106,135,223
8,5,167,159,70,217
8,2,179,33,73,190
8,2,179,119,58,204
8,2,179,166,17,222
8,5,167,52,137,185
8,2,179,57,152,295
8,2,179,93,163,192
8,2,179,34,146,216
8,2,179,92,171,146
8,5,167,7,136,162
8,5,167,27,69,180
8,5,167,141,148,222
8,5,167,69,110,207
8,2,227,114,225,189
8,2,179,162,57,191
8,5,167,133,68,177
8,2,179,37,94,218
8,5,167,153,118,206
8,2,227,173,107,174
8,2,227,33,125,195
8,5,167,35,160,220
8,2,179,39,18,206
8,2,227,201,42,180
8,2,227,223,142,162
8,5,167,150,29,164
8,5,167,95,15,146
8,2,179,110,12,476
8,2,179,147,54,216
8,5,167,28,11,195
8,2,179,119,58,172
8,2,227,134,101,236
8,2,179,153,55,186
8,2,227,117,211,453
8,2,179,18,88,209
8,5,167,11,164,164
8,2,179,176,45,149
8,2,179,156,82,146
8,2,179,157,164,731
8,2,227,159,224,246
8,2,179,150,74,159
8,2,227,212,210,142
8,2,179,73,122,175
8,2,179,149,37,170
8,2,179,62,31,212
8,2,227,208,155,211
8,2,227,116,219,189
8,2,179,37,94,204
8,2,179,51,159,268
8,5,167,59,95,193
8,2,179,171,7,163
8,2,179,137,92,225
8,2,179,20,173,187
8,2,227,15,80,159
8,5,167,121,40,204
8,2,227,32,176,229
8,5,167,163,163,323
8,2,227,12,10,365
8,2,179,50,169,296
8,2,179,104,168,212
8,2,227,211,105,213
8,5,167,156,54,243
8,2,227,81,138,283
8,5,167,123,165,225
8,2,227,222,71,194
8,2,179,141,40,225
8,5,167,4,124,203
8,5,167,41,10,203
8,5,167,89,73,157
8,2,227,107,39,184
8,2,179,88,89,207
8,2,179,173,28,201
8,2,179,60,142,190
8,2,179,22,155,188
8,2,179,43,109,190
8,5,167,141,148,193
8,2,227,37,184,202
8,5,167,4,124,148
8,2,227,13,20,205
8,5,167,89,73,174
8,2,179,76,81,185
8,5,167,49,120,208
8,5,167,39,134,195
8,2,179,66,138,215
8,2,179,150,74,211
8,5,167,142,72,174
8,5,167,158,14,184
8,2,179,145,103,197
8,5,167,25,123,203
8,2,227,216,182,205
8,5,167,124,157,204
8,5,167,85,142,177
8,2,179,32,126,189
8,2,179,10,129,294
8,5,167,155,111,259
8,5,167,17,52,194
8,2,179,21,167,199
8,2,227,45,115,175
8,5,167,80,4,225
8,2,227,149,135,213
8,2,179,132,70,198
8,5,167,53,17,185
8,5,167,111,156,177
8,5,167,46,21,208
8,5,167,131,143,188
9,13,479,450,421,168
9,2,347,312,222,185
9,5,383,273,244,165
9,2,467,246,214,202
9,7,359,219,117,181
9,5,503,336,401,194
9,2,347,78,33,196
9,5,263,44,95,144
9,2,347,64,167,211
9,13,479,414,9,247
9,5,263,116,179,224
9,5,263,69,182,207
9,7,359,30,20,185
9,5,383,140,227,240
9,13,479,50,163,229
9,5,383,185,329,198
9,13,479,263,261,191
9,7,359,145,263,187
9,5,503,52,189,155
9,5,503,113,311,184
9,5,263,155,215,228
9,2,467,48,173,220
9,2,467,92,382,197
9,5,263,235,161,199
9,7,359,217,61,171
9,5,503,202,2,185
9,13,479,28,256,159
9,5,383,268,4,209
9,5,383,130,19,193
9,13,479,335,408,194
9,7,359,145,263,165
9,5,503,316,92,174
9,2,347,148,152,176
9,2,467,186,413,200
9,7,359,279,130,181
9,7,359,119,35,164
9,5,383,264,38,168
9,5,263,47,40,179
9,13,479,21,415,179
9,5,263,91,118,162
9,7,359,42,11,160
9,5,263,138,249,135
9,5,263,132,258,136
9,5,383,161,271,207
9,5,383,170,67,169
9,5,503,399,315,178
9,5,383,120,172,203
9,2,467,326,170,184
9,5,263,101,45,171
9,2,347,296,202,177
9,5,263,105,247,166
9,7,359,102,92,162
9,2,467,64,369,184
9,2,347,216,154,186
9,7,359,2,49,129
9,13,479,25,439,169
9,5,503,130,416,149
9,5,503,356,463,173
9,5,503,235,41,177
9,5,503,227,222,149
9,2,467,292,149,156
9,5,503,148,188,158
9,5,263,69,182,142
9,5,263,167,55,179
9,5,263,103,73,248
9,2,347,193,58,221
9,5,263,60,253,324
9,5,503,454,493,342
9,2,467,358,434,330
9,7,359,45,183,226
9,2,347,76,95,258
9,5,503,492,197,355
9,5,263,75,194,317
9,5,503,51,239,236
9,2,347,336,102,341
9,5,503,379,426,262
9,7,359,332,138,351
9,2,467,92,382,413
9,5,263,157,115,295
9,5,263,121,237,285
9,5,263,164,32,393
9,13,479,343,339,256
9,5,263,226,153,227
9,5,503,267,319,290
9,2,347,205,220,486
9,5,503,238,95,345
9,5,503,96,166,241
9,5,263,216,33,201
9,5,503,39,153,221
9,5,263,197,28,267
9,5,503,435,124,239
9,13,479,146,77,218
9,5,383,266,184,180
9,7,359,47,351,198
9,5,503,14,450,228
9,2,467,418,27,254
9,7,359,50,128,371
9,13,479,321,265,327
9,5,503,487,298,335
9,7,359,161,26,406
9,13,479,62,211,222
9,7,359,313,308,281
9,5,503,241,306,315
9,2,347,329,299,355
9,5,503,78,271,237
9,5,503,432,170,225
9,5,263,149,58,394
9,13,479,271,319,249
9,5,383,33,155,232
9,7,359,344,40,235
9,5,263,70,121,220
9,2,467,60,169,389
9,5,263,28,18,346
9,2,467,34,208,236
9,13,479,271,319,279
9,2,467,78,381,393
9,5,503,77,356,251
9,2,467,401,274,217
9,2,467,109,99,348
9,2,467,241,211,280
9,2,467,378,291,220
9,5,263,218,36,226
9,2,467,214,58,381
9,7,359,83,325,223
9,2,467,148,7,217
9,2,347,138,236,219
9,5,503,182,156,232
9,5,383,265,190,200
9,5,503,270,138,234
9,7,359,160,55,397
9,5,263,249,259,238
9,2,467,465,234,252
9,13,479,122,442,311
9,2,347,310,229,398
9,5,503,83,326,280
9,5,263,206,69,225
9,5,503,277,451,236
9,5,503,430,208,226
9,2,347,169,65,448
9,2,467,419,54,298
9,13,479,120,150,235
9,5,263,79,7,215
9,7,359,188,147,190
9,5,503,263,485,274
9,13,479,45,418,229
9,13,479,136,366,225
9,7,359,312,44,169
9,13,479,324,220,163
9,7,359,261,210,197
9,2,347,114,85,242
9,5,263,4,99,205
9,5,263,48,200,204
9,5,503,470,172,200
9,2,467,246,214,195
9,5,383,332,14,323
9,5,263,11,71,345
9,7,359,227,56,219
9,13,479,149,82,221
9,7,359,215,265,187
9,5,383,246,23,226
9,7,359,323,65,500
9,5,263,150,27,239
9,7,359,306,17,265
9,2,467,9,45,243
9,13,479,401,157,317
9,5,503,225,29,245
9,2,467,23,354,202
9,5,503,156,3,214
9,7,359,64,75,514
9,2,467,204,395,231
9,2,467,37,263,223
9,5,503,332,329,331
9,5,503,35,261,293
9,5,503,382,435,222
9,2,347,293,112,248
9,7,359,5,293,269
9,7,359,63,62,246
9,2,347,233,98,202
9,7,359,111,118,215
9,5,503,417,360,246
9,2,467,305,337,240
9,7,359,176,202,246
9,2,347,344,87,161
9,2,467,307,414,184
9,5,503,441,447,246
9,7,359,132,45,263
9,5,263,111,113,204
9,5,503,69,345,176
9,5,263,128,162,222
9,13,479,14,16,223
9,5,263,211,228,200
9,5,383,341,231,219
9,2,467,343,269,181
9,13,479,194,267,246
9,5,503,348,176,225
9,13,479,69,114,206
9,5,263,250,243,192
9,13,479,68,193,167
9,2,467,197,87,279
9,5,263,121,237,228
9,5,383,314,331,194
9,13,479,339,255,209
9,13,479,71,106,235
9,7,359,260,30,231
9,13,479,367,136,214
9,2,467,344,71,244
9,5,383,308,256,190
9,5,263,166,11,179
9,2,347,343,217,250
9,7,359,319,227,778
9,5,263,184,151,215
9,5,503,52,189,225
9,2,467,189,35,299
9,5,503,38,433,256
9,2,347,111,54,225
9,5,383,311,211,871
9,5,503,37,489,217
9,5,263,185,229,420
9,2,347,1,2,214
9,13,479,242,198,195
9,2,467,187,359,240
9,2,347,290,14,230
9,7,359,73,104,240
9,2,467,243,377,213
9,2,467,162,273,252
9,13,479,345,290,175
9,5,383,21,40,312
9,5,503,86,7,227
9,13,479,198,107,221
9,2,467,327,340,203
9,2,347,268,326,210
9,7,359,168,281,313
9,2,347,9,165,221
9,5,503,97,327,225
9,5,383,336,324,225
9,7,359,341,177,220
9,7,359,63,62,227
9,5,503,52,189,264
9,7,359,150,233,227
9,2,467,446,438,217
9,5,383,326,373,189
9,2,347,41,135,167
9,5,383,155,80,333
9,2,347,320,271,363
9,5,503,72,370,234
9,7,359,322,317,245
9,5,383,307,281,258
9,7,359,141,206,436
9,2,347,21,231,338
9,13,479,396,432,250
9,2,467,403,162,285
9,13,479,395,328,370
9,5,503,251,502,217
9,13,479,271,319,293
9,2,467,314,221,202
9,5,263,30,187,244
9,5,383,64,195,220
9,13,479,286,250,358
9,13,479,129,148,326
9,5,383,42,68,219
9,13,479,201,369,306
9,5,383,201,109,219
9,5,383,21,40,200
9,13,479,262,278,200
9,5,383,359,365,186
9,7,359,121,279,270
9,7,359,73,104,255
9,13,479,107,62,225
9,5,503,348,176,225
9,5,263,217,165,288
9,5,383,127,328,235
9,13,479,443,254,213
9,7,359,113,38,197
9,5,383,237,13,188
9,7,359,347,78,177
9,5,503,251,502,214
9,5,503,157,15,246
9,5,503,197,409,196
9,2,467,400,137,202
9,2,347,19,318,198
9,5,503,178,59,547
9,5,383,294,185,233
9,5,503,189,313,215
9,5,503,330,154,176
9,13,479,446,3,182
9,13,479,228,192,389
9,2,467,399,302,232
9,5,263,18,205,242
9,13,479,356,233,205
9,5,263,144,66,179
9,5,383,147,326,344
9,2,467,378,291,235
9,13,479,120,150,203
9,2,467,9,45,193
9,13,479,189,335,185
9,2,347,261,214,277
9,13,479,389,371,231
9,13,479,462,448,200
9,2,467,203,431,196
9,7,359,28,81,184
9,2,347,174,345,210
9,2,467,164,158,196
9,5,263,104,102,187
9,5,503,118,79,215
9,7,359,321,353,194
9,5,503,202,2,234
9,13,479,60,245,216
9,13,479,283,410,200
9,2,467,409,94,195
9,13,479,151,446,195
9,5,383,208,3,187
9,2,347,152,3,233
9,13,479,36,100,184
9,2,347,14,75,181
9,13,479,300,168,183
9,13,479,367,136,186
9,2,347,26,105,185
9,2,467,86,400,271
9,2,467,141,11,338
9,5,383,319,275,375
9,5,503,64,384,341
9,5,383,66,279,254
9,5,383,192,378,246
9,2,467,183,110,270
9,2,467,148,7,206
9,13,479,454,323,194
9,5,383,133,77,227
9,5,383,149,107,216
9,5,383,283,214,211
9,2,467,207,358,265
9,7,359,115,67,235
9,5,383,259,302,218
9,7,359,315,14,348
9,2,467,164,158,263
9,2,467,216,232,245
9,13,479,470,175,340
9,13,479,445,295,225
9,7,359,136,345,210
9,5,263,87,227,248
9,5,383,1,5,206
9,5,503,147,440,268
9,13,479,447,39,236
9,7,359,28,81,224
9,5,383,273,244,302
9,5,383,150,152,427
9,7,359,345,280,268
9,5,503,342,257,206
9,2,347,248,126,340
9,7,359,79,58,226
9,2,347,127,238,187
9,13,479,132,394,182
9,7,359,157,19,168
9,5,503,199,165,259
9,2,467,64,369,273
9,5,503,249,342,461
9,2,347,131,338,218
9,2,347,61,151,179
9,5,383,98,223,184
9,7,359,325,313,165
9,7,359,26,346,186
9,2,467,414,206,223
9,2,467,361,203,193
9,2,467,143,44,191
9,2,347,267,163,193
9,5,263,152,149,167
9,5,383,160,284,205
9,2,347,321,195,205
9,13,479,79,236,223
9,5,263,55,170,187
9,7,359,137,261,223
9,5,383,355,212,216
9,5,503,244,22,252
9,7,359,126,254,230
9,5,383,10,274,239
9,5,503,269,430,232
9,5,383,329,282,207
9,2,467,68,300,368
9,13,479,236,75,247
9,13,479,83,387,229
9,5,263,72,132,232
9,7,359,137,261,263
9,5,263,62,13,228
9,7,359,135,357,211
9,7,359,217,61,233
9,7,359,279,130,232
9,5,503,143,218,233
9,5,383,231,319,222
9,5,263,245,77,219
9,7,359,136,345,224
9,7,359,322,317,211
9,5,503,352,346,214
9,5,263,180,52,211
9,5,503,324,162,220
9,7,359,341,177,217
9,2,467,233,466,179
9,5,263,10,172,218
9,5,503,31,31,177
9,13,479,48,103,180
9,5,263,257,246,228
9,2,467,215,116,237
9,2,347,260,107,210
9,7,359,160,55,304
9,5,383,22,200,209
9,2,467,440,109,212
9,5,263,58,210,192
9,5,263,184,151,162
9,7,359,236,25,311
9,7,359,79,58,196
9,13,479,212,275,200
9,2,467,112,325,191
9,5,383,278,330,185
9,5,503,495,481,220
9,2,467,229,321,202
9,7,359,228,33,196
9,5,503,194,293,204
9,2,467,162,273,193
9,5,503,270,138,137
9,2,347,329,299,197
9,2,347,106,327,196
9,5,503,104,8,229
9,2,347,224,213,202
9,13,479,357,155,166
9,5,383,16,76,217
9,5,263,21,114,213
9,5,503,370,108,195
9,2,467,31,26,225
9,5,503,41,304,594
9,5,383,106,238,242
9,7,359,150,233,183
9,5,503,198,33,221
9,2,347,219,191,255
9,7,359,31,140,233
9,5,383,196,322,198
9,5,263,108,104,173
9,5,263,42,109,198
9,2,347,321,195,196
9,13,479,134,5,235
9,5,383,27,327,234
9,2,347,110,27,241
9,5,503,26,52,238
9,5,503,327,130,188
9,13,479,428,144,226
9,5,503,464,194,244
9,5,383,266,184,198
9,2,467,145,176,221
9,2,467,425,187,197
9,2,347,305,18,212
9,5,503,377,178,273
9,2,467,9,45,209
9,5,383,233,315,217
9,2,347,300,109,223
9,5,383,125,151,164
9,2,467,105,444,252
9,13,479,90,368,209
9,7,359,274,270,208
9,2,467,45,80,199
9,5,383,234,43,185
9,5,383,72,69,252
9,5,383,90,114,228
9,5,503,406,100,207
9,2,347,224,213,204
9,13,479,165,430,162
9,2,467,82,25,154
9,7,359,252,255,281
9,5,503,118,79,234
9,5,503,341,152,203
9,5,503,124,13,197
9,13,479,181,187,165
9,13,479,143,452,173
9,7,359,109,83,174
9,2,347,159,37,223
9,5,263,143,171,210
9,5,503,413,407,216
9,5,383,373,267,182
9,2,467,155,429,208
9,5,263,241,30,223
9,7,359,138,32,213
9,2,467,368,299,200
9,5,383,70,110,187
9,7,359,63,62,190
9,2,347,27,210,190
9,13,479,294,412,211
9,7,359,204,207,206
9,5,503,210,91,212
9,7,359,100,229,170
9,13,479,62,211,169
9,7,359,140,132,163
9,5,383,111,347,232
9,5,383,7,376,199
9,5,383,31,236,202
9,5,263,22,44,161
9,5,503,321,287,178
9,7,359,132,45,172
9,2,467,114,366,224
9,5,263,18,205,197
9,5,383,6,305,153
9,5,383,106,238,167
9,2,347,320,271,157
9,7,359,210,219,220
9,5,383,273,244,226
9,13,479,360,445,234
9,5,383,138,101,210
9,5,383,168,18,164
9,7,359,88,90,204
9,5,503,337,496,167
9,2,467,465,234,225
9,2,347,257,317,207
9,7,359,70,173,196
9,2,467,271,408,175
9,5,503,311,203,183
9,5,383,76,229,174
9,2,347,156,48,264
9,7,359,69,76,218
9,5,503,478,281,190
9,5,503,463,240,197
9,5,383,232,63,179
9,5,503,491,140,293
9,2,347,290,14,201
9,2,467,161,370,169
9,5,383,285,371,157
9,2,467,187,359,212
9,5,503,447,220,480
9,5,383,112,203,219
9,7,359,117,52,234
9,5,383,194,258,190
9,13,479,110,178,179
9,5,263,130,105,204
9,2,467,127,132,302
9,2,347,313,97,241
9,2,467,10,90,214
9,7,359,229,231,252
9,5,263,143,171,229
9,2,347,101,303,284
9,2,467,87,333,248
9,5,263,33,231,182
9,5,383,114,96,203
9,2,347,188,197,259
9,5,263,19,236,223
9,2,347,44,39,208
9,5,503,209,320,179
9,5,503,412,182,185
9,5,263,119,20,392
9,2,347,219,191,220
9,7,359,345,280,193
9,2,347,74,284,159
9,13,479,474,289,192
9,5,383,35,45,156
9,2,347,114,85,221
9,13,479,388,397,232
9,5,383,80,266,214
9,5,263,240,6,189
9,13,479,44,69,166
9,7,359,278,275,183
9,13,479,308,365,180
9,7,359,56,99,164
9,2,347,54,31,179
9,2,347,94,184,173
9,2,467,352,430,210
9,5,263,255,94,162
9,2,467,215,116,160
9,5,383,36,225,158
9,5,263,249,259,190
9,13,479,325,465,153
9,2,467,319,67,155
9,2,467,137,205,142
9,5,503,10,383,144
9,5,383,368,86,181
9,13,479,169,149,170
9,5,263,191,10,178
9,2,467,177,279,198
9,7,359,324,96,205
9,7,359,341,177,188
9,5,383,375,164,184
9,7,359,6,256,177
9,7,359,341,177,294
9,5,263,35,252,185
9,13,479,256,294,239
9,5,263,115,141,203
9,13,479,472,356,218
9,2,467,35,416,170
9,2,467,107,375,188
9,5,263,148,222,216
9,7,359,290,241,202
9,2,347,114,85,214
9,2,467,396,388,201
9,2,467,89,398,217
9,5,383,300,124,211
9,7,359,27,268,215
9,2,467,63,418,236
9,7,359,311,314,365
9,2,467,16,156,215
9,5,263,212,88,318
9,2,347,176,339,215
9,5,503,425,284,278
9,5,503,261,120,213
9,2,347,203,55,218
9,13,479,337,455,204
9,13,479,25,439,257
9,5,503,41,304,204
9,5,503,12,18,181
9,2,347,314,194,231
9,2,347,95,21,227
9,2,467,87,333,230
9,2,467,401,274,231
9,5,263,176,51,236
9,5,263,39,226,277
9,7,359,200,27,210
9,2,347,214,212,234
9,13,479,46,165,288
9,2,347,234,196,284
9,13,479,332,56,356
9,5,503,70,216,288
9,5,383,279,118,343
9,5,383,328,133,341
9,2,347,335,51,343
9,13,479,260,64,248
9,5,383,137,250,385
9,5,383,379,239,421
9,2,467,85,200,243
9,13,479,378,139,366
9,13,479,259,226,329
9,5,383,267,154,677
9,2,347,324,172,228
9,2,347,312,222,391
9,7,359,52,169,229
9,2,467,2,4,211
9,2,347,23,230,447
9,2,347,289,7,421
9,2,467,57,313,372
9,2,467,237,451,264
9,2,467,425,187,297
9,2,347,147,76,325
9,2,467,38,59,375
9,5,503,124,13,259
9,2,467,437,72,327
9,5,263,256,207,344
9,2,467,343,269,282
9,5,383,204,220,244
9,2,347,251,314,298
9,2,467,71,65,255
9,2,467,39,118,267
9,2,467,114,366,259
9,2,347,84,30,231
9,13,479,431,228,287
9,2,347,309,288,366
9,2,347,1,2,221
9,13,479,474,289,551
9,7,359,74,10,237
9,2,347,163,245,331
9,5,383,353,177,285
9,5,383,192,378,235
9,5,263,31,146,343
9,7,359,153,221,302
9,5,263,95,110,353
9,13,479,23,201,380
9,2,347,241,104,347
9,13,479,342,284,345
9,5,383,277,66,363
9,5,383,143,33,324
9,5,383,61,262,365
9,5,263,151,135,300
9,2,347,320,271,347
9,5,503,13,90,306
9,5,263,172,136,237
9,13,479,76,23,416
9,5,503,95,335,365
9,2,467,172,286,304
9,2,347,258,287,324
9,2,347,237,180,361
9,5,263,186,93,280
9,7,359,175,234,274
9,2,347,111,54,342
9,2,347,32,127,318
9,5,503,231,425,359
9,5,263,208,147,497
9,13,479,206,184,370
9,5,263,150,27,266
9,5,503,290,350,260
9,5,263,225,241,339
9,13,479,418,305,371
9,2,467,439,288,258
9,7,359,223,179,257
9,5,383,30,277,348
9,5,383,157,85,247
9,2,467,25,15,365
9,5,263,248,157,324
9,7,359,177,337,294
9,2,467,250,155,336
9,2,467,399,302,231
9,2,347,313,97,358
9,13,479,325,465,351
9,2,347,44,39,316
9,2,347,77,190,341
9,7,359,259,312,272
9,5,503,444,42,332
9,2,467,283,242,333
9,2,347,223,280,339
9,5,263,79,7,361
9,5,383,191,382,331
9,13,479,122,442,365
9,2,347,336,102,339
9,2,347,118,319,267
9,2,347,214,212,280
9,5,263,202,184,334
9,5,263,177,255,354
9,2,467,305,337,315
9,5,263,78,54,250
9,7,359,61,287,242
9,2,467,271,408,223
9,7,359,97,53,234
9,5,383,212,343,208
9,2,467,445,219,315
9,5,383,49,290,327
9,7,359,234,191,235
9,5,383,145,59,218
9,5,383,169,90,201
9,5,503,284,231,211
9,2,467,234,465,206
9,7,359,109,83,279
9,5,263,158,49,331
9,5,503,249,342,261
9,2,467,100,189,200
9,5,503,43,55,177
9,5,503,325,307,224
9,2,467,304,402,269
9,2,347,150,261,196
9,7,359,192,50,183
9,5,383,142,313,166
9,2,467,47,320,181
9,5,383,124,260,177
9,2,467,422,432,164
9,5,383,153,233,182
9,2,347,146,38,181
9,7,359,165,319,172
9,7,359,129,244,181
9,2,347,314,194,182
9,2,467,311,86,145
9,5,263,88,83,168
9,5,383,368,86,168
9,5,383,123,52,143
9,2,467,244,287,147
9,13,479,212,275,169
9,7,359,35,116,150
9,2,467,201,458,165
9,2,347,173,346,145
9,7,359,149,341,144
9,7,359,205,13,187
9,5,263,63,65,228
9,5,383,250,204,203
9,2,467,417,247,188
9,13,479,281,215,183
9,2,347,134,275,168
9,5,383,95,60,178
9,5,503,4,122,146
9,5,503,332,329,186
9,5,383,283,214,208
9,7,359,91,355,262
9,5,503,318,288,241
9,2,347,304,9,220
9,7,359,346,165,217
9,5,503,301,254,226
9,13,479,1,13,208
9,13,479,265,41,302
9,7,359,189,311,267
9,2,347,164,143,224
9,7,359,48,303,209
9,13,479,385,402,198
9,5,263,241,30,296
9,2,347,168,206,239
9,2,347,291,28,192
9,5,263,89,152,249
9,5,503,324,162,233
9,5,503,346,168,234
9,5,263,16,166,263
9,13,479,173,153,215
9,7,359,239,318,195
9,2,467,193,93,193
9,2,347,305,18,171
9,5,263,116,179,171
9,5,383,303,180,156
9,5,263,17,41,246
9,5,263,214,96,213
9,2,467,420,108,203
9,2,467,384,411,180
9,13,479,376,32,185
9,5,383,189,337,186
9,5,383,317,11,274
9,5,503,119,395,215
9,5,263,209,209,212
9,2,467,415,412,194
9,13,479,428,144,186
9,5,503,169,270,183
9,5,263,178,223,157
9,5,383,354,119,585
9,5,383,370,235,219
9,13,479,469,124,221
9,2,347,66,321,167
9,5,383,209,15,187
9,5,383,205,334,186
9,2,347,183,17,148
9,2,347,283,320,239
9,13,479,435,382,253
9,5,383,3,125,174
9,2,347,141,153,171
9,7,359,251,139,174
9,5,263,83,167,228
9,7,359,75,70,321
9,2,347,38,147,225
9,5,503,322,429,204
9,2,467,344,71,192
9,5,503,272,432,191
9,5,263,194,198,187
9,5,263,210,256,166
9,5,383,46,370,375
9,2,467,388,38,226
9,5,503,93,114,267
9,7,359,75,70,182
9,5,383,111,347,228
9,5,383,117,127,201
9,5,503,47,171,200
9,2,467,13,253,165
9,2,347,81,264,167
9,5,263,14,196,200
9,5,503,179,295,216
9,2,347,195,232,162
9,5,383,267,154,197
9,7,359,78,316,212
9,5,383,63,39,169
9,13,479,255,170,152
9,5,263,221,29,166
9,5,503,120,466,165
9,5,263,130,105,166
9,13,479,325,465,183
9,13,479,375,113,173
9,7,359,268,88,171
9,7,359,140,132,184
9,2,467,64,369,174
9,7,359,43,77,184
9,2,347,135,203,181
9,2,467,425,187,189
9,2,347,89,266,180
9,13,479,383,351,183
9,2,467,107,375,152
9,2,467,407,257,164
9,13,479,341,464,153
9,5,503,406,100,177
9,5,263,81,175,182
9,5,263,9,87,230
9,5,383,234,43,222
9,5,383,237,13,193
9,2,347,28,73,209
9,5,263,89,152,309
9,5,383,51,356,241
9,2,347,193,58,204
9,7,359,25,152,228
9,2,467,209,31,212
9,13,479,448,28,310
9,2,347,294,224,277
9,2,347,117,333,228
9,5,503,157,15,200
9,2,467,1,2,438
9,2,467,463,292,222
9,7,359,243,284,203
9,2,347,278,10,218
9,2,467,337,245,218
9,2,347,214,212,209
9,13,479,215,156,207
9,5,383,285,371,330
9,7,359,105,323,211
9,2,467,402,81,216
9,7,359,105,323,233
9,2,347,143,265,229
9,5,383,188,144,195
9,2,347,87,240,217
9,5,383,45,74,222
9,5,263,116,179,715
9,7,359,161,26,202
9,2,347,14,75,177
9,13,479,337,455,167
9,7,359,125,344,192
9,5,503,429,444,167
9,2,467,63,418,184
9,5,383,84,28,204
9,13,479,201,369,220
9,2,467,53,399,280
9,2,347,190,94,205
9,5,503,109,353,198
9,5,263,32,204,193
9,2,347,243,69,201
9,13,479,92,401,224
9,2,467,160,185,227
9,5,263,154,43,274
9,13,479,393,172,218
9,2,467,217,464,248
9,2,467,314,221,308
9,2,467,245,107,289
9,5,263,204,129,304
9,2,347,148,152,294
9,5,383,121,94,338
9,7,359,344,40,227
9,7,359,235,260,244
9,5,263,75,194,215
9,5,263,3,125,176
9,5,503,427,58,227
9,5,503,3,125,192
9,13,479,150,108,216
9,2,467,276,447,199
9,7,359,342,162,211
9,5,503,363,139,228
9,2,347,80,132,257
9,13,479,398,200,203
9,13,479,191,93,198
9,7,359,231,190,241
9,5,263,63,65,198
9,5,383,304,134,265
9,5,383,95,60,217
9,2,467,391,304,226
9,5,503,133,191,216
9,2,347,41,135,233
9,5,503,147,440,288
9,5,263,198,140,224
9,5,383,59,179,213
9,5,503,20,316,269
9,5,503,145,420,207
9,2,347,238,13,293
9,2,347,126,119,326
9,7,359,195,277,249
9,5,383,146,295,404
9,5,263,249,259,239
9,5,263,130,105,383
9,5,383,359,365,226
9,7,359,212,320,216
9,5,383,296,29,236
9,5,503,237,19,359
9,2,467,364,223,313
9,2,347,304,9,406
9,2,347,35,322,235
9,5,503,117,217,237
9,5,263,86,98,202
9,5,383,182,116,191
9,5,383,310,272,529
9,2,347,163,245,225
9,2,347,329,299,198
9,13,479,228,192,205
9,5,263,141,91,233
9,2,347,264,324,227
9,7,359,320,153,218
9,2,347,130,169,196
9,5,503,127,116,220
9,13,479,301,268,227
9,2,467,349,404,281
9,13,479,266,54,207
9,5,503,317,460,233
9,13,479,412,326,237
9,5,383,332,14,216
9,13,479,37,342,217
9,13,479,447,39,264
9,5,383,141,369,223
9,2,347,157,96,203
9,5,503,461,412,212
9,13,479,415,117,248
9,7,359,146,46,237
9,13,479,13,296,277
9,2,347,172,173,242
9,5,263,39,226,245
9,13,479,114,231,337
9,7,359,195,277,327
9,5,503,162,96,385
9,5,263,124,169,271
9,2,347,33,254,240
9,5,263,147,97,303
9,2,347,35,322,233
9,2,467,265,415,228
9,13,479,293,437,235
9,2,347,64,167,409
9,5,503,76,373,242
9,2,467,104,222,246
9,5,503,353,221,241
9,5,383,303,180,356
9,5,263,250,243,329
9,5,383,228,24,366
9,2,467,47,320,228
9,13,479,381,260,282
9,2,347,82,181,273
9,2,467,266,363,231
9,5,383,334,350,526
9,13,479,338,167,242
9,5,383,273,244,297
9,5,383,342,6,235
9,7,359,186,3,193
9,2,347,173,346,183
9,13,479,447,39,296
9,7,359,253,349,244
9,5,263,81,175,328
9,5,503,450,338,286
9,13,479,459,409,293
9,2,347,145,19,296
9,2,467,326,170,239
9,2,467,395,194,218
9,13,479,357,155,226
10,11,839,371,412,182
10,5,983,920,266,201
10,2,587,490,548,181
10,2,1019,679,785,535
10,5,863,622,764,193
10,2,563,13,310,157
10,2,563,456,215,181
10,11,719,128,391,189
10,2,587,465,474,277
10,2,563,495,353,240
10,2,1019,922,543,243
10,5,983,646,841,180
10,2,1019,150,580,299
10,5,863,839,139,241
10,2,563,293,408,190
10,2,587,409,306,205
10,2,1019,908,45,215
10,5,863,581,497,200
10,2,1019,247,1008,272
10,5,887,199,135,207
10,5,887,107,31,205
10,2,1019,981,600,207
10,2,587,285,227,230
10,5,863,387,255,247
10,11,839,444,607,176
10,5,983,468,700,209
10,11,719,360,708,148
10,2,587,381,235,196
10,5,863,738,258,229
10,11,839,245,153,219
10,2,563,144,399,201
10,2,587,394,347,203
10,11,839,506,509,191
10,5,863,127,820,261
10,2,1019,767,110,265
10,11,719,326,435,211
10,2,587,168,484,184
10,2,563,243,431,177
10,2,563,276,475,186
10,11,719,76,590,174
10,11,839,46,98,240
10,5,887,257,194,222
10,2,587,334,451,180
10,2,563,540,257,191
10,5,887,838,209,193
10,2,1019,615,593,189
10,11,839,223,310,393
10,5,983,202,242,232
10,2,1019,196,427,186
10,5,887,531,537,202
10,11,719,358,196,257
10,5,887,721,204,226
10,5,887,116,255,239
10,11,839,383,611,259
10,11,719,132,672,226
10,5,887,53,868,204
10,2,1019,744,561,262
10,11,719,249,477,241
10,2,1019,86,873,231
10,11,719,472,354,206
10,5,887,365,799,182
10,11,719,344,696,199
10,2,563,58,130,248
10,2,563,416,339,233
10,11,719,161,171,216
10,2,1019,1009,408,174
10,11,839,414,771,212
10,5,983,68,92,188
10,2,1019,270,857,235
10,5,983,735,34,217
10,2,587,112,201,201
10,2,563,297,335,154
10,2,1019,929,212,201
10,11,719,291,712,222
10,2,1019,834,957,313
10,5,983,374,513,219
10,5,983,20,378,213
10,2,563,528,423,195
10,11,719,295,330,233
10,11,839,32,18,234
10,5,863,829,539,171
10,2,1019,392,947,182
10,2,1019,789,810,177
10,5,863,259,340,210
10,2,587,440,380,195
10,5,863,134,284,505
10,2,1019,865,804,238
10,5,983,483,297,205
10,2,563,332,518,221
10,2,563,327,544,178
10,2,563,207,116,312
10,11,719,156,541,236
10,5,983,432,172,249
10,5,887,439,281,226
10,11,839,687,823,236
10,11,839,811,231,349
10,5,863,508,458,235
10,5,863,354,228,219
10,2,1019,59,170,229
10,5,863,485,663,254
10,2,1019,674,948,213
10,5,887,822,304,241
10,2,563,391,123,222
10,2,563,541,514,180
10,2,587,498,582,236
10,5,887,477,844,201
10,11,719,439,595,223
10,2,1019,488,591,276
10,11,719,419,139,216
10,11,839,306,244,231
10,5,863,311,131,230
10,11,719,330,652,225
10,2,587,3,8,208
10,2,1019,163,782,239
10,2,587,485,384,236
10,5,983,455,539,194
10,11,839,78,86,209
10,11,719,458,406,231
10,5,983,551,783,524
10,11,719,686,248,227
10,11,719,53,106,218
10,11,839,757,642,213
10,2,563,136,448,190
10,11,839,236,467,239
10,11,719,377,286,204
10,11,719,468,84,253
10,2,563,253,515,242
10,2,563,210,365,283
10,2,587,347,14,229
10,2,1019,119,736,217
10,2,1019,341,479,254
10,5,863,336,483,385
10,2,587,466,361,571
10,2,587,573,158,222
10,11,719,380,315,247
10,5,887,689,263,244
10,5,887,130,639,397
10,11,839,164,63,229
10,5,863,150,366,285
10,11,839,403,704,243
10,2,1019,367,112,272
10,5,983,763,761,250
10,5,863,168,816,235
10,2,1019,826,358,221
10,2,587,530,283,488
10,2,587,469,540,215
10,2,587,222,268,274
10,5,887,223,809,237
10,11,839,718,584,369
10,11,719,12,149,213
10,11,839,613,476,207
10,5,983,398,214,219
10,11,839,344,365,190
10,5,887,444,882,218
10,11,719,500,499,265
10,2,563,541,514,231
10,2,587,233,19,225
10,2,1019,823,809,223
10,5,887,525,386,261
10,5,887,495,536,224
10,11,719,163,559,220
10,5,863,271,434,196
10,5,863,586,588,176
10,2,1019,534,219,178
10,2,1019,764,778,234
10,2,563,103,109,203
10,5,887,425,58,184
10,5,983,847,598,158
10,2,563,419,460,147
10,2,587,507,375,248
10,5,863,694,661,324
10,2,1019,24,400,221
10,5,983,284,913,259
10,2,563,449,226,195
10,2,587,353,309,200
10,11,839,356,189,183
10,5,863,541,217,197
10,2,563,59,260,215
10,5,983,248,376,216
10,2,1019,476,590,237
10,11,839,1,11,171
10,2,1019,368,224,215
10,5,983,681,936,225
10,5,983,903,270,195
10,2,563,270,69,281
10,11,719,172,290,207
10,2,1019,106,426,218
10,11,839,824,394,255
10,11,719,154,361,238
10,5,863,582,759,282
10,11,719,144,187,238
10,2,587,573,158,240
10,5,983,495,358,229
10,5,983,382,177,230
10,2,587,219,327,215
10,2,563,206,58,231
10,5,983,413,616,223
10,2,587,447,506,479
10,2,587,451,465,238
10,5,863,636,775,251
10,11,839,566,676,239
10,2,587,266,432,230
10,5,863,37,347,362
10,5,983,496,807,205
10,5,887,37,53,236
10,5,983,920,266,219
10,2,563,411,556,233
10,2,563,375,245,225
10,11,719,32,374,224
10,2,587,131,126,191
10,2,587,17,171,195
10,11,839,746,707,210
10,11,719,587,474,240
10,11,839,836,735,236
10,11,839,768,81,195
10,5,887,731,579,211
10,2,563,168,337,188
10,11,719,388,279,215
10,2,1019,1013,414,247
10,5,983,153,45,371
10,11,839,473,278,249
10,2,587,185,584,212
10,5,983,293,822,360
10,5,863,527,352,491
10,11,719,650,7,227
10,2,1019,312,562,248
10,2,1019,288,516,258
10,5,983,35,298,244
10,5,887,797,850,272
10,5,887,309,682,246
10,5,887,116,255,813
10,11,839,352,420,213
10,5,983,376,46,223
10,5,863,559,215,336
10,2,563,451,341,225
10,5,863,140,817,314
10,2,1019,412,238,266
10,5,863,263,202,349
10,11,719,329,190,247
10,11,839,231,713,384
10,11,719,242,288,225
10,5,887,831,183,246
10,5,887,281,223,271
10,5,863,343,563,248
10,11,839,610,76,215
10,2,587,310,416,241
10,5,887,668,176,170
10,11,839,543,801,350
10,2,563,541,514,236
10,5,887,829,575,219
10,2,563,1,2,189
10,11,719,616,50,215
10,5,983,224,442,272
10,2,587,229,258,258
10,11,719,517,687,231
10,5,983,514,917,220
10,2,563,424,82,261
10,5,887,184,498,326
10,5,887,398,485,267
10,2,563,331,259,343
10,5,863,853,603,344
10,11,839,7,557,305
10,2,587,401,391,377
10,5,887,638,681,370
10,5,887,81,455,279
10,2,1019,506,382,276
10,5,983,101,35,354
10,2,1019,954,446,258
10,2,1019,70,681,257
10,5,887,739,180,345
10,2,587,338,172,344
10,5,983,380,243,280
10,2,1019,740,863,270
10,5,863,859,504,366
10,11,719,78,209,239
10,5,863,25,590,223
10,11,719,24,631,242
10,11,719,614,351,201
10,2,587,193,406,295
10,2,563,153,482,261
10,2,1019,32,500,226
10,5,983,537,559,185
10,11,839,406,700,213
10,5,863,21,788,250
10,5,983,195,408,242
10,11,839,111,248,247
10,2,587,174,452,197
10,11,719,276,558,221
10,5,887,218,126,257
10,2,563,57,65,383
10,11,839,60,720,231
10,5,887,485,244,224
10,5,887,234,641,202
10,5,863,7,455,326
10,5,983,486,754,350
10,2,587,33,239,215
10,5,863,172,830,372
10,5,863,607,776,371
10,2,1019,198,689,237
10,11,839,200,762,228
10,11,719,648,6,309
10,5,887,32,392,259
10,11,839,282,460,241
10,2,1019,413,476,235
10,5,887,182,765,364
10,2,587,539,494,245
10,5,983,269,914,283
10,5,983,356,385,233
10,11,839,212,344,457
10,2,587,419,473,236
10,2,1019,36,867,227
10,2,587,313,393,198
10,2,563,54,360,204
10,5,887,73,207,210
10,2,1019,108,685,296
10,2,563,81,426,234
10,5,887,386,312,269
10,5,863,648,507,205
10,5,983,351,678,225
10,2,587,162,191,409
10,5,863,9,156,210
10,11,839,450,456,253
10,5,983,493,958,190
10,5,983,946,444,222
10,5,863,194,293,337
10,5,983,306,59,306
10,5,983,650,703,258
10,5,887,807,195,242
10,11,839,361,558,271
10,2,563,206,58,267
10,5,983,320,881,225
10,5,887,35,215,229
10,11,839,597,496,170
10,11,719,44,363,332
10,11,839,184,512,237
10,5,863,433,838,194
10,11,719,163,559,224
10,2,563,72,91,242
10,11,839,188,566,1142
10,11,719,319,439,237
10,5,983,873,806,193
10,11,719,564,480,179
10,2,587,492,431,241
10,11,839,19,824,234
10,2,1019,957,511,232
10,5,887,504,346,204
10,5,887,108,155,174
10,11,719,346,93,170
10,5,863,33,285,326
10,11,719,500,499,256
10,5,863,359,525,270
10,5,983,313,88,203
10,2,1019,236,916,247
10,2,1019,926,536,324
10,11,719,400,588,241
10,5,887,374,764,220
10,5,983,10,503,198
10,5,983,240,390,237
10,5,887,175,551,253
10,5,863,855,404,233
10,5,983,531,634,220
10,11,719,397,438,191
10,2,563,99,42,214
10,2,1019,81,696,287
10,2,587,310,416,231
10,2,587,414,400,200
10,5,863,651,376,202
10,2,1019,199,359,173
10,5,863,205,88,284
10,2,587,321,231,260
10,11,839,419,838,215
10,11,839,487,22,224
10,2,1019,502,406,226
10,11,719,672,191,275
10,11,839,328,613,256
10,2,587,386,476,227
10,2,587,380,411,182
10,5,863,369,438,214
10,5,863,836,153,251
10,2,587,174,452,228
10,5,887,234,641,212
10,2,1019,638,396,207
10,2,587,54,573,231
10,11,839,527,743,233
10,5,983,92,870,227
10,5,983,662,106,280
10,5,983,310,504,260
10,5,863,686,248,224
10,5,863,245,814,213
10,5,983,592,948,246
10,2,1019,41,231,422
10,2,587,412,100,227
10,5,983,608,663,284
10,11,839,647,563,203
10,2,563,165,394,186
10,2,563,287,499,252
10,11,839,554,795,432
10,2,563,447,338,232
10,11,719,232,673,256
10,5,887,364,692,235
10,2,587,442,346,359
10,5,983,792,251,406
10,5,887,234,641,234
10,2,587,485,384,211
10,2,563,312,469,292
10,5,863,15,388,228
10,2,563,234,400,388
10,5,863,417,754,228
10,5,863,461,481,239
10,2,563,58,130,270
10,5,887,374,764,236
10,11,719,617,550,215
10,2,1019,722,831,228
10,11,719,260,317,242
10,5,983,934,923,256
10,5,863,618,722,226
10,2,1019,991,962,244
10,2,587,356,124,240
10,5,863,705,119,221
10,2,587,450,526,342
10,2,563,347,500,236
10,2,563,188,347,289
10,2,1019,452,995,240
10,11,839,285,629,238
10,2,1019,246,504,229
10,5,887,256,571,257
10,5,863,771,175,273
10,11,719,83,393,242
10,11,719,339,436,264
10,2,563,64,438,177
10,2,563,69,504,197
10,2,1019,808,954,251
10,11,719,256,453,240
10,5,863,225,406,209
10,5,983,398,214,181
10,11,839,106,84,178
10,11,839,392,608,191
10,5,887,786,832,251
10,5,863,433,838,169
10,2,587,114,217,185
10,2,1019,478,322,180
10,2,587,473,422,178
10,2,563,46,19,182
10,5,863,597,209,190
10,5,887,377,591,184
10,2,587,518,204,192
10,5,887,548,460,192
10,5,863,555,97,209
10,2,587,432,29,254
10,11,719,139,394,181
10,2,1019,978,75,180
10,2,1019,74,706,168
10,5,983,583,113,152
10,5,863,362,37,167
10,11,839,172,61,166
10,2,1019,722,831,171
10,5,863,625,570,192
10,5,983,275,226,196
10,5,863,707,386,160
10,2,587,518,204,174
10,5,887,248,521,230
10,11,839,483,515,226
10,2,563,557,88,218
10,5,983,509,614,192
10,2,587,481,24,169
10,5,887,858,384,196
10,2,1019,511,1015,144
10,11,839,56,761,169
10,2,587,33,239,190
10,11,719,38,281,189
10,5,863,572,230,195
10,5,887,656,340,203
10,5,983,243,583,217
10,5,887,423,570,189
10,11,719,334,488,189
10,11,839,793,334,211
10,5,983,779,498,240
10,2,1019,963,96,198
10,2,1019,492,285,217
10,2,1019,434,363,167
10,5,863,736,321,197
10,2,563,84,30,178
10,5,983,123,462,217
10,5,863,217,356,200
10,11,839,115,615,210
10,11,839,75,331,202
10,5,863,270,432,190
10,11,839,3,492,142
10,2,587,328,218,365
10,2,587,109,392,217
10,2,1019,871,506,270
10,2,1019,494,121,264
10,11,839,136,484,213
10,2,563,289,307,186
10,11,719,588,181,216
10,2,587,585,294,206
10,5,983,948,287,428
10,5,983,808,48,241
10,2,1019,192,982,230
10,2,1019,5,32,204
10,5,983,658,461,241
10,11,719,680,87,228
10,2,587,566,469,271
10,11,839,623,580,242
10,2,1019,889,615,211
10,5,983,574,562,200
10,2,563,282,561,149
10,5,887,521,635,193
10,2,1019,644,888,241
10,11,719,324,681,199
10,11,839,704,210,225
10,2,563,166,225,222
10,2,1019,120,453,207
10,2,587,259,517,193
10,5,983,187,716,198
10,5,863,7,455,140
10,2,587,256,138,187
10,5,863,394,383,193
10,5,887,218,126,172
10,2,1019,150,580,264
10,11,719,396,432,246
10,2,587,51,145,216
10,11,719,15,594,195
10,5,983,972,342,206
10,5,863,759,499,295
10,5,887,613,276,214
10,5,983,910,536,222
10,5,863,518,821,256
10,11,719,621,469,356
10,5,863,361,180,237
10,2,563,264,221,212
10,2,1019,701,37,281
10,11,839,783,656,230
10,11,719,580,42,235
10,5,887,396,729,212
10,5,887,611,82,196
10,5,863,429,69,180
10,2,587,51,145,187
10,2,587,116,281,183
10,2,1019,630,113,185
10,11,839,396,777,195
10,5,887,65,178,205
10,11,719,663,688,185
10,2,563,432,161,211
10,2,563,382,395,201
10,11,719,173,314,215
10,2,587,239,42,170
10,5,983,182,786,192
10,2,563,135,224,200
10,5,983,270,638,200
10,2,1019,804,187,217
10,2,563,317,370,180
10,2,1019,248,997,286
10,5,863,410,840,226
10,5,863,86,181,239
10,11,719,211,516,210
10,5,887,282,228,399
10,2,563,17,456,845
10,2,587,512,260,250
10,5,863,810,108,248
10,2,1019,710,602,383
10,5,863,600,235,232
10,2,563,313,375,412
10,11,719,166,583,279
10,2,563,447,338,368
10,2,1019,561,747,389
10,2,587,247,186,1006
10,5,887,522,514,347
10,2,563,235,237,245
10,11,839,55,298,211
10,2,587,223,536,242
10,5,887,201,714,240
10,2,563,426,328,239
10,2,1019,573,674,280
10,5,863,435,238,231
10,11,839,369,780,325
10,11,719,323,258,224
10,5,983,609,366,221
10,5,887,472,820,229
10,2,563,108,110,212
10,11,839,221,481,214
10,11,719,92,501,194
10,2,1019,705,592,199
10,5,887,624,734,209
10,2,563,329,487,188
10,2,587,47,486,244
10,2,563,335,203,220
10,2,1019,79,174,205
10,5,887,772,661,222
10,11,839,536,256,207
10,5,863,433,838,369
10,2,1019,571,678,226
10,2,587,457,410,214
10,5,863,733,403,226
10,2,563,279,422,195
10,2,563,183,134,312
10,2,563,105,436,191
10,11,839,530,591,226
10,5,983,313,88,180
10,2,587,491,509,241
10,11,839,49,393,228
10,2,563,248,280,206
10,2,1019,185,756,213
10,2,1019,880,246,200
10,5,863,78,299,204
10,2,587,583,367,197
10,11,719,59,641,202
10,5,887,409,165,194
10,2,587,531,566,187
10,5,983,145,397,185
10,2,563,141,261,225
10,5,887,552,112,276
10,5,983,912,621,212
10,11,839,170,368,202
10,5,983,764,856,167
10,5,863,72,743,245
10,2,587,4,16,246
10,5,887,409,165,262
10,11,719,102,302,192
10,5,863,689,795,271
10,2,587,475,514,191
10,5,887,122,858,195
10,11,839,558,148,222
10,5,863,306,121,217
10,5,863,142,576,206
10,2,1019,50,68,218
10,5,887,428,154,531
10,5,863,362,37,217
10,11,719,539,154,206
10,11,719,629,703,200
10,2,563,243,431,219
10,5,863,476,220,172
10,11,839,253,268,218
10,2,587,495,513,211
10,2,563,291,102,200
10,5,863,56,685,200
10,2,587,319,498,243
10,2,563,1,2,168
10,5,983,931,550,188
10,5,887,550,856,227
10,11,839,328,613,248
10,5,863,422,260,324
10,2,1019,7,128,201
10,11,839,224,54,216
10,2,563,233,200,221
10,5,863,494,731,232
10,11,719,612,609,285
10,5,887,114,365,235
10,5,887,556,814,240
10,5,863,185,627,208
10,5,887,428,154,220
10,11,719,700,450,228
10,2,587,164,177,198
10,5,887,641,860,233
10,2,1019,835,895,218
10,2,563,69,504,181
10,5,863,388,412,265
10,5,887,6,546,185
10,5,887,746,2,223
10,2,1019,340,749,209
10,5,863,482,171,193
10,5,863,501,350,275
10,2,587,206,10,206
10,2,587,318,249,526
10,5,887,438,411,270
10,5,983,770,302,205
10,2,1019,132,908,231
10,5,863,181,30,207
10,2,1019,765,537,318
10,2,1019,917,622,281
10,2,587,372,36,209
10,5,863,315,753,247
10,5,863,394,383,209
10,5,983,550,943,209
10,11,719,407,165,219
10,11,719,337,271,181
10,5,863,687,377,216
10,2,587,82,299,199
10,11,839,172,61,243
10,2,1019,442,199,325
10,11,719,662,324,473
10,5,887,20,596,279
10,2,563,516,326,369
10,2,563,169,111,313
10,5,983,197,370,260
10,5,983,290,329,232
10,5,863,854,426,446
10,2,1019,937,265,401
10,5,983,288,485,236
10,5,983,209,211,329
10,2,587,507,375,276
10,11,839,256,133,233
10,2,1019,990,481,211
10,11,719,539,154,218
10,11,839,1,11,230
10,11,839,95,759,231
10,5,863,247,501,184
10,2,587,478,3,333
10,11,719,541,659,218
10,11,719,446,244,298
10,2,587,434,116,332
10,2,1019,54,69,330
10,5,863,245,814,506
10,5,983,911,714,231
10,2,1019,8,256,223
10,2,587,432,29,406
10,5,887,325,358,240
10,11,719,291,712,223
10,11,839,294,560,272
10,11,839,122,243,200
10,2,563,490,99,164
10,11,719,213,602,181
10,5,983,117,320,248
10,2,1019,648,961,238
10,11,839,698,688,243
10,5,863,579,227,225
10,11,839,689,581,188
10,2,1019,282,836,233
10,11,719,550,648,216
10,2,1019,586,466,221
10,5,983,940,282,364
10,11,719,497,291,224
10,2,587,205,5,317
10,5,863,729,234,264
10,5,863,372,381,300
10,2,1019,744,561,314
10,2,563,248,280,323
10,11,719,533,141,253
10,5,983,955,628,215
10,11,839,63,182,291
10,2,587,197,39,257
10,5,863,754,843,262
10,5,863,93,370,236
10,2,563,175,348,241
10,2,587,232,303,188
10,11,719,404,321,235
10,11,719,237,230,353
10,5,863,108,302,258
10,5,983,880,719,229
10,2,587,215,424,195
10,5,863,168,816,215
10,11,719,552,37,186
10,2,587,134,421,187
10,5,887,587,131,319
10,2,1019,568,849,240
10,11,839,424,37,188
10,2,563,274,541,200
10,5,887,769,871,194
10,11,839,235,195,206
10,11,839,481,136,212
10,2,563,190,262,212
10,5,983,610,847,220
10,11,839,202,751,219
10,11,719,262,250,212
10,11,839,253,268,227
10,5,983,393,839,204
10,5,887,121,349,209
10,2,587,170,175,196
10,2,587,298,555,193
10,2,563,264,221,209
10,5,887,646,777,188
10,2,587,45,415,220
10,2,563,399,523,216
10,5,983,632,564,234
10,5,863,752,517,227
10,5,887,832,28,177
10,11,719,480,293,178
10,5,863,215,463,170
10,2,1019,625,927,220
10,2,587,407,370,178
10,5,863,243,792,159
10,5,983,24,330,177
10,5,983,521,568,192
10,2,1019,972,240,201
10,2,1019,818,694,169
10,2,1019,865,804,199
10,5,863,138,585,206
10,2,563,363,274,178
10,5,983,629,728,190
10,11,719,394,473,199
10,11,719,312,48,171
10,2,1019,901,72,183
10,2,1019,215,752,187
10,11,719,668,155,156
10,5,887,479,699,192
10,5,887,783,106,185
10,11,839,87,330,239
10,11,839,386,250,174
10,11,839,714,552,192
10,11,719,659,212,176
10,5,863,141,633,194
10,5,887,734,528,196
10,2,1019,414,952,158
10,2,563,75,165,176
10,11,839,166,72,276
10,11,839,164,63,226
10,2,587,539,494,191
10,5,983,643,974,178
10,2,1019,438,713,194
10,2,563,397,553,212
10,5,887,639,744,226
10,5,983,95,620,210
10,5,887,124,162,207
10,2,1019,127,920,188
10,2,1019,153,564,197
10,2,563,173,87,199
10,2,1019,835,895,176
10,2,563,6,64,137
10,11,719,196,364,192
10,11,719,296,35,169
10,2,563,289,307,149
10,5,863,135,557,165
10,5,887,663,398,169
10,2,563,225,511,165
10,2,1019,249,975,192
10,2,1019,299,65,198
10,5,887,420,111,167
10,11,839,146,625,303
10,5,863,223,465,245
10,2,587,319,498,298
10,2,1019,559,951,350
10,2,1019,337,221,226
10,5,983,909,697,188
10,11,719,211,516,198
10,11,839,586,47,214
10,11,719,583,539,239
10,5,887,193,434,214
10,2,1019,744,561,237
10,2,587,214,212,350
10,11,839,22,171,245
10,11,719,26,137,334
10,11,719,217,380,420
10,5,863,339,828,240
10,2,1019,102,154,221
10,2,587,328,218,649
10,5,863,377,548,221
10,11,839,33,198,195
10,5,863,681,374,199
10,5,887,475,495,305
10,11,839,609,312,252
10,11,839,38,225,222
10,2,587,282,542,216
10,5,887,213,547,218
10,2,563,55,157,245
10,5,887,538,686,227
10,5,983,52,563,241
10,5,887,541,598,219
10,5,863,745,22,382
10,2,563,36,193,221
10,5,983,566,196,211
10,2,563,114,284,219
10,11,839,96,798,234
10,11,719,22,130,209
10,11,839,540,283,223
10,11,839,7,557,196
10,5,887,784,530,218
10,2,563,84,30,220
10,5,863,325,500,212
10,2,587,438,95,180
10,5,887,15,743,185
10,2,563,50,304,220
10,2,587,30,250,221
10,11,839,735,725,229
10,2,1019,890,211,168
10,11,719,395,170,175
10,5,887,603,589,200
10,11,719,224,180,176
10,11,719,363,458,163
10,2,563,468,108,197
10,5,983,24,330,185
10,11,719,607,22,212
10,5,863,691,26,204
10,2,587,472,211,199
10,5,887,31,788,210
10,11,719,526,58,216
10,2,1019,465,59,210
10,2,1019,367,112,175
10,11,719,492,517,198
10,5,863,319,290,201
10,5,863,372,381,176
10,11,839,146,625,195
10,2,563,334,383,217
10,5,983,762,742,189
10,5,887,772,661,218
10,5,887,603,589,213
10,5,863,517,682,161
10,2,587,363,23,192
10,2,587,147,207,166
10,2,1019,660,878,190
10,2,587,181,330,194
10,5,887,193,434,230
10,5,983,73,464,359
10,11,839,248,605,217
10,5,863,104,64,179
10,5,983,249,897,210
10,2,563,223,550,199
10,11,839,438,15,180
10,2,587,56,531,205
10,5,887,626,610,221
10,11,719,294,30,227
10,5,983,161,119,196
10,11,719,657,79,169
10,11,839,804,740,333
10,5,863,17,207,188
10,2,1019,236,916,215
10,2,587,138,279,218
10,5,887,281,223,232
10,2,587,481,24,197
10,11,839,546,601,191
10,5,863,809,712,203
10,2,1019,1014,828,195
10,11,839,401,616,195
10,5,983,632,564,191
10,2,1019,35,943,201
10,5,863,397,410,217
10,5,887,733,283,192
10,5,863,543,247,155
10,2,587,367,368,160
10,2,1019,759,88,189
10,5,863,329,94,187
10,5,887,486,333,208
10,5,863,81,266,163
10,2,563,109,220,188
10,2,587,487,362,199
10,11,719,677,483,161
10,2,587,312,490,182
10,5,887,339,511,189
10,11,719,341,269,163
10,11,719,411,644,184
10,11,719,247,717,206
10,11,839,739,536,214
10,2,587,81,443,204
10,2,1019,147,582,204
10,2,1019,111,385,213
10,2,587,81,443,196
10,2,1019,333,587,202
10,11,719,532,405,182
10,11,719,172,290,197
10,2,587,397,428,201
10,2,1019,971,120,163
10,5,983,359,941,200
10,2,563,343,172,173
10,5,887,57,543,175
10,5,983,431,231,191
10,5,983,430,636,196
10,2,1019,329,992,184
10,5,887,296,707,259
10,11,839,568,413,223
10,2,1019,364,14,218
10,2,563,81,426,193
10,2,563,43,495,204
10,2,587,86,88,215
10,11,839,307,167,216
10,2,587,542,430,252
10,11,839,576,27,236
10,5,887,158,757,201
10,11,719,379,94,232
10,2,1019,491,652,211
10,11,839,598,422,214
10,11,719,60,580,307
10,5,863,725,804,226
10,2,563,509,416,214
10,2,1019,160,862,246
10,2,563,33,376,301
10,5,887,644,173,240
10,5,863,539,561,240
10,11,839,149,426,220
10,5,983,591,976,237
10,11,719,118,332,228
10,11,839,385,99,441
10,2,1019,130,227,232
10,11,839,570,472,202
10,2,587,330,285,186
10,5,887,454,338,182
10,5,863,680,420,216
10,5,863,59,188,483
10,5,983,480,718,270
10,11,839,637,734,205
10,2,587,251,41,222
10,11,839,534,224,183
10,11,719,126,27,200
10,5,983,77,15,293
10,2,563,129,285,244
10,2,563,399,523,239
10,5,863,225,406,211
10,5,983,346,931,186
10,11,839,557,166,236
10,11,839,213,428,201
10,11,839,526,754,226
10,5,887,73,207,203
10,11,839,146,625,211
10,2,563,293,408,176
10,5,887,874,264,203
10,5,983,887,306,230
10,11,719,493,654,231
10,5,863,577,734,211
10,2,587,236,152,213
10,2,587,94,222,216
10,2,587,204,296,199
10,2,563,51,45,217
11,2,1907,1707,868,228
11,13,1319,25,779,166
11,5,1823,772,476,177
11,2,1307,915,273,301
11,2,1283,283,152,154
11,5,1487,588,1314,315
11,2,1187,624,1142,183
11,2,1523,875,735,184
11,2,1283,782,139,236
11,5,1823,37,1151,182
11,2,2027,1461,1464,177
11,2,1283,375,1231,205
11,5,1487,1298,537,197
11,2,1283,757,985,176
11,2,1619,667,792,164
11,7,2039,1113,1953,181
11,2,1907,662,1874,155
11,2,1283,955,723,186
11,5,1823,1352,1093,199
11,5,1823,963,1449,155
11,13,1319,699,509,188
11,5,1487,458,1290,208
11,2,1619,1062,442,219
11,2,1307,1259,235,217
11,7,2039,1814,1003,204
11,2,1619,76,897,242
11,5,1367,1017,706,192
11,7,2039,197,410,226
11,5,1823,395,1291,185
11,7,1439,953,661,537
11,2,2027,1258,880,295
11,13,1319,277,492,282
11,2,1307,1118,1080,237
11,2,1187,1101,233,191
11,7,1439,1415,1372,265
11,5,1823,902,1578,175
11,2,1619,1333,1165,204
11,2,1283,1161,1105,171
11,2,1187,48,37,291
11,5,1367,347,418,231
11,13,1319,115,1186,211
11,5,1487,568,1417,157
11,13,1319,16,640,172
11,13,1319,819,1035,227
11,5,1823,530,926,186
11,5,1367,416,597,234
11,2,1523,1099,348,180
11,2,1619,1145,1117,205
11,2,1283,414,250,274
11,2,1619,1461,1183,199
11,2,1619,813,1603,172
11,2,1307,863,657,224
11,2,1619,1174,916,181
11,2,1907,605,399,170
11,2,1307,1214,17,209
11,5,1367,1335,1106,231
11,5,1367,338,291,205
11,5,1367,1102,560,187
11,5,1823,1099,774,200
11,5,1487,1068,658,224
11,7,1439,175,22,202
11,2,2027,1223,561,228
11,2,2027,805,1532,196
11,2,1187,706,35,237
11,2,1619,319,65,235
11,2,1307,92,692,215
11,2,1307,70,524,210
11,5,1367,1310,681,238
11,7,2039,1708,1728,303
11,13,1319,683,143,160
11,2,2027,1189,1070,165
11,7,1439,436,1173,225
11,5,1487,1459,401,169
11,2,1187,706,35,173
11,2,1619,419,1232,162
11,5,1487,213,604,222
11,2,1523,1373,210,159
11,7,2039,563,1792,212
11,5,1487,655,122,208
11,2,1523,1343,1058,224
11,2,1523,1037,1258,188
11,5,1823,462,1659,210
11,5,1367,465,612,168
11,5,1823,832,312,226
11,2,1307,808,598,257
11,2,1907,1391,1099,176
11,2,1283,1166,719,196
11,2,1187,972,795,236
11,5,1823,1309,872,280
11,5,1823,656,221,248
11,2,2027,27,1950,207
11,2,2027,1364,1191,332
11,13,1319,781,1022,342
11,13,1319,1095,311,485
11,7,2039,1456,348,243
11,2,1523,323,50,231
11,5,1487,701,770,225
11,2,1283,95,605,372
11,5,1823,592,1264,289
11,2,1619,707,934,213
11,5,1487,747,862,155
11,2,2027,101,1194,294
11,13,1319,63,323,264
11,2,1187,246,672,254
11,5,1487,1443,1333,218
11,2,1187,931,665,233
11,5,1487,892,290,270
11,13,1319,687,599,230
11,2,1307,943,1164,201
11,7,1439,1298,1207,208
11,2,1619,904,784,212
11,7,1439,364,1184,218
11,2,2027,975,1498,200
11,2,1283,576,1259,207
11,7,1439,1140,1017,232
11,5,1367,773,445,185
11,2,1523,20,752,181
11,7,2039,248,808,219
11,7,2039,985,1318,195
11,2,1523,572,698,214
11,2,1187,646,3,195
11,2,1523,1236,1231,183
11,2,1307,434,733,197
11,2,2027,1167,1556,205
11,5,1487,719,433,188
11,5,1487,647,228,216
11,13,1319,264,1285,207
11,7,2039,743,923,191
11,2,1619,1404,327,214
11,5,1487,76,1350,208
11,13,1319,675,679,173
11,5,1823,458,271,211
11,2,1187,272,945,202
11,2,1187,122,1072,186
11,7,1439,884,702,210
11,5,1367,39,965,203
11,13,1319,894,343,177
11,13,1319,125,923,265
11,5,1487,60,1128,203
11,2,2027,127,652,183
11,5,1367,933,984,210
11,2,1523,68,1347,199
11,5,1823,212,1333,185
11,2,2027,1917,800,218
11,2,1907,102,1681,253
11,2,2027,1576,1009,238
11,2,2027,1570,1441,268
11,2,1907,1498,408,330
11,7,2039,1130,849,338
11,7,1439,1207,916,231
11,7,2039,732,843,230
11,2,1307,1242,489,227
11,7,2039,189,797,288
11,2,1907,101,1794,265
11,2,2027,84,390,380
11,2,1523,242,922,232
11,5,1367,841,1275,212
11,2,1307,485,1140,200
11,2,1619,1064,149,211
11,2,1307,244,553,267
11,7,1439,144,827,220
11,5,1487,1414,28,204
11,2,1619,510,1154,204
11,2,1187,226,38,177
11,2,1283,1076,969,369
11,2,1307,641,1068,223
11,7,2039,1707,1412,205
11,2,1283,955,723,218
11,5,1367,470,67,198
11,5,1487,635,1098,347
11,7,1439,1305,1249,227
11,2,1307,380,1213,183
11,2,1907,15,349,166
11,13,1319,1044,168,164
11,2,2027,1871,893,196
11,5,1487,1252,873,164
11,2,1619,498,1092,186
11,7,1439,1374,1215,208
11,7,2039,1841,1298,177
11,7,2039,1833,1260,195
11,5,1367,275,889,225
11,2,1523,232,575,165
11,5,1487,1401,1107,194
11,7,1439,1380,470,187
11,5,1823,141,854,188
11,5,1367,259,1236,177
11,7,1439,1258,1293,239
11,7,1439,728,270,175
11,2,1523,1492,1412,196
11,2,1619,883,990,226
11,5,1823,1130,73,177
11,2,1523,1264,426,184
11,2,1187,48,37,184
11,2,1187,431,599,184
11,5,1487,771,1042,221
11,7,1439,1096,592,190
11,13,1319,10,360,167
11,2,2027,17,1344,179
11,7,2039,955,946,201
11,7,2039,1730,1060,180
11,2,1619,602,238,214
11,2,1307,347,117,183
11,5,1487,794,924,168
11,13,1319,648,135,208
11,2,1187,1130,544,178
11,7,2039,1696,1674,171
11,2,2027,814,1962,190
11,7,2039,1768,996,171
11,2,1523,564,205,210
11,5,1823,646,1714,254
11,7,2039,833,1312,190
11,2,2027,773,516,174
11,2,1283,939,1153,198
11,13,1319,571,613,196
11,2,1283,1236,531,222
11,2,1283,756,1134,211
11,2,1619,1256,608,343
11,5,1487,1094,1006,202
11,5,1367,728,1252,230
11,2,1523,1186,35,200
11,2,1523,907,97,192
11,2,2027,220,1204,194
11,2,1187,1050,85,260
11,5,1367,46,575,317
11,7,1439,290,1089,219
11,7,1439,282,1075,323
11,2,1307,702,317,257
11,2,2027,991,1264,252
11,2,1619,518,766,251
11,7,2039,1181,589,247
11,7,1439,1180,729,227
11,5,1823,1126,1091,216
11,5,1367,120,985,226
11,2,1307,174,243,204
11,2,1523,1405,898,220
11,7,2039,1152,450,475
11,7,2039,779,716,285
11,7,1439,405,1382,215
11,2,1907,449,1415,256
11,7,1439,1068,342,301
11,2,1187,619,555,283
11,5,1487,558,1277,305
11,7,1439,672,181,261
11,2,1907,1474,1284,261
11,7,1439,54,93,221
11,5,1823,1475,1128,262
11,5,1487,414,417,241
11,7,1439,18,950,195
11,2,1907,924,857,243
11,2,1187,896,207,248
11,2,1187,45,153,223
11,2,1187,65,769,194
11,7,2039,1905,947,250
11,5,1367,427,74,307
11,2,1187,974,806,235
11,2,1907,1804,1021,242
11,5,1367,632,294,241
11,2,1187,245,336,250
11,5,1367,682,820,213
11,5,1487,1311,70,223
11,2,1187,158,580,227
11,7,1439,1311,116,190
11,2,2027,1818,495,229
11,13,1319,285,970,200
11,5,1487,97,750,222
11,5,1823,1035,1581,192
11,5,1487,484,657,225
11,2,1283,920,632,184
11,5,1367,311,1067,232
11,5,1367,256,1016,185
11,2,1283,658,1077,199
11,5,1487,409,52,204
11,2,1307,633,964,212
11,7,2039,1734,388,222
11,2,2027,1498,124,201
11,13,1319,810,532,167
11,5,1367,1112,884,249
11,2,1187,212,81,223
11,13,1319,293,958,219
11,2,1907,286,1107,185
11,5,1367,661,389,230
11,7,1439,153,1194,211
11,5,1823,1211,409,307
11,2,1523,1301,332,242
11,13,1319,1277,1259,258
11,2,1523,844,1090,202
11,5,1367,1078,582,176
11,2,1523,1016,1056,185
11,2,1283,382,1042,194
11,5,1367,1089,395,200
11,2,1907,743,1441,246
11,5,1367,469,1107,447
11,5,1367,426,835,238
11,5,1487,327,1394,199
11,2,1907,1068,1602,205
11,5,1487,380,1072,237
11,2,1307,12,175,323
11,7,1439,949,68,218
11,5,1823,216,14,228
11,5,1487,886,995,176
11,5,1367,800,867,201
11,7,2039,1284,200,267
11,2,1907,106,198,324
11,2,1187,451,722,208
11,5,1367,26,522,190
11,2,2027,766,1841,177
11,7,1439,1065,538,203
11,2,1283,1195,696,198
11,7,1439,176,154,198
11,2,1307,504,1141,190
11,2,1619,882,495,189
11,2,1307,46,1104,168
11,2,1187,572,30,191
11,13,1319,1099,325,194
11,7,2039,1062,1420,207
11,5,1367,637,126,214
11,5,1823,1642,355,207
11,5,1823,461,1061,208
11,2,1307,597,288,221
11,7,2039,1704,1841,238
11,2,1619,737,1184,210
11,2,1283,1037,753,193
11,13,1319,343,471,185
11,2,1283,44,537,198
11,5,1487,80,621,187
11,2,1307,1075,1258,198
11,2,1523,707,370,216
11,2,2027,689,1467,221
11,5,1823,1616,768,182
11,2,1283,573,1280,189
11,2,1307,641,1068,163
11,2,1307,234,640,178
11,5,1487,979,1194,159
11,7,2039,376,563,174
11,5,1367,222,372,169
11,2,1619,1486,111,184
11,2,1187,944,537,258
11,5,1823,1004,1205,242
11,5,1823,1125,1312,197
11,7,1439,469,572,207
11,7,1439,467,1157,196
11,7,2039,294,871,177
11,2,1307,1012,437,215
11,2,2027,593,1282,238
11,2,1907,215,884,272
11,2,1187,624,1142,242
11,2,1283,751,276,332
11,2,1523,485,500,224
11,2,1283,186,825,219
11,2,1619,357,983,256
11,5,1823,1644,1583,249
11,5,1823,1671,15,208
11,2,1523,229,643,208
11,2,1907,124,1693,202
11,2,1619,93,1423,179
11,2,2027,929,1211,207
11,5,1367,405,1288,204
11,13,1319,1064,67,194
11,2,1187,312,846,175
11,2,2027,829,457,201
11,13,1319,152,998,213
11,2,1523,1431,773,203
11,2,1283,4,16,194
11,5,1367,1207,526,166
11,5,1823,1515,248,175
11,7,1439,911,509,183
11,5,1823,370,1332,272
11,5,1823,111,1247,191
11,13,1319,1036,1222,213
11,2,2027,667,417,217
11,5,1367,5,391,293
11,2,2027,951,950,331
11,5,1823,1245,368,226
11,7,1439,423,532,199
11,2,1283,1255,41,210
11,2,1283,478,914,291
11,13,1319,656,990,276
11,2,1187,394,529,268
11,5,1823,1629,285,316
11,2,1187,274,219,242
11,2,1187,993,567,384
11,7,2039,1682,1747,355
11,2,1523,193,384,372
11,2,1283,321,1115,368
11,2,1523,1301,332,277
11,13,1319,938,1268,250
11,13,1319,982,1142,340
11,2,1619,718,793,296
11,5,1487,1018,785,252
11,5,1487,468,430,236
11,2,1283,104,557,260
11,5,1487,638,446,283
11,5,1487,21,331,270
11,13,1319,330,1013,224
11,2,1187,322,981,347
11,2,1523,1148,550,243
11,13,1319,796,1105,249
11,5,1823,941,1489,225
11,13,1319,738,363,292
11,5,1823,941,1489,213
11,2,1307,1059,330,219
11,2,1523,79,503,214
11,5,1823,1478,629,279
11,2,2027,1572,1710,251
11,13,1319,178,568,343
11,2,1907,1189,54,370
11,13,1319,403,983,285
11,2,1619,1436,677,388
11,7,1439,1394,1233,242
11,2,2027,585,971,226
11,5,1487,121,534,221
11,5,1823,1763,31,216
11,2,1619,879,669,216
11,5,1487,1412,358,259
11,2,1307,545,808,313
11,2,1187,162,971,317
11,5,1487,565,1308,241
11,2,1907,411,1047,225
11,2,1523,1220,91,255
11,5,1487,1136,439,227
11,7,2039,261,1892,234
11,2,1907,1208,230,207
11,2,1187,232,58,227
11,2,1187,265,944,219
11,5,1487,681,982,217
11,7,1439,1161,701,189
11,2,1283,198,1061,155
11,2,1619,1296,439,202
11,2,1283,570,160,160
11,5,1367,693,223,151
11,13,1319,245,506,175
11,2,1307,75,1084,170
11,2,1307,1055,184,159
11,5,1367,1097,851,191
11,2,1307,1079,523,252
11,2,1307,939,1053,232
11,5,1823,970,294,212
11,7,2039,783,239,231
11,2,1307,480,199,285
11,5,1823,1494,230,207
11,5,1367,143,1270,210
11,13,1319,961,561,269
11,5,1487,1147,236,236
11,2,1187,508,954,220
11,2,2027,998,1659,215
11,2,1283,941,763,201
11,2,2027,23,882,182
11,2,2027,300,1983,236
11,13,1319,319,421,327
11,7,2039,345,513,234
11,5,1367,1298,1169,192
11,7,1439,1385,619,192
11,2,1187,302,490,167
11,2,2027,1667,357,198
11,5,1367,89,1278,213
11,7,2039,484,372,193
11,13,1319,240,1227,182
11,2,1283,989,849,194
11,7,2039,1783,559,214
11,5,1367,1271,641,267
11,5,1823,1225,1236,247
11,7,1439,1238,917,211
11,5,1823,1321,1375,211
11,2,1619,225,640,217
11,13,1319,1124,1246,198
11,2,1307,1149,889,187
11,5,1823,961,933,196
11,5,1367,667,443,195
11,5,1823,943,765,209
11,7,1439,605,58,573
11,2,1187,253,552,226
11,7,2039,260,2018,232
11,2,2027,349,209,228
11,2,1619,603,476,178
11,2,1907,1388,1806,287
11,7,1439,1190,752,388
11,2,1907,1354,1811,239
11,5,1367,182,718,220
11,7,1439,826,409,219
11,5,1487,272,648,195
11,7,2039,330,1049,210
11,2,1307,66,1013,231
11,5,1367,53,888,329
11,2,1187,1024,588,196
11,5,1823,909,875,200
11,2,1619,1371,183,212
11,2,2027,1440,310,181
11,2,1619,42,1313,189
11,7,1439,1202,563,183
11,2,1523,1427,905,199
11,7,2039,1400,658,212
11,13,1319,978,898,201
11,7,1439,403,1291,219
11,5,1487,223,697,191
11,13,1319,129,269,205
11,5,1367,101,1321,219
11,2,2027,1881,255,212
11,5,1823,466,1411,204
11,5,1487,502,1252,188
11,7,2039,113,1218,269
11,2,1283,1275,852,243
11,2,1187,998,339,234
11,7,2039,1437,1481,216
11,5,1823,1632,988,191
11,2,1283,166,758,193
11,7,1439,991,682,167
11,7,2039,971,1870,231
11,7,2039,655,1980,219
11,2,1187,306,718,343
11,2,1283,731,1224,255
11,5,1367,1156,1194,245
11,2,1907,1582,497,240
11,2,2027,695,646,211
11,5,1823,876,1370,261
11,5,1487,1071,465,217
11,7,2039,585,42,194
11,5,1367,368,600,194
11,2,2027,1903,970,203
11,2,1523,1213,84,204
11,7,1439,774,788,184
11,7,2039,1142,1863,187
11,2,1187,459,847,177
11,2,1523,145,713,200
11,5,1367,226,110,209
11,2,1187,217,218,175
11,2,1283,305,1244,164
11,7,2039,367,697,164
11,7,1439,1103,1378,201
11,2,1907,1315,1451,211
11,5,1367,1300,518,168
11,7,2039,789,301,197
11,2,2027,617,1343,216
11,13,1319,1280,80,172
11,7,2039,845,1157,245
11,7,1439,1283,1331,217
11,5,1367,118,1133,224
11,5,1487,1477,15,485
11,5,1367,596,31,237
11,2,2027,822,1603,299
11,5,1487,1279,373,313
11,5,1367,594,384,256
11,2,2027,1579,1991,252
11,2,1619,1497,668,379
11,7,1439,1315,789,240
11,13,1319,488,516,196
11,2,1619,1195,781,217
11,2,1307,119,1188,270
11,2,1523,453,1355,212
11,2,1907,1157,413,221
11,2,2027,36,1116,202
11,2,1523,1280,223,185
11,2,1283,1046,636,198
11,7,2039,477,228,248
11,7,1439,958,347,241
11,7,1439,166,842,186
11,2,1619,805,1113,205
11,2,2027,1506,1339,155
11,2,1307,242,465,193
11,2,1283,105,1114,179
11,2,1619,945,1473,356
11,2,1523,1397,63,293
11,2,1307,971,884,220
11,13,1319,297,102,276
11,2,1907,1649,1167,249
11,2,1523,543,390,226
11,2,2027,1970,10,265
11,7,2039,961,1217,233
11,7,2039,1999,1921,222
11,5,1823,48,1494,163
11,2,1523,1501,1042,201
11,2,1283,1075,1126,158
11,2,2027,951,950,193
11,13,1319,1115,917,196
11,2,1907,435,101,231
11,2,1907,376,1385,221
11,2,1619,859,624,186
11,2,1187,779,892,370
11,5,1367,645,1282,217
11,7,2039,689,311,186
11,2,1307,410,1255,204
11,7,1439,360,444,203
11,5,1823,28,1253,170
11,2,1619,558,1304,193
11,5,1367,1054,185,251
11,2,1523,1386,853,226
11,2,1907,1256,1205,201
11,2,1187,538,99,218
11,2,1283,200,395,175
11,2,1283,1272,748,199
11,2,1283,437,1256,216
11,5,1823,1625,963,347
11,2,1283,12,247,366
11,13,1319,1036,1222,249
11,2,1523,599,1066,220
11,13,1319,137,214,199
11,2,2027,883,1481,350
11,2,1307,329,1070,240
11,7,1439,1362,258,219
11,5,1367,1273,988,235
11,2,1619,80,1400,219
11,13,1319,278,1120,193
11,2,2027,682,249,197
11,2,1283,630,909,190
11,5,1487,424,139,191
11,13,1319,255,138,221
11,2,1307,1231,1096,268
11,7,2039,1010,1643,174
11,2,1283,203,594,206
11,2,1523,1364,1220,203
11,5,1823,143,1297,178
11,2,1307,742,567,182
11,2,1187,593,1186,145
11,2,1187,798,1140,185
11,7,1439,1076,993,200
11,7,1439,1378,362,183
11,13,1319,292,581,187
11,5,1367,491,953,176
11,2,1187,351,650,163
11,13,1319,688,1192,190
11,5,1367,918,805,215
11,7,2039,1517,1574,193
11,2,1907,1661,1090,179
11,2,1187,825,1129,175
11,2,1619,1026,807,156
11,5,1823,1781,95,180
11,2,1523,542,195,186
11,5,1487,149,1197,211
11,2,1907,1611,598,217
11,2,1619,458,1446,224
11,7,1439,1189,313,174
11,7,1439,1180,729,188
11,2,1907,610,1326,182
11,2,1907,42,905,177
11,2,1907,1551,1740,174
11,13,1319,906,221,182
11,2,1619,1436,677,204
11,13,1319,1050,1178,182
11,2,1907,1827,786,200
11,5,1367,130,432,200
11,13,1319,1312,83,187
11,2,1187,550,737,216
11,5,1487,1468,225,238
11,2,1307,1240,449,214
11,2,1187,1,2,250
11,13,1319,560,342,225
11,2,1307,984,948,195
11,7,2039,133,1589,195
11,2,1187,675,924,243
11,5,1487,663,874,239
11,2,1283,1040,892,344
11,2,1307,464,767,242
11,2,1283,1082,432,215
11,13,1319,879,211,178
11,2,1619,983,1578,381
11,13,1319,826,178,341
11,7,2039,252,919,211
11,5,1367,817,666,306
11,2,1619,990,1228,212
11,7,2039,245,1221,232
11,2,1283,334,403,207
11,5,1367,1000,57,199
11,2,1619,1450,199,205
11,2,1187,694,111,213
11,7,1439,1016,1155,204
11,2,1619,1382,795,232
11,5,1367,481,480,202
11,2,1283,628,548,178
11,2,1907,549,1100,197
11,5,1823,244,1135,184
11,5,1487,109,302,169
11,2,1283,44,537,178
11,7,1439,457,626,252
11,2,1307,111,1087,240
11,2,2027,668,834,262
11,2,2027,1973,80,220
11,2,2027,1751,1394,190
11,2,1907,1571,1897,185
11,13,1319,981,1001,224
11,7,2039,1901,380,245
11,2,2027,1740,549,267
11,2,1523,325,200,241
11,5,1823,620,1428,232
11,2,1187,1164,1172,195
11,5,1823,1703,1286,222
11,2,1619,157,531,190
11,5,1823,1043,415,340
11,7,1439,1040,674,235
11,5,1823,121,1402,256
11,5,1487,353,129,312
11,5,1487,358,148,430
11,7,1439,923,272,231
11,2,1907,464,1829,265
11,2,1907,492,49,297
11,2,2027,679,1298,292
11,2,1307,372,1276,353
11,2,1523,244,642,488
11,5,1367,605,1078,400
11,2,1907,666,1379,294
11,2,1307,732,954,361
11,5,1823,1294,1699,419
11,7,1439,889,153,377
11,2,1283,551,1196,421
11,5,1823,1131,365,395
11,7,1439,878,835,729
11,7,2039,1958,409,365
11,7,2039,1069,1351,243
11,2,1283,692,546,330
11,2,1907,1141,129,339
11,2,1523,320,387,369
11,7,2039,1027,1491,325
11,2,2027,279,1774,318
11,13,1319,291,552,377
11,7,2039,1812,1144,266
11,5,1823,1557,109,393
11,5,1823,951,142,242
11,13,1319,1152,200,345
11,2,1523,1210,772,228
11,2,2027,737,1330,243
11,7,2039,1305,1803,253
11,2,1187,371,187,225
11,5,1367,661,389,215
11,5,1367,428,370,218
11,2,1523,1020,143,212
11,2,1619,860,1248,340
11,2,1283,566,10,306
11,7,1439,751,447,295
11,2,1907,47,355,249
11,13,1319,656,990,214
11,2,1907,1459,31,223
11,2,1307,860,899,314
11,2,1523,20,752,200
11,2,2027,286,48,236
11,2,2027,659,738,311
11,7,2039,1275,1718,334
11,7,1439,404,403,344
11,2,1283,1278,401,332
11,5,1823,1173,403,354
11,2,1907,756,342,401
11,2,2027,873,1975,251
11,5,1823,1035,1581,341
11,2,1307,1064,104,235
11,5,1487,1079,601,327
11,7,2039,524,600,337
11,5,1823,1812,49,404
11,13,1319,503,545,259
11,7,2039,898,1193,323
11,2,1619,665,198,301
11,7,1439,12,925,237
11,5,1487,778,435,233
11,2,1619,594,646,362
11,2,1907,46,1131,222
11,5,1823,1528,149,341
11,5,1823,1576,200,361
11,2,1619,698,805,243
11,5,1367,211,1043,338
11,5,1487,756,454,198
11,5,1367,772,89,238
11,2,2027,923,494,292
11,5,1367,534,1103,221
11,7,2039,1235,168,220
11,2,1619,1564,1613,227
11,5,1823,340,1565,217
11,13,1319,879,211,231
11,2,2027,140,39,319
11,2,1187,777,223,250
11,2,1187,575,240,246
11,7,2039,71,330,226
11,7,2039,1581,1783,215
11,2,1187,485,1154,225
11,2,1187,290,367,223
11,2,1307,429,1044,215
11,5,1487,465,1312,222
11,7,2039,1940,999,208
11,13,1319,728,12,256
11,7,2039,1641,79,244
11,2,1283,426,166,222
11,2,1907,1308,354,215
11,5,1367,278,398,233
11,2,1523,1171,844,223
11,5,1367,1127,1050,215
11,2,1907,1663,546,202
11,5,1487,794,924,243
11,2,1307,1082,263,238
11,5,1487,678,1364,200
11,13,1319,108,64,219
11,2,1523,1478,347,217
11,7,2039,685,198,222
11,7,1439,451,761,219
11,7,2039,1910,1834,293
11,2,1283,1216,12,288
11,2,1619,1031,1539,254
11,7,2039,1497,443,225
11,5,1487,622,181,269
11,5,1367,355,1302,210
11,7,1439,662,1027,222
11,7,2039,1112,279,223
11,2,1523,1343,1058,237
11,7,1439,514,1210,252
11,2,1619,1385,1503,230
11,2,1283,168,466,208
11,2,1907,38,1606,216
11,2,1187,128,949,306
11,5,1367,1216,873,226
11,2,1187,935,1144,217
11,13,1319,846,809,236
11,2,2027,2007,23,230
11,2,2027,1337,590,242
11,5,1367,1355,396,206
11,2,1907,1046,872,213
11,5,1823,1454,1693,211
11,7,2039,1907,1545,223
11,2,1523,570,936,226
11,2,2027,605,1142,209
11,2,1523,1196,811,226
11,7,2039,1464,1077,207
11,2,1907,1152,1026,228
11,7,1439,1315,789,227
11,13,1319,146,1056,201
11,2,1907,836,161,200
11,2,1283,288,1015,215
11,5,1823,605,583,223
11,5,1367,183,856,208
11,7,1439,1030,994,231
11,5,1487,437,835,234
11,2,1619,818,1107,194
11,7,1439,1060,183,222
11,2,2027,702,1608,338
11,7,2039,1657,251,208
11,2,1619,503,945,227
11,13,1319,911,763,227
11,5,1823,973,290,217
11,2,1619,1222,1195,217
11,5,1823,1623,1424,221
11,2,1907,304,1404,210
11,5,1487,849,1437,242
11,13,1319,304,159,228
11,7,1439,63,792,206
11,2,1619,566,310,221
11,2,1523,641,1030,229
11,5,1367,1080,880,444
11,5,1487,56,254,236
11,13,1319,505,1094,229
11,13,1319,209,786,339
11,7,2039,1083,1179,226
11,2,1283,599,485,228
11,13,1319,328,1005,229
11,2,1523,56,815,239
11,2,1187,288,982,334
11,5,1823,1712,288,216
11,2,2027,865,1235,231
11,2,1619,1383,1590,225
11,2,1523,1289,1474,239
11,5,1487,303,120,315
11,7,2039,347,669,235
11,2,1283,927,67,270
11,2,1307,389,231,245
11,2,1283,956,163,342
11,7,1439,210,1393,246
11,2,2027,1331,706,321
11,2,1907,1419,312,315
11,7,2039,1142,1863,314
11,2,1907,1763,1570,352
11,7,1439,227,541,231
11,5,1823,440,146,237
11,2,2027,157,1741,254
11,13,1319,997,925,302
11,5,1487,1183,1202,244
11,2,1619,271,944,218
11,2,1283,1010,81,238
11,7,1439,675,206,234
11,7,2039,1346,98,207
11,2,1619,355,1460,229
11,2,1307,324,932,240
11,5,1367,316,262,339
11,2,2027,1474,1356,219
11,13,1319,953,736,216
11,2,1907,1500,1632,224
11,2,2027,377,246,217
11,5,1367,1043,809,222
11,7,2039,1890,283,214
11,2,1307,993,479,207
11,2,1187,364,1105,237
11,7,1439,698,405,214
11,2,1187,849,332,230
11,5,1823,812,1682,209
11,2,1523,243,321,214
11,2,1523,711,1351,237
11,2,1619,1436,677,225
11,2,1907,301,1129,219
11,5,1367,104,1085,217
11,2,1523,235,31,233
11,5,1487,1388,1121,228
11,7,1439,35,652,214
11,2,1307,484,570,218
11,5,1487,188,36,226
11,2,1907,506,1876,344
11,7,1439,944,312,240
11,7,2039,1368,1882,231
11,7,2039,765,165,247
11,2,1283,995,450,296
11,2,1619,679,1175,235
11,7,2039,1259,1085,242
11,2,2027,1768,588,231
11,13,1319,284,379,227
11,13,1319,783,1248,223
11,2,2027,1902,485,241
11,2,1307,938,1180,225
11,2,2027,727,1478,267
11,2,1307,937,590,252
11,7,2039,1537,2030,247
11,13,1319,1152,200,228
11,5,1367,772,89,195
11,2,1283,357,249,189
11,5,1823,852,1792,166
11,5,1823,455,1796,194
11,5,1823,1344,843,232
11,5,1367,889,756,245
11,2,1619,1408,375,222
11,13,1319,137,214,216
11,2,2027,1344,521,228
11,5,1487,1246,1175,214
11,5,1367,72,777,236
11,7,2039,1904,1883,227
11,2,1619,1308,1054,216
11,2,1307,269,345,209
11,2,1907,1788,873,239
11,5,1487,841,711,221
11,5,1823,1702,1351,233
11,5,1367,1361,458,222
11,7,1439,578,1061,212
11,2,1907,1093,626,222
11,2,1307,1082,263,254
11,2,1283,886,443,201
11,5,1823,1471,626,235
11,7,2039,1488,74,259
11,5,1487,1146,642,204
11,7,2039,358,747,233
11,5,1487,1329,1256,213
11,2,1307,614,1269,214
11,5,1367,868,472,180
11,7,1439,522,610,183
11,2,1619,537,325,241
11,2,2027,1905,1853,327
11,13,1319,982,1142,257
11,2,2027,508,90,252
11,5,1487,1186,63,229
11,7,2039,1533,1594,212
11,2,1907,420,197,230
11,7,1439,1306,109,223
11,2,1307,4,16,174
11,5,1367,515,870,217
11,2,1307,161,938,250
11,2,2027,1700,140,206
11,13,1319,256,475,210
11,2,1307,1267,38,244
11,2,1307,1001,1073,360
11,13,1319,1029,1207,239
11,2,1187,676,661,201
11,2,1307,334,258,235
11,5,1487,539,959,199
11,2,1307,729,446,177
11,5,1487,20,661,190
11,13,1319,186,648,215
11,2,1283,982,1019,231
11,2,1619,989,614,311
11,2,1307,203,679,243
11,5,1823,277,1011,263
11,2,2027,1059,444,243
11,7,2039,1453,1505,218
11,5,1367,290,1158,207
11,5,1367,343,320,294
11,2,1307,436,318,205
11,5,1487,1188,88,211
11,2,1907,648,1344,204
11,5,1823,1407,883,185
11,5,1823,586,418,213
11,2,1283,119,1101,224
11,2,1619,1476,827,230
11,5,1823,877,1381,357
11,2,1907,1338,284,219
11,2,2027,1896,546,234
11,2,1307,1203,284,290
11,5,1487,106,50,230
11,5,1487,740,571,227
11,13,1319,1098,25,281
11,7,1439,1179,1132,234
11,2,1907,1624,1640,234
11,2,1523,457,358,264
11,2,1307,991,1100,296
11,2,2027,46,1583,225
11,2,1283,306,1205,272
11,7,1439,1281,174,213
11,2,1523,703,975,227
11,2,1307,1189,1285,335
11,7,1439,44,957,353
11,2,1619,1214,1162,255
11,2,1907,1671,565,249
11,2,1307,1253,310,237
11,2,1283,30,407,225
11,5,1487,984,367,223
12,2,3779,3341,2661,314
12,17,2999,1540,780,178
12,2,3779,1120,814,379
12,5,3863,1302,2904,199
12,17,2999,514,1609,245
12,5,2063,450,216,293
12,11,4079,2902,1681,322
12,5,2903,2697,1874,415
12,5,3863,1188,2814,246
12,2,2579,2566,2562,299
12,2,3803,159,3499,213
12,2,3779,3707,2493,246
12,2,3203,1479,2985,248
12,5,3863,2406,185,358
12,5,2903,1641,2732,240
12,5,2207,1297,1969,284
12,2,3779,876,2966,426
12,5,2447,2227,1060,319
12,17,2999,772,90,250
12,2,2099,1966,1861,296
12,7,3119,1279,2825,384
12,5,3023,766,1751,188
12,2,3803,2035,291,275
12,7,2879,1214,254,207
12,2,2579,392,835,194
12,5,3623,2318,1458,212
12,2,3203,2370,1877,187
12,2,3947,2707,74,214
12,2,2963,1608,339,172
12,2,3779,3224,1795,231
12,7,2879,1762,611,222
12,5,2447,294,466,199
12,2,2459,326,1012,221
12,2,3203,1568,2710,234
12,2,3203,3015,1312,224
12,17,2999,2248,1488,341
12,5,3167,109,416,200
12,5,2207,1654,610,248
12,5,3623,1590,1785,205
12,2,2459,1622,2374,199
12,2,3779,836,956,227
12,5,2903,2549,2217,191
12,5,3023,1094,2281,183
12,2,2819,2401,870,184
12,7,2879,897,1571,184
12,2,2459,2430,919,240
12,5,3167,383,3131,240
12,5,3167,556,363,242
12,5,2903,1661,1676,229
12,5,2063,1876,1287,194
12,2,3947,720,331,194
12,5,3167,981,2280,234
12,11,4079,3014,1095,195
12,7,2879,60,2529,244
12,7,2879,2098,855,275
12,2,3203,2764,265,194
12,7,3119,561,1925,227
12,2,3467,1715,2770,346
12,5,2063,160,424,225
12,5,2447,810,861,612
12,7,2879,762,1876,196
12,2,3203,1480,2767,195
12,5,3623,2557,1287,194
12,2,2459,61,2179,183
12,2,3779,935,939,190
12,5,2063,1632,1772,195
12,2,3779,1701,1045,436
12,2,2579,2110,2098,298
12,17,2999,2149,1865,196
12,5,4007,2481,1488,199
12,11,4079,714,2922,247
12,5,4007,1430,2714,329
12,2,3467,2943,793,200
12,5,3863,574,3650,218
12,5,3863,360,1744,258
12,5,3023,1449,2492,207
12,2,3947,775,862,296
12,2,2459,1656,1249,196
12,5,2447,793,433,223
12,5,3863,2433,1984,250
12,2,3947,362,2971,210
12,5,2903,2575,1470,190
12,2,2819,2569,515,191
12,2,3803,593,3437,182
12,2,3467,159,3426,193
12,2,2459,2353,911,228
12,5,4007,577,3648,201
12,17,2999,2950,1575,228
12,5,2903,2615,2639,227
12,5,3023,430,2429,243
12,2,3947,1164,260,251
12,11,4079,4048,3835,209
12,5,2903,2824,2564,321
12,5,3863,1999,1017,632
12,2,2099,1727,1137,298
12,5,4007,486,1413,271
12,7,3119,2811,2265,225
12,11,4079,479,2121,259
12,5,3863,3354,2170,244
12,7,2879,1696,1839,216
12,5,3167,2279,307,263
12,5,3023,351,1938,393
12,2,2459,1729,445,300
12,2,2099,1844,1789,236
12,2,3803,1905,3787,362
12,5,2447,2251,1137,306
12,2,3947,2817,236,216
12,2,2099,527,750,233
12,2,3779,487,2997,246
12,5,2063,1822,1008,263
12,7,3119,2821,2338,259
12,2,2579,429,1270,191
12,2,3467,2066,688,188
12,5,4007,3851,2440,423
12,2,2099,1,2,201
12,5,2063,743,715,215
12,11,4079,3963,1719,385
12,5,4007,3686,2618,192
12,2,2819,235,1298,195
12,2,3803,3271,3058,217
12,11,4079,892,1838,203
12,2,2459,40,1345,182
12,5,2207,2174,342,183
12,5,3023,2585,649,236
12,2,3467,1985,173,212
12,2,2099,1920,1870,206
12,2,3203,1322,954,219
12,5,3863,1263,1653,247
12,17,2999,2677,1751,189
12,5,4007,1044,2828,254
12,2,3803,621,2038,253
12,2,2459,863,427,248
12,5,2207,344,2027,222
12,5,2447,1120,771,260
12,5,3023,429,1695,233
12,2,3779,3137,2172,201
12,11,4079,1599,184,232
12,2,3467,1499,1375,223
12,5,3023,555,1210,211
12,2,2579,1800,1121,188
12,2,3947,2074,3034,524
12,7,2879,67,2551,223
12,5,2063,1158,192,207
12,5,3023,1566,726,222
12,5,2063,44,22,224
12,2,3803,360,1145,186
12,2,2459,2276,194,237
12,17,2999,2420,1778,189
12,5,3623,2985,1889,310
12,2,3803,1862,736,234
12,7,3119,126,2363,191
12,5,2063,1521,1656,221
12,5,2207,1135,1310,178
12,5,3623,1234,2905,220
12,5,3023,2113,894,205
12,5,3863,3112,2779,236
12,5,2063,539,781,225
12,2,3947,518,751,245
12,5,2903,2142,2787,249
12,17,2999,1868,1938,237
12,5,3863,2470,2264,266
12,2,2579,463,975,242
12,5,3863,1653,868,268
12,5,2207,517,1366,249
12,2,3803,1630,2523,263
12,7,3119,2746,2940,288
12,2,2459,543,1932,427
12,2,2963,779,681,376
12,5,2447,786,312,237
12,11,4079,3757,3741,230
12,2,2579,121,600,234
12,2,2459,191,535,276
12,5,3023,2344,603,271
12,2,3803,815,683,234
12,17,2999,2296,1549,219
12,5,2903,1280,684,313
12,2,2819,2548,1851,329
12,5,3623,3617,1957,197
12,5,2903,1241,750,200
12,2,2099,1169,748,195
12,2,2819,337,621,226
12,5,2207,740,741,186
12,2,2579,617,509,202
12,2,3803,1398,1234,242
12,5,2903,2360,1389,270
12,5,3863,1888,503,455
12,7,3119,2634,2082,206
12,17,2999,628,364,202
12,5,2063,1341,1582,189
12,5,3623,2475,1128,241
12,5,3023,2394,2821,241
12,2,2963,486,2162,372
12,2,3947,3740,62,300
12,2,2819,2217,218,287
12,2,3947,2346,1666,375
12,5,3623,1447,669,283
12,2,2459,2065,2054,256
12,5,4007,2573,143,496
12,5,2447,2255,995,239
12,11,4079,1571,812,253
12,5,2063,1038,269,168
12,11,4079,1638,2219,293
12,5,3167,878,1407,195
12,2,2099,1354,471,221
12,7,2879,1021,886,408
12,2,2099,740,144,247
12,5,3023,1406,439,229
12,11,4079,80,3206,257
12,2,3947,2953,566,219
12,2,2459,1963,1619,196
12,7,2879,1254,805,403
12,2,2459,1070,838,247
12,2,2963,19,2800,185
12,11,4079,4054,2983,370
12,2,2459,1283,1078,249
12,2,2099,2075,1407,233
12,5,3167,1394,3144,331
12,2,3947,2530,1787,244
12,2,3467,453,1042,232
12,7,3119,1323,1975,331
12,5,3023,2754,2179,304
12,7,2879,2785,1727,384
12,7,3119,854,2791,374
12,7,3119,854,2791,354
12,2,2819,712,426,324
12,7,3119,2296,3076,294
12,5,2063,1773,1920,231
12,5,2063,1594,1218,355
12,2,3203,1862,2557,258
12,7,2879,1870,2313,289
12,17,2999,1332,2004,265
12,7,3119,1335,327,300
12,5,3167,1286,1804,412
12,11,4079,1547,3349,417
12,2,2459,2144,733,304
12,5,2207,223,419,295
12,5,2207,1242,351,206
12,7,3119,1639,462,387
12,5,2063,1565,1361,324
12,5,3623,3400,3266,543
12,2,2459,2026,1462,382
12,2,2459,336,1049,302
12,2,2819,1733,864,312
12,2,3203,485,2508,441
12,2,3203,26,2811,295
12,2,2579,559,617,218
12,17,2999,2082,1912,282
12,5,2903,2628,1817,499
12,2,3947,318,3930,336
12,2,3203,3175,2725,323
12,11,4079,462,1933,457
12,7,3119,2207,2222,290
12,2,2819,2591,2172,234
12,5,3623,49,84,354
12,5,2063,1459,1552,195
12,7,3119,2962,1702,275
12,5,2447,1767,770,216
12,2,3803,3142,3519,202
12,5,3023,2334,2874,243
12,7,3119,3036,2069,358
12,2,3779,956,165,277
12,5,4007,3070,21,276
12,7,2879,833,2386,227
12,2,2819,26,2569,171
12,11,4079,3608,27,261
12,2,3947,1009,60,367
12,2,2819,1076,118,372
12,2,3203,1499,2136,235
12,5,2207,21,1161,187
12,2,3467,1134,795,359
12,5,3167,2173,1120,216
12,2,3203,1322,954,316
12,5,3023,404,1883,321
12,2,2459,2118,1903,215
12,2,3779,681,3006,509
12,5,2447,1665,2308,314
12,5,3023,1458,304,395
12,2,2579,1066,1098,337
12,5,3623,2603,2430,450
12,5,3863,1337,3208,256
12,5,3167,2275,2301,272
12,2,2459,2001,335,396
12,2,2579,649,85,280
12,2,2579,1648,1065,290
12,5,2063,1494,275,237
12,2,2099,1948,1782,229
12,5,2207,1389,1147,306
12,2,2963,463,1642,289
12,2,2963,480,2719,337
12,17,2999,273,2731,349
12,5,2207,1233,1666,269
12,11,4079,3616,766,249
12,5,2207,96,1133,236
12,2,3779,1160,1387,236
12,11,4079,646,585,257
12,5,3623,2332,2353,290
12,5,2903,468,487,231
12,2,3803,184,3786,371
12,2,3803,2283,3562,236
12,5,2903,1821,1303,209
12,11,4079,4000,3920,315
12,5,2063,1965,1473,206
12,2,3203,2339,1979,200
12,5,2903,2377,2110,252
12,2,3803,20,2751,220
12,2,2099,25,1917,256
12,5,4007,2897,2206,257
12,2,2579,2363,23,268
12,5,2447,540,1604,289
12,2,3467,2677,245,278
12,2,2459,127,620,327
12,5,4007,3627,803,283
12,17,2999,438,1960,269
12,5,3023,995,438,377
12,5,4007,2195,1144,313
12,2,3803,2872,3136,394
12,5,2903,1672,1722,367
12,5,2207,920,267,292
12,2,2579,1803,1231,419
12,5,2207,16,196,375
12,17,2999,1736,312,447
12,2,3467,1137,2893,259
12,5,2063,1566,616,335
12,5,2903,343,1786,323
12,7,3119,2324,2200,341
12,5,3167,2669,712,225
12,5,3167,726,2650,361
12,2,2963,2579,1862,243
12,5,3623,38,2780,332
12,5,3023,2825,1386,679
12,5,2063,1105,2007,257
12,2,2819,357,2067,280
12,7,3119,1726,2960,297
12,2,3803,3534,2634,364
12,2,2459,1777,2110,295
12,5,3167,2386,548,295
12,2,3947,2756,360,302
12,2,2579,1602,620,227
12,5,2207,1668,2134,313
12,5,3623,138,835,352
12,5,3863,3432,1070,285
12,5,2063,335,1107,337
12,5,2447,789,2295,330
12,5,4007,387,2218,243
12,5,3167,2820,350,303
12,5,2903,1880,561,222
12,5,2903,755,449,247
12,5,3863,2853,1081,226
12,2,2579,1052,1781,269
12,2,3779,3366,2157,281
12,2,3803,2426,2949,244
12,5,3623,3587,2196,393
12,2,2579,445,1232,247
12,5,2447,1187,1786,282
12,11,4079,2200,3005,255
12,2,2963,2009,344,207
12,2,3203,409,2012,226
12,5,2063,190,2017,289
12,2,2459,324,253,241
12,2,3203,2330,2550,257
12,2,3467,248,1506,301
12,2,3203,2251,22,259
12,7,2879,925,793,336
12,2,2099,1422,2003,427
12,5,3167,622,2869,216
12,2,3803,2227,3770,252
12,5,2447,1331,277,408
12,7,2879,2551,574,317
12,2,2963,127,2624,214
12,2,2819,2658,843,270
12,5,2447,1748,1237,237
12,2,2579,178,2304,226
12,5,2063,1405,47,197
12,5,3863,2427,793,322
12,7,2879,600,305,332
12,2,2459,385,471,281
12,11,4079,697,586,377
12,5,3023,2675,891,247
12,5,2447,2181,95,350
12,2,3947,3485,1141,353
12,7,2879,1089,1197,342
12,5,2063,1483,789,432
12,2,3947,2889,3018,254
12,2,2579,251,1449,257
12,2,2459,1247,969,287
12,2,3467,3002,425,252
12,5,2207,787,1262,211
12,2,3947,3608,2157,261
12,2,3803,784,1589,428
12,5,3023,2064,2370,345
12,5,3023,2356,1014,328
12,2,3947,1363,758,272
12,2,2099,1722,1413,330
12,5,3863,1302,2904,299
12,5,2063,1382,559,242
12,5,3623,2592,1233,273
12,5,3863,2588,3666,340
12,2,3947,1338,2950,862
12,5,3863,3103,2120,301
12,2,2963,145,2443,292
12,2,2459,1254,1082,237
12,7,2879,2221,138,245
12,2,3803,1239,71,245
12,7,2879,1909,1988,228
12,7,2879,848,297,227
12,5,4007,105,988,339
12,2,2099,531,1505,330
12,5,2447,1793,2065,329
12,2,3803,849,1341,560
12,5,3167,2536,1584,580
12,7,2879,2109,1798,355
12,5,3623,2904,1978,902
12,2,3467,213,2424,381
12,17,2999,2384,2428,504
12,2,2579,764,1764,543
12,11,4079,2631,2926,575
12,7,3119,7,127,282
12,2,2963,1337,604,523
12,2,2963,985,804,412
12,2,2819,1787,2582,374
12,2,3947,149,514,459
12,2,2099,835,1353,380
12,2,2819,2539,835,521
12,5,3167,639,1339,544
12,5,3623,996,3103,1136
12,5,2447,522,1380,479
12,2,3203,2473,775,305
12,2,3779,3543,250,409
12,2,3203,2568,1680,561
12,2,2963,1669,1893,488
12,2,2963,1336,302,555
12,2,2099,1581,1188,427
12,2,3803,2768,2807,405
12,2,2099,57,1991,483
12,11,4079,866,1960,283
12,2,3947,3704,3447,375
12,5,2903,186,200,682
12,17,2999,1059,2902,339
12,5,3023,1570,300,360
12,2,2459,1132,389,404
12,5,2207,1950,194,473
12,2,3203,28,1635,346
12,5,2903,2201,2051,637
12,5,3167,1740,2434,454
12,2,2963,681,115,425
12,7,3119,1710,506,418
12,2,2459,148,1105,464
12,7,3119,2363,716,435
12,11,4079,843,3966,435
12,2,3779,486,3388,370
12,2,3203,308,1588,397
12,5,2903,2339,669,356
12,5,3863,613,1042,396
12,5,2063,1151,145,356
12,5,2207,1500,1308,437
12,7,2879,1427,201,404
12,11,4079,3702,1604,569
12,2,3779,1237,2752,480
12,5,2903,1426,970,344
12,2,2459,1152,2062,296
12,5,2207,878,67,1235
12,2,3779,3764,2721,534
12,5,2207,2127,2128,749
12,7,3119,3089,688,277
12,7,3119,913,372,309
12,5,2063,333,952,496
12,2,2963,2723,1812,329
12,2,3947,1636,3580,382
12,2,3803,361,2290,378
12,5,2903,1081,303,633
12,2,3779,409,3251,584
12,2,2963,240,1161,463
12,2,2099,1202,980,301
12,5,2447,387,1390,322
12,2,2819,2768,2047,234
12,2,3779,297,2121,317
12,2,3779,398,2214,439
12,2,3803,240,1374,316
12,5,2063,1386,728,290
12,5,2903,745,2593,350
12,2,2579,22,850,259
12,2,2459,72,1966,647
12,2,3803,3211,1330,319
12,2,3467,492,472,264
12,5,3623,1028,3316,355
12,2,2579,1397,2521,298
12,5,4007,2474,1787,227
12,7,3119,1910,1901,424
12,7,2879,1587,717,462
12,7,3119,109,226,297
12,7,2879,720,1717,306
12,5,3023,2612,2725,264
12,5,2063,815,1189,462
12,5,3023,2984,1282,241
12,2,2819,527,1006,220
12,7,2879,64,318,223
12,2,3803,2823,1549,243
12,2,3803,2497,2928,235
12,2,2819,506,638,324
12,2,3467,1021,2364,343
12,17,2999,1966,2659,211
12,2,2963,2536,92,199
12,5,3863,2131,3511,384
12,5,3623,2751,3452,204
12,2,3947,2886,1364,195
12,2,2963,998,2582,204
12,5,3167,724,106,228
12,5,3863,1063,3308,267
12,17,2999,34,1516,183
12,2,2579,2064,507,193
12,2,3803,2742,2951,203
12,2,2963,516,52,234
12,5,2063,651,506,206
12,2,2099,1229,220,196
12,2,2819,2226,1675,213
12,5,2063,969,607,247
12,2,3467,2832,889,194
12,5,2447,909,2199,253
12,2,2459,849,569,235
12,2,3779,3283,3421,326
12,5,2447,204,2329,248
12,2,2099,712,1084,235
12,17,2999,1328,1126,643
12,5,3023,2240,489,286
12,2,2819,1469,644,212
12,2,3203,238,1621,192
12,2,2459,1836,2299,212
12,7,3119,1107,857,190
12,2,3947,3696,3390,198
12,5,2447,1629,1107,224
12,2,2963,902,2053,198
12,5,3863,492,2230,249
12,5,2063,974,978,196
12,2,2963,2136,1904,225
12,5,2447,547,1630,310
12,2,3803,640,458,209
12,7,3119,2899,2908,256
12,2,2963,984,402,237
12,2,2963,620,1002,241
12,5,4007,2841,1745,174
12,2,3467,1645,2758,313
12,2,3203,2766,1060,239
12,11,4079,3059,958,211
12,5,3167,2543,2642,357
12,2,2099,1124,240,203
12,2,3779,3560,291,209
12,7,3119,1222,2842,193
12,2,3467,2680,1960,215
12,5,2903,1097,1879,324
12,2,2099,144,900,213
12,5,3167,1776,799,224
12,2,2963,178,111,192
12,5,3863,2352,81,221
12,2,2459,119,2423,224
12,2,3779,2910,1264,256
12,5,3023,1585,1201,248
12,5,3863,2071,3795,227
12,2,2459,1621,1187,236
12,2,3779,3700,49,257
12,5,3863,2038,2642,221
12,5,2447,320,2362,241
12,5,2903,928,2407,220
12,5,3167,2493,2278,271
12,2,3203,1390,1190,195
12,2,3803,1949,3473,195
12,5,2063,1555,282,179
12,5,2903,1465,1233,199
12,2,2963,1713,2808,227
12,2,2459,1398,1263,202
12,5,4007,3034,37,216
12,7,2879,2658,579,269
12,2,3803,418,1180,236
12,2,2579,599,1114,190
12,7,2879,211,2387,258
12,2,2819,1800,787,205
12,11,4079,3393,4034,203
12,7,3119,76,1773,218
12,5,2063,1429,315,194
12,5,2063,1174,1994,232
12,5,3863,2764,544,222
12,17,2999,373,1329,244
12,2,3203,709,1070,203
12,2,2579,1678,218,220
12,5,3023,1329,316,342
12,5,3167,2406,1598,270
12,2,3203,1097,1142,339
12,2,2819,1656,26,271
12,5,3863,2052,1323,417
12,5,4007,1150,1918,201
12,17,2999,720,1654,229
12,5,2063,483,1586,210
12,2,3467,2746,695,220
12,7,3119,584,1086,211
12,2,2963,2538,368,201
12,5,4007,3149,2555,216
12,2,3947,1060,2341,220
12,5,2207,257,876,237
12,11,4079,1321,3798,236
12,7,3119,114,2559,243
12,5,3863,1752,2294,247
12,2,3803,1629,3163,360
12,5,3167,509,827,227
12,2,2819,2487,2347,226
12,2,2099,650,1761,204
12,5,3623,3370,3576,208
12,5,4007,3200,552,206
12,2,2099,382,875,236
12,2,2099,1972,1560,249
12,5,3863,1785,596,231
12,2,2963,2735,2600,236
12,2,2579,2364,46,237
12,2,2579,1084,2238,250
12,2,2459,2363,903,332
12,5,3023,710,530,375
12,5,2903,1870,2548,325
12,2,3779,1491,920,478
12,5,3167,508,2699,424
12,2,3203,3085,570,362
12,5,2063,582,1786,328
12,2,3467,2007,2695,327
12,2,3203,1026,3090,345
12,5,3623,1470,3580,460
12,17,2999,2865,2922,503
12,2,3779,2023,2817,288
12,2,2579,1203,430,400
12,5,2903,1328,415,469
12,5,2903,109,651,311
12,5,4007,998,56,347
12,7,2879,716,1460,416
12,17,2999,1947,933,942
12,2,2963,2683,1235,268
12,5,2903,1921,2340,238
12,2,3467,1988,1384,422
12,5,3863,1147,2893,271
12,2,3803,671,1439,445
12,5,3863,535,633,256
12,5,4007,2431,813,285
12,5,4007,489,317,375
12,2,3947,3287,1116,409
12,2,2099,1797,918,217
12,5,3863,2909,3588,889
12,5,3167,1574,1930,372
12,11,4079,145,803,273
12,5,3623,1744,3609,259
12,11,4079,2908,1800,392
12,5,3023,862,2809,243
12,2,3947,3937,1457,323
12,5,3023,1768,1349,336
12,5,4007,1840,3701,238
12,5,3023,1107,830,349
12,2,2459,143,2263,372
12,2,2099,164,1703,283
12,5,3167,2523,2000,285
12,2,3803,3555,2838,291
12,2,2819,683,2613,249
12,2,3467,1111,2473,289
12,2,3947,3712,2251,356
12,2,3467,2572,2556,382
12,5,2447,1829,899,271
12,17,2999,2752,2115,263
12,2,2819,422,1173,295
12,2,2459,2226,759,314
12,2,3803,1576,2881,410
12,17,2999,2613,1613,263
12,2,3779,2244,1441,250
12,2,2099,1366,235,307
12,7,3119,2972,2192,283
12,2,3947,1446,2032,277
12,5,2063,762,83,240
12,5,3623,97,3585,264
12,5,2063,379,1661,273
12,17,2999,407,2435,322
12,7,3119,2503,1261,344
12,5,4007,1083,1693,313
12,5,2903,1839,101,282
12,5,2063,540,1842,330
12,5,3167,2962,513,315
12,17,2999,2229,821,348
12,2,2099,942,763,345
12,5,3863,2436,768,490
12,2,3203,1478,3094,232
12,5,3863,1312,2634,356
12,2,2579,2504,177,366
12,7,2879,2502,147,276
12,5,3167,1257,2863,277
12,2,2099,297,1679,235
12,5,3023,1871,2510,309
12,17,2999,992,1269,325
12,7,2879,1209,2151,377
12,11,4079,1426,2231,241
12,11,4079,812,3619,371
12,5,2903,1847,1355,307
12,2,3779,551,3774,341
12,2,2963,1533,2649,288
12,7,2879,1924,747,330
12,2,2963,2325,435,306
12,5,2207,761,1778,305
12,5,4007,3310,2690,324
12,7,2879,2036,1191,255
12,5,2447,1180,2355,247
12,7,3119,948,888,335
12,2,3467,1082,1920,329
12,2,3803,3712,1083,396
12,2,2579,1823,2398,282
12,2,2579,2560,443,247
12,5,3023,964,689,362
12,5,2207,858,1829,392
12,5,2207,230,151,384
12,2,2459,2444,439,256
12,17,2999,1124,904,545
12,5,2063,795,1278,315
12,2,3779,1117,2936,473
12,5,4007,1801,1974,331
12,5,2903,1326,2339,507
12,2,2579,916,135,426
12,2,3467,2988,211,303
12,2,2579,1828,1945,321
12,2,3947,925,2008,297
12,11,4079,2914,2602,326
12,2,3467,974,1301,320
12,2,3467,1281,3101,402
12,5,4007,3361,2024,457
12,5,3023,2398,716,406
12,17,2999,2964,1545,388
12,5,2903,1280,684,527
12,5,2063,1002,1840,328
12,5,4007,186,2588,314
12,2,2459,984,2446,236
12,2,2819,1883,1233,206
12,2,2099,34,1271,171
12,7,2879,316,2701,176
12,2,2459,353,2002,180
12,11,4079,761,3759,190
12,5,2063,1499,1167,193
12,2,2459,1999,1928,192
12,2,3803,3094,1359,174
12,2,3803,714,3193,181
12,2,3203,1689,638,155
12,5,3623,3481,2445,323
12,7,2879,2237,586,190
12,5,4007,3057,2152,347
12,5,2903,111,1760,333
12,5,3167,1486,838,373
12,5,2903,1840,505,352
12,2,3203,2696,1316,298
12,5,2447,144,2106,480
12,2,2459,1311,737,503
12,5,4007,2272,2629,649
12,5,2063,195,660,380
12,5,2063,1886,176,792
12,2,2819,675,1695,528
12,7,2879,1707,2847,393
12,2,3203,420,1518,507
12,2,3467,1493,184,403
12,2,3803,541,2796,514
12,5,2207,1174,441,391
12,2,3467,814,2225,407
12,5,2063,590,1225,370
12,5,3167,1910,948,314
12,11,4079,1915,116,396
12,2,2459,91,1342,362
12,2,2579,2470,667,377
12,5,2903,730,2823,414
12,2,2459,1317,447,413
12,7,2879,1809,2522,416
12,5,3023,211,1433,308
12,5,2063,927,596,485
12,7,3119,1005,661,352
12,11,4079,2475,3620,450
12,2,3203,1857,180,397
12,5,4007,2228,389,393
12,7,3119,2422,1318,375
12,5,3167,874,1416,396
12,7,2879,2652,375,360
12,5,2903,1398,2343,370
12,5,3623,1238,502,396
12,11,4079,3004,1705,308
12,2,3467,897,1606,308
12,5,2903,1469,1330,240
12,5,2207,489,814,371
12,2,2099,165,1307,354
12,5,3023,436,2383,401
12,17,2999,2449,2879,432
12,2,2579,2521,1639,402
12,5,2207,984,1223,427
12,5,2207,1395,1035,410
12,17,2999,2633,2193,405
12,2,3947,891,33,445
12,5,2063,1963,389,422
12,2,2819,244,2111,533
12,5,2447,931,1486,387
12,2,3779,2891,3557,297
12,7,3119,1227,1128,353
12,7,3119,2971,2541,428
12,17,2999,1601,1131,393
12,5,4007,3994,894,445
12,5,2447,293,1072,349
12,2,2099,1209,1599,338
12,5,3863,2003,2093,348
12,2,2819,449,2671,425
12,7,2879,1909,1988,294
12,17,2999,894,864,373
12,2,2099,1285,714,434
12,5,2207,927,1018,404
12,5,3023,1842,179,382
12,5,2447,1704,2206,397
12,2,3803,679,3296,420
12,2,3203,2852,689,474
12,5,4007,431,2557,417
12,2,2099,893,1612,480
12,2,2963,2077,683,359
12,7,3119,665,2989,428
12,5,2903,162,2505,308
12,7,3119,1813,237,447
12,11,4079,1320,2941,406
12,2,2579,334,2137,317
12,2,2459,2330,2342,388
12,5,2063,1031,2062,296
12,2,3467,1303,2996,334
12,17,2999,493,2819,403
12,7,2879,1676,2163,475
12,7,2879,2217,337,391
12,2,3467,2749,2093,472
12,5,3863,956,2809,405
12,5,2207,1439,933,389
12,5,2207,688,1502,261
12,2,3203,2520,2867,480
12,2,2963,979,2420,398
12,5,3863,1945,1197,365
12,2,2459,235,162,338
12,7,2879,2141,466,450
12,2,3779,1461,1787,520
12,2,3203,1258,1492,403
12,5,3023,2646,2553,278
12,2,3467,2619,3280,358
12,5,2903,2482,2221,550
12,2,3803,3443,186,533
12,7,3119,890,556,402
12,5,3623,1896,79,362
12,2,2099,36,886,859
12,2,3203,331,2263,510
12,2,3803,2040,1706,373
12,2,3203,1813,2627,314
12,5,3023,959,2111,445
12,2,3467,513,2975,1897
12,2,3203,2635,101,397
12,5,2063,818,89,305
12,2,2963,1112,40,436
12,5,2063,1609,1060,352
12,5,3167,1808,2175,515
12,7,2879,2057,2588,371
12,2,3947,3370,284,334
12,2,3203,2852,689,342
12,2,3467,3336,1123,291
12,11,4079,3562,3483,1135
12,5,3623,1579,1107,663
12,2,3467,3379,1418,506
12,5,2063,971,734,257
12,2,3203,1875,2527,297
12,5,3023,53,1422,359
12,2,3779,2902,2603,337
12,17,2999,2459,1220,339
12,2,2459,1428,744,409
12,2,2963,337,1415,1527
12,2,3203,678,2466,321
12,5,3023,2713,2130,299
12,2,3467,1869,568,310
12,7,3119,803,1680,282
12,2,2819,620,336,393
12,5,3023,2272,2502,411
12,2,3203,292,166,374
12,5,2207,140,452,302
12,2,3803,168,275,287
12,5,4007,1933,2939,279
12,2,2819,1924,348,349
12,2,3467,2779,1466,378
12,5,3167,1308,1621,412
12,5,2447,1611,391,338
12,11,4079,1168,2807,501
12,11,4079,919,321,333
12,5,2063,247,1021,387
12,5,3623,2511,1527,400
12,5,3023,2893,1075,324
12,2,2099,1800,1047,432
12,11,4079,2128,1867,273
12,11,4079,43,3897,300
12,2,2099,287,1992,317
12,2,2099,1546,775,397
12,2,3467,2688,2512,579
12,5,2063,1765,290,326
12,2,2819,1539,1143,481
12,5,2903,2655,2512,501
12,2,2459,1175,422,366
12,2,2099,1283,1228,561
12,5,3023,2702,1128,961
12,5,3167,684,813,498
12,2,2099,636,505,725
12,2,3779,2288,3130,383
12,2,2819,593,1375,377
12,2,3803,1757,2910,317
12,2,3947,2961,2804,524
12,5,3167,2736,1431,336
12,2,3203,200,3053,445
12,2,3803,275,618,1000
12,2,2579,1400,2115,496
12,2,2099,1178,958,1097
12,5,4007,3476,3744,460
12,5,3023,2119,2490,389
12,2,2579,933,201,474
12,5,3863,3343,2168,445
12,5,2447,1468,432,459
12,7,3119,2413,328,510
12,5,2207,1179,957,419
12,5,3167,3096,1009,469
12,5,3167,292,1887,587
12,11,4079,2855,431,549
12,2,2459,1619,2141,496
12,2,3947,3030,3161,487
12,2,3203,525,1002,303
12,2,3779,61,595,519
12,2,2819,890,2376,431
12,5,2063,83,929,397
12,17,2999,2843,1049,405
12,5,3023,1081,1654,432
12,11,4079,73,636,425
12,7,3119,133,677,305
12,7,3119,948,888,425
12,2,3467,904,1015,290
12,2,2579,560,1234,324
12,7,2879,1878,2736,502
12,7,3119,2336,2970,592
12,5,3023,1215,590,365
12,5,3167,3060,2170,479
12,2,3803,2280,1396,415
12,17,2999,2407,95,392
12,7,3119,917,1138,247
12,5,3023,555,1210,327
12,5,3023,1013,15,259
12,5,3167,398,554,468
12,5,2903,415,2741,318
12,5,2447,1633,1821,286
12,17,2999,2742,2201,276
12,2,3203,2146,532,245
12,5,2903,1084,136,577
12,5,3863,965,2813,266
12,7,2879,438,843,268
12,5,3623,259,1267,303
12,2,3203,2177,1644,353
12,2,2819,2436,1776,284
12,5,2063,278,429,518
12,7,2879,460,2612,295
12,5,3167,1758,516,338
12,5,2903,1088,813,251
12,2,2819,245,1403,260
12,5,3023,2729,1825,371
12,7,3119,1295,1769,243
12,5,2063,1346,802,240
12,5,2903,1933,2453,246
12,5,3023,1919,2095,254
12,17,2999,965,2858,333
12,5,2063,301,180,261
12,2,2579,2146,777,244
12,5,3167,3007,276,248
12,5,2447,235,2337,218
12,5,3167,2970,1867,211
12,11,4079,3767,1015,420
12,2,2459,1697,816,373
12,2,2099,688,657,247
12,2,2579,249,1007,233
12,17,2999,2057,2249,421
12,5,3863,1624,1307,403
12,2,3203,786,286,284
12,5,2207,415,2135,279
12,5,3167,2855,952,222
12,7,2879,2639,1982,222
12,2,2099,749,263,232
12,5,3023,2682,1777,328
12,5,3167,1064,1134,263
12,5,2207,1313,1906,246
12,5,3623,757,399,256
12,5,3623,2467,3110,244
12,5,3623,3273,1050,572
12,5,3023,1221,1623,418
12,11,4079,1147,1498,346
12,17,2999,396,2447,347
12,5,3623,3392,1309,391
12,2,3779,3434,211,442
12,7,3119,778,1043,324
12,5,3863,2372,3448,421
12,5,2903,495,2247,285
12,2,3203,1179,2829,354
12,5,4007,3489,1258,446
12,2,2579,827,2415,270
12,2,2459,753,2397,250
12,2,3467,728,160,285
12,7,3119,3102,2135,280
12,5,2063,1303,1120,399
12,5,4007,3081,3332,366
12,2,2459,1305,511,272
12,17,2999,824,1945,350
13,2,5099,1431,1046,300
13,2,6827,4794,4770,677
13,2,8147,2930,5742,269
13,7,5639,4651,306,232
13,7,5399,1537,4561,214
13,5,5087,3304,227,222
13,11,8039,549,6096,423
13,11,4679,4091,1859,213
13,2,7523,799,4224,205
13,2,5939,5824,2887,240
13,7,4799,4032,1563,242
13,5,7703,1457,6145,476
13,2,6827,5376,4840,293
13,2,5099,4473,1724,218
13,2,6899,557,6190,406
13,11,8039,4190,5410,252
13,7,7079,2085,2712,339
13,2,7523,528,3995,225
13,7,5639,1389,3323,259
13,5,7727,257,2325,297
13,7,5639,883,3806,328
13,2,4259,1721,658,374
13,2,5939,2675,4884,337
13,2,5387,611,5370,240
13,2,4787,472,2527,367
13,2,6779,2467,3544,368
13,11,6719,3948,3966,354
13,2,7643,7217,7636,525
13,2,5939,4281,4822,344
13,5,5807,3879,5594,271
13,2,4283,358,2690,254
13,7,5639,5496,4782,271
13,2,8147,4408,3051,316
13,2,4547,343,4092,253
13,2,4787,2140,2344,248
13,5,7703,5975,26,214
13,2,5939,4159,5429,246
13,2,7187,4653,2903,398
13,5,6047,2330,507,390
13,5,6983,516,1863,365
13,5,5087,1583,5080,364
13,7,5399,101,112,676
13,5,5087,3324,1973,325
13,2,5099,1798,4989,323
13,5,7703,3170,2641,406
13,2,6899,1674,5189,458
13,2,8147,1429,794,314
13,7,5639,921,1453,235
13,2,7643,3827,7579,472
13,13,4919,1938,1010,374
13,5,5087,1436,2581,332
13,7,7079,5571,928,373
13,13,6599,4273,2956,359
13,11,4679,4037,1075,217
13,13,6599,3152,1215,507
13,2,6779,6641,3713,281
13,11,8039,3264,6498,245
13,2,4283,3642,476,293
13,5,7607,4846,4554,257
13,13,4919,3166,4890,313
13,5,5927,5044,1455,216
13,5,7727,1419,1553,269
13,2,5099,2894,3317,310
13,5,5927,4420,786,343
13,2,4139,2014,2858,283
13,5,4127,2380,174,206
13,2,4547,578,2925,216
13,11,6719,5952,4130,353
13,5,5087,4920,2529,224
13,7,5639,4339,4264,208
13,2,6827,5582,4630,274
13,7,7079,6396,2970,224
13,5,5807,3575,4896,606
13,5,7703,2394,974,273
13,2,5939,5081,4086,223
13,2,7187,6196,7096,249
13,5,7247,2622,391,404
13,2,7643,933,1471,360
13,2,7187,2096,1182,481
13,13,7559,654,5680,247
13,5,6983,4277,2145,324
13,5,7247,3641,2013,218
13,2,4259,4153,4004,374
13,7,7079,4976,3620,322
13,5,5807,1105,2070,433
13,2,7523,1832,5834,328
13,11,6719,190,3955,342
13,5,4127,818,3725,302
13,2,6779,4186,2302,416
13,2,4259,3272,1182,425
13,2,5507,3899,4740,318
13,11,4679,4193,3927,208
13,2,5507,759,1908,261
13,5,7703,1757,5391,260
13,13,4919,4250,3523,366
13,5,6047,4315,5389,319
13,2,5939,1816,246,282
13,2,4283,3907,2414,251
13,2,4547,2017,3995,225
13,2,7643,6363,2367,581
13,2,5483,3696,281,216
13,5,7703,84,1819,259
13,2,8147,2594,696,279
13,2,7643,7046,717,292
13,5,5927,2767,4690,229
13,11,4679,967,2660,262
13,5,4703,2166,4124,478
13,2,4547,4235,2262,240
13,7,5639,823,5365,214
13,5,5927,487,5032,268
13,2,5483,2780,4857,188
13,5,7727,3145,3633,242
13,2,7187,3673,5528,224
13,2,5483,5297,3119,264
13,5,7823,4940,7280,316
13,2,6659,3139,2933,226
13,5,6983,5244,3399,361
13,11,4679,650,4412,288
13,2,4787,3535,4651,307
13,13,6599,1590,5677,634
13,7,5399,4632,3281,263
13,11,8039,43,6842,185
13,2,4259,820,2894,206
13,13,6599,3516,315,218
13,5,5807,296,965,243
13,11,8039,1920,1216,304
13,2,6779,5931,1527,249
13,2,8147,8109,4711,331
13,2,5099,3482,4819,248
13,2,5507,4396,5367,272
13,2,6899,1865,1001,325
13,2,5483,2215,721,230
13,11,6719,2814,1158,372
13,5,7823,5031,2180,236
13,5,6983,3210,6156,220
13,5,7607,5036,5768,322
13,5,6047,2448,1772,216
13,5,5807,846,2716,226
13,2,4283,320,3,232
13,5,5807,3239,4414,248
13,2,7187,1294,1935,245
13,2,5483,2265,5053,243
13,2,4259,3097,4233,319
13,2,4259,3441,3532,232
13,2,8147,213,895,271
13,7,5399,495,887,226
13,5,7607,545,5304,403
13,2,5099,1396,3140,248
13,2,8147,7774,5339,229
13,11,6719,2195,2730,214
13,2,6659,5663,1624,264
13,2,8147,429,4658,240
13,2,4787,1859,3977,208
13,2,5507,2500,4167,344
13,11,4679,2733,1778,208
13,13,6599,5401,1553,270
13,5,5927,3315,2658,236
13,5,4703,2526,1695,246
13,5,7247,2321,3998,247
13,2,5387,2463,4337,369
13,5,6983,4688,5079,342
13,2,5387,486,791,274
13,11,8039,6082,227,502
13,5,7823,7393,6983,557
13,7,7079,2099,3748,222
13,2,7523,7282,169,411
13,5,7703,4363,4992,370
13,2,8147,1963,322,424
13,2,7643,5547,648,411
13,5,6047,3684,5817,367
13,11,5879,2569,1329,280
13,2,6779,4300,1839,288
13,2,4547,1754,4440,227
13,7,4799,2244,4022,226
13,2,5507,3200,2745,324
13,2,4787,2923,1582,223
13,2,6659,3860,1227,391
13,5,7823,1088,3692,265
13,7,5639,1922,1673,319
13,2,4787,4657,4103,219
13,2,6899,4974,4253,236
13,5,5807,1846,4331,258
13,5,7727,7489,923,306
13,5,5807,5414,3037,368
13,11,4679,919,166,357
13,2,8147,7226,4285,378
13,2,6779,5609,5327,262
13,11,4679,3180,2142,335
13,2,7523,4890,979,267
13,5,7703,6976,6240,380
13,5,7727,3871,3452,314
13,5,7823,2788,5587,432
13,5,7247,3652,5354,167
13,13,7559,4331,5639,200
13,2,5387,2330,1852,201
13,2,6827,3846,1426,312
13,2,5939,2246,5625,614
13,2,6899,4546,1428,221
13,11,4679,2885,830,218
13,7,7079,298,2103,218
13,2,4547,766,2850,229
13,5,5087,3119,485,211
13,2,7643,7292,2179,240
13,5,7247,2257,6798,227
13,5,6047,3391,4070,204
13,2,7187,345,4586,178
13,7,7079,83,6651,251
13,11,4679,1083,1424,252
13,13,4919,463,4023,331
13,5,5087,4036,3237,231
13,7,5639,3621,5165,180
13,2,7643,7205,5861,190
13,13,4919,393,2101,214
13,5,6047,3929,3734,252
13,2,5387,2490,3064,355
13,2,6659,4188,287,189
13,13,7559,854,7372,171
13,2,4259,2535,2869,254
13,2,4787,2704,4023,202
13,2,4139,3805,2849,177
13,2,6827,4381,2881,178
13,7,7079,4819,7070,157
13,2,6779,113,3945,166
13,5,5807,338,5790,165
13,13,6599,3170,5772,221
13,2,5483,5309,34,197
13,5,6047,1523,1006,203
13,2,7523,4505,4277,361
13,5,5927,418,4080,306
13,2,6659,2552,1685,290
13,5,6983,222,6817,207
13,5,6047,4474,628,192
13,2,6827,1367,2549,332
13,2,7643,2377,4685,262
13,2,8147,6172,2529,229
13,5,5807,5574,5336,215
13,2,5939,4626,1728,225
13,2,6899,1119,4223,240
13,7,7079,3129,4697,212
13,11,5879,4748,899,206
13,7,4799,3670,4291,204
13,2,4259,2515,2202,314
13,5,7247,7230,450,388
13,2,4259,3990,3669,235
13,2,4787,120,3263,200
13,5,6047,2717,2478,222
13,2,5939,2733,362,324
13,5,7823,4953,7427,217
13,11,6719,3381,2358,176
13,2,5939,900,3189,249
13,5,7727,6768,2042,289
13,2,7187,3821,2517,259
13,5,5807,722,3648,212
13,5,7607,4610,3712,218
13,2,5099,3048,4873,203
13,5,5807,5615,2919,330
13,2,6827,5778,2877,268
13,2,4547,4339,4133,235
13,5,5807,4218,684,241
13,5,7607,3019,3146,335
13,2,4259,1908,2653,243
13,13,7559,7153,6055,427
13,11,6719,6354,1245,196
13,2,4283,2355,970,163
13,5,6047,3007,4703,217
13,7,4799,1807,3438,221
13,5,5087,462,4924,193
13,5,7247,966,2220,240
13,5,5087,1620,3019,247
13,5,6983,979,5956,202
13,2,5099,3286,1481,205
13,11,6719,915,2383,233
13,2,4283,3120,3822,383
13,5,7823,2668,7064,212
13,7,4799,2948,3215,261
13,11,5879,1686,1990,205
13,11,4679,4401,2159,232
13,13,4919,3940,4484,209
13,2,6659,2586,1129,382
13,5,5807,1765,682,188
13,2,6659,703,4454,258
13,2,4283,591,4033,192
13,2,5483,1989,4741,237
13,13,7559,3677,3513,247
13,2,4547,2038,1920,205
13,5,6983,4196,440,293
13,5,7703,4124,1720,202
13,2,4259,4178,1948,216
13,7,5639,1637,2519,189
13,2,5483,1384,4591,289
13,7,7079,5159,1049,223
13,2,4283,4181,3930,250
13,5,7823,4635,7749,204
13,2,5483,3202,4576,261
13,2,6659,5890,2950,291
13,7,4799,3085,1950,193
13,2,5507,2543,3041,422
13,5,7823,562,4986,214
13,2,7523,3297,1365,252
13,2,8147,680,1130,213
13,2,4787,4298,3463,193
13,5,4127,3367,13,186
13,7,5639,3808,4957,233
13,7,4799,2227,1400,202
13,13,7559,4889,4702,214
13,7,7079,4571,1833,204
13,11,4679,1101,4224,192
13,11,5879,1116,1715,236
13,5,6983,750,5332,220
13,5,4127,3226,2888,271
13,11,8039,192,2017,203
13,13,4919,2338,2917,222
13,5,7247,5267,508,456
13,13,7559,1086,2562,261
13,5,6983,972,1729,182
13,5,5927,3821,3602,211
13,13,6599,4930,5783,211
13,2,4547,4205,3018,198
13,2,6899,5286,2616,183
13,2,4787,471,3657,215
13,7,7079,4337,6087,251
13,13,4919,1158,2120,240
13,2,4547,1225,4336,284
13,2,8147,4814,3895,414
13,11,4679,4660,727,385
13,2,6899,6366,1132,431
13,5,5807,113,5221,353
13,2,5507,2419,5121,293
13,5,7247,5315,1400,264
13,5,7823,7318,2925,418
13,7,7079,783,1756,206
13,2,7643,7281,3371,201
13,2,4547,386,4428,171
13,13,7559,6748,1875,241
13,5,7727,6138,4059,331
13,11,8039,7513,7452,206
13,5,7607,6079,7106,196
13,2,6659,4465,428,241
13,5,7247,3941,4546,259
13,5,6047,3629,5695,208
13,2,5483,4799,2394,223
13,2,4139,2915,1684,190
13,7,7079,4786,5168,270
13,5,7823,4274,6629,296
13,5,6047,5895,5974,260
13,2,7187,2114,1077,198
13,2,7523,6701,7130,240
13,2,5483,716,3950,226
13,2,6899,2021,4255,215
13,13,4919,373,2980,317
13,11,5879,254,2238,193
13,5,4127,2652,3653,198
13,5,5087,1846,3010,191
13,5,4703,2582,3218,187
13,11,5879,5691,2356,271
13,5,6047,3095,3988,212
13,5,5807,3916,2144,184
13,2,5387,2375,4115,207
13,11,5879,3713,3118,243
13,7,4799,3378,1298,216
13,2,5939,3102,452,241
13,11,4679,2476,2875,169
13,2,5483,3073,862,175
13,2,5507,4822,3989,210
13,5,4127,1907,3260,230
13,2,4787,2866,4520,227
13,5,4127,3510,3101,240
13,2,5387,3394,4630,244
13,7,7079,417,2114,211
13,13,7559,1991,2039,190
13,2,6659,2577,6206,248
13,5,4703,2956,275,213
13,2,4547,2318,4476,358
13,5,5087,720,4792,219
13,11,6719,3201,4321,214
13,5,7727,3670,488,290
13,2,8147,902,4174,361
13,5,6047,3823,3705,341
13,2,5939,3113,5151,286
13,2,4547,3614,2642,437
13,7,4799,3759,2698,259
13,11,6719,6428,998,305
13,5,7607,964,3065,307
13,2,4283,1965,1355,391
13,5,5087,867,2429,257
13,7,4799,2770,2063,201
13,2,4283,3361,2816,390
13,7,4799,1213,3038,288
13,5,7247,1930,1467,253
13,5,6047,4266,3718,276
13,2,4547,3638,2794,409
13,5,6983,2622,1042,258
13,5,5807,1633,4229,334
13,5,7823,5211,6732,289
13,2,7643,3955,3363,262
13,2,5507,3602,587,307
13,2,5099,348,4058,643
13,5,7823,203,7288,454
13,5,7247,5617,5412,298
13,5,4127,1535,1007,237
13,11,8039,1116,1648,201
13,11,4679,332,4459,197
13,11,4679,4189,1765,302
13,7,4799,147,1623,180
13,5,7823,7614,5184,234
13,2,5099,4351,1760,246
13,5,4127,2212,3962,239
13,2,6779,2114,1140,276
13,2,5483,2773,3679,197
13,2,7643,2248,6178,195
13,2,4787,2854,1282,235
13,5,5927,149,614,197
13,13,6599,1759,2060,200
13,5,7727,7042,7024,186
13,7,4799,752,4356,213
13,5,6047,3073,3013,230
13,7,5399,2202,2570,258
13,5,5087,608,196,344
13,2,5099,907,4300,217
13,2,7187,7116,7010,300
13,11,8039,3873,7135,375
13,2,7187,2908,6550,500
13,5,5807,1804,5561,362
13,13,4919,1903,2545,272
13,11,6719,396,467,276
13,2,5099,2515,5015,397
13,2,6827,6787,5958,434
13,2,7643,5914,5057,423
13,2,4283,3234,2193,332
13,2,6899,2268,5095,369
13,11,6719,5426,4573,417
13,5,7607,3546,7531,279
13,5,5807,1359,1926,387
13,2,5387,1228,2335,478
13,5,6047,4270,1702,279
13,2,5939,5525,5539,253
13,2,6899,928,6832,389
13,11,5879,1464,1151,334
13,7,7079,4509,4079,360
13,5,5807,659,5540,317
13,5,4703,3187,3917,365
13,11,6719,5291,1238,351
13,5,7247,6405,2219,376
13,13,7559,5759,6769,224
13,5,5807,980,5371,263
13,13,6599,2454,5539,296
13,2,8147,7744,1575,211
13,2,5939,5406,2516,200
13,7,5399,2130,4540,212
13,7,7079,5482,3241,392
13,5,4127,3221,2386,213
13,2,8147,5900,2296,230
13,2,4787,2482,2951,173
13,2,5507,341,143,180
13,2,6659,4626,1381,186
13,2,4283,4001,3929,260
13,2,4259,3265,1806,213
13,11,5879,3168,527,320
13,2,4547,464,2177,228
13,5,6047,1905,5576,420
13,2,4259,31,2150,354
13,11,5879,4054,913,375
13,2,8147,7066,4764,229
13,2,4139,3236,2353,324
13,7,4799,4389,2843,259
13,7,5399,2083,577,243
13,7,5399,4662,3238,252
13,5,5807,202,1871,321
13,11,6719,3431,3415,212
13,7,7079,999,138,221
13,2,4787,1474,3024,283
13,2,6827,3303,5271,421
13,5,6047,4206,4100,360
13,2,5387,3799,278,931
13,2,5939,477,1631,368
13,2,4547,1092,3933,373
13,5,6047,2369,2158,686
13,7,5639,5545,1251,336
13,5,7727,6270,4387,266
13,2,6827,3005,1077,274
13,5,7703,2554,6874,240
13,5,7607,965,111,221
13,2,7523,2708,772,220
13,2,4547,727,1032,185
13,13,7559,763,6149,184
13,5,7823,1249,7421,219
13,2,8147,4066,5792,224
13,13,4919,2965,2959,224
13,5,7823,3025,2922,308
13,2,4547,1441,876,306
13,5,5807,2743,2275,337
13,2,6899,2582,3583,418
13,13,6599,4372,3696,217
13,7,7079,4522,4312,180
13,5,7727,896,5563,307
13,2,4259,221,480,265
13,7,4799,3360,160,314
13,5,4703,1443,4700,207
13,2,5387,5381,4882,239
13,2,5939,3170,4543,225
13,2,5099,2821,4791,194
13,2,5483,4213,3447,210
13,2,7643,5640,5569,211
13,2,4283,3939,3394,239
13,5,6047,2293,3160,246
13,2,5483,3206,1937,236
13,5,4703,4425,47,193
13,5,7703,2043,4360,218
13,7,4799,1675,1523,229
13,2,6659,2941,5180,366
13,5,7823,2756,6428,308
13,2,7643,1883,1362,243
13,7,5399,5096,4940,361
13,5,5807,1492,5244,216
13,2,4547,3364,307,200
13,2,7187,6637,3971,218
13,2,4139,2825,2646,200
13,13,6599,5761,5410,190
13,11,6719,2316,1218,242
13,2,5387,3891,2452,233
13,2,4139,1649,1606,243
13,2,7643,3401,224,248
13,5,7703,1835,2147,195
13,2,7187,1452,826,265
13,5,4127,2246,1755,179
13,11,4679,2943,2864,156
13,5,5927,1459,4058,338
13,5,7703,2717,5134,208
13,2,7643,3721,5387,202
13,11,6719,5415,414,185
13,13,4919,4497,2051,206
13,2,7187,2652,5960,227
13,2,5939,5364,1137,278
13,2,6827,5805,5563,278
13,5,7823,2422,3123,273
13,13,4919,1415,1095,240
13,2,4787,1043,312,240
13,2,4259,3779,161,205
13,2,6827,1105,4163,192
13,2,5507,390,3790,209
13,5,4127,3370,1625,386
13,5,7607,6144,3450,340
13,5,5087,659,157,334
13,7,4799,2308,4383,217
13,2,7643,3840,3079,306
13,5,7703,7473,5942,417
13,7,5639,724,2525,384
13,11,5879,1739,4895,228
13,5,7703,4884,2134,374
13,5,5927,2330,3212,268
13,2,5387,1020,1331,240
13,5,4127,1568,259,179
13,13,7559,1161,7129,397
13,11,5879,5640,1815,299
13,13,7559,4131,4476,285
13,11,6719,4158,2299,189
13,5,7247,4518,4283,182
13,2,6779,5556,1645,333
13,5,5807,5012,1078,199
13,5,4703,3503,840,195
13,7,7079,1712,944,194
13,5,7727,7459,5870,273
13,5,5927,481,4935,281
13,2,6899,2866,1317,250
13,2,6899,459,2543,199
13,5,5087,2117,4580,473
13,13,4919,4002,2341,316
13,2,5939,4504,3155,277
13,5,5087,2951,4297,238
13,13,7559,5649,2649,206
13,5,4127,1786,565,307
13,5,7247,883,2590,204
13,13,4919,4141,2566,242
13,2,7523,5246,3222,339
13,5,4127,1585,1037,406
13,5,5087,2211,3605,287
13,2,6779,2667,1456,269
13,13,4919,4065,2642,462
13,5,6047,4940,4662,453
13,2,4787,4095,1126,351
13,2,4283,104,2827,278
13,2,5939,3726,4107,455
13,7,4799,4131,1263,349
13,11,6719,5395,2851,370
13,5,7823,3335,5134,342
13,2,5483,4327,5271,432
13,2,5483,5359,5265,289
13,13,7559,6329,3789,304
13,5,6983,1046,538,619
13,2,5387,4051,380,437
13,13,7559,698,4612,303
13,2,6899,461,3273,268
13,5,7727,5906,5897,215
13,2,5483,2430,1377,204
13,2,8147,3525,7664,352
13,2,4259,2527,3089,314
13,7,7079,2981,5751,273
13,5,7703,6768,670,397
13,2,5099,3234,4657,283
13,5,7727,6757,1009,391
13,5,7703,7261,4310,409
13,2,5939,2600,5071,370
13,5,7727,7217,176,310
13,2,7187,3063,4073,222
13,11,6719,1119,3224,336
13,13,7559,6115,2568,390
13,2,5483,1976,4831,352
13,7,7079,3920,1051,282
13,13,4919,4721,3269,228
13,2,4259,667,2306,248
13,13,4919,816,636,447
13,11,8039,231,1613,389
13,5,4703,2104,1816,190
13,2,6659,3956,1089,220
13,2,4283,2265,4193,189
13,5,7823,493,6699,189
13,2,5483,5034,1877,157
13,13,6599,588,27,170
13,5,7703,3371,7081,183
13,2,7187,4593,4513,186
13,2,7643,4764,7010,171
13,2,6899,5076,2688,199
13,5,5807,2734,5505,174
13,5,7727,6681,2865,183
13,5,6983,6049,4284,174
13,11,6719,871,3293,166
13,2,4259,1335,549,334
13,11,4679,4545,3175,198
13,7,4799,657,3515,154
13,2,6659,3773,5887,197
13,5,7247,4738,2733,200
13,2,7643,5153,2056,184
13,5,7703,6210,5692,193
13,5,5087,5080,1132,214
13,5,7247,372,1806,239
13,5,4703,1199,3768,198
13,5,4703,1727,817,204
13,7,5639,3221,3821,215
13,5,6983,5884,3982,351
13,5,6047,2187,5746,338
13,2,4283,761,1172,261
13,2,6899,5350,6828,370
13,2,6899,5856,4994,340
13,11,5879,1753,1221,326
13,13,6599,3183,5365,319
13,11,8039,1279,7925,401
13,2,4787,4641,4051,258
13,2,8147,645,5609,228
13,2,7187,811,2441,344
13,5,5927,1388,3848,280
13,5,5807,1784,2011,497
13,13,7559,5867,3035,269
13,5,7823,6284,2345,319
13,2,4283,895,2826,273
13,5,7823,7582,3766,231
13,2,5483,3354,4975,261
13,7,4799,97,3063,188
13,2,5507,4828,1974,218
13,11,8039,6365,5142,364
13,2,5939,2332,3374,287
13,11,6719,65,485,299
13,13,6599,444,1693,214
13,5,5927,3085,2626,395
13,2,8147,786,4634,359
13,5,6983,5475,2108,576
13,2,6899,71,4195,403
13,2,5387,2042,2339,331
13,2,4283,690,2809,186
13,11,6719,4784,6512,270
13,7,5399,2336,4000,408
13,2,5483,3868,2665,223
13,7,7079,4135,1766,317
13,2,4139,601,1615,201
13,5,7823,7613,4166,284
13,5,7247,6723,250,334
13,2,6827,3047,2944,281
13,13,4919,671,3885,202
13,2,5483,2194,624,362
13,5,6047,5968,4340,430
13,5,5807,963,4100,277
13,2,5099,3466,2336,190
13,13,7559,2569,6264,537
13,5,7247,6864,2232,245
13,5,6047,955,5462,235
13,7,4799,1199,2329,220
13,2,5483,3147,28,208
13,2,4547,4075,1665,237
13,13,7559,4164,4413,297
13,2,6827,4737,4036,249
13,2,8147,1998,1834,379
13,2,6827,635,2660,402
13,2,6899,5546,4606,218
13,5,6047,1188,1093,269
13,2,7187,3196,1119,219
13,2,5483,638,2362,369
13,2,4787,233,1989,309
13,2,7187,5301,5821,383
13,7,5399,3872,4739,280
13,5,7703,4219,5484,211
13,7,7079,337,456,207
13,13,4919,2124,4885,223
13,5,7247,6855,2268,340
13,2,5387,5384,1347,560
13,5,6983,4118,4120,257
13,5,7823,7338,3016,230
13,2,4787,2329,2885,205
13,11,4679,2287,2228,198
13,7,4799,2242,3412,194
13,2,7643,7294,1073,204
13,5,7247,4606,2391,189
13,2,4139,1096,3593,192
13,11,6719,103,1173,174
13,5,7247,1767,1384,209
13,5,7247,5393,928,220
13,2,5507,3966,235,186
13,13,7559,2590,6755,226
13,2,7643,3150,325,231
13,2,6827,5698,1963,183
13,2,7643,1047,4883,191
13,2,4283,2988,2812,161
13,11,5879,1462,3362,177
13,2,6827,121,4617,367
13,5,6983,1227,2821,297
13,2,6827,4519,5328,369
13,5,7727,7300,2791,446
13,11,8039,3623,1124,355
13,2,7523,2834,4958,256
13,13,4919,559,3455,261
13,5,7727,6361,6487,228
13,2,5483,3592,2686,181
13,5,7607,3604,2811,213
13,2,6779,2982,2728,232
13,11,5879,1954,3339,239
13,7,5639,3188,4560,220
13,5,7247,4439,5603,184
13,2,5483,1032,1708,270
13,11,8039,527,260,210
13,5,4703,1589,4089,195
13,5,7607,7557,5122,238
13,11,4679,1168,2240,192
13,2,7523,5990,1642,202
13,5,4703,3204,2488,224
13,2,7523,6185,3271,249
13,2,7523,5995,7406,270
13,2,4139,1730,2219,347
13,11,4679,1846,764,213
13,2,5483,771,1682,223
13,2,6899,6138,69,188
13,11,8039,6082,227,205
13,11,4679,424,808,189
13,7,5639,4843,4319,198
13,5,7607,1456,4974,213
13,2,7187,5115,4796,231
13,2,5507,2834,396,221
13,11,6719,1477,6552,211
13,2,4547,436,2452,191
13,2,5483,4066,3438,238
13,2,4259,548,2953,164
13,11,8039,3904,5392,281
13,2,8147,1182,6254,363
13,5,4127,1434,1545,203
13,5,4127,1769,360,243
13,2,4259,2976,1882,206
13,5,6983,760,1825,302
13,2,5387,5177,3319,245
13,7,5399,4928,3506,248
13,5,5087,3856,2722,210
13,2,5507,3587,4922,211
13,5,4703,1188,2269,203
13,7,5399,5066,527,229
13,5,7727,2805,5711,258
13,2,4283,1726,1820,170
13,2,4283,1878,3498,277
13,5,4127,555,802,231
13,5,7607,5845,3762,382
13,2,5507,3775,5,202
13,5,7727,7190,2870,280
13,5,5927,1467,3808,221
13,2,5387,5230,727,223
13,2,8147,4345,5034,218
13,11,4679,1651,4029,201
13,5,5087,552,3732,244
13,5,7247,6401,850,206
13,2,5939,1105,3077,236
13,2,7523,6579,4365,366
13,2,8147,4473,2823,224
13,5,6047,1595,3280,223
13,2,4283,1240,127,165
13,5,7607,5888,2596,194
13,13,7559,2646,7157,247
13,2,4139,2827,2306,239
13,2,5387,4965,1265,220
13,2,6659,4512,5764,203
13,5,4127,1058,3487,193
13,5,4703,2719,4585,211
13,2,5483,2612,4287,214
13,5,4127,2032,3010,230
13,5,4703,2428,4584,225
13,2,7187,2861,4500,216
13,2,5507,1877,602,216
13,2,6899,2136,3417,201
13,11,8039,3731,2272,231
13,2,7643,5797,5350,237
13,13,6599,496,4653,365
13,2,5387,4786,3999,225
13,5,7247,2707,6308,197
13,7,7079,63,5397,156
13,2,6659,1540,3137,217
13,2,7643,5671,320,219
13,5,5087,2778,4129,201
13,2,6827,6062,6679,282
13,5,5807,2595,1001,243
13,13,4919,3835,3612,234
13,13,7559,7286,1757,258
13,7,5399,1291,3993,241
13,7,5399,3178,845,222
13,5,5807,5105,2889,212
13,13,6599,1542,5545,376
13,11,8039,4873,3268,218
13,11,5879,2350,1202,231
13,5,7607,5282,5912,185
13,5,4703,3221,3158,369
13,2,5939,3177,5421,277
13,2,4139,1566,1240,252
13,2,8147,1289,2657,239
13,5,4127,93,2685,245
13,5,7727,4115,2101,373
13,7,5399,1451,2087,298
13,2,5099,4997,2440,399
13,11,5879,4161,2481,217
13,2,5099,5007,50,359
13,2,5099,1290,4871,263
13,2,8147,2078,3074,250
13,11,5879,2220,4028,244
13,11,4679,1843,2152,188
13,13,4919,2663,487,184
13,5,4127,292,946,209
13,7,7079,6173,4555,220
13,11,8039,3360,514,222
13,2,8147,1760,332,234
13,5,4703,1838,1640,211
13,2,4547,3222,2143,310
13,5,5927,3641,3588,219
13,5,5087,3224,217,190
13,7,7079,2320,4370,263
13,11,5879,4336,3329,212
13,13,6599,730,5506,319
13,7,5639,4504,436,233
13,5,7247,5684,1385,541
13,2,5099,668,1507,189
13,2,4283,3406,816,163
13,11,4679,4111,451,171
13,11,5879,173,2743,210
13,2,5507,310,704,190
13,2,4283,2612,1948,174
13,2,5099,1504,4595,218
13,5,7727,5654,3024,205
13,2,4787,1956,1937,218
13,2,4259,3530,1077,181
13,5,7727,4397,6183,239
13,5,7727,785,3370,248
13,5,7727,1069,4646,274
13,5,6983,1717,177,353
13,7,4799,2930,3465,250
13,5,5807,4336,707,272
13,5,5087,3494,208,242
13,7,5399,4235,891,202
13,5,5087,2223,4215,379
13,5,7703,3249,3280,403
13,13,6599,2063,2135,622
13,2,6659,122,1346,329
13,2,6899,5472,3677,398
13,5,5927,874,1171,605
13,2,4259,3809,2715,348
13,13,6599,701,5855,314
13,5,4703,1269,3829,212
13,5,7727,7657,697,317
13,2,5099,1205,4656,262
13,2,4259,2530,3417,197
13,5,4703,4169,2610,244
13,2,7187,2813,668,199
13,2,4283,2601,2636,215
13,2,6659,4588,169,187
13,5,4703,2301,2823,248
13,2,8147,2663,1556,247
13,2,7523,1576,7204,239
13,13,4919,2320,1941,219
13,7,5639,1674,5341,249
13,5,5087,1738,21,217
13,2,8147,7799,203,249
13,5,7727,1031,6809,295
13,2,4787,3965,2655,881
13,5,7823,2346,3832,250
13,13,7559,3405,4197,353
13,2,5507,3594,2218,191
13,2,7643,6213,6861,452
13,7,5399,1243,1673,269
13,2,5939,2598,5722,255
13,5,4703,1289,2261,226
13,5,7823,5326,1206,219
13,2,4259,1454,2957,235
13,5,6047,5356,3142,280
13,2,7187,6539,7067,213
13,11,4679,3521,1906,194
13,5,5087,4937,3270,238
13,7,5399,5089,3284,206
13,2,4787,84,4246,199
13,2,8147,6988,5671,346
13,7,4799,2644,3605,203
13,2,4787,3672,4362,297
13,7,5399,1574,400,204
13,2,6779,4257,3399,194
13,5,6047,2079,3202,262
13,2,5387,2008,1785,195
13,2,5099,2327,543,375
13,5,7727,4085,5258,203
13,5,7823,2267,2634,216
13,5,4703,3169,1391,188
13,2,5939,4738,4530,261
13,5,7823,1584,1484,220
13,5,7727,6517,4916,215
13,5,4127,1669,2442,199
13,5,7703,1667,6181,203
13,7,7079,5597,7057,214
13,11,4679,3211,4361,177
13,2,4787,1370,76,240
13,5,7703,978,7510,203
13,2,7187,890,1669,202
13,11,4679,4365,2986,257
13,5,7823,2176,3198,224
13,2,5099,1600,1921,261
13,2,7643,5325,5343,236
13,7,7079,3576,4345,247
13,7,5639,5059,3836,206
13,13,7559,5865,3462,183
13,5,5927,1529,3292,348
13,2,5939,1288,2663,241
13,7,7079,524,5407,230
13,2,5099,2037,3743,222
13,5,5087,2577,4730,140
13,11,8039,967,4562,212
13,2,7523,6351,4994,215
13,2,7523,6061,5949,294
13,2,6827,4710,2372,212
13,5,7247,3710,5676,196
13,2,5939,2817,30,239
13,5,4703,1052,4434,185
13,2,4547,2258,3656,234
13,13,6599,512,4203,214
13,2,4787,4311,1134,193
13,11,6719,3853,6638,204
13,2,8147,206,5799,210
13,5,5087,2419,530,250
13,5,6047,3047,4888,189
13,2,8147,3947,8010,186
13,7,5399,2203,1793,184
13,5,5087,3288,3888,282
13,11,6719,1627,2747,222
13,2,5387,4304,2124,412
13,2,6779,3420,1867,145
13,2,7523,5322,6497,162
13,5,7247,1370,2487,206
13,11,6719,6193,2132,223
13,13,4919,3647,2536,313
13,2,6659,6591,1938,196
13,5,4127,184,3606,202
13,7,5639,5500,578,201
13,7,4799,2698,682,195
13,5,5807,2850,2637,233
13,7,7079,4987,1404,171
13,5,4703,1871,3804,225
13,5,7727,589,4152,414
13,5,7607,4322,5735,369
13,2,4139,3045,2259,198
13,7,4799,4304,3281,209
13,5,4127,697,1690,191
13,2,7187,2004,1750,293
13,2,4259,3886,2770,185
13,2,4259,1292,1992,256
13,5,4127,1136,3072,327
13,5,7247,1300,2696,197
13,11,6719,3006,3727,206
13,5,4703,664,1149,194
13,2,8147,3266,2563,217
13,5,5087,573,1217,180
13,5,4703,3078,1653,211
13,11,4679,3704,1556,181
13,7,5639,5202,2548,350
13,2,4787,1605,1494,223
13,2,4787,423,538,190
13,5,7703,1542,3510,220
13,5,5087,2516,3087,186
13,5,7607,5485,523,182
13,13,7559,4784,794,227
13,2,4787,3400,3847,238
13,2,6899,1234,442,249
13,2,8147,7681,7285,202
13,5,7823,6391,2876,442
13,2,4787,2125,2161,223
13,2,5099,3550,4411,218
14,2,14387,12778,12360,333
14,2,16139,12275,456,493
14,2,11483,10901,5443,214
14,5,15383,14616,75,488
14,2,12347,7581,11429,294
14,5,15383,10796,13805,261
14,5,16223,946,4204,376
14,5,10103,8218,5482,228
14,5,10607,5921,9010,289
14,2,16187,14379,13248,269
14,5,14303,624,3047,329
14,5,8423,4015,5063,286
14,2,14699,7122,11715,262
14,5,14303,402,5335,435
14,5,15767,11195,13331,264
14,7,13799,6504,635,386
14,2,12659,1648,4598,246
14,7,9839,2705,3982,591
14,5,8543,5329,6140,293
14,5,14207,3748,7777,223
14,2,15803,14694,15737,232
14,5,8783,2716,4403,201
14,2,12227,388,5272,237
14,2,8747,4853,5991,214
14,2,12539,4559,6394,231
14,2,12203,8043,10798,214
14,11,10079,3593,9825,215
14,2,14867,6329,610,224
14,5,13127,2711,2339,216
14,2,14699,990,10255,362
14,2,12539,9061,3089,208
14,5,10007,1293,8614,242
14,2,15299,10057,6098,201
14,2,13043,3110,3076,239
14,2,12203,540,3204,205
14,5,13103,11776,10478,195
14,2,14387,9743,7186,217
14,2,16139,11946,7892,305
14,5,10103,4331,7077,249
14,5,10103,8499,4039,343
14,2,15083,6747,4202,239
14,2,12899,6037,10681,329
14,2,14387,9245,11731,237
14,11,10079,6979,1069,395
14,5,12983,379,10699,210
14,2,12227,2678,7698,255
14,5,8423,3071,8355,212
14,5,11807,10282,2566,229
14,2,8963,8677,8730,259
14,11,10079,937,419,251
14,5,10607,3592,3675,276
14,2,12107,8931,11960,211
14,5,10607,6115,3492,293
14,5,8423,2431,362,249
14,2,12203,6033,11733,222
14,2,10163,3,8,169
14,5,12983,12277,10135,218
14,2,9467,3143,3660,269
14,5,8423,3683,7909,312
14,5,12647,731,116,323
14,2,14243,3071,5997,432
14,2,12539,9592,7439,325
14,2,8819,7700,6546,202
14,5,13127,4276,3755,266
14,11,10079,5646,2630,263
14,2,15683,13386,11367,235
14,7,13799,12038,86,254
14,5,11807,5442,1130,1123
14,2,10667,1565,5289,262
14,2,13163,10077,8712,373
14,2,14867,12964,10788,270
14,5,10007,1164,6301,304
14,5,12527,9003,2651,246
14,5,8423,5907,5570,388
14,7,9839,4896,7440,383
14,2,8747,2424,1687,203
14,2,15299,14555,9028,236
14,5,10103,5375,9091,377
14,5,14423,14216,9563,238
14,5,10343,6771,850,229
14,2,14243,5424,8048,270
14,2,8819,5556,3149,221
14,5,11807,7438,4194,244
14,5,8783,5218,338,188
14,2,13163,9654,3309,196
14,5,11807,4396,1021,205
14,2,10163,3184,1080,193
14,5,10103,6767,5829,220
14,2,12899,1457,6250,247
14,7,9839,7453,1642,260
14,5,10007,5271,7156,509
14,5,8783,7693,604,241
14,2,8819,2652,5767,190
14,2,10667,9587,8958,215
14,2,12227,12116,8245,425
14,2,10883,9561,6284,215
14,5,8783,7743,5429,355
14,2,8963,3061,2205,193
14,2,9467,8284,6694,298
14,2,10883,152,9505,219
14,2,16187,10548,14626,239
14,2,11483,5512,1850,201
14,11,10079,585,7215,163
14,5,12983,10596,12241,185
14,2,12659,678,8870,359
14,5,10607,9986,3708,193
14,2,9467,1302,4304,191
14,2,16187,16009,1997,204
14,2,8819,6524,5664,215
14,5,8423,3791,5748,194
14,2,14699,1564,7228,202
14,2,15299,12042,12502,691
14,2,10667,7662,9583,187
14,2,12203,7146,6251,354
14,2,13163,5084,11276,207
14,23,10559,1877,3694,231
14,5,8423,4023,5552,298
14,2,12347,10998,154,385
14,5,14087,9430,11947,192
14,2,14243,14234,13631,214
14,2,8963,3099,2807,205
14,5,15767,848,2408,196
14,2,13163,6944,8736,201
14,2,14699,14487,3928,199
14,5,15647,14078,11511,186
14,2,12539,3311,12528,165
14,5,15647,6052,14727,235
14,2,13163,9598,5281,205
14,2,12659,9171,6392,247
14,7,11279,4733,10993,219
14,2,8699,695,7823,179
14,5,13967,1697,6589,203
14,2,13523,10690,3303,364
14,2,13523,7450,12082,389
14,2,14699,5861,7891,227
14,5,14207,12635,6447,255
14,5,11807,11626,11792,352
14,5,14087,9747,39,403
14,2,12899,7606,790,231
14,2,8819,4657,2166,250
14,2,8819,1773,6864,319
14,5,11423,10294,8931,276
14,2,12347,11669,5096,405
14,2,13043,8761,6598,217
14,5,10007,115,3324,226
14,2,8963,6450,49,200
14,5,8783,6910,1582,192
14,2,14699,5538,2720,258
14,5,8423,3515,292,232
14,5,8423,718,3346,233
14,2,11003,4603,4039,383
14,7,9839,5702,8537,190
14,5,12983,2957,12866,172
14,5,14087,11855,11762,216
14,2,8819,6879,5272,188
14,5,14207,4086,11188,221
14,5,10463,8625,2454,224
14,5,12983,12283,5724,208
14,5,12263,1232,10862,196
14,5,14087,3102,3540,302
14,5,15767,265,6763,200
14,5,12983,6068,6252,236
14,19,10799,7905,1177,203
14,5,13127,10541,4525,208
14,2,15083,14752,210,218
14,5,10103,7852,3527,373
14,2,8699,6639,4406,205
14,7,13799,12344,13242,206
14,2,8819,3554,5626,202
14,5,10463,10002,5291,205
14,2,13523,3275,3834,235
14,5,14207,6686,8223,186
14,2,14699,12554,6230,188
14,2,12107,11577,8079,226
14,5,11423,7360,2488,240
14,5,8783,3506,1326,232
14,5,11807,4257,420,206
14,5,10007,9074,5230,252
14,5,8543,959,2828,185
14,11,10079,2933,8468,356
14,5,15767,6049,5819,243
14,2,12107,7950,9713,200
14,2,16187,2212,15383,196
14,2,14867,4786,2802,209
14,2,16139,11974,5372,209
14,5,14423,4455,12224,209
14,2,12899,10230,12687,205
14,5,10463,5923,10451,229
14,5,9743,8799,9282,198
14,5,8543,2012,5898,180
14,5,11423,7654,8130,202
14,2,11003,6924,3691,419
14,5,15767,785,4289,288
14,2,12659,2909,6952,279
14,2,8747,1426,3236,552
14,5,12527,4552,8440,302
14,23,10559,8223,7368,420
14,2,16139,6870,8618,284
14,7,11279,9942,2463,345
14,2,15083,11578,8428,266
14,5,14087,4011,5894,326
14,2,12899,9317,3298,256
14,5,12983,12824,1049,384
14,5,16223,10594,5380,221
14,5,8543,6255,6059,219
14,2,12107,9522,8022,273
14,5,14087,11807,7829,303
14,2,12203,4120,3846,397
14,5,11807,4131,4299,231
14,5,8543,7461,2194,273
14,5,10607,805,3283,218
14,5,12647,3992,8672,233
14,2,12539,2828,1516,208
14,11,10079,9428,661,345
14,2,9467,690,8025,248
14,2,15299,3367,2215,222
14,5,10007,7993,3303,244
14,2,12107,5016,8885,251
14,7,9839,7751,6745,277
14,2,14699,11308,4741,296
14,2,8819,6755,6835,224
14,2,11699,6426,1223,484
14,2,10883,10022,5485,316
14,5,10007,6784,4250,265
14,5,14087,3686,2370,365
14,2,10883,9963,778,476
14,5,15383,10031,8187,269
14,5,15383,10221,197,369
14,5,9887,8616,5039,224
14,13,14159,12489,10725,433
14,2,13043,13024,2570,231
14,5,12647,925,9180,340
14,2,12227,9037,2396,240
14,2,14867,7998,8187,264
14,19,10799,9017,10021,351
14,2,10883,10042,2403,230
14,2,14387,3088,12007,283
14,5,10463,3983,9695,495
14,2,9587,2492,7199,229
14,2,13163,86,6576,221
14,5,14423,12659,7772,234
14,2,8819,2766,5196,205
14,5,10463,6754,2991,225
14,5,10007,3924,8317,193
14,5,11423,6207,2589,339
14,2,12539,630,3827,334
14,2,16139,11680,803,250
14,5,14207,3720,8587,203
14,2,12659,9632,1777,207
14,7,9839,6694,2094,200
14,5,10463,3409,1937,243
14,2,8699,3136,905,231
14,2,11483,6262,6867,259
14,2,13043,10664,10006,539
14,2,14867,3625,11021,338
14,2,14387,8537,7248,301
14,5,15287,4291,1736,376
14,5,14087,5901,6945,449
14,2,13043,2598,3417,338
14,5,8783,2076,2217,223
14,2,12203,3384,5040,471
14,5,12527,189,11416,241
14,5,10607,6346,4450,211
14,2,16139,278,10209,231
14,2,12659,567,11430,245
14,11,10079,3800,1029,297
14,5,15767,644,14690,226
14,5,14087,7557,13387,251
14,2,14867,9763,12589,346
14,2,15299,12609,6552,247
14,2,14867,2217,2240,262
14,2,13043,7672,6943,225
14,5,9887,994,6053,333
14,11,10079,9960,4668,313
14,5,15383,11379,5182,488
14,5,10463,7896,7671,198
14,7,11279,10938,10619,234
14,5,14087,13419,1194,221
14,19,10799,7913,10512,211
14,5,8423,7958,4753,217
14,5,15767,1691,4797,268
14,5,16223,15288,11276,241
14,2,12899,8717,10971,229
14,5,8423,1137,6454,236
14,2,15299,8841,11640,201
14,2,16187,12166,13038,250
14,2,15683,11822,9813,234
14,7,9839,6987,949,357
14,5,11423,8152,9091,187
14,5,12263,887,8868,359
14,2,16139,8056,10408,392
14,5,9743,9293,1283,202
14,2,11003,9353,8189,251
14,2,12539,3776,4920,265
14,2,15803,12485,5699,258
14,2,15083,3496,2352,227
14,2,14867,8097,1041,288
14,5,13127,6959,11872,237
14,2,12107,10373,11571,280
14,5,11807,8534,8860,403
14,5,13967,4307,1529,241
14,5,13127,7330,8684,195
14,2,10883,2410,729,222
14,5,13103,5608,3365,325
14,11,10079,5266,1899,211
14,5,10463,7451,9603,208
14,5,15287,8554,14653,205
14,2,14243,3060,4127,396
14,2,8747,7697,3544,211
14,5,16223,13194,12495,406
14,5,9887,3541,1534,207
14,2,15683,1932,15637,392
14,2,11003,7568,5679,213
14,2,11699,9284,4709,213
14,2,13163,10463,7006,227
14,2,13043,9833,8657,216
14,5,12983,1908,11681,226
14,2,8819,2326,8179,205
14,19,10799,10481,8621,216
14,5,13967,9864,6822,188
14,5,13967,11410,6368,271
14,2,10883,8596,1374,193
14,5,12647,4906,10272,218
14,2,15083,4010,12828,212
14,2,13523,3652,5196,398
14,5,12527,6207,5509,237
14,5,15287,1288,13499,242
14,2,12659,7830,12365,219
14,2,12347,2759,2934,217
14,2,12347,4886,5293,197
14,5,13103,1284,3370,222
14,7,9839,3351,5123,301
14,2,12203,763,9033,231
14,2,8747,4596,7185,198
14,2,10667,3629,8031,205
14,2,15299,5397,7266,229
14,2,8963,4952,3525,216
14,5,9887,6281,9269,219
14,19,10799,10342,1164,360
14,5,15767,12380,6176,231
14,2,16139,682,5957,238
14,2,8699,2011,2038,183
14,5,14207,6910,6367,220
14,19,10799,9327,6544,242
14,2,9467,2834,1777,224
14,5,13103,7900,2407,224
14,2,8747,7913,2793,199
14,5,9743,453,3357,194
14,5,15383,420,4002,261
14,2,8819,7209,1871,197
14,2,13163,9702,7472,253
14,5,9887,8444,2244,267
14,5,10343,8128,9717,367
14,2,8819,8421,2531,206
14,2,11003,9753,8472,207
14,5,10007,9009,5584,232
14,5,13103,12197,1105,251
14,2,16139,3164,12807,217
14,5,16223,15428,14567,219
14,2,12107,431,6453,161
14,7,9839,1036,3912,229
14,2,16187,13452,5785,205
14,2,9467,8660,663,199
14,5,10343,9333,5454,254
14,2,11483,6254,6800,199
14,2,12107,7389,801,246
14,2,13163,3767,7555,196
14,5,11423,690,626,197
14,13,14159,11587,2206,367
14,2,12107,5096,8748,219
14,2,15299,8327,6071,202
14,5,13127,5528,4631,198
14,5,13127,12746,10175,270
14,2,9467,8832,1933,200
14,7,13799,12767,10295,195
14,5,10607,6804,4086,220
14,2,10163,8973,7202,221
14,5,8423,904,3538,260
14,5,15647,14467,13178,249
14,2,8963,1285,734,248
14,2,10883,10108,4888,226
14,2,15299,8216,3957,261
14,2,14387,9830,11383,694
14,5,15383,14297,13593,287
14,5,10343,30,9588,200
14,5,9887,1198,1389,230
14,5,16223,1204,3408,275
14,2,8819,680,1187,199
14,2,13163,10862,10727,240
14,2,11483,4708,7361,293
14,5,8783,76,1796,192
14,2,12203,4222,669,219
14,5,10007,1325,5900,243
14,5,13967,4654,6711,220
14,2,16187,5341,1205,427
14,2,12203,10519,3657,395
14,5,15383,6126,2293,458
14,5,12983,7384,4793,343
14,5,14303,6608,9840,363
14,2,9587,3132,3481,633
14,5,12263,8515,5337,255
14,5,9743,9351,5119,360
14,5,12647,625,8883,216
14,2,11003,1130,7292,196
14,5,15287,8272,464,341
14,5,15287,1430,10527,285
14,5,12983,6728,9761,233
14,2,15299,7796,3701,207
14,5,15647,4432,660,200
14,2,12227,8667,4865,229
14,5,9743,2739,3320,256
14,5,15767,10474,13600,437
14,5,12647,8841,9252,273
14,2,15299,3774,730,287
14,2,12227,7229,8229,385
14,2,10667,8678,7120,377
14,7,13799,3569,843,664
14,5,12647,11420,11534,323
14,5,11807,265,11604,260
14,2,8747,8598,3340,277
14,2,12107,2397,11792,243
14,2,15803,1738,5287,226
14,2,16187,2164,9824,483
14,2,15083,3691,6500,267
14,2,16187,4271,13354,256
14,7,11279,7547,1111,242
14,5,13127,10752,11587,245
14,5,14087,2010,8413,199
14,5,12263,3399,9609,206
14,2,15683,10544,15060,465
14,2,13043,515,6439,231
14,2,12107,11099,10246,233
14,5,9887,7159,9398,429
14,2,10883,2939,685,229
14,2,8699,6710,6993,394
14,2,11003,8346,4618,230
14,2,13043,4651,11646,205
14,2,8747,1172,1609,246
14,2,10667,6354,7374,285
14,2,12347,5610,5910,422
14,2,13523,3147,11,501
14,11,10079,8653,217,378
14,5,9887,7787,592,451
14,5,10343,9018,2575,462
14,5,10607,10207,7057,386
14,5,11423,2109,9626,263
14,2,8747,5345,5397,397
14,2,15803,10780,14782,419
14,5,8783,6138,7791,1012
14,5,8423,1129,5925,246
14,5,14207,9210,877,347
14,5,13103,5583,7278,290
14,2,9587,1124,8928,229
14,2,13523,12718,6009,215
14,5,10343,6816,7964,385
14,2,11699,743,8895,234
14,7,11279,10727,1535,231
14,2,12203,6491,7270,211
14,2,12659,8844,1552,514
14,2,8747,1799,3686,224
14,2,8699,7278,7047,409
14,2,11483,7060,8825,240
14,5,14423,423,4265,423
14,5,9743,6614,6304,220
14,5,13967,4777,12909,262
14,2,12347,10644,10837,231
14,5,12263,206,118,188
14,2,13043,8892,9412,454
14,5,15767,3239,6363,441
14,2,8747,5756,4439,292
14,7,11279,6230,7076,275
14,2,9587,7720,2047,205
14,5,12647,9002,3415,436
14,2,12659,1570,6516,244
14,5,12647,9352,10211,220
14,5,12527,11549,859,277
14,23,10559,1521,4164,246
14,5,14303,1506,683,343
14,2,12107,9184,3510,334
14,5,15383,9309,9836,445
14,2,15299,13354,2050,300
14,2,8699,4321,8227,271
14,5,9887,4209,912,217
14,5,11807,2198,6487,383
14,2,11003,3702,491,359
14,2,15299,14148,10208,631
14,2,10667,7258,4279,282
14,5,15287,9242,4528,355
14,2,15683,15508,3197,601
14,5,15767,9979,13676,246
14,2,11699,3602,332,220
14,23,10559,9408,4725,243
14,2,14243,9034,13566,232
14,5,12647,6454,4962,230
14,5,15383,6224,11071,308
14,2,16139,9847,4582,233
14,5,12647,7811,7293,276
14,2,9587,1045,8015,245
14,2,15803,7008,12910,266
14,5,8423,124,2152,204
14,5,14087,9386,7603,204
14,5,15647,9439,3533,262
14,2,12107,1365,5321,273
14,5,10103,7041,5583,468
14,2,8747,5506,1159,214
14,2,11699,3383,8754,195
14,2,15083,9937,1425,227
14,2,14867,2139,13439,240
14,5,15647,13275,15431,247
14,5,9743,9543,5979,342
14,2,9467,2892,6186,221
14,5,14087,2561,8444,256
14,2,15803,1445,11187,337
14,5,14303,14100,8024,298
14,5,15383,8293,4778,265
14,2,12659,7451,3547,320
14,2,8963,8708,6589,585
14,2,10667,9802,991,278
14,2,13163,72,4718,193
14,7,13799,1486,4815,270
14,2,12899,7751,7531,446
14,2,15683,7253,3918,299
14,5,8543,2640,5029,211
14,7,13799,10428,11412,259
14,2,14867,7173,2325,294
14,2,11003,565,8573,234
14,5,13103,10121,762,254
14,2,15299,14418,12983,228
14,2,12347,3451,8845,369
14,5,8423,2898,3109,387
14,5,14423,2678,150,428
14,5,13967,4238,584,313
14,2,12203,8565,11201,379
14,2,13043,1945,6110,231
14,2,16139,8739,4975,188
14,5,12983,11697,1960,330
14,5,12263,4533,3926,168
14,2,13043,4996,9343,377
14,7,11279,10357,3329,235
14,2,13523,10414,3131,221
14,5,10343,4995,9520,192
14,5,11807,10834,3007,284
14,5,14303,2987,2874,230
14,2,9587,8451,3040,377
14,2,11699,5854,11667,144
14,5,14423,11335,10028,287
14,2,10667,3888,913,206
14,5,10607,10253,6077,184
14,5,10463,2238,6748,196
14,2,11483,11132,7027,207
14,2,9467,7960,5551,245
14,5,11807,8907,11133,203
14,2,14243,3852,10979,204
14,5,11807,6162,10066,254
14,5,13967,2007,10345,309
14,7,13799,4359,12376,217
14,5,14207,8845,4817,189
14,5,9887,1807,6550,492
14,19,10799,10088,15,282
14,2,13523,402,376,214
14,2,8963,502,2129,231
14,2,13523,11582,4638,268
14,7,11279,1347,4783,880
14,5,16223,3236,11274,211
14,19,10799,9444,1522,247
14,2,10163,3609,9792,207
14,5,13103,9024,7023,205
14,7,11279,11241,4001,245
14,5,12263,2069,5227,210
14,5,14207,2704,1014,225
14,2,15299,142,3231,188
14,5,13103,395,9858,277
14,5,9743,2162,9713,184
14,5,11807,531,5326,202
14,2,8819,7120,2285,378
14,2,10883,5870,345,212
14,5,9743,8115,2637,192
14,2,15083,3787,2214,211
14,5,10103,1838,5786,219
14,5,8783,5540,4426,212
14,5,15383,1765,3040,347
14,2,10883,1666,9254,238
14,5,10007,1645,9637,265
14,5,10103,563,3142,248
14,5,8423,740,2534,196
14,5,14087,11175,12277,236
14,2,14243,4781,2164,208
14,2,16139,119,10875,187
14,2,13163,5538,5376,221
14,2,15299,5037,12777,206
14,5,14303,8704,4539,233
14,2,9467,3824,2857,203
14,2,13043,6446,1380,401
14,2,11483,5746,11451,135
14,2,8819,2965,3817,472
14,5,9743,7995,7969,231
14,2,15683,2021,5754,332
14,5,13103,12862,8300,268
14,2,13163,9425,740,274
14,5,8543,1996,5558,221
14,2,12539,7972,9981,341
14,19,10799,3,6859,153
14,2,12347,10357,8404,203
14,5,14303,5674,12547,268
14,2,10883,4927,9676,248
14,2,16139,10088,11031,241
14,5,14423,2474,5672,353
14,5,10343,8671,2284,385
14,2,15083,14453,12685,301
14,2,14243,8428,9591,315
14,5,11423,4041,859,194
14,2,14699,3876,13810,209
14,13,14159,3261,7423,183
14,2,11483,5115,4699,297
14,2,12203,2671,329,241
14,2,8699,1194,7192,245
14,5,10463,9811,8634,221
14,2,12107,40,3339,169
14,5,13127,4319,12676,221
14,2,13163,8087,1639,199
14,5,10463,3464,8431,262
14,13,14159,8410,11499,257
14,23,10559,10306,8228,439
14,2,14699,1741,5042,250
14,2,14243,971,7287,204
14,5,14423,8686,1972,215
14,5,12527,4302,3222,181
14,5,12527,8259,11045,222
14,5,14423,7446,9291,212
14,2,10667,6277,3427,205
14,2,11699,5759,11620,191
14,2,12227,10741,10037,175
14,2,15683,14702,6890,203
14,5,11807,10485,8783,182
14,5,14423,631,7976,235
14,19,10799,5498,5815,171
14,2,12899,11111,5559,206
14,5,15287,629,14823,359
14,5,14423,5619,5519,204
14,2,11003,1766,8954,185
14,7,9839,4189,9256,187
14,2,16187,6523,8435,215
14,7,9839,351,6543,218
14,2,14387,10530,12979,211
14,2,14699,14518,7287,265
14,2,13523,12508,1637,191
14,2,9587,4662,73,198
14,11,10079,1584,5765,197
14,5,10007,3663,8642,226
14,5,13967,5447,8223,210
14,2,16139,5121,15121,236
14,5,8783,2885,3618,259
14,5,10607,8773,3650,451
14,2,12347,4107,11885,297
14,2,16139,2010,13249,233
14,2,13523,6801,12256,164
14,2,10163,6686,7058,185
14,2,12899,4705,9888,279
14,5,11423,1216,9668,259
14,5,15767,5400,3353,238
14,2,12227,10458,9946,195
14,2,12659,9961,11526,250
14,2,14243,8595,3922,255
14,2,13523,2371,1578,220
14,2,8819,6567,848,185
14,2,13523,2069,7828,190
14,5,9743,9331,1806,416
14,2,11003,4314,9986,205
14,2,10883,2819,3212,195
14,2,15083,14049,8617,348
14,11,10079,3131,2064,219
14,5,13103,2710,10882,202
14,2,11003,9992,6036,282
14,7,9839,3671,6028,252
14,5,8543,148,2736,220
14,7,11279,9108,1494,192
14,5,13127,6626,6977,180
14,5,15647,3445,10371,241
14,2,12347,4970,6518,236
14,5,16223,2281,6594,426
14,5,10007,9699,1460,288
14,2,11483,10523,6738,324
14,5,10463,4444,5123,219
14,2,12539,9630,708,216
14,5,14423,2257,13477,230
14,2,10163,5252,7825,182
14,5,14423,12418,1592,201
14,2,10667,10391,9800,184
14,5,13127,9754,3528,224
14,2,12107,6671,6995,191
14,5,10007,670,886,198
14,2,14387,5834,12269,180
14,5,8783,5741,7434,169
14,2,12659,4583,9570,178
14,5,10463,6804,4946,379
14,2,11483,3168,7474,262
14,5,12263,5974,4423,216
14,2,10163,9281,1512,216
14,5,9887,9744,98,469
14,2,13523,11528,1802,266
14,2,12227,8043,2368,204
14,5,14303,5126,12143,218
14,5,12647,8057,11591,262
14,5,8783,7748,5652,254
14,5,15767,15020,8264,221
14,2,9467,5955,8057,201
14,5,15287,11026,1008,199
14,5,11423,4291,9736,199
14,5,12983,11637,2315,214
14,2,8699,370,5903,235
14,2,10667,1984,5513,436
14,5,12647,9077,9345,413
14,5,8543,2496,4112,360
14,2,15683,5023,3433,552
14,5,10103,2854,7778,499
14,5,9887,4603,8101,335
14,2,8963,7491,4696,332
14,5,12527,4575,11421,393
14,2,12227,2495,4604,365
14,2,15683,4580,1695,493
14,2,9467,1965,571,265
14,5,11423,2673,8771,362
14,2,12899,7958,1885,354
14,2,13523,11765,1445,425
14,5,13127,13025,3673,407
14,2,12899,10421,9593,363
14,2,8699,5283,2989,253
14,11,10079,4155,9328,264
14,5,10607,2272,6234,290
14,5,8543,1617,6063,369
14,19,10799,8375,116,347
14,5,14087,13247,5830,350
14,2,10883,299,844,224
14,2,14387,240,2891,282
14,2,11483,2259,6351,218
14,23,10559,9356,6804,414
14,2,8699,6281,5505,226
14,2,15299,7159,13976,309
14,2,15299,9713,14144,443
14,2,8819,2039,1112,393
14,11,10079,9872,6364,392
14,5,14087,8614,3313,467
14,5,8423,4814,7670,262
14,13,14159,12453,5369,342
14,2,13523,1627,8536,631
14,5,14423,8090,3393,359
14,2,12539,6589,9938,229
14,7,13799,1410,12976,193
14,13,14159,10179,7787,194
14,5,10607,650,5613,211
14,5,11423,9747,6700,187
14,2,14243,459,2088,188
14,5,14423,4410,13164,271
14,2,14699,9752,3137,259
14,5,12263,4473,11919,198
14,2,9587,6126,4166,202
14,5,15647,4967,6867,230
14,2,8819,6608,5363,188
14,23,10559,2710,4998,258
14,2,8963,2793,4999,422
14,2,9467,4194,3340,221
14,5,13967,4483,13466,202
14,5,15383,5965,6888,207
14,2,15083,8171,12240,191
14,2,8747,988,4647,161
14,2,8747,8533,2431,164
14,5,14303,10176,4695,184
14,2,8819,6971,6827,174
14,5,14087,8253,4726,223
14,5,10463,2096,3180,250
14,2,10667,9470,10067,175
14,2,16139,11039,15253,195
14,5,15767,9138,2463,190
14,2,10667,8274,7989,210
14,2,12539,6474,1100,344
14,2,13163,12821,8247,199
14,5,8423,1233,4818,171
14,5,16223,4416,2473,258
14,2,12899,5259,8446,244
14,2,8819,82,7922,195
14,5,8423,1388,225,188
14,2,11699,10897,6069,221
14,2,10883,5261,8703,227
14,2,15299,15004,12125,231
14,2,10163,8860,6853,200
14,5,10463,5348,7886,166
14,5,14087,12192,13243,172
14,2,13523,4427,12667,210
14,5,12983,1861,1630,193
14,5,12647,7047,389,369
14,5,10007,5796,2630,220
14,7,13799,12086,5009,231
14,2,11003,2247,9521,297
14,2,8699,6215,8637,241
14,7,11279,7634,2114,211
14,2,13043,2320,9302,225
14,2,14243,2859,13328,241
14,2,11699,4298,4498,302
14,11,10079,3401,6130,285
14,5,11423,2942,8754,206
14,5,13127,4801,6680,227
14,5,9743,9364,9203,214
14,5,13967,10510,1002,290
14,5,15383,14801,5597,300
14,2,8699,5531,423,276
14,2,12539,5438,5437,235
14,5,14087,9270,7714,504
14,5,14207,13,9271,147
14,5,16223,16215,10998,250
14,2,15299,12258,7279,212
14,2,12659,9968,6884,198
14,2,12899,502,10494,200
14,5,12527,3251,13,190
14,2,15803,6192,3770,235
14,5,10607,7042,4487,228
14,5,15647,13382,7391,222
14,2,16139,13319,10925,206
14,7,13799,1821,7088,204
14,2,12227,2244,6270,367
14,5,11807,8519,4784,200
14,2,11699,2411,6138,181
14,2,14387,532,7788,220
14,2,12659,214,1787,197
14,2,15683,807,14300,188
14,2,14387,10946,5453,249
14,5,14303,10361,3884,218
14,2,15803,9061,14284,200
14,2,9587,124,5839,198
14,2,12107,5383,8325,220
14,2,15683,6880,15168,282
14,2,16187,15444,6229,221
14,5,8423,1369,2887,194
14,2,16187,9486,7732,320
14,5,9743,3652,8973,396
14,2,8747,7746,8706,212
14,7,11279,7349,4854,235
14,2,10163,8058,6750,184
14,2,14699,13358,10359,218
14,23,10559,9528,6161,242
14,2,9467,4599,2793,193
14,2,9467,3824,2857,236
14,2,16139,1660,14804,199
14,5,15287,1622,4715,217
14,7,9839,441,3702,195
14,2,12539,8749,2888,198
14,2,15299,14808,1323,242
14,2,15299,12833,13767,375
14,5,10607,1215,316,201
14,2,10163,2891,7340,447
14,2,10667,3804,3026,376
14,11,10079,9514,5923,276
14,2,11003,4734,8027,260
14,19,10799,9982,7616,265
14,2,10667,6593,8731,577
14,2,14387,11829,7748,259
14,2,15083,11314,8589,332
14,2,14387,2341,6473,361
14,5,9887,5147,5996,209
14,2,15803,7637,12586,306
14,2,10163,2272,9650,214
14,2,8819,2270,3447,252
14,2,9587,5895,4434,323
14,5,11807,219,11066,217
14,7,9839,9264,1596,599
14,5,10103,1857,6255,255
14,2,9587,6976,6160,272
14,2,8819,8191,8592,260
14,2,11699,6226,3122,226
14,2,14699,14076,1635,276
14,11,10079,2760,6625,219
14,5,10463,3522,5509,253
14,2,12347,5268,5658,246
14,2,12539,6598,9961,204
14,5,13103,2900,10487,231
14,11,10079,640,2390,225
14,2,14243,10653,5687,225
14,5,13127,10171,4429,579
14,2,8747,4290,4741,224
14,2,14243,13985,13104,228
14,23,10559,2259,6472,256
14,5,14423,3369,1742,302
14,5,10007,9223,263,241
14,2,8747,6721,3696,317
14,5,10607,3021,2315,229
14,2,15299,14731,8011,273
14,2,12227,12146,1362,385
14,5,15647,12136,2022,222
14,2,10667,3266,5312,218
14,2,14867,171,12564,229
14,2,16187,11916,8822,261
14,2,9467,6453,8725,221
14,2,12227,4043,5172,281
14,5,14207,12189,11678,234
14,5,10007,1497,1679,310
14,7,13799,15,8470,170
14,7,9839,3391,3168,271
14,7,13799,1476,8471,217
14,2,13043,3803,7308,488
14,5,11423,1744,727,223
14,2,11003,10797,9289,262
14,2,11003,5711,2234,196
14,2,14387,1901,13017,347
14,5,10607,8687,9748,224
14,2,8747,1612,3599,248
14,5,11423,5136,4837,269
14,5,12983,8770,12033,187
14,2,14867,7523,3510,217
14,2,12659,2814,9650,253
14,5,15383,3792,11112,472
14,7,11279,3424,4175,221
14,5,14087,11170,12982,266
14,2,16187,7708,2937,268
14,2,11483,6198,10215,208
14,2,12659,7410,10922,335
14,2,9587,9567,563,418
14,19,10799,7620,7935,353
14,5,13127,11952,975,293
14,2,11003,2627,69,288
14,5,15767,1383,8115,219
14,11,10079,2695,9808,207
14,2,14387,4008,9953,216
14,5,10007,789,7441,428
14,11,10079,4804,6314,267
14,5,13967,2765,984,222
14,5,10607,8194,161,223
14,2,13043,11887,3781,378
14,5,10007,8230,7946,910
14,2,12227,4823,11355,351
14,5,11423,10926,7858,205
14,2,12203,529,9845,212
14,5,15383,12577,11011,262
14,5,8783,7813,850,220
14,7,13799,11521,11549,320
14,2,11483,3438,9808,187
14,2,10883,2886,10137,419
14,5,15287,9318,4559,247
14,5,10607,10261,2739,828
14,5,15767,6750,11086,244
14,5,9887,7008,8237,195
14,2,9587,2623,1346,221
14,2,10163,3686,8721,220
14,2,11699,4826,9729,214
14,2,9467,381,8203,221
14,2,9587,8503,85,278
14,19,10799,2796,2645,193
14,2,8699,2797,5107,249
14,5,9887,575,3683,254
14,5,8423,1053,7590,230
14,5,10007,3768,3328,202
14,5,15767,14890,2670,324
14,2,15683,14562,11872,238
14,2,15083,10063,1767,464
14,2,8699,8477,606,226
14,5,14207,6967,13301,287
14,2,13163,11616,3299,234
14,2,11003,3269,5338,277
14,5,10463,3148,87,297
14,5,12983,638,6905,329
14,5,14423,1766,9637,384
14,2,15083,7255,14395,285
14,2,9467,5649,1352,188
14,5,13967,8044,2916,212
14,2,10883,3140,10780,356
14,2,9467,3973,4200,268
14,2,13523,10335,9048,227
14,5,12647,8056,7377,198
14,2,8963,3433,2213,435
14,5,10343,6925,7220,220
14,5,15383,15051,10274,356
14,2,8819,1291,3714,202
14,2,8819,4495,5533,180
14,5,14303,4112,2246,220
14,5,13103,8899,4226,215
14,5,10103,3595,6499,219
14,5,13967,3694,3016,222
14,2,14243,12419,3570,361
14,19,10799,1924,1801,230
14,2,8699,2679,6291,201
14,2,13523,5407,8723,222
14,5,15287,814,7644,216
14,2,13043,9123,10543,304
14,7,13799,1285,6755,564
14,5,15647,3449,4017,437
14,2,9587,1018,7478,377
14,2,13043,87,3702,404
14,5,15767,9269,10480,675
14,2,8699,4197,6730,496
14,5,15287,6176,6425,372
14,2,9587,3758,7197,338
14,5,8543,5067,3575,322
14,5,14087,11527,8243,433
14,2,12659,3004,3951,282
14,5,14423,14173,13217,258
14,5,15383,14731,7158,497
14,5,8783,3529,1865,373
14,7,11279,509,1970,317
14,2,15803,9616,3781,338
14,5,10007,8224,6307,429
14,5,9887,6383,850,232
14,2,14387,4453,2061,375
15,7,27239,24296,18270,709
15,2,16547,514,14445,275
15,2,20123,688,10783,421
15,2,20627,16841,10042,423
15,2,21059,12430,8859,239
15,2,21179,3296,9677,250
15,7,19079,15811,5157,371
15,2,30323,29293,16612,334
15,17,18119,11904,11758,229
15,2,21419,6463,1650,245
15,5,24023,23908,6256,289
15,5,20183,12421,16688,236
15,2,26099,7241,6461,627
15,2,21227,12339,20566,370
15,2,20507,19090,7751,461
15,13,24239,19972,8285,409
15,2,27803,11740,6458,277
15,5,20543,1354,9300,444
15,5,18743,13207,13771,686
15,2,18059,14811,6420,251
15,2,22739,10562,9896,254
15,2,31547,27316,21351,540
15,5,25583,11921,18956,294
15,2,29339,8621,14980,425
15,2,21227,68,6103,204
15,5,17327,9078,7516,487
15,2,26627,22481,621,527
15,11,23159,21375,11886,263
15,2,32603,27708,16074,263
15,2,21563,2419,10003,309
15,5,16487,9927,8690,355
15,2,28979,1096,1091,252
15,13,24239,20791,13155,366
15,2,24083,6109,8249,283
15,5,20183,19919,12338,298
15,2,30323,29479,10239,429
15,11,25919,18366,11661,244
15,2,26627,22012,7357,226
15,13,24239,5435,16165,354
15,5,20543,7043,10342,247
15,2,22739,18383,16092,220
15,5,31583,10859,25881,300
15,2,18947,8582,8297,256
15,2,27299,1129,24614,241
15,5,20543,7324,16349,433
15,11,23159,7093,5088,333
15,5,31847,3181,21798,250
15,2,26099,4628,13887,315
15,2,20627,6911,5840,293
15,2,27299,2362,17564,510
15,2,29243,25497,11404,239
15,2,27299,25234,4002,256
15,2,21419,14775,14181,266
15,5,24023,7978,23144,315
15,2,29339,7855,450,396
15,2,23603,13144,1089,469
15,2,21419,13600,11720,316
15,5,23567,12625,7061,337
15,2,26099,9057,20474,313
15,7,25799,23648,6206,269
15,2,17027,871,4195,385
15,2,20123,15306,14316,586
15,11,23159,1597,18770,306
15,5,25847,17362,16690,269
15,2,17387,15660,10798,279
15,2,27803,9380,24998,549
15,2,17939,1179,72,245
15,2,31547,30936,19285,285
15,2,24659,13851,14601,253
15,5,22343,4616,4444,454
15,2,18443,4142,10393,321
15,2,23819,17835,13074,253
15,5,31583,31540,17106,276
15,2,28307,27700,25929,229
15,7,19079,12234,4103,349
15,13,24239,14534,13619,247
15,17,18119,11579,7462,228
15,2,29243,20440,13100,786
15,2,19379,9560,18682,252
15,5,20183,7209,12199,229
15,5,22343,7068,10514,192
15,2,18587,18406,14764,182
15,2,17939,13217,7111,321
15,2,20123,9814,2519,264
15,2,26627,9924,5024,565
15,2,30323,10401,2308,417
15,5,22343,4034,21083,397
15,2,31259,7693,15985,467
15,2,26627,15560,22729,465
15,2,26003,837,1229,234
15,5,32183,25456,26543,354
15,5,21383,20350,20822,322
15,2,21059,10634,13326,689
15,2,23819,2130,3481,307
15,2,32507,1673,28806,263
15,5,26903,15606,16975,574
15,2,17387,260,8219,392
15,2,18443,768,18429,236
15,2,29243,2307,4178,540
15,17,18119,13912,10577,276
15,11,23159,623,304,398
15,2,18443,3977,16946,495
15,7,21599,8029,8316,391
15,2,20627,3870,3654,337
15,2,25307,8408,17887,296
15,2,25307,8603,12159,391
15,2,22643,12556,1887,349
15,2,17483,5582,2353,388
15,5,31847,437,11426,368
15,2,18587,10243,8378,277
15,5,26927,17723,6196,254
15,2,30203,26013,19569,532
15,5,21767,17611,9538,266
15,7,28319,11940,3222,460
15,5,20183,17966,18534,243
15,2,17939,10419,13430,358
15,2,32603,16542,18087,269
15,2,32003,23655,31876,264
15,2,19259,19251,1956,212
15,2,23099,11741,12121,384
15,2,22643,14662,21876,435
15,2,29243,17608,16428,393
15,2,23819,18830,13333,258
15,2,22787,1767,8528,254
15,5,20543,10035,459,274
15,5,20327,20243,5631,319
15,2,23819,21356,16139,288
15,7,21599,20047,15474,258
15,5,27527,6483,26015,381
15,5,17903,10644,15433,316
15,2,23603,8452,4163,237
15,2,17387,13645,14224,352
15,2,32003,31063,8534,944
15,5,22343,16578,21611,245
15,2,19379,11202,15155,218
15,5,21767,19825,21667,409
15,13,24239,11757,591,290
15,17,18119,8826,10555,611
15,5,29567,3695,7836,296
15,5,29567,26838,28946,297
15,5,19583,16240,8455,222
15,5,24527,11309,2827,317
15,2,32603,32492,27941,382
15,2,31547,25663,26865,774
15,5,24407,13842,7226,500
15,5,22343,19596,1366,392
15,2,22787,12043,2090,547
15,5,16487,15843,3785,461
15,2,24659,24528,12644,677
15,11,29879,526,3833,318
15,2,32603,7583,20526,364
15,2,27107,26375,1124,591
15,5,27527,27525,11011,394
15,5,32183,9108,30124,398
15,5,25583,15300,9029,625
15,2,28307,6066,7457,612
15,2,27107,11927,20182,605
15,5,22943,937,11789,252
15,2,28499,17840,2540,483
15,2,17027,11194,11680,238
15,5,29567,8061,4133,392
15,5,31607,12446,6256,413
15,2,27803,2249,20679,383
15,2,30203,11639,6663,309
15,5,28607,8428,22133,335
15,2,32003,3378,3594,285
15,5,17903,9612,7365,289
15,7,27239,22976,9639,514
15,5,25343,24579,473,334
15,5,20543,14037,3648,227
15,5,24527,8787,4172,398
15,5,28607,17259,15438,511
15,2,22643,15105,12112,296
15,2,22643,10364,13412,453
15,2,29123,27462,15358,262
15,5,25343,152,1635,230
15,2,28019,2924,12533,368
15,2,24659,4334,10670,250
15,7,27239,10676,24629,362
15,5,24023,20546,14694,483
15,2,21563,11697,5829,245
15,5,20327,7678,5897,235
15,2,16547,15096,10624,214
15,5,31583,5179,4852,527
15,7,25799,14395,5943,483
15,7,27239,14226,10449,436
15,5,22943,9053,13652,326
15,11,23159,15930,10886,281
15,2,30323,23007,16752,315
15,7,23039,9454,16037,414
15,2,32003,31866,29724,497
15,2,17483,6837,14372,439
15,11,29879,22179,5986,296
15,2,30347,5349,7839,248
15,2,21467,2189,12207,339
15,5,25583,15836,20658,318
15,5,20183,6495,689,254
15,2,32003,4976,1113,846
15,2,28163,364,10866,359
15,2,17387,704,4922,220
15,5,25847,22056,13589,275
15,2,23603,20452,16269,382
15,2,25307,7569,13393,311
15,2,30323,9960,24485,267
15,2,30539,2747,15533,297
15,2,20123,1857,15780,350
15,2,28163,22940,26583,305
15,5,22343,17591,7879,413
15,2,18059,17716,824,314
15,5,25343,19119,8679,744
15,5,22343,9183,7579,272
15,2,21227,13729,1554,217
15,11,25919,2153,24633,233
15,2,21179,9730,9631,273
15,5,20663,13973,17547,290
15,2,26003,9851,14491,274
15,2,27299,20227,6963,456
15,5,24527,19261,11772,243
15,2,30539,3888,18455,258
15,2,24203,15455,19163,271
15,5,29567,1324,8334,438
15,2,30347,19630,2677,291
15,2,21059,18307,10245,232
15,2,24659,18136,4396,267
15,2,20123,16447,7121,282
15,2,32003,11288,16521,304
15,2,24659,3130,11418,271
15,2,27827,26764,13570,273
15,5,17327,8819,170,242
15,2,20123,12657,6700,257
15,2,27803,8907,26204,288
15,5,27767,12035,25116,234
15,2,19259,2733,14629,224
15,2,25307,22798,4464,226
15,2,20507,14475,13372,203
15,2,17483,15275,11700,406
15,13,18959,4638,10498,267
15,2,23819,21950,23635,261
15,2,27803,24780,2868,238
15,2,30467,12767,12136,261
15,2,27803,11509,9697,296
15,17,23399,21410,15425,241
15,2,32603,11465,20964,483
15,5,21383,19513,14085,249
15,2,22787,18284,12099,224
15,2,28499,7716,18115,465
15,5,18743,12953,18526,225
15,11,25919,22318,696,217
15,2,26003,17508,13662,371
15,7,23039,12521,9138,282
15,2,32603,26193,1016,247
15,2,29123,9705,892,251
15,2,20627,15701,8981,262
15,2,23099,2692,2160,231
15,5,25847,8956,398,219
15,2,17483,2378,8261,285
15,2,27827,15033,14318,295
15,2,32507,1118,9457,279
15,2,21467,553,6536,210
15,2,25307,22915,14833,311
15,2,30539,24032,23346,451
15,2,24083,161,9749,286
15,5,20327,10308,16381,220
15,2,23099,9167,17163,227
15,2,18443,5402,13578,236
15,2,24203,17253,11386,251
15,5,16487,6642,9253,376
15,2,26099,4838,2494,274
15,5,20183,11933,13524,232
15,5,31847,2940,12593,252
15,2,17483,13851,6069,357
15,7,28319,17296,27979,258
15,2,18443,9400,6871,276
15,2,21227,7884,8219,236
15,5,31583,15220,23054,411
15,5,18743,13613,12845,309
15,2,26459,11737,11179,232
15,2,30539,26109,5433,413
15,5,25343,1061,20731,236
15,5,26927,2508,24566,284
15,2,23603,19365,6021,289
15,2,28163,22966,100,269
15,17,18119,13556,6662,415
15,5,27767,25842,27003,505
15,2,27803,22411,11795,340
15,2,21179,13888,7300,465
15,2,18587,7124,5815,291
15,2,31547,9764,26636,799
15,2,26459,1987,10409,403
15,7,23039,16649,15677,355
15,5,29567,27054,7079,402
15,5,24527,19942,13861,620
15,11,29879,26044,16583,475
15,2,28307,18913,10096,360
15,2,27803,9354,27198,383
15,5,29567,28605,9132,271
15,5,22943,9045,21421,326
15,5,27527,694,26620,440
15,7,27239,4199,20507,459
15,2,22787,13724,21126,300
15,2,18587,2549,13536,255
15,5,17327,16271,12736,293
15,2,21227,12684,12404,753
15,2,23603,10665,1071,481
15,2,31547,7688,28872,556
15,17,18119,3027,16666,400
15,2,30347,19288,6355,387
15,5,23567,16143,20077,331
15,5,27767,26385,1768,437
15,7,25799,21380,21727,290
15,2,17027,6025,2828,257
15,5,21767,15992,620,243
15,2,21227,4536,10339,240
15,2,18443,7047,8352,197
15,2,27827,1521,9876,228
15,2,28019,5470,16733,241
15,13,29399,15490,26677,611
15,7,25799,14504,1415,283
15,2,26627,20226,22277,279
15,2,30803,26777,7677,257
15,5,32183,11469,6975,319
15,2,19259,6224,11717,243
15,2,27299,6764,21508,219
15,2,30347,6264,25573,208
15,5,17903,6654,6221,187
15,5,31847,29173,23684,252
15,7,25799,13488,5289,411
15,7,19079,14846,8439,223
15,5,24407,149,5230,238
15,2,30203,20194,28992,496
15,11,23159,7849,22632,263
15,2,30539,9548,1810,260
15,7,19079,18180,3215,211
15,2,25307,5392,8783,202
15,5,22943,15396,7831,208
15,2,18587,16402,883,271
15,5,24407,21501,20732,257
15,2,21563,4808,2365,209
15,7,23039,20809,4423,211
15,2,23099,14709,15679,201
15,2,21059,15489,4670,242
15,2,22787,19850,7803,532
15,5,29663,1201,17340,245
15,2,28499,2644,22208,257
15,7,19079,13571,4024,206
15,2,23099,22,13385,161
15,5,25583,6163,13361,237
15,2,30323,1923,19704,243
15,2,28499,1529,15197,304
15,5,21767,9458,4621,308
15,2,28019,26045,9392,262
15,2,29123,844,9389,217
15,5,20327,9139,3574,237
15,2,23099,14595,18292,278
15,5,26903,6561,18184,241
15,2,25307,7152,2559,365
15,2,29123,20122,803,341
15,2,29339,13573,25944,325
15,2,22739,3567,19102,234
15,11,29879,16305,11141,223
15,2,30803,17678,6704,222
15,2,31259,12183,10134,261
15,2,32003,23451,8340,250
15,2,21419,10438,7272,230
15,13,29399,19906,6281,258
15,5,27767,26759,7783,329
15,13,18959,1624,9545,260
15,13,18959,18332,3692,249
15,2,28499,24740,16920,311
15,2,21419,7980,8417,364
15,5,20543,11847,9268,252
15,5,20543,2121,6195,571
15,2,23099,14990,7460,233
15,5,22343,3736,14896,229
15,2,23627,1829,21881,221
15,7,19079,12915,10461,283
15,2,24659,23548,14297,267
15,5,20663,465,16317,213
15,2,24203,24114,6080,262
15,5,29567,22029,14482,270
15,2,27107,2808,24911,254
15,2,24083,3331,6129,225
15,2,17027,69,1651,185
15,5,25583,13534,14,349
15,5,31607,8869,13679,274
15,2,26627,21729,4623,240
15,2,18587,5069,7212,225
15,2,30323,15517,9148,206
15,5,21383,5313,19360,242
15,2,23099,7461,22517,232
15,5,29567,19379,2889,205
15,2,24203,832,13991,340
15,2,31547,5039,15751,251
15,2,26459,1445,14763,209
15,5,21767,11042,6357,185
15,5,32183,26017,2076,368
15,5,31847,13558,29509,271
15,11,29879,12248,15465,265
15,5,25343,22391,12422,207
15,2,28979,22721,26472,302
15,7,27239,8920,11662,283
15,5,24023,18170,21706,226
15,2,27827,14799,2372,206
15,7,29759,4537,15797,236
15,2,24659,19185,1218,225
15,2,21419,8974,20625,216
15,7,21599,5806,16349,195
15,2,25643,2523,3853,347
15,2,21059,6125,1605,186
15,2,26459,7166,22724,354
15,5,20183,11669,13360,328
15,7,23879,10048,12949,232
15,2,23627,19440,13493,204
15,2,29243,18293,21312,278
15,2,26459,25775,16462,266
15,2,18059,12498,11812,248
15,5,31847,15216,15672,241
15,2,17939,1927,11130,291
15,2,20123,8324,17454,291
15,7,27239,23417,6802,312
15,5,21767,16002,547,234
15,2,31139,19864,29992,446
15,2,27107,14917,1331,340
15,11,23159,18113,19990,385
15,2,28499,4216,20310,374
15,2,24203,8005,17733,266
15,5,19583,16463,9345,407
15,5,18743,1508,17738,393
15,2,29243,4158,6115,523
15,2,23603,1047,19394,285
15,5,21767,4278,21579,256
15,5,26903,15558,12391,220
15,5,21767,4123,14499,707
15,7,28319,5736,13848,305
15,2,25643,5368,3590,289
15,5,17327,12892,6613,237
15,5,25343,21061,10968,452
15,2,23819,19088,8072,253
15,2,23627,11307,5455,238
15,5,19583,13278,5851,236
15,2,25643,1893,20876,326
15,7,29759,7263,27765,270
15,7,27239,11152,6731,296
15,2,22787,4614,22169,457
15,2,26003,6501,15046,309
15,2,24659,23521,3068,256
15,2,22787,3853,19345,307
15,2,26627,9258,23019,439
15,5,22343,4292,16137,299
15,2,27827,17396,9611,293
15,2,21467,19906,10479,451
15,2,20627,7380,10071,385
15,11,29879,22789,27400,554
15,5,16487,1538,5974,361
15,2,21419,6109,14939,416
15,2,32603,5783,15731,268
15,7,29759,4075,23387,334
15,2,31547,9941,113,397
15,2,22787,18811,15864,286
15,5,20543,12956,18818,249
15,2,17387,600,11829,257
15,7,28319,12113,8012,237
15,5,23567,1416,17264,258
15,2,29123,24727,1712,295
15,2,18587,6473,13673,252
15,2,19259,11757,18525,249
15,2,27299,6183,236,376
15,13,18959,8620,2515,232
15,2,25643,14753,8837,300
15,2,27803,14878,3510,300
15,5,25343,7611,9232,344
15,2,18443,10453,17190,259
15,5,20543,10626,3331,311
15,5,20663,13049,14225,316
15,5,25847,1479,14795,562
15,2,23819,2916,13461,582
15,5,16487,6124,15223,319
15,2,26627,8682,2301,390
15,2,24659,19224,2107,348
15,2,18947,16636,7887,293
15,2,29123,5440,23680,757
15,5,28607,19958,12450,325
15,2,21227,17101,16889,308
15,2,21419,6133,15782,250
15,2,27803,26750,9267,292
15,5,24023,23842,15104,262
15,7,21599,8719,12517,763
15,2,26003,24409,8791,283
15,5,17327,15545,16779,353
15,2,28019,9612,23285,300
15,2,22787,5407,18218,244
15,2,24659,370,13506,325
15,5,16487,12192,5433,462
15,2,31547,11270,30036,307
15,5,17903,3060,6382,261
15,2,28019,23028,27066,270
15,2,24659,13177,23314,343
15,2,27803,14488,20469,336
15,2,17027,4176,8996,305
15,2,21419,6186,21354,352
15,2,31547,29997,4685,453
15,7,23879,18147,15061,266
15,2,27803,9570,25194,282
15,2,18587,858,4995,253
15,2,31547,8715,15303,261
15,2,17387,8638,6119,223
15,2,22643,1141,19437,219
15,2,23603,13094,9754,441
15,5,31583,6344,2078,252
15,5,31607,16248,10569,240
15,2,32003,24359,4048,221
15,5,19583,19377,14311,213
15,2,16547,13112,10108,181
15,7,18839,9720,9767,209
15,2,28643,17750,18874,213
15,5,23663,6784,13093,229
15,2,31547,17051,12109,207
15,2,28163,23678,22163,238
15,2,18947,13678,17436,203
15,5,31583,29838,13895,505
15,2,28163,3146,7357,208
15,5,26903,13247,13918,247
15,2,17387,14852,14591,209
15,5,22343,15746,11124,240
15,5,20663,19982,6521,204
15,5,23663,17412,17719,227
15,5,27527,26492,12050,220
15,2,24203,14532,5210,221
15,11,29879,10601,29079,213
15,5,24527,22086,13820,263
15,7,27239,135,8090,274
15,2,24083,545,1998,215
15,2,17939,10596,16187,346
15,2,30803,27783,8653,542
15,5,20543,15730,17009,351
15,2,24659,13021,1536,302
15,2,17939,1382,14232,281
15,5,23663,20475,14649,260
15,5,31607,2922,25605,244
15,2,17387,922,2270,246
15,2,22643,17603,22556,245
15,2,18587,16216,14342,235
15,7,18839,12705,18625,213
15,5,18743,641,7463,334
15,2,18443,14795,11603,255
15,2,21059,10914,6575,439
15,7,28319,2524,24286,279
15,5,25343,1968,4561,221
15,5,17327,10147,756,281
15,2,27299,27125,2892,239
15,7,19079,2002,3770,257
15,2,26099,4680,4906,299
15,2,30203,24017,3056,261
15,7,21599,4324,10996,231
15,5,31583,21144,10584,280
15,5,23567,7008,18733,279
15,2,26627,1612,11515,233
15,7,28319,1359,21239,262
15,2,19259,6346,10030,228
15,2,21227,3010,17683,354
15,5,31607,21442,29804,242
15,5,20663,10334,20538,142
15,5,23567,13967,20998,250
15,11,25919,5008,18189,206
15,5,25847,12575,15986,247
15,5,24407,22251,11938,267
15,7,21599,21055,18092,226
15,5,32183,15743,2452,224
15,7,23879,15659,6092,232
15,7,23879,17717,12740,226
15,5,29567,3413,12551,229
15,2,21227,11451,18002,214
15,2,30347,25519,2159,375
15,2,17483,983,4150,220
15,2,18443,5673,1412,216
15,2,18947,6621,10551,208
15,5,32183,9162,20349,246
15,2,28499,9714,20422,279
15,2,20507,10956,9759,195
15,2,21179,13538,21080,226
15,11,25919,16576,15809,232
15,2,31547,18032,20865,211
15,2,27107,16062,20703,232
15,2,24659,6617,10747,262
15,2,18947,15868,18627,224
15,2,28643,392,12604,418
15,5,22943,729,18321,217
15,2,22643,18137,2293,335
15,2,20123,17272,8521,219
15,2,23627,17353,5210,214
15,5,23663,12305,15310,225
15,2,30323,18765,20442,240
15,2,30347,29848,25742,265
15,2,23627,409,9600,257
15,5,17327,7276,5183,227
15,2,21059,14635,5846,287
15,5,18743,16682,13342,223
15,2,29243,18997,22711,237
15,2,30347,23700,9470,557
15,5,20543,7620,1653,259
15,11,29879,12293,8244,533
15,2,29123,24508,13174,353
15,5,25847,19032,1039,289
15,2,20507,6314,9084,352
15,2,21059,2731,12940,359
15,2,32507,2059,29094,432
15,5,32183,10566,30475,461
15,2,31139,19256,15052,450
15,5,23567,3736,3974,241
15,13,24239,12880,13962,281
15,13,24239,6589,12737,427
15,5,25583,2636,3456,438
15,5,20543,14303,20502,276
15,2,21467,3006,13877,460
15,5,25847,7048,4194,375
15,5,24527,11417,11926,436
15,2,23603,9995,5779,300
15,5,31847,1785,17019,236
15,7,19079,15610,6267,521
15,2,28979,6186,41,307
15,2,26459,6267,20351,292
15,5,16487,11168,13315,290
15,5,17327,15589,10804,407
15,5,24023,13841,19657,301
15,7,29759,15569,8029,459
15,2,26099,3541,944,260
15,2,31547,13634,11298,477
15,2,29339,8010,24121,307
15,5,18743,3858,16877,368
15,2,22643,9797,22506,412
15,13,29399,3065,12630,624
15,2,22643,9796,11253,519
15,2,32603,1710,6504,426
15,2,30323,4469,7681,273
15,5,27527,5079,20561,719
15,5,24023,13042,940,238
15,5,22343,3578,20050,230
15,5,20543,13573,10527,252
15,5,29663,96,28032,218
15,5,20543,16288,11773,319
15,7,23879,16088,368,245
15,5,25343,14640,2538,353
15,2,20627,11917,11916,249
15,2,27107,461,7896,522
15,2,26459,2103,18451,257
15,5,25583,14655,15654,277
15,2,28643,23678,18578,249
15,7,27239,3659,23754,248
15,5,17327,14453,5566,226
15,2,19379,15198,11127,247
15,2,17939,9052,9917,401
15,17,18119,181,13317,263
15,5,22343,21447,7729,413
15,2,28499,1065,16450,344
15,2,22739,4705,16439,416
15,7,27239,5342,6029,523
15,2,29339,11648,13320,278
15,5,26903,20557,19898,494
15,2,31547,8854,21580,270
15,2,28163,23069,16030,406
15,5,20327,18988,393,428
15,2,24083,7064,23508,271
15,2,26459,21376,8521,361
15,17,23399,16993,22714,279
15,5,24023,846,10793,272
15,2,23603,20499,5701,261
15,2,21059,8371,13935,244
15,2,17939,11130,15353,243
15,7,27239,21790,5860,285
15,2,26003,8036,20365,498
15,5,20183,10729,7956,290
15,2,28499,17443,20327,320
15,5,20327,3447,9309,271
15,2,20507,19519,16507,351
15,5,32183,21671,23114,334
15,11,23159,5047,22187,235
15,2,30347,19400,16727,255
15,13,24239,21421,8343,375
15,2,18443,16202,8381,263
15,5,31583,13163,6705,271
15,2,17939,1983,8949,209
15,2,30347,29999,22879,498
15,2,29243,19034,19,502
15,2,28163,23478,1116,293
15,5,27527,21711,636,256
15,5,22943,7191,15174,283
15,2,30539,4866,7743,266
15,5,27527,10261,2520,319
15,2,26003,4326,16198,368
15,2,21227,632,18262,320
15,11,29879,27260,24000,315
15,5,32183,28266,12985,261
15,2,30539,11444,28390,365
15,2,32003,7009,7602,394
15,7,23039,19394,12751,261
15,2,26099,18051,9380,211
15,5,25847,12686,6113,372
15,2,30539,19881,1403,252
15,2,24659,16948,13198,226
15,5,27767,8392,18935,213
15,2,18587,13831,5018,211
15,2,21467,9431,401,468
15,2,27827,21484,24589,274
15,2,19259,14994,231,226
15,2,24083,4167,18698,251
15,2,17939,12933,12228,423
15,2,21179,695,3542,216
15,11,25919,12674,17486,668
15,2,26003,2899,8630,312
15,2,28019,23218,11898,303
15,5,22343,20201,19728,235
15,5,20543,2664,7794,276
15,2,18059,11592,9807,274
15,2,29339,8105,18879,331
15,2,24203,9057,4837,226
15,7,19079,12482,9648,198
15,2,23819,4720,8281,238
15,5,24023,8664,2345,239
15,2,19259,13321,14929,220
15,2,32003,314,20566,360
15,2,21467,16853,20826,243
15,2,21419,9999,14731,301
15,2,23627,22101,15004,345
15,2,17027,10531,13150,208
15,2,19379,15920,18118,203
15,2,18947,10811,5735,193
15,2,21179,9627,8587,251
15,2,23603,13863,23171,205
15,5,22343,18955,6808,238
15,2,17939,11138,1727,196
15,2,23099,17812,18854,200
15,5,28607,20432,688,365
15,2,23099,12237,9293,221
15,2,27803,26160,27670,244
15,2,24083,6304,9361,231
15,2,17387,2163,7018,200
15,2,29123,26869,22479,221
15,5,16487,8671,8583,170
15,2,30203,20937,21140,197
15,5,26903,4385,23243,208
15,2,24203,20053,11485,223
15,11,23159,11070,17013,253
15,5,32183,27545,3293,231
15,2,19259,10057,13015,184
15,2,24083,6509,9018,200
15,5,24407,3831,1076,359
15,2,32003,22035,21567,254
15,5,21383,2325,13198,336
15,2,26099,7589,11974,244
15,2,24083,857,15679,198
15,7,29759,6828,10939,204
15,2,30467,6650,12210,209
15,2,19379,15831,5035,193
15,2,28979,6528,25249,205
15,5,27527,18247,15555,202
15,5,27767,24032,9156,198
15,5,21383,13947,741,195
15,5,29567,4557,167,208
15,5,28607,12617,4683,250
15,5,22343,17925,11071,227
15,2,30347,6261,6990,431
15,5,27767,14805,26565,208
15,7,23879,1023,16720,189
15,7,28319,16037,18258,238
15,2,30539,11129,10381,212
15,2,32603,26104,2578,247
15,5,31583,28540,26913,248
15,2,27803,12316,265,210
15,7,27239,16068,8928,270
15,17,23399,22790,19002,226
15,2,18587,15043,8976,231
15,2,23627,20410,7573,212
15,5,20327,4973,10492,230
15,7,29759,9752,9816,437
15,5,19583,4926,854,214
15,7,28319,8361,25628,219
15,2,23603,6620,9359,229
15,2,18443,15814,15398,220
15,2,28019,5662,19727,210
15,2,18947,8252,14057,221
15,2,30467,17796,9025,225
15,5,31847,16811,14199,263
15,2,28019,19239,21770,264
15,2,31139,19548,18853,241
15,5,24407,10786,7245,269
15,2,24659,9969,8466,263
15,5,27527,16918,17378,358
15,7,23879,9847,15775,243
15,5,24527,563,12753,209
15,2,27107,16451,6940,440
15,5,20183,5539,11774,231
15,5,20663,20301,5843,201
15,2,17387,11771,6486,180
15,5,20327,6043,17056,180
15,5,26903,60,26560,179
15,2,27107,21303,5621,232
15,2,31139,12762,15588,301
15,2,17387,6494,6071,364
15,2,16547,6106,1191,247
15,2,28307,19310,26996,262
15,2,29339,7160,9890,274
15,2,20627,11026,13532,294
15,13,29399,18079,11559,780
15,2,31139,21481,21845,272
15,2,26003,10492,14750,239
15,17,23399,7633,3887,231
15,5,29663,5459,21319,223
15,2,30203,6805,18096,244
15,7,27239,5198,23577,305
15,2,27299,3570,17950,212
15,17,23399,16963,17152,200
15,2,31547,17522,18475,208
15,2,30347,17953,2871,190
15,2,27827,27753,21691,218
15,2,28643,10831,18584,233
15,2,18443,4607,2396,228
15,5,19583,4079,14713,383
15,2,29123,7232,8100,218
15,2,30323,16641,30223,200
15,5,20183,971,20167,192
15,5,27527,23250,2668,211
15,5,24527,14027,23360,196
15,5,20543,4342,13664,234
15,2,17939,15528,9851,200
15,7,18839,18815,399,218
15,2,25307,23131,21727,215
15,2,17483,3738,11367,214
15,5,17327,3540,8867,221
15,5,27527,18626,10865,270
15,2,21059,8541,936,251
15,2,23627,1370,4013,393
15,5,31607,1070,30559,244
15,5,26927,10028,5167,293
15,2,26003,22128,7390,234
15,2,24083,7662,14314,235
15,2,30467,2155,11829,226
15,7,29759,18531,17798,228
15,5,26927,19361,25284,258
15,2,24083,13716,9420,217
15,7,29759,28332,2026,344
15,2,17483,2908,14427,326
15,2,17483,8245,12353,301
15,2,20627,17172,18767,253
15,5,24527,17387,7846,217
15,2,27299,1543,14525,229
15,7,19079,8801,5670,253
15,2,28307,16804,21187,416
15,5,25343,4875,18408,371
15,2,30203,20226,16858,235
15,2,28643,20317,1375,248
15,5,26903,886,16753,212
15,2,28499,16183,15869,256
15,5,26927,521,17735,233
15,13,18959,12868,4179,188
15,7,23039,11874,2493,180
15,2,28499,18014,795,203
15,2,26099,7912,2772,235
15,5,21383,8601,10709,215
15,2,19379,6749,9805,219
15,2,25643,5120,16725,361
15,5,18743,17317,9495,242
15,13,29399,19100,2369,235
15,2,28643,5822,7763,293
15,2,18443,4277,5781,232
15,2,31139,26282,14513,245
15,11,25919,21513,24340,240
15,2,17027,5231,9354,220
15,2,29123,8050,19356,285
15,2,21467,9145,5151,250
15,2,17387,16028,12673,238
15,2,18443,6432,6013,272
15,2,21227,246,19544,332
15,5,18743,7117,11408,256
15,2,18587,10314,6073,209
15,13,29399,26960,27109,286
15,2,20507,15839,7433,213
15,7,25799,16609,15897,391
15,5,20663,16000,12215,231
15,2,17027,3674,999,256
15,2,28979,14114,28483,284
15,17,18119,3466,1369,253
15,2,17939,11702,9686,277
15,2,18587,2465,5198,229
15,2,28019,18182,17431,238
15,7,27239,6399,25679,232
15,7,23879,2997,6009,194
15,2,28499,19586,8727,269
15,13,18959,10954,12269,224
15,2,30467,22167,24566,216
15,5,16487,3987,10598,184
15,5,24407,12513,13462,370
15,2,25643,5700,22308,239
15,2,27803,14104,14940,231
15,5,20183,18047,268,220
15,2,19259,1251,15407,217
15,5,28607,20981,12359,216
15,2,17027,4750,11214,224
15,7,27239,25683,10858,262
15,7,18839,5398,17898,229
15,2,30203,22877,458,236
15,2,30347,8058,635,222
15,5,26903,19080,23830,197
15,2,23603,1501,9255,259
15,5,26903,9823,4732,236
15,2,18443,6401,4064,248
15,2,24083,20252,11131,435
15,7,28319,21652,24946,227
15,2,22787,22110,9603,205
15,2,19259,17499,2385,211
15,5,17327,5730,2400,208
15,2,16547,11432,981,207
15,5,20327,20206,7473,218
15,2,26003,18617,18987,212
15,2,16547,5156,9889,270
15,2,24659,21450,10884,236
15,2,27827,2185,12566,194
15,2,21563,9168,7929,180
15,5,18743,8852,8953,180
15,5,16487,9960,12305,371
15,2,17939,3929,4934,208
15,7,21599,20811,5527,232
15,5,20543,14487,15131,198
15,5,18743,6026,2515,355
15,11,29879,22051,458,299
15,2,20627,6429,6668,248
15,13,24239,9286,18617,236
15,5,27527,20583,2031,242
15,5,20663,10348,20626,271
15,5,24527,21547,20006,265
15,2,21059,17225,4791,332
15,2,22787,8558,6376,446
15,2,24659,13499,10056,406
15,2,23627,13131,16896,538
15,5,26903,11105,7616,274
15,5,25847,8003,11830,354
15,2,29123,4372,18387,297
15,5,32183,16771,15910,250
15,5,17903,11282,2235,222
15,2,23627,3101,1367,306
15,2,20507,14250,5763,280
15,11,23159,4947,3586,356
15,2,26459,22251,12900,262
15,5,22343,2738,6328,403
15,5,24527,9298,22669,385
15,5,26903,3044,22921,415
15,2,31139,21294,1219,699
15,2,16547,5053,11024,393
15,2,17483,4984,10315,383
15,2,21227,2312,2296,399
15,5,32183,9358,15106,459
15,2,28163,22532,8110,432
15,2,17387,9351,2121,356
15,2,24083,22564,7341,466
15,2,30539,5416,27191,428
15,2,23603,23171,8766,433
15,2,23627,10647,17013,339
15,2,22739,1167,18850,420
15,2,18947,17623,3972,266
15,2,23819,13417,16993,259
15,7,23039,13526,10811,431
15,2,23099,19969,1733,242
15,2,26099,22775,11009,217
15,13,18959,4660,16503,201
15,2,28643,1806,12715,244
15,2,23819,9402,16193,256
15,7,19079,7085,1211,215
15,2,16547,12994,10808,221
15,2,19379,12331,2487,207
15,2,17483,15407,235,211
15,5,19583,17529,18260,240
15,5,20663,1149,15861,215
15,2,18059,17727,8065,419
15,2,32507,5872,31019,546
15,2,23603,14683,3581,246
15,2,18947,1554,11347,234
15,2,32507,19974,19149,459
15,2,18059,1295,1991,226
15,2,29123,4580,18270,276
15,2,32003,8988,5282,249
15,5,24023,16033,20911,222
15,5,18743,8182,13303,342
15,2,32507,4523,6660,311
15,5,32183,26956,10316,427
15,11,25919,17492,768,384
15,5,32183,27366,12381,334
15,2,23627,6056,17675,269
15,5,24407,15399,16968,277
15,5,25847,20897,24219,419
15,2,22787,5468,14232,229
15,2,31259,8656,6210,236
15,2,28499,23622,4839,308
15,7,19079,4701,17117,236
15,5,27767,25485,24429,284
15,2,28979,28491,28810,285
15,5,21767,9872,3426,271
15,2,18587,15921,15745,239
15,5,20327,5940,8433,209
15,2,16547,3121,11482,195
15,5,20663,9215,11082,224
15,5,26927,8558,26136,370
16,7,54959,45417,50029,337
16,2,63587,10680,27302,466
16,5,52223,17412,6867,270
16,5,41927,349,21688,289
16,19,34319,28943,23667,254
16,2,39107,8023,7583,236
16,2,59747,33328,45518,283
16,5,39983,18838,26641,275
16,2,51683,45291,37836,253
16,2,40499,8936,39881,365
16,5,57287,20429,37793,429
16,2,38867,17382,21393,274
16,13,63719,63334,43050,299
16,2,41387,8424,11468,262
16,2,47507,12211,2130,242
16,7,54959,17275,1463,281
16,13,41879,4453,10836,251
16,13,55079,37696,51534,244
16,5,61967,12155,14720,278
16,7,54959,34260,30008,386
16,19,57119,19572,680,293
16,2,37547,29028,24330,225
16,7,56039,45485,44508,489
16,5,34367,14382,31142,244
16,5,60647,8426,60226,276
16,7,48479,45598,48292,262
16,2,58403,27092,21176,293
16,2,50459,15458,21473,271
16,7,41519,6512,37391,280
16,5,57503,17461,33177,280
16,2,43787,2491,1838,254
16,2,59747,41594,56811,262
16,5,59063,47122,3504,288
16,2,38603,25122,37097,406
16,2,52379,39187,5881,304
16,2,53699,586,49489,284
16,2,42179,36153,22386,296
16,2,41579,7748,16317,511
16,5,40823,19256,9472,339
16,5,33767,31181,22317,298
16,5,47207,6680,18274,298
16,5,45503,16717,22320,295
16,2,56003,36292,6634,437
16,5,57143,10795,48595,281
16,2,36683,13320,27672,385
16,5,56807,17041,34981,294
16,2,57803,25377,12125,316
16,2,53003,41332,38577,277
16,2,44267,23667,2583,241
16,7,63599,54274,14771,311
16,2,64283,49474,21930,319
16,7,54959,51409,43683,289
16,2,36083,19365,12922,253
16,2,57899,3736,27918,303
16,2,46643,27826,34726,270
16,5,48407,38717,29689,413
16,5,59063,19237,1092,288
16,2,44699,13395,40901,299
16,2,58403,30613,55181,291
16,2,58043,57691,8193,311
16,2,55163,10573,31772,276
16,2,45083,37449,39020,291
16,2,65123,34665,1479,271
16,2,57587,19520,49061,275
16,2,45707,21580,8934,246
16,2,36467,35685,14744,272
16,5,39503,34652,13274,470
16,13,41879,22723,27008,285
16,2,39323,37905,33612,330
16,2,39827,14248,11173,276
16,2,58067,30002,29354,263
16,2,53987,44729,33841,280
16,5,45887,30635,28701,245
16,2,37547,35915,11521,276
16,5,37463,34361,333,247
16,2,33347,32996,22414,257
16,2,55787,20925,51818,269
16,2,51347,4743,44926,414
16,5,57287,20907,19515,326
16,2,43787,28175,36018,279
16,2,36467,23520,430,283
16,2,39827,7668,25175,254
16,5,48407,3183,14182,367
16,2,56003,47199,19800,301
16,5,49367,45600,43324,292
16,2,59747,27056,38492,344
16,7,42359,12401,7319,258
16,2,36923,20026,22264,251
16,2,50147,40074,5682,285
16,2,34667,20844,13680,267
16,2,51683,30183,36262,402
16,2,55787,30105,42118,283
16,2,39107,32300,26982,271
16,13,44519,44490,20864,250
16,2,61379,4288,12084,274
16,2,38747,2115,37379,246
16,7,56039,36518,47351,336
16,2,63443,12688,42057,256
16,11,52919,11248,12593,275
16,2,51203,23132,134,313
16,2,44699,18569,16788,266
16,2,47507,17133,27060,260
16,5,61703,38077,3561,444
16,2,61547,18342,42423,272
16,5,36263,17753,6359,225
16,5,43223,13516,42160,210
16,5,51407,39346,13336,226
16,19,34319,31226,7986,243
16,2,49499,29274,14652,240
16,2,33347,31188,19071,309
16,2,65267,42004,63911,271
16,13,56999,50052,31895,286
16,2,51827,40311,29248,303
16,5,47207,30577,4951,502
16,2,44699,36342,24283,285
16,2,49019,42426,14132,576
16,5,53783,51075,8932,335
16,19,57119,56694,26765,577
16,2,47123,4020,46966,285
16,11,37799,23080,13456,305
16,5,55967,15102,42629,330
16,5,61703,2994,6489,278
16,2,41843,12204,1488,306
16,2,41579,12259,6712,295
16,7,35879,6610,13573,430
16,13,64319,25294,15886,297
16,5,51287,49229,8477,268
16,5,65063,24828,58688,304
16,2,54563,5991,12058,292
16,2,35339,33637,18493,253
16,5,36263,18034,413,324
16,2,39323,1877,25209,297
16,2,42683,13663,24033,267
16,17,62039,31291,16407,303
16,5,51287,7032,28257,294
16,2,48563,12920,6659,292
16,2,53147,48797,43077,469
16,2,63299,8044,51138,303
16,2,65147,23504,30790,394
16,2,57923,42229,209,374
16,2,41843,27264,37400,296
16,2,41387,7243,25475,287
16,7,54959,43528,16561,447
16,2,32843,22990,32678,298
16,5,57503,43995,19369,313
16,2,44939,5773,34653,341
16,7,39839,28306,1708,314
16,5,36887,19782,28197,577
16,13,44519,39959,19562,442
16,5,57503,51104,12683,510
16,5,48407,15817,41801,287
16,2,45707,43008,21513,329
16,2,62939,46561,35842,300
16,5,65063,18119,1933,303
16,5,33767,18453,14726,268
16,2,39107,27887,27728,243
16,2,48947,1549,6031,232
16,2,41387,38082,8925,286
16,2,57923,42683,36915,484
16,2,64019,46725,56028,296
16,2,44867,16892,38528,249
16,5,60647,33368,14628,235
16,2,64019,43695,55328,248
16,2,44939,11318,23929,287
16,2,53003,35822,35043,309
16,5,54287,4628,48175,281
16,5,39983,385,32505,241
16,2,58043,4532,30657,257
16,2,46643,19825,24056,297
16,2,59747,2437,13317,712
16,5,41543,21555,31277,279
16,2,32987,29546,19550,245
16,2,51203,12393,13884,252
16,2,52379,10676,18528,259
16,7,63599,3617,36086,262
16,7,51599,17675,1118,287
16,7,57719,27609,22961,274
16,5,58727,45044,58572,275
16,2,65123,30708,45573,308
16,2,51827,22614,28532,305
16,13,63719,19457,57306,515
16,2,51827,25324,11109,279
16,7,47639,37183,36279,302
16,2,65123,49995,24630,298
16,17,53759,48792,78,301
16,7,47639,15013,36622,293
16,2,49019,40325,18695,280
16,2,63587,40956,37878,374
16,2,44819,37977,35747,364
16,5,53783,5253,37444,529
16,5,51287,10471,17199,303
16,2,42443,34895,22182,324
16,17,53759,30350,45521,291
16,5,65063,58984,35424,462
16,2,40883,5466,24816,260
16,2,36683,29660,34963,274
16,2,38867,38674,17489,260
16,2,42299,11477,2995,253
16,2,57803,19386,8032,292
16,2,36299,12624,30685,250
16,5,49103,37287,41766,272
16,2,53147,40102,16081,321
16,17,46199,42452,5685,284
16,5,51047,14663,13700,271
16,5,64007,8741,44957,429
16,11,35159,11811,3539,267
16,2,47507,19796,5732,308
16,2,47963,40433,34090,253
16,5,58727,15799,35561,288
16,17,53759,40191,52878,313
16,7,48479,39844,9693,274
16,13,56999,39892,712,231
16,5,39503,24634,23045,203
16,5,56807,52035,55535,257
16,11,62639,12539,12702,486
16,5,54287,11113,33439,301
16,2,53003,20563,17538,259
16,7,63599,25121,2556,310
16,5,40127,35302,29909,266
16,5,49943,48416,28296,264
16,5,51287,28405,32623,261
16,17,46679,5941,16667,263
16,2,35363,7072,7495,240
16,5,41927,25217,38145,253
16,5,57143,17000,54327,273
16,2,47819,31916,9240,401
16,2,57923,25309,3540,356
16,2,55163,33452,30216,260
16,7,47639,30748,1930,258
16,2,36083,21158,16371,229
16,2,34667,21211,9205,243
16,2,46643,40042,6487,248
16,2,55619,52593,19914,281
16,5,34703,17909,32260,299
16,5,39983,21078,22755,236
16,2,53003,1615,46600,254
16,2,51683,8882,39648,263
16,2,41387,33141,13004,394
16,2,60899,53053,20935,297
16,2,63299,22984,7862,298
16,11,46919,44399,965,279
16,13,63719,17311,16667,315
16,5,33767,6056,13016,252
16,2,53987,34347,25320,242
16,11,39119,28358,37887,261
16,2,44939,24971,21277,258
16,5,55103,3208,37035,315
16,2,63443,49383,54252,277
16,2,44699,4166,4004,275
16,2,38867,32420,12908,507
16,2,57587,5022,56390,375
16,5,61967,4573,9767,312
16,2,58067,35102,44076,258
16,2,51347,18340,11226,234
16,2,36467,2619,17707,354
16,2,55547,18395,29665,317
16,2,55619,15347,55450,350
16,5,60647,58134,60339,367
16,2,36683,7603,105,332
16,5,64007,17971,44079,537
16,11,44159,7012,12374,316
16,2,58907,42906,11510,380
16,2,49019,28306,39700,257
16,2,50147,9275,37400,301
16,2,39419,9556,1445,333
16,5,39983,13307,12108,269
16,2,44963,1037,292,253
16,11,39119,13360,19748,249
16,2,43403,14712,15492,300
16,17,53759,29602,8649,267
16,5,51407,30705,41462,454
16,5,34367,2948,29070,236
16,2,35339,8342,15439,253
16,7,35879,11586,4858,372
16,13,56999,51351,28439,314
16,2,36083,32966,35867,304
16,2,44699,31284,39133,250
16,2,61547,17888,35393,284
16,2,36467,24823,12579,293
16,5,41927,7385,34635,274
16,5,42767,40129,26182,277
16,2,42179,28277,15023,379
16,2,40787,7739,12980,494
16,11,46919,28196,19969,266
16,5,51287,32546,51120,268
16,5,34367,22885,12589,411
16,7,48479,10425,22066,270
16,5,33623,20414,25703,249
16,2,39779,22159,16996,343
16,2,53267,21732,36448,288
16,2,36467,1398,7911,238
16,5,59063,3685,27067,262
16,2,61379,29074,40776,563
16,2,50147,41846,42018,286
16,2,39827,21022,34723,235
16,5,36887,34931,13021,541
16,2,57899,54973,25938,291
16,2,62939,45181,10466,324
16,2,41579,1204,30045,254
16,13,56999,3565,48747,276
16,2,39779,35028,18221,273
16,5,33863,7742,7132,251
16,2,35363,9663,3848,264
16,5,34703,528,6466,434
16,7,39839,3329,4838,252
16,2,53003,9412,48886,303
16,13,63719,57536,10135,340
16,5,43607,29246,42738,290
16,5,45503,30021,24662,457
16,2,53267,34548,18973,303
16,2,60539,57725,21859,270
16,5,60647,13206,8527,334
16,5,45887,5413,31325,273
16,2,62939,40201,42296,454
16,5,33767,1126,22067,252
16,2,64763,50059,41589,416
16,2,36467,5080,25129,265
16,2,41507,37470,12806,257
16,5,41543,36414,10990,252
16,7,63599,20025,30870,390
16,5,40127,30684,6430,263
16,5,44543,30153,27109,246
16,2,40499,34628,22832,411
16,5,60647,39988,11073,428
16,5,61343,54503,7174,301
16,2,64019,20438,43593,532
16,2,60899,57346,40546,302
16,5,51047,21446,47863,236
16,5,39983,34909,8577,274
16,2,58043,33732,18996,267
16,5,60647,51210,847,336
16,29,38639,7608,38227,311
16,2,44027,8295,28280,268
16,5,51047,16046,47253,358
16,2,55163,39036,9793,341
16,2,55547,1655,44753,277
16,2,53147,35396,43723,413
16,11,35159,15432,1005,269
16,2,44027,20587,7470,370
16,5,33647,32332,64,245
16,5,49367,42292,4905,271
16,2,36923,1772,305,674
16,2,63443,39940,51403,309
16,2,32843,22873,13998,215
16,2,39323,36038,14473,255
16,5,33767,7505,23501,491
16,5,59447,3049,55045,427
16,2,43427,9526,36971,458
16,11,37799,1299,22142,349
16,17,46679,35227,26430,279
16,2,51683,24784,36193,439
16,2,58067,53887,6666,287
16,2,47339,20304,5589,288
16,7,46559,5030,25982,291
16,5,51287,11387,28571,262
16,5,33767,29250,30887,287
16,5,39503,20129,36080,248
16,2,33107,21815,17219,394
16,7,41759,33812,28141,236
16,2,45707,26341,27836,231
16,2,53147,19862,40696,347
16,2,33347,19362,22377,432
16,7,63599,1177,7894,311
16,5,41927,38081,10558,357
16,2,47819,27001,3950,632
16,7,46559,21214,17821,522
16,11,37799,34865,22654,510
16,5,57287,53996,51255,496
16,5,57503,55682,20667,497
16,2,60539,41313,58635,526
16,7,41519,13847,5741,409
16,5,36383,33844,30787,283
16,5,60647,21323,44720,357
16,2,33347,14598,10794,274
16,2,57803,49735,46073,292
16,2,62507,53847,15460,295
16,5,53783,42374,44923,271
16,13,41879,34754,2611,262
16,2,60539,18177,41471,360
16,5,39503,38187,9051,305
16,5,57503,45869,3419,353
16,5,47207,9515,6930,314
16,2,44819,24773,14386,289
16,2,51827,36425,7126,522
16,2,47123,2201,25487,308
16,2,48563,44644,20032,294
16,5,51287,18614,25354,285
16,7,46559,26461,499,273
16,2,47819,18087,4712,383
16,11,58679,28297,30721,534
16,2,43427,7511,27786,425
16,5,57503,50254,26452,324
16,2,50147,19291,41342,278
16,2,54563,17739,24846,253
16,2,56003,21159,23537,463
16,5,36887,14930,144,287
16,5,33863,5375,27412,248
16,2,40739,27925,15367,258
16,5,39983,21594,2324,277
16,2,36083,32938,25682,265
16,2,46643,37265,12278,268
16,5,52223,17964,18123,354
16,2,40883,8716,32095,302
16,2,57803,28186,36423,308
16,2,35363,12117,25713,288
16,5,57503,37148,20105,454
16,2,59747,1154,25156,284
16,2,39419,13281,7975,282
16,7,41519,35734,5740,484
16,2,42299,34058,18224,304
16,5,33863,11735,15736,262
16,2,53003,1855,5188,267
16,17,62039,11420,10399,280
16,2,33107,3555,1754,224
16,7,41519,28301,6062,295
16,5,65063,47628,64779,274
16,2,49019,24868,22794,289
16,5,51287,27961,39265,427
16,2,46643,13831,3453,263
16,2,51827,19578,46996,276
16,13,41879,21976,41105,231
16,7,46559,27071,1096,300
16,5,36263,8522,26455,291
16,7,46559,7404,37103,297
16,5,36887,28472,5172,248
16,2,62939,61143,32626,276
16,2,57899,30648,4571,301
16,2,42299,40174,5784,466
16,11,46919,21778,20025,279
16,2,64763,9991,20822,431
16,2,57803,34772,47939,435
16,2,64019,59235,61063,324
16,2,42683,24314,37178,291
16,5,34583,21513,29435,266
16,5,53783,42596,13308,288
16,2,36923,32348,2594,251
16,2,36923,19524,29326,217
16,2,45083,27186,10492,223
16,2,42299,27238,32308,253
16,5,42767,16625,34662,262
16,5,39983,10540,28571,249
16,5,58727,17946,10743,429
16,2,41507,34232,14613,268
16,2,36683,26117,10384,227
16,5,60647,4991,25140,268
16,5,44687,14304,19663,255
16,5,48407,19488,33575,316
16,2,55619,31289,39886,334
16,2,64283,21740,42786,355
16,2,41507,4236,27911,326
16,2,53267,20566,21925,292
16,2,63299,10181,54870,269
16,2,57899,35065,27102,288
16,5,44543,34129,20965,499
16,5,40823,33263,33155,267
16,7,51839,22356,20886,285
16,2,55787,48468,1210,262
16,11,62639,60078,47794,287
16,2,61547,56608,42913,317
16,2,43403,3996,8933,270
16,5,52223,20735,23323,279
16,7,51839,48185,21942,284
16,5,41543,7418,19975,234
16,2,51347,15383,26199,246
16,2,41507,29153,35994,256
16,2,47507,16701,14024,445
16,2,40883,36184,11487,276
16,2,39323,22259,9445,228
16,2,40499,36216,32861,314
16,7,54959,22979,23008,276
16,5,61343,25933,27252,286
16,2,35339,10261,31878,227
16,5,45887,28460,13740,204
16,5,48407,46071,10401,289
16,5,44543,16010,23026,366
16,2,58403,42091,49184,468
16,2,65267,3377,20818,719
16,2,51347,8542,26481,269
16,2,65267,59472,63033,629
16,11,37799,6161,28352,350
16,2,36083,33620,2212,267
16,5,33623,6549,15968,347
16,2,41579,27631,18188,292
16,5,59447,50974,42540,287
16,2,60899,30562,10871,244
16,5,58967,15901,33942,278
16,5,57503,48018,41803,306
16,2,32987,28703,9359,255
16,2,58403,12038,5627,428
16,2,58043,19469,38172,270
16,5,60647,20734,25927,274
16,7,47639,43873,13582,306
16,5,55103,28861,50828,267
16,2,36467,15889,29493,247
16,29,38639,6815,29412,252
16,7,42359,34935,18076,257
16,5,33767,5488,8751,240
16,2,65147,13773,29633,259
16,5,40127,32686,9103,263
16,2,47963,25698,16664,400
16,2,58067,26722,39403,288
16,5,36383,30371,23261,215
16,5,44687,5753,35564,205
16,17,46679,26311,6146,221
16,2,55163,19346,2081,274
16,5,49103,20941,46871,273
16,2,45083,23522,10929,233
16,2,41579,10288,30074,262
16,5,54287,33577,44399,268
16,5,55967,19101,41977,239
16,2,65147,54484,59938,386
16,5,44543,39568,811,309
16,11,44159,12830,17947,244
16,2,36683,4707,21808,247
16,2,61379,29827,36506,311
16,11,46919,25207,40052,272
16,2,39107,34477,12446,264
16,5,51407,24141,36308,254
16,2,56003,31239,51883,344
16,2,37547,28220,32906,245
16,7,39839,13291,23053,256
16,2,64763,31023,7951,531
16,11,52919,12231,52343,306
16,5,57287,55787,21764,271
16,7,51599,31400,10878,506
16,2,36683,17477,5594,276
16,5,33623,9625,10133,268
16,7,41759,19994,21412,329
16,2,43787,35848,36818,258
16,2,48563,35038,46202,264
16,2,42299,36855,10157,274
16,5,39983,1703,15756,251
16,2,50147,35360,39130,249
16,2,44267,35452,26357,266
16,11,58679,2761,49626,269
16,2,36299,28276,16154,399
16,5,45887,30683,40534,273
16,2,55619,37421,37970,282
16,5,38327,8356,4657,241
16,2,37547,22540,15860,296
16,11,44159,2845,25170,254
16,2,57803,20649,46721,288
16,2,55787,1199,29808,266
16,5,47207,6054,13174,343
16,5,49943,34400,36864,246
16,5,60647,25377,38273,295
16,2,44939,34781,42390,267
16,2,42179,27633,23583,412
16,5,39503,11408,11543,266
16,2,53267,19127,15543,285
16,11,52919,34989,21155,264
16,7,51599,45949,4287,326
16,7,35879,32385,1438,261
16,5,59063,55441,17453,300
16,7,56039,26954,23313,275
16,2,45083,18828,8685,301
16,5,49943,47128,41898,273
16,7,42359,5626,13864,260
16,5,61703,29526,26824,447
16,2,37547,29146,3271,268
16,2,60779,8647,43337,286
16,2,47507,32643,38094,277
16,2,51827,3999,30990,298
16,7,48479,48069,40023,295
16,2,47339,32798,18882,301
16,5,57503,14043,40558,283
16,5,33647,23723,6488,252
16,5,57143,47742,44074,303
16,13,55079,43100,9172,292
16,2,51203,41334,11631,283
16,2,59747,24054,50148,494
16,5,33623,4819,23785,271
16,5,55967,7419,23114,267
16,5,44687,30219,21466,253
16,2,52379,15180,28347,392
16,2,39323,7482,32055,493
16,2,40739,3937,36558,505
16,13,55079,12072,28977,299
16,11,62639,15530,62029,344
16,5,59447,20158,44916,332
16,5,48407,11667,8199,304
16,11,39119,14333,34724,446
16,2,65123,57036,573,420
16,7,57719,29456,43222,353
16,2,44699,23365,30988,396
16,2,65267,15101,60086,331
16,2,55163,12756,26587,308
16,5,45887,37837,20685,495
16,2,62939,52346,15595,361
16,13,44519,5074,40752,291
16,11,44159,12828,24600,261
16,7,48479,32606,2721,266
16,13,41879,10978,17997,408
16,2,45707,9563,5352,256
16,2,65123,19421,4373,290
16,2,41843,21307,39866,319
16,2,52379,36048,52349,330
16,7,57719,12682,6171,301
16,2,36923,14313,27267,273
16,2,47819,6832,45625,308
16,2,58043,53646,29240,318
16,13,55079,24013,27502,297
16,17,53759,35695,50826,319
16,2,36923,30573,15769,342
16,13,64319,42746,36678,487
16,2,53699,2474,7360,287
16,2,41843,22297,33984,276
16,13,63719,21388,22231,306
16,5,48407,40995,43653,296
16,13,44519,29628,6339,275
16,2,39419,7148,6024,294
16,2,39779,18966,9622,303
16,17,46199,25921,41816,318
16,2,55619,47202,992,284
16,5,52223,24040,22581,376
16,13,44519,11105,18882,391
16,17,62039,18710,51304,547
16,2,52379,338,13586,280
16,5,45503,18450,19823,294
16,5,52223,37051,30619,336
16,5,43223,17570,38821,327
16,5,42767,10509,35334,253
16,11,46919,45246,44477,312
16,5,57143,664,858,321
16,7,46559,9624,13237,291
16,2,43403,5134,14124,283
16,5,42023,1765,21190,251
16,2,36683,366,14774,425
16,5,51287,21444,13369,336
16,7,63599,22065,24205,330
16,2,55787,18783,2682,333
16,5,53783,33977,50001,281
16,5,61703,38063,1644,271
16,2,65147,17790,32803,287
16,2,48563,11032,45188,276
16,2,46643,6011,27381,462
16,5,51407,32918,36151,294
16,2,64283,10601,50990,293
16,2,43787,20199,27008,262
16,2,36299,3658,771,501
16,5,43223,18027,36121,730
16,2,36083,14390,26209,301
16,7,39839,26057,36908,261
16,5,40127,13093,34691,296
16,5,49367,10931,12073,301
16,5,55103,17951,54911,309
16,2,43427,24580,35411,253
16,11,37799,2928,28291,249
16,7,42359,18794,6941,289
16,2,35363,32083,28832,278
16,2,62507,20742,48438,468
16,2,57899,38775,23041,309
16,2,61547,12233,8881,300
16,5,40823,25744,38395,267
16,2,63299,46210,37592,516
16,2,35339,4143,14594,264
16,13,63719,33170,50592,295
16,2,55787,54082,14324,312
16,2,60539,45365,44733,272
16,2,64019,9489,42298,283
16,5,59447,59002,3022,567
16,29,38639,6802,9606,392
16,2,57923,48939,36714,310
16,5,60647,17726,23597,303
16,2,44267,653,42948,238
16,2,39107,10079,21882,259
16,5,59063,33363,56026,281
16,7,39839,35768,2040,324
16,5,39503,1218,2502,281
16,2,51347,41704,31487,285
16,13,41879,920,24704,236
16,5,42023,41831,9612,520
16,2,63443,15825,8768,316
16,2,53699,25181,45584,445
16,2,42683,38893,22565,293
16,2,41507,38583,18685,291
16,17,53759,52140,50882,307
16,7,51839,35742,13970,337
16,7,41759,5836,20199,263
16,2,58067,55366,27236,304
16,2,40739,15169,2080,274
16,2,59747,54144,48144,734
16,11,44159,40747,17300,311
16,5,38327,12792,37212,276
16,5,36263,13491,27683,271
16,17,46199,38298,33864,325
16,2,41387,18187,31153,291
16,5,58967,16014,38519,251
16,2,49499,27030,4764,262
16,2,65123,22697,28144,302
16,5,58967,49651,12342,327
16,5,39503,36280,2026,324
16,2,47819,17129,25625,327
16,5,44543,13404,16970,423
16,2,58067,8812,50501,282
16,5,33863,18640,14739,713
16,2,44267,9383,32423,277
16,11,44159,23122,11737,264
16,5,51287,44892,5713,381
16,5,44687,40877,31759,955
16,5,42023,2684,21036,292
16,2,49019,17466,16889,269
16,5,41543,35239,8025,298
16,11,37799,10262,23587,316
16,2,45083,39834,6922,334
16,5,53783,1701,48326,760
16,7,35879,8882,6832,313
16,2,39323,16939,2942,280
16,2,47123,5890,19853,288
16,2,38603,13695,32844,404
16,2,63443,33362,24852,288
16,5,57143,13180,22150,305
16,5,42767,16933,33414,544
16,2,47963,43385,28568,316
16,5,33863,13921,12405,709
16,5,57503,17577,30813,301
16,2,62939,42839,5511,539
16,2,44867,30270,43169,259
16,5,61343,43713,31631,262
16,5,59447,23687,40297,304
16,5,59063,27052,40198,324
16,5,51047,42758,624,274
16,5,52223,17160,30733,293
16,5,41927,13869,8604,243
16,2,63587,48600,53277,312
16,2,44699,23705,28622,257
16,2,38867,26968,12587,305
16,2,44963,141,28706,215
16,13,55079,37926,18142,251
16,5,38327,4110,33006,433
16,5,56807,11259,6004,266
16,5,61967,25903,37600,331
16,2,51203,12488,23052,252
16,5,59447,17821,39002,356
16,7,39839,20547,3252,237
16,5,58967,49121,11103,288
16,5,40823,19673,26275,248
16,2,42683,27462,3500,329
16,11,44159,18385,16896,281
16,29,38639,33655,12591,760
16,5,59447,27482,12895,279
16,2,61547,26373,1887,442
16,11,52919,49064,45413,288
16,2,57803,56442,39117,320
16,2,33107,482,15859,485
16,13,56999,43313,6979,584
16,2,61547,7258,9071,340
16,5,53783,7340,3680,277
16,2,58043,32102,6985,253
16,2,42179,14379,9958,284
16,17,46679,11418,32619,291
16,2,44963,25708,7187,286
16,5,59447,4659,45774,328
16,2,48947,44021,9205,286
16,2,49019,37982,22291,290
16,5,59063,29500,2721,780
16,7,56039,6222,17271,475
16,2,39827,17896,21160,292
16,19,57119,16173,51155,268
16,5,59063,11540,1681,631
16,2,38747,7356,4679,279
16,13,44519,41015,33076,298
16,5,52223,45930,11671,274
16,2,64763,49091,46983,397
16,5,51287,17491,25889,336
16,13,55079,43741,9881,304
16,5,36383,18856,22538,271
16,2,39323,16704,16643,426
16,7,63599,23737,39037,370
16,29,38639,2691,17379,271
16,7,56039,27370,20278,355
16,2,43427,25794,15191,291
16,2,60779,17246,20580,367
16,11,44159,35281,41357,343
16,2,65147,10045,34522,315
16,2,64019,5696,20758,407
16,2,49019,13264,23617,306
16,2,55619,31605,12487,322
16,2,60539,21426,35444,473
16,5,39503,39203,17962,291
16,5,33767,20768,7908,385
16,2,38603,25812,12281,285
16,2,49019,48752,37055,360
16,2,40499,9417,26963,366
16,2,49499,756,16029,292
16,2,48947,20360,11031,306
16,5,41543,35939,33737,295
16,2,49499,47360,34270,351
16,2,40739,25333,1541,286
16,2,58907,6694,825,516
16,2,42179,37320,18056,290
16,2,41843,25953,28807,251
16,5,43607,6175,30702,487
16,5,36263,22145,10558,923
16,5,55103,51733,33517,300
16,5,34367,29455,2030,240
16,2,63299,53793,27366,372
16,2,63443,7290,40870,429
16,11,42839,26462,15874,311
16,7,51839,5798,16395,288
16,2,51827,14355,5839,314
16,2,32987,16555,839,189
16,7,41759,10900,3641,571
16,2,65123,12273,56557,406
16,5,37607,31850,13902,340
16,2,44819,43597,6554,293
16,5,49943,25607,7914,449
16,19,57119,46168,33449,566
16,2,61547,6896,41860,354
16,11,35159,26399,2489,426
16,29,38639,1210,6323,287
16,2,61547,38501,45510,374
16,2,59747,58383,47779,311
16,5,62303,44611,43326,445
16,2,37547,15437,23450,298
16,2,44867,38264,31916,369
16,2,46643,42467,4664,306
16,2,33107,8683,24126,592
16,2,44027,31024,35195,296
16,7,46559,39474,35635,398
16,2,60899,56680,38810,352
16,5,40823,26794,11251,273
16,5,49223,9238,20008,420
16,2,50459,42538,14127,302
16,2,48947,31670,4450,750
16,5,55103,26331,44966,335
16,7,41759,8395,22956,362
16,2,49499,46227,19993,296
16,2,43403,19044,15378,504
16,2,61379,52732,32589,457
16,5,56807,22095,12714,541
16,5,57503,14818,13253,301
16,2,45083,42249,35161,566
16,5,61343,34775,51496,395
16,2,51827,38373,1196,378
16,2,63443,52391,6373,341
16,5,59447,1151,5713,553
16,2,32843,14951,18449,325
16,5,47207,3628,21791,345
16,2,38603,19181,5595,754
16,13,44519,20420,7995,308
16,2,65123,9529,10330,323
16,11,62639,52411,56101,312
16,5,38783,11994,38525,398
16,5,43223,4795,14610,274
16,2,48947,4290,34195,387
16,2,35963,26203,13513,288
16,2,62507,35079,44856,319
16,5,34703,21307,29424,251
16,7,42359,20987,4219,303
16,13,44519,30124,42428,454
16,2,36299,30025,30827,253
16,29,38639,38029,35451,497
16,2,35339,30829,11550,281
16,2,32843,3749,14589,322
16,2,43403,42402,9517,318
16,2,44699,36080,4221,314
16,5,38783,6518,33353,237
16,2,38867,36645,4579,308
16,5,36887,17778,16205,280
16,5,59063,24111,57838,365
16,17,46679,21202,17196,308
16,2,40787,2870,32567,303
16,5,58727,16922,53010,731
16,29,38639,20461,34234,586
16,13,64319,48456,44824,323
16,2,41507,3589,23548,495
16,2,39779,23467,30791,284
16,2,44699,20200,43593,391
16,5,36263,18839,33899,268
16,5,37463,21444,30862,313
16,2,45083,8810,43607,484
16,13,64319,36585,12024,344
16,13,64319,62469,38552,314
16,2,47819,42966,4009,295
16,2,50459,8665,17095,935
16,5,49943,33988,10654,455
16,2,51827,36740,40748,350
16,2,62939,58578,3358,533
16,2,49499,28019,6936,268
16,2,58403,42227,37888,421
16,2,47123,3688,26326,323
16,5,53783,3943,6515,310
16,2,47123,35171,24635,322
16,2,32843,26385,22400,272
16,17,62039,49369,44783,409
16,5,34583,31575,27687,297
16,19,57119,35666,49564,339
16,5,60647,47212,28926,467
16,2,49019,4767,4270,288
16,2,64763,41045,4135,540
16,5,65063,48123,2561,312
16,13,56999,841,1919,373
16,19,57119,43353,39473,271
16,13,63719,55151,45830,311
16,2,44027,25032,19937,317
16,2,47963,13744,32028,532
16,2,47507,38432,14477,321
16,2,51347,18632,2691,299
16,2,57587,39326,41540,338
16,2,47963,171,28488,310
16,2,47507,33131,1894,423
16,2,42443,27007,22122,284
16,5,40127,8277,7074,458
16,5,33647,26847,9743,270
16,2,41387,9277,3095,293
16,2,45083,30382,34444,307
16,2,64019,24987,30387,301
16,5,64007,48186,20619,284
16,5,38327,19590,7433,462
16,5,55103,54746,29162,585
16,2,42179,14055,25220,310
16,2,39779,34511,12378,311
16,19,57119,37071,25864,524
16,5,61967,24112,17352,581
16,2,36683,23722,1085,306
16,2,44939,21206,20143,383
16,5,33767,25105,30535,314
16,2,45083,3191,18068,317
16,5,62303,32356,14287,340
16,5,41543,32625,26729,276
16,13,41879,17520,32619,461
16,2,50147,37919,33318,254
16,2,63443,9155,59203,289
16,2,50459,12316,10921,1040
16,2,47963,41432,38589,279
16,5,34583,10014,29001,452
16,13,55079,7881,37120,330
16,2,36467,24227,32501,287
16,2,48947,43361,33044,419
16,5,38783,478,17057,340
16,2,39323,18687,38541,305
16,7,56039,34592,21336,473
16,5,48407,24578,13302,303
16,7,51599,18516,28049,391
16,2,35963,32683,27305,329
16,2,47963,44818,15750,522
16,2,35363,5476,5239,283
16,2,32987,27494,9494,514
16,5,40823,29891,5787,1251
16,5,43223,23368,7754,278
16,2,44819,29472,28367,505
16,2,42443,4555,7081,374
16,5,37463,2229,28884,255
16,2,63587,6234,47967,306
16,7,51839,17926,8306,309
16,2,62939,58995,15006,348
16,5,42767,33080,42393,280
16,5,40127,30109,7590,298
16,17,46199,21034,44353,308
16,2,55547,28860,48805,475
16,7,51599,19174,48621,472
16,2,65147,51524,27125,898
16,2,38867,11356,11970,551
16,13,56999,14933,55472,709
16,5,57503,3041,14686,511
16,5,49367,12767,20438,518
16,2,58043,21673,3365,521
16,5,62303,12437,45958,517
16,5,43223,18825,29753,505
16,2,44819,13091,17936,480
16,5,45887,1159,43999,459
16,7,56039,36785,28685,519
16,5,51407,40037,35874,453
16,2,55547,10036,17085,430
16,2,36083,28929,16427,265
16,11,42839,16291,34895,286
16,5,51047,14892,5538,294
16,5,57503,38287,53313,274
16,2,47339,23544,22928,259
16,2,47819,28576,41746,271
16,2,40499,36105,16297,277
16,5,39983,5459,8340,271
16,2,37547,8918,12883,249
16,2,48947,41239,15790,273
16,2,43787,37563,6978,425
16,5,38783,12445,65,258
16,2,65147,28388,51839,430
16,11,35159,13127,4829,247
16,11,42839,18203,34606,276
16,2,41507,12634,22477,267
16,5,33623,22471,25803,251
16,2,36683,30351,22644,322
16,2,61547,5902,14636,315
16,11,52919,33368,51325,252
16,2,48947,23061,27063,279
16,2,41387,16920,19854,263
16,2,37547,12644,3148,421
16,2,35339,20286,34729,240
16,5,41543,17320,1159,296
16,2,35963,8453,20845,310
16,19,34319,20217,4392,252
16,2,43403,15304,5997,402
16,2,46643,1906,9351,379
16,2,51203,34282,5667,299
16,2,42299,8199,3438,293
16,5,43607,23855,29810,373
16,2,57899,41793,29562,285
16,5,58727,16212,44172,660
16,13,44519,19327,31197,587
17,17,70199,24482,18769,563
17,2,88547,16844,68847,454
17,2,86627,84934,26804,366
17,2,121019,94239,17140,704
17,2,101939,95271,83579,413
17,5,93407,77540,91403,418
17,2,97523,49577,83198,341
17,2,117779,8073,90204,501
17,5,71663,32839,31095,466
17,2,67139,28018,11708,466
17,11,124199,102096,6586,408
17,5,102407,69305,21373,663
17,2,91283,7426,13791,365
17,2,113363,97079,90775,517
17,2,91139,87588,28779,382
17,5,94727,29362,17840,576
17,5,113783,38869,88071,534
17,5,93383,74484,86231,330
17,2,97187,13867,96405,293
17,2,103787,39522,70293,560
17,2,95027,94230,61107,324
17,5,66047,4313,51628,284
17,2,67043,5877,51530,291
17,5,108023,93801,56646,334
17,5,130367,58943,18890,723
17,7,71999,42904,31294,317
17,5,100103,29345,52108,472
17,5,98663,35735,28557,341
17,2,66923,27480,36322,305
17,2,76379,8782,63962,296
17,5,87383,58233,46486,304
17,11,91199,73640,82245,297
17,5,118127,95540,70380,328
17,13,103319,5139,32568,306
17,5,104207,10540,40109,294
17,2,95027,76164,30865,319
17,5,130127,106565,20708,533
17,2,122939,103492,102958,349
17,2,74099,16620,19559,319
17,5,103007,96271,100016,337
17,2,66923,17311,16287,398
17,2,111659,89065,37776,324
17,2,90107,19698,88049,482
17,5,69767,59496,22463,412
17,5,107903,21345,97153,578
17,5,105143,32373,95212,647
17,2,88259,45583,45357,887
17,5,113903,69048,44910,711
17,2,117203,30949,44663,744
17,2,84443,7772,42626,391
17,2,121379,34579,24775,466
17,2,87323,42519,65807,627
17,2,117779,14276,25305,473
17,11,99839,57129,38032,401
17,11,111599,51877,103469,705
17,5,130367,104597,21916,668
17,2,103043,38443,76385,696
17,2,83219,12450,36118,735
17,19,98999,93770,88771,644
17,2,118043,66057,103318,412
17,5,100103,67910,55573,414
17,5,85847,79011,54871,437
17,5,73847,7978,54623,546
17,5,100103,65056,71894,694
17,5,120167,25276,20409,382
17,2,90107,5678,37045,329
17,13,125639,107311,107119,455
17,5,108503,73255,45921,551
17,7,89399,33004,83628,355
17,2,103043,831,34324,502
17,2,96443,44018,54697,364
17,5,83207,18939,74227,559
17,2,76379,24374,30331,378
17,2,71987,3569,51185,316
17,2,115763,49107,70639,332
17,2,77747,4106,73577,314
17,2,89003,60101,65641,431
17,2,125963,112268,22208,432
17,2,111779,46163,95073,541
17,2,69899,31553,9721,465
17,2,120587,15486,58023,331
17,5,72767,23788,14539,391
17,2,83339,43704,10379,327
17,5,85487,28531,67407,422
17,2,95027,53122,2452,297
17,5,118127,29360,6496,331
17,2,113843,92379,112338,421
17,5,85847,71874,34113,350
17,5,105143,611,34187,600
17,5,120767,20789,18071,358
17,2,118739,118449,6686,813
17,2,84947,44553,11954,473
17,2,87083,9012,56068,324
17,11,81119,40533,75068,347
17,2,70139,22243,31454,343
17,2,127859,74999,111799,423
17,7,79319,43494,16457,384
17,7,74279,50608,24040,543
17,2,110459,67542,106770,652
17,5,100103,6123,75579,362
17,13,75239,14344,25577,355
17,5,123983,47027,123505,386
17,2,82763,81188,38919,384
17,11,111599,2000,20373,349
17,17,109919,64797,20277,385
17,2,81899,44603,20602,314
17,5,106823,2881,28991,448
17,2,101939,56423,78043,555
17,11,77279,51684,3752,805
17,5,80567,9579,76117,494
17,2,100043,83839,62491,339
17,5,73127,49475,4653,386
17,5,65543,26104,38256,316
17,5,128903,17796,85185,368
17,5,105143,94491,23849,369
17,2,84947,68800,81614,293
17,5,108503,48472,102144,359
17,2,121523,28925,82287,435
17,2,126227,39653,112891,608
17,7,78479,25846,32513,338
17,5,130127,55454,54351,508
17,5,127487,92447,67408,418
17,2,82763,62128,36049,397
17,2,91139,45358,77679,421
17,13,110879,89955,105207,348
17,2,120587,114185,50959,401
17,2,103787,59354,26634,355
17,2,113819,85536,16514,957
17,7,96959,82980,49682,354
17,7,103079,90390,29228,472
17,2,73859,21536,19927,329
17,7,95279,14472,64227,354
17,5,84047,69239,38406,413
17,2,128603,37101,61351,441
17,2,79139,69951,73256,366
17,5,122663,60598,11023,336
17,5,72767,33161,68249,500
17,2,92363,24265,76520,494
17,2,67883,61469,43928,477
17,2,65579,4362,50552,281
17,2,96059,84752,21791,452
17,2,107099,72745,38630,346
17,2,79907,49779,15659,344
17,5,66047,16303,43717,318
17,2,104243,99604,101185,426
17,2,72707,29371,23244,347
17,2,89459,54547,4802,340
17,13,110879,99697,106740,511
17,5,113903,87747,86774,376
17,2,125507,101194,42049,434
17,2,77747,11639,64314,384
17,2,109883,55542,30737,411
17,2,78467,62625,17955,301
17,5,113327,32960,21189,300
17,5,130223,4742,76855,286
17,5,75743,23308,52944,362
17,5,124703,119076,25615,548
17,11,96479,65311,38048,344
17,5,86783,25891,50833,312
17,13,121439,94774,101158,331
17,5,79943,37933,25661,300
17,5,77447,39542,58365,331
17,7,71999,35861,69587,324
17,2,125507,101387,52755,369
17,2,110939,8356,118,311
17,2,71867,68235,32919,284
17,2,97523,94034,52457,512
17,13,121439,259,113259,371
17,2,90659,43289,44075,338
17,2,119243,82272,95712,314
17,5,73847,54048,32585,355
17,2,80387,28485,63259,500
17,5,93407,14466,68644,341
17,13,121439,75349,77511,508
17,5,130367,66476,92572,823
17,5,73127,24885,17442,345
17,5,113063,103842,78378,651
17,5,98207,32028,91264,364
17,2,100523,48436,69188,571
17,2,87323,76635,58353,328
17,7,89399,43844,50477,298
17,2,111323,45193,74232,360
17,5,76607,44986,8939,535
17,11,99839,56365,43827,353
17,2,113819,18431,8985,334
17,2,122939,86181,59946,319
17,5,69263,39437,66612,344
17,2,66923,62750,51558,631
17,2,112019,50026,7685,350
17,2,118043,97193,107721,344
17,2,92363,11073,84502,348
17,2,128603,88709,49028,332
17,5,91943,18538,82490,311
17,5,113903,70268,44852,329
17,5,67247,25004,42575,284
17,17,119759,65311,37280,328
17,5,72383,60019,69750,332
17,2,118787,52444,109213,585
17,2,113819,40540,52299,321
17,5,120767,64679,55121,395
17,5,104327,12316,101350,479
17,7,128879,98608,35405,334
17,5,85487,16673,21809,324
17,5,111263,16550,7161,348
17,2,117203,91321,1344,338
17,5,91943,14006,24613,331
17,2,115547,85019,35378,30921
17,2,92699,42139,7058,551
17,5,119447,67974,115716,364
17,2,108587,36275,44158,447
17,5,75983,46733,58452,330
17,2,66923,62021,54766,286
17,11,81119,40801,13712,332
17,2,81707,5011,61757,434
17,2,103043,94486,67474,372
17,19,98999,77994,93968,332
17,5,75983,27534,54154,296
17,2,67547,18191,33746,365
17,11,99119,85579,43906,345
17,2,78467,70598,13258,404
17,2,113363,1394,60696,351
17,5,71663,21914,520,316
17,2,74099,31152,21123,304
17,2,76907,31331,5204,478
17,5,93287,71390,45315,350
17,2,125963,62103,45356,959
17,5,98207,32506,87248,401
17,2,101483,38722,69065,332
17,11,99839,8958,78649,355
17,5,125183,48651,18347,381
17,2,124427,49934,74450,451
17,2,93179,43318,483,355
17,2,84947,81192,20562,461
17,2,114659,83284,52374,517
17,7,115679,20294,24464,352
17,5,127487,58674,14075,395
17,17,109919,75465,14683,583
17,2,83939,25404,53104,399
17,2,120587,8416,7275,326
17,5,68567,46570,17642,298
17,2,104243,45776,5215,352
17,2,126227,57403,82836,674
17,5,93503,69974,42815,314
17,2,115763,15197,40982,454
17,2,77339,41557,56198,317
17,2,88499,71232,25868,336
17,5,73847,20369,18696,333
17,2,110459,8273,23750,317
17,2,74099,44022,38972,328
17,2,125963,17438,104222,320
17,5,106823,74559,63858,306
17,2,77723,74244,904,312
17,5,70223,32979,51062,292
17,2,112979,57413,70881,476
17,7,85439,4011,64530,322
17,5,125207,108176,86400,387
17,5,91943,40925,14170,344
17,2,117779,16279,97668,338
17,13,66359,21433,161,364
17,2,81707,33563,32421,354
17,2,91139,46481,45610,378
17,2,104579,21212,95306,334
17,5,95087,47858,82478,302
17,5,70583,68055,61774,322
17,7,121559,32649,41842,471
17,5,88223,28224,31062,364
17,5,118247,26997,31540,368
17,2,89819,15674,80508,306
17,5,80687,47683,15669,335
17,5,83207,39477,55335,322
17,11,74759,38140,59205,285
17,2,67883,10275,62791,302
17,2,101747,18779,65303,347
17,2,92699,16777,79895,331
17,7,128879,80955,17771,873
17,2,118043,67079,34136,357
17,2,121523,7686,6594,304
17,2,88379,7823,9432,284
17,2,117779,6374,28691,304
17,5,106103,48549,3956,386
17,7,78479,41176,15055,862
17,5,106823,50492,96126,313
17,2,116099,113350,57079,357
17,13,125639,6030,28266,519
17,11,99119,22974,40838,340
17,2,120899,118153,110290,356
17,5,97127,72966,19926,343
17,2,121547,107727,30309,364
17,7,107279,8716,92256,361
17,5,78887,38782,96,336
17,5,89303,37039,2100,329
17,5,76607,22861,14726,303
17,11,76079,67911,36322,302
17,13,125639,81815,40389,536
17,2,76379,2902,67156,327
17,2,129419,3421,74530,334
17,2,101483,46314,49806,446
17,2,89459,79699,18081,331
17,2,84947,47075,17822,270
17,5,130367,20640,117353,307
17,5,117023,101102,69427,394
17,2,108827,35718,1666,325
17,5,100847,21044,4838,349
17,2,91283,77329,73899,502
17,13,84719,73357,831,331
17,2,77867,23564,20182,304
17,2,70163,4978,45356,550
17,5,103007,61021,63589,411
17,7,118799,52298,8678,473
17,2,116027,50123,3181,357
17,2,126227,65815,53830,328
17,5,85487,64517,57289,403
17,5,111863,47094,56993,912
17,7,104759,14608,25667,632
17,2,95219,10169,46423,562
17,2,109547,8247,33837,591
17,5,93383,59679,14607,398
17,5,105143,53679,24399,341
17,7,90239,11450,75886,333
17,2,67883,66183,16034,329
17,13,103319,58915,36752,384
17,2,107699,68651,18404,577
17,13,89759,25206,23354,452
17,2,67043,22683,42248,336
17,2,94379,58571,55794,345
17,7,66959,36038,38374,314
17,7,95279,75434,7395,355
17,2,128747,51805,73086,423
17,5,73847,22788,53410,308
17,2,74507,46688,50905,296
17,5,75743,24631,54210,345
17,2,81899,34153,81129,706
17,5,100847,71332,15558,348
17,2,123923,113434,92082,403
17,2,90659,62943,6497,360
17,11,99839,55336,20853,484
17,5,88223,153,28495,281
17,2,67547,56367,66014,336
17,5,73583,13358,65589,325
17,5,84047,47280,19958,339
17,2,77747,32101,17290,345
17,2,129707,59978,125136,530
17,2,67139,49599,49248,419
17,2,108803,106299,68268,441
17,2,83243,20436,11546,593
17,7,96959,9913,11982,450
17,2,110939,78750,28656,374
17,13,84719,9132,8392,327
17,2,118043,49212,73191,627
17,2,98387,89907,95851,362
17,2,91139,34124,59924,322
17,5,66383,39552,41121,438
17,2,114299,22672,55745,353
17,17,72959,33422,241,316
17,2,98963,56249,30431,363
17,5,104327,101025,17139,413
17,2,67499,10993,58355,315
17,2,84947,79683,18032,476
17,11,94559,77916,62747,341
17,11,111599,13449,93758,347
17,13,66359,38484,33453,314
17,2,116387,20114,65126,503
17,7,74279,62534,65030,379
17,2,67499,9838,26286,355
17,2,108803,37624,96814,365
17,5,107183,73479,6910,330
17,2,101939,26301,9110,800
17,2,88499,2081,58857,396
17,2,84947,6092,6442,417
17,2,82163,52580,62579,330
17,2,114299,83877,81733,511
17,7,118799,79536,33044,478
17,2,125003,9953,97645,545
17,5,130343,50737,85384,458
17,2,79979,54496,56730,388
17,2,103787,47968,34566,422
17,5,127343,6005,9743,395
17,2,66923,15255,10793,260
17,2,114827,103624,82162,312
17,13,84719,77833,38690,338
17,5,130367,16659,27121,465
17,17,72959,61275,40201,396
17,2,95027,88537,16575,338
17,2,92363,56835,58035,340
17,2,119243,48132,110493,420
17,5,102407,38650,98243,305
17,2,65867,11775,40214,484
17,13,76919,3973,21023,281
17,13,84719,10567,55432,267
17,7,78479,25772,78186,267
17,2,118907,77192,29441,546
17,2,90659,70219,72298,311
17,2,109883,83637,38891,369
17,5,106823,14995,45987,341
17,2,78467,51426,23443,338
17,5,82487,249,65885,271
17,5,73127,57930,2364,298
17,2,77723,48470,56502,357
17,7,104759,29460,83194,386
17,2,95027,76718,58181,320
17,2,96443,17662,41909,471
17,2,91139,30349,68532,365
17,7,128879,4696,35545,378
17,7,78479,66289,64258,323
17,2,73859,19868,35662,312
17,11,76079,7543,46237,312
17,2,83339,9938,15547,368
17,2,97187,33034,95896,949
17,5,105767,25864,53153,300
17,2,129707,97207,31853,423
17,5,129527,49241,23436,643
17,2,67139,36502,9492,293
17,7,71999,48756,2605,298
17,5,79967,19786,15859,303
17,5,113783,70720,74351,309
17,2,130787,41532,34456,731
17,2,74027,63855,24243,291
17,2,76667,59317,35508,299
17,5,127343,3525,90243,409
17,13,121439,22644,31303,530
17,7,126359,36107,21783,589
17,2,87443,20235,73285,433
17,2,81707,18107,48413,375
17,5,120167,71778,60612,591
17,7,78479,41977,46440,363
17,5,124847,84657,93629,638
17,17,72959,65058,12992,360
17,2,92699,62896,83554,321
17,2,111443,27379,98468,854
17,2,103043,96423,100835,332
17,2,95027,1326,54672,300
17,7,96959,845,42309,301
17,2,67043,21843,38295,304
17,5,82487,13084,62897,346
17,5,104327,61826,100736,299
17,5,101183,731,32364,313
17,5,81647,26957,54192,318
17,2,87587,41965,18028,414
17,5,125183,79737,57459,631
17,5,107903,59415,102797,344
17,5,80687,33334,7298,432
17,2,98507,32976,48932,337
17,5,130367,16411,67833,331
17,2,129707,48996,127642,441
17,5,105263,61933,52093,381
17,2,111443,7602,109948,312
17,5,107183,39402,24844,359
17,2,67547,8506,41533,287
17,2,67043,34930,20264,402
17,7,74279,12691,41573,310
17,5,69767,52684,66697,290
17,2,127859,711,71136,308
17,2,104579,97341,100091,332
17,5,69767,63956,32294,350
17,11,126839,20747,13385,303
17,2,103043,101329,943,341
17,5,73583,22884,21208,325
17,2,121523,35968,94775,334
17,5,123983,64767,2039,453
17,2,111659,71524,81507,328
17,11,111599,76510,45745,307
17,2,83339,44020,65765,300
17,2,129803,124690,65171,367
17,2,88547,73989,16389,342
17,5,80687,61823,65610,301
17,2,106187,104914,92246,328
17,2,73859,46733,38578,267
17,11,93239,50089,75127,341
17,2,119027,109816,67185,601
17,5,73847,22230,72518,329
17,2,119243,9262,40060,320
17,2,81899,46249,892,274
17,2,81707,66760,64772,338
17,5,130343,124253,81687,375
17,5,100103,56522,1911,361
17,7,121559,53634,70226,345
17,2,123923,93827,85802,311
17,5,69263,64907,67952,286
17,13,110879,25688,22049,504
17,2,106619,37744,3961,352
17,13,110879,101644,94281,393
17,11,130199,106466,97605,357
17,5,73847,48284,50257,285
17,2,67883,40697,30678,297
17,2,91139,25386,38701,333
17,5,101183,56100,11855,294
17,5,79103,10628,64186,289
17,2,118043,96145,67472,329
17,2,130259,5782,96087,440
17,2,130259,31380,112763,403
17,2,126227,80680,86506,334
17,2,103787,19289,32421,291
17,5,108887,93780,40473,326
17,11,74759,60587,52284,333
17,2,112787,32896,49892,302
17,2,130787,5481,14455,323
17,5,76367,32089,9829,312
17,11,111599,50436,24649,294
17,5,70583,18590,8049,280
17,2,74027,17735,7129,445
17,2,98507,15440,94882,332
17,2,116099,111509,45681,315
17,2,91283,34800,79341,323
17,5,73127,46762,32766,304
17,5,102407,58048,8900,360
17,2,87299,23771,13031,357
17,2,87587,23523,3705,313
17,2,71987,33597,23009,310
17,2,123923,32454,26975,546
17,2,81707,73125,63780,353
17,5,67247,13132,16455,349
17,2,111323,22450,77599,315
17,7,128879,1252,120955,436
17,5,118247,66467,32635,348
17,2,101027,38464,65267,353
17,2,130619,56574,100749,353
17,2,83243,61612,23330,289
17,2,104579,92051,102260,481
17,2,118787,87312,3699,533
17,2,116099,62824,42807,366
17,2,98387,32423,82169,330
17,2,116387,13070,86052,316
17,2,91139,27,61120,228
17,11,130199,7279,33397,358
17,2,88547,18322,16641,335
17,5,76607,50021,31217,296
17,2,77747,67746,68569,340
17,2,96059,55872,66563,332
17,7,121559,34972,66430,527
17,2,100523,21750,79433,419
17,2,67139,66611,63660,409
17,5,67247,1881,16352,514
17,11,74759,31958,63276,400
17,5,81647,35878,25236,422
17,2,78179,65186,33218,463
17,5,94727,54037,17083,581
17,2,74507,20,5478,246
17,5,93287,493,14000,347
17,5,106103,15679,103273,523
17,2,93179,1768,16390,365
17,2,98963,55512,24166,367
17,5,123503,41316,75845,397
17,2,104723,44670,42123,653
17,2,77867,3265,23073,324
17,5,79103,53704,70468,319
17,11,90359,31022,1379,347
17,2,71987,16114,52684,303
17,5,79967,31663,2779,291
17,2,105107,60311,23899,489
17,2,126227,119758,40176,398
17,17,119759,51537,81373,380
17,2,101027,82983,42939,447
17,13,110879,20311,5581,424
17,2,121379,87455,65673,358
17,2,111347,54271,105640,355
17,5,98927,33986,24882,1091
17,2,93179,12620,42047,351
17,17,70199,58293,33106,395
17,2,125963,82361,115651,655
17,2,115547,56034,105327,543
17,2,125507,95119,107248,389
17,5,87887,74027,57609,390
17,2,98507,60231,67985,305
17,2,76403,27624,23051,309
17,5,129527,126237,87452,425
17,2,110459,46967,63122,390
17,2,104243,27334,7343,330
17,5,124703,99707,35194,471
17,5,118247,37919,69172,842
17,5,81647,4307,17237,408
17,5,73583,33996,68837,353
17,2,74507,29479,60127,387
17,2,106187,50527,64067,470
17,2,76667,25135,58810,438
17,2,115763,15093,789,550
17,2,71987,71350,50697,578
17,19,112199,76006,40794,418
17,5,112247,108967,7381,512
17,2,104243,52032,87295,372
17,2,71147,57336,23097,362
17,13,125639,116180,61327,566
17,5,119447,50218,2339,784
17,2,98387,66083,4863,526
17,2,73859,9562,20103,587
17,19,98999,16550,1353,697
17,2,92363,19530,9387,601
17,2,71987,27756,53364,555
17,11,90359,73425,83515,552
17,5,104207,6142,84337,571
17,13,66359,1640,46943,322
17,5,82463,78831,50875,321
17,5,89087,67456,40962,466
17,5,130127,77550,89366,327
17,2,98507,10622,26592,332
17,5,105263,82908,42091,372
17,5,75743,27425,4270,377
17,5,117023,36621,107960,532
17,2,111467,21527,91820,363
17,2,106619,79860,415,358
17,2,124427,42816,43312,360
17,2,103787,42290,11466,330
17,2,104579,78485,66809,295
17,11,94559,61168,65199,453
17,5,127727,41196,8426,396
17,2,88259,22460,23810,331
17,2,96443,85491,14594,334
17,5,127343,47764,124941,519
17,2,122939,11781,118611,398
17,5,76463,8985,13845,320
17,2,130259,57791,95715,384
17,5,85847,8666,68525,381
17,7,74279,22935,2768,381
17,17,119759,92439,31708,339
17,5,75743,17631,10500,313
17,2,112787,97893,9588,349
17,5,128903,7956,59909,470
17,5,108887,45592,7771,325
17,5,97127,63351,89075,298
17,5,108887,86555,86331,365
17,5,112247,3615,32132,348
17,2,86027,27720,63670,344
17,7,66959,28090,37597,326
17,2,116027,92151,66028,321
17,5,81647,32221,1864,323
17,2,105107,36159,15956,374
17,5,83207,51954,79716,367
17,2,116099,87476,72943,505
17,2,129707,87005,50337,346
17,2,71147,5064,62140,298
17,2,73859,5480,72763,275
17,17,109919,255,46822,426
17,2,82763,22382,73092,347
17,2,97187,76149,88646,400
17,5,125183,54134,79232,424
17,5,85223,5091,61253,345
17,2,69827,64185,66337,331
17,5,128903,93007,20200,423
17,2,119027,42330,93727,743
17,2,73643,50596,67268,357
17,2,121379,50567,6746,328
17,2,75707,46108,17336,301
17,13,110879,8070,54005,343
17,2,106187,34438,29505,365
17,5,89303,45722,35454,316
17,2,76667,33075,25731,295
17,5,113903,39554,28901,294
17,17,119759,2204,112854,449
17,2,66107,13934,27148,364
17,2,112019,103152,2063,397
17,7,121559,57234,21242,364
17,2,66923,9871,31887,266
17,5,89303,37568,43972,298
17,7,117959,97511,37420,316
17,5,93383,79225,20479,306
17,19,112199,102971,62936,350
17,13,103319,32267,43308,309
17,2,88499,51534,39747,461
17,17,70199,37135,67968,263
17,2,66923,9394,38216,273
17,2,114083,113548,60930,369
17,7,78479,53392,11635,284
17,5,108887,20195,58629,337
17,2,111779,71279,34503,318
17,2,83219,52831,22900,263
17,2,108803,36282,30178,314
17,2,91283,55294,7867,301
17,7,96959,36242,51104,492
17,5,93287,17704,13140,352
17,2,101747,90287,33590,310
17,2,78179,78047,63077,334
17,2,117779,34424,108883,335
17,2,70139,23851,56294,336
17,2,104243,52420,95685,308
17,2,116027,63394,28030,307
17,5,113903,60663,55331,331
17,11,91199,50333,10363,308
17,5,118127,31621,73483,580
17,13,125639,39859,2382,347
17,5,127343,69806,87474,308
17,13,121439,78668,101184,312
17,2,71867,17356,4575,305
17,2,101939,47409,8670,330
17,2,122939,93318,100882,361
17,5,76463,439,47837,283
17,5,79103,14522,50881,292
17,2,101747,72380,63386,311
17,2,67499,62901,59913,476
17,11,111599,23722,39256,353
17,2,68507,40018,53660,283
17,5,84143,26108,14181,315
17,2,66923,56557,8445,394
17,2,98963,90521,36105,395
17,2,83219,61496,46134,318
17,2,77867,14464,28203,286
17,2,95483,88083,40382,343
17,2,99707,14491,49343,289
17,2,112163,15448,33138,591
17,2,89003,49256,67692,310
17,2,118043,81776,41967,428
17,2,113363,29923,365,360
17,5,69767,32138,32337,302
17,5,66383,16075,4026,343
17,5,84143,34161,54570,330
17,2,76907,635,13707,306
17,2,113843,97801,41072,352
17,2,104243,62720,65473,651
17,2,129419,125574,9100,843
17,2,110459,79404,83087,352
17,11,93239,82865,38758,997
17,2,76379,10697,8772,318
17,7,89399,19538,55786,350
17,2,111323,109415,71696,370
17,2,79907,77980,51109,339
17,5,72767,69184,57432,530
17,2,93179,1730,56611,304
17,2,114659,110142,113179,589
17,2,119963,104738,3131,405
17,2,87443,2718,11935,350
17,5,85223,64145,51155,284
17,13,103319,29375,49697,601
17,5,90527,75281,45386,383
17,2,92459,60343,32340,338
17,2,72707,11730,25849,336
17,2,73643,51461,22537,365
17,5,106823,35865,78031,518
17,13,127679,20699,58358,471
17,7,121559,103717,118117,360
17,5,73127,51023,44166,340
17,5,118127,36797,20371,487
17,5,81647,8196,47669,362
17,5,93047,27539,30726,334
17,5,130367,71528,52353,352
17,5,66383,29731,63346,331
17,11,77279,27423,63717,312
17,5,111863,63575,109110,516
17,2,83219,67690,40966,346
17,2,111779,4577,56896,433
17,5,127727,118616,97861,392
17,2,112979,100266,33700,374
17,2,100043,47377,82019,415
17,2,98387,19551,25368,348
17,7,124919,110309,9072,393
17,11,111599,71525,46719,332
17,5,124703,114321,108867,519
17,7,66959,3377,60340,341
17,2,110459,39115,60714,368
17,2,96443,25422,31889,643
17,2,101987,79756,60525,340
17,5,108887,470,83060,330
17,2,119243,70359,64614,310
17,17,66239,46981,32343,914
17,2,79979,8861,25972,304
17,2,116099,47108,27852,532
17,2,130787,99657,54441,346
17,17,70199,3688,33856,367
17,2,81899,13668,24990,393
17,7,126359,83447,45091,621
17,5,105167,18682,58538,338
17,2,71987,27552,12651,360
17,2,88547,80151,35755,402
17,7,104759,37245,46096,393
17,2,128603,26575,109266,673
17,5,130127,103289,71800,451
17,13,75239,44912,45697,346
17,5,72767,57420,62460,375
17,11,126839,111544,109432,410
17,2,125507,4329,99557,318
17,7,71999,25539,13180,509
17,2,120899,62136,96398,669
17,2,88499,27522,29838,335
17,13,110879,18044,67620,814
17,2,74363,14440,976,521
17,2,114083,65755,27471,666
17,2,111779,11352,88798,599
17,13,76919,29659,63103,560
17,13,78839,46319,43568,383
17,2,80387,1004,63200,596
17,5,127343,31388,87705,642
17,11,90359,45169,86947,618
17,5,105263,37152,34951,355
17,2,109883,9244,92064,1078
17,2,122819,16129,101173,664
17,2,86627,48970,44396,338
17,2,122939,104694,31111,382
17,2,129707,128024,5075,385
17,2,100547,39717,21684,329
17,5,105023,62134,39967,388
17,2,84179,9590,12700,360
17,5,66047,26910,19522,348
17,5,97127,59100,46879,353
17,5,113903,51313,5073,580
17,2,119963,100391,12760,452
17,2,121523,121185,14681,433
17,5,130343,78978,112456,355
17,17,72959,451,45033,337
17,5,71663,56079,65821,288
17,2,71867,2556,32851,304
17,5,89303,47914,32081,329
17,7,107279,12399,26355,335
17,2,116027,101598,8176,539
17,13,66359,20788,38100,330
17,5,89087,45071,42256,368
17,5,111263,20033,42476,361
17,5,127607,21686,55031,414
17,2,119243,108234,76226,347
17,2,114083,112307,50426,411
17,2,103787,4991,25174,338
17,2,67139,10106,28176,283
17,5,97127,82214,45306,327
17,13,84719,37772,16588,536
17,7,128879,54465,72869,376
17,5,93383,25078,58089,339
17,5,90527,27775,80536,324
17,5,116423,24013,103333,294
17,5,66383,5343,49148,273
17,2,79139,55470,77291,289
17,2,83459,56818,66897,334
17,2,129587,20895,38682,299
17,5,73583,50187,15734,329
17,5,67247,33900,27960,439
17,5,130223,68842,4310,511
17,2,88259,34765,72400,405
17,2,87587,50570,9475,300
17,7,128879,62836,45156,347
17,2,78467,26139,70187,355
17,2,111659,12723,42661,354
17,2,118787,69145,57577,317
17,5,93407,57616,10579,300
17,2,110459,80159,42515,517
17,11,76079,34213,26802,372
17,5,98663,83060,38904,367
17,5,93287,82807,55388,327
17,5,100823,14166,13944,362
17,5,99623,61393,79994,306
17,11,91199,7756,19512,378
17,13,125639,107409,7820,456
17,2,119963,75263,49901,413
17,11,74759,72400,63266,366
17,5,106103,54488,79552,611
17,7,95279,66940,69404,371
17,2,65867,2122,14478,702
17,2,121019,87648,17431,646
17,2,92459,79201,76985,420
17,11,113039,79596,98296,401
17,5,128903,37870,117881,687
17,2,73643,44929,42061,324
17,2,101027,51428,79675,343
17,5,98927,88387,10087,366
17,2,95483,203,70705,489
17,5,87383,75069,25128,349
17,2,81707,22903,13312,303
17,11,113039,51542,42846,364
17,2,65867,28998,17615,373
17,5,97463,76001,44147,348
17,11,76079,20559,15698,361
17,2,76907,45347,43388,313
17,5,105263,42515,95325,367
17,5,85487,42075,10472,353
17,2,106907,22669,29750,683
17,2,107699,104474,22248,519
17,2,100523,87411,88559,514
17,2,77339,30067,46077,403
17,2,113363,111945,11841,379
17,11,74759,22506,1280,313
17,7,115679,61035,64234,406
17,2,97523,19065,45676,422
17,11,91199,45575,85317,389
17,5,98927,38641,15742,404
17,2,93179,12587,32214,330
17,5,113567,101966,15378,1469
17,2,87299,18166,22666,361
17,5,120503,114912,82294,409
17,5,124847,78814,110569,427
17,5,120167,105440,61171,1140
17,2,130787,53179,24508,398
17,5,113063,55608,37021,346
17,2,77339,21340,10716,441
17,5,105167,95270,35254,592
17,2,69899,59884,36903,321
17,5,65687,46586,34663,471
17,2,121523,48506,115373,389
17,5,83207,49034,37814,391
17,5,105263,46760,4760,337
17,2,79979,43280,56931,326
17,17,72959,68604,23265,365
17,2,88547,2495,72387,307
17,2,84947,61401,82419,308
17,5,130343,110738,122218,380
17,5,123407,99710,68549,894
17,5,117023,91526,44615,636
17,2,97523,44211,63664,362
17,5,84143,16430,4729,384
17,2,101027,87235,21005,384
17,11,126839,121358,69169,509
17,5,118247,110997,61194,488
17,7,104759,43788,66683,674
17,5,90527,15263,64079,305
17,2,91283,20644,51963,308
17,2,108827,95871,89929,746
17,5,127343,3757,47348,350
17,5,125183,114256,51267,353
17,5,77783,44937,40398,249
17,5,113327,4172,113171,393
17,2,95027,5483,59151,288
17,2,116099,23553,96351,287
17,5,85487,13715,9153,265
17,5,111863,23385,4936,306
17,2,86027,5800,31617,311
17,2,67427,29550,5196,280
17,5,122663,3004,47295,539
17,2,82763,43185,78782,316
17,11,126839,48559,7956,344
17,5,123503,88006,117526,335
17,2,112019,55309,78531,356
17,2,95219,28856,366,305
17,2,78179,16743,36245,305
17,2,98867,88068,95804,337
17,17,119759,92258,88275,621
17,2,95483,50074,60313,536
17,2,67883,62496,6455,799
17,5,120167,98163,54373,471
17,2,74099,62162,12184,590
17,2,89819,79072,75027,356
17,19,98999,69502,35230,1048
17,5,119447,90698,42640,375
17,2,108203,105105,75489,553
17,5,112247,5975,13199,502
17,7,103079,49117,18120,372
17,2,76379,70796,70853,398
17,2,67499,40106,49623,1170
17,2,81707,62589,77596,448
17,2,65579,24353,22949,332
17,2,82163,35380,80168,710
17,2,85643,18535,737,707
17,2,71987,52951,27960,298
17,2,74507,71584,9781,412
17,2,73643,68953,73111,305
17,5,87383,26742,66230,668
17,2,84443,77684,62123,463
17,5,107903,15412,61183,516
17,13,84719,6990,41171,354
17,5,120767,111508,90211,420
17,5,104207,86519,47229,552
17,5,66047,41053,36624,315
17,2,116027,44516,45459,364
17,5,93503,35020,72715,711
17,11,77279,30213,63683,437
17,2,95003,74743,86506,740
17,5,123503,9044,51313,462
17,5,76367,35022,20172,806
17,5,90263,73510,19869,384
17,7,126359,77567,45608,550
17,13,121439,87917,84179,823
17,2,124427,121232,64244,695
17,2,108203,42736,96814,662
17,2,73259,58,12568,386
17,13,92399,46913,22459,474
17,2,123923,114976,82087,1019
17,7,104759,31996,28041,383
17,2,124427,91210,63197,350
17,2,119027,23240,1670,603
17,11,77279,14427,56282,355
17,5,125207,49537,123273,336
17,11,93239,73760,72007,462
17,2,95219,37553,24332,357
17,5,105167,27208,39391,318
17,2,84179,78021,48932,766
17,7,79319,5540,40649,526
17,2,79979,40751,44448,265
17,17,119759,110888,22080,353
17,2,89819,21997,46658,653
17,2,91139,88262,36912,431
17,11,111599,23836,90865,374
17,2,69827,2295,50233,650
17,5,123503,121127,62011,566
17,2,122939,63646,98188,596
17,2,92699,12331,66207,987
17,2,98507,91772,26446,367
17,7,96959,16802,64896,673
17,5,113063,22062,42238,581
17,13,84719,35043,15218,365
17,2,66923,26064,23754,375
17,5,106103,27413,52187,792
17,2,111347,11170,71995,622
17,5,86783,34945,1308,629
17,5,87887,50516,1112,677
17,5,89303,59697,73223,1161
17,2,130619,39772,99575,729
17,5,105263,40130,51863,1085
17,2,78179,19407,69915,319
17,2,77723,11059,27639,422
17,2,96059,86954,14822,555
17,13,84719,48589,77502,353
17,2,67619,30387,26801,468
17,5,98927,92200,76193,673
17,2,100043,16463,22535,324
17,5,116423,50502,108061,541
17,2,130619,29354,28204,1053
17,2,99707,61137,43026,693
17,13,127679,20519,30888,710
18,2,199523,24575,6224,456
18,5,162263,112325,37031,653
18,2,194003,63766,105799,634
18,2,170243,9680,86873,486
18,2,188459,29434,111989,437
18,2,155027,31428,16061,490
18,5,223463,11970,125350,608
18,5,168023,128349,58601,417
18,7,158519,148678,20287,596
18,2,229547,121468,97787,436
18,5,159623,93151,29808,402
18,5,229487,43073,175813,508
18,31,250799,175561,64876,834
18,2,257987,171563,118503,581
18,2,197243,141873,25137,399
18,2,200987,143460,74116,1214
18,2,143699,10221,4938,354
18,5,247007,70066,200778,430
18,2,168899,111418,102123,772
18,7,256799,234856,230679,433
18,5,134207,98504,112863,375
18,5,208463,168115,197450,922
18,7,181199,148252,47408,463
18,2,163019,78354,44595,365
18,2,219587,205961,8214,446
18,2,155699,10879,35563,441
18,2,159779,3735,153583,411
18,2,197243,24958,173444,768
18,5,225167,138047,4170,580
18,2,191099,181087,650,425
18,2,191747,16925,39396,373
18,2,182747,111595,103577,781
18,2,199379,143619,39269,451
18,5,217727,68709,160335,420
18,2,163019,23407,119156,491
18,7,148439,133887,26283,345
18,2,199379,120991,118954,397
18,5,233327,55672,181547,944
18,5,158303,83758,84806,398
18,13,227519,172869,95455,723
18,7,233279,52278,76345,470
18,11,231719,222104,29029,539
18,5,137087,45597,35482,667
18,2,152843,64855,136615,584
18,5,178103,163809,20689,616
18,7,257639,49894,43809,1054
18,2,236723,52583,147404,469
18,2,171467,145726,96294,792
18,7,164999,101346,85985,511
18,2,224363,112950,42375,550
18,2,148403,5712,46804,478
18,13,142799,58819,66127,391
18,7,166679,6333,98119,364
18,7,133919,56923,90974,365
18,7,207239,30915,156802,648
18,2,169067,74336,66401,373
18,5,235007,143749,137086,565
18,5,213407,212651,30046,425
18,7,214559,141694,183046,448
18,5,191783,115529,118548,338
18,5,234383,140025,187963,408
18,2,237179,233084,159731,521
18,2,165587,114908,46096,392
18,2,228539,171280,204523,440
18,5,255383,217056,87752,398
18,2,154523,57725,37860,342
18,5,173543,4269,62754,416
18,5,225167,214411,16223,472
18,2,203843,197106,109958,405
18,2,226307,82724,58697,516
18,11,247439,54829,33983,489
18,2,206699,68618,165383,453
18,5,195023,191422,15071,422
18,2,224699,203666,101169,412
18,5,227567,66111,117177,378
18,7,161639,48292,130228,357
18,2,218627,16162,51313,322
18,5,246167,157228,7596,626
18,5,240743,239506,142076,802
18,2,228443,90782,158916,480
18,2,229547,17033,141917,533
18,2,158867,41827,80962,484
18,11,206639,135536,55747,428
18,11,182999,20991,13672,444
18,5,195887,175812,28610,942
18,2,169427,113251,135422,479
18,2,151643,66246,3127,404
18,2,156683,31823,58855,418
18,2,159683,146774,135827,421
18,5,191447,86354,121697,547
18,2,209579,196196,201176,650
18,5,258023,211760,9960,744
18,7,235559,187441,208117,1062
18,2,183059,72430,78971,563
18,5,171047,167989,77740,650
18,2,218459,164636,105621,520
18,2,258443,43218,74784,454
18,5,184727,174464,35961,860
18,5,229487,109873,173962,510
18,2,192923,104249,109006,407
18,2,190523,149235,145344,727
18,5,253703,98382,229864,640
18,13,223319,40670,39373,548
18,2,214043,89700,26465,627
18,5,136343,104661,65154,394
18,11,164279,137407,97098,374
18,2,155627,32066,119147,408
18,5,153743,74439,103257,836
18,2,190523,65031,32071,465
18,2,230939,203737,184412,701
18,2,218459,214927,55131,540
18,7,212039,129175,104154,443
18,7,134999,9119,12028,351
18,2,163019,25716,66805,365
18,2,231563,88997,106683,490
18,2,142907,50585,13447,378
18,2,171659,130705,82813,336
18,13,142799,66707,107486,324
18,5,169007,136938,153399,575
18,5,187127,110493,144371,833
18,5,236087,13709,31886,520
18,5,250007,172993,46991,457
18,5,219503,46533,193252,502
18,2,141179,103408,75136,603
18,2,141803,124364,77774,768
18,13,208799,77565,7165,431
18,13,235919,188273,87921,706
18,2,167747,58279,128550,431
18,11,152519,73909,135804,438
18,2,143699,134589,121757,404
18,2,182747,123441,34670,476
18,2,202667,69648,1725,519
18,2,239699,204747,61875,483
18,2,157307,16138,19700,356
18,2,151667,43678,118160,392
18,2,180347,38901,163812,549
18,2,169019,44910,109159,487
18,2,235979,99007,36683,921
18,7,177839,55935,10904,478
18,2,163859,130890,111203,466
18,7,215399,209185,74276,471
18,11,231719,18369,2348,428
18,2,141707,32157,88727,387
18,5,246167,107752,226541,588
18,2,170627,24824,104356,401
18,2,158699,27438,154510,516
18,7,196919,155378,61435,427
18,19,236519,114884,230213,880
18,2,169259,69451,32218,383
18,2,237179,143941,194239,417
18,2,191627,18462,26524,359
18,5,252887,24737,121826,581
18,5,258023,239454,166706,500
18,2,192587,12011,123513,405
18,2,167627,108070,23793,386
18,2,193163,87589,175155,394
18,5,171047,68343,170138,715
18,5,188303,91511,18426,439
18,11,234239,23980,138810,576
18,5,239543,156633,185834,435
18,5,161303,154544,68213,395
18,5,205223,132082,192764,418
18,2,226307,114037,136918,484
18,5,218423,13100,160946,416
18,5,135887,58655,42979,697
18,2,214043,67202,38813,593
18,2,150779,104085,91281,392
18,5,258887,21595,125266,760
18,5,243863,35435,156276,445
18,2,207227,20655,15996,738
18,5,174143,131849,39293,408
18,31,250799,169533,178277,761
18,5,239543,179352,129016,419
18,2,150659,13140,109365,365
18,2,233939,73931,171804,613
18,2,150707,49214,41293,381
18,5,168863,167348,25031,375
18,2,153563,45236,11428,507
18,5,178247,136696,121836,440
18,5,202967,195042,152098,471
18,2,181283,143706,136165,729
18,19,218279,115236,93410,530
18,7,137279,43154,105896,386
18,5,180023,172823,173414,604
18,7,148199,6375,88491,555
18,2,203387,56386,144062,485
18,7,201119,83841,136976,440
18,17,260399,135465,143213,505
18,5,244943,23274,15105,430
18,5,155087,51075,123326,353
18,5,249287,137648,70333,761
18,2,140363,42820,16148,542
18,5,138863,102797,42817,381
18,2,185723,116545,114745,440
18,2,198083,39643,104889,476
18,17,166799,29542,126740,468
18,2,168803,140523,137112,401
18,2,132347,47638,80946,503
18,5,255383,55053,57362,653
18,2,204923,88687,20886,546
18,5,234863,81223,178293,511
18,2,234659,83459,78124,535
18,2,197339,76657,37748,411
18,2,177323,139325,1901,409
18,5,223463,138053,5126,428
18,5,173687,26861,112242,435
18,2,226907,150286,99812,1139
18,2,205187,113990,53422,410
18,2,136523,120322,7668,369
18,2,135467,127655,84292,377
18,5,155423,54798,142080,713
18,2,133403,11881,102348,373
18,2,205187,50719,198265,434
18,5,241343,196532,26270,455
18,2,148403,137055,3804,626
18,2,208739,41114,74767,672
18,2,196907,117633,171185,439
18,2,175403,18460,168855,572
18,5,151967,16705,107219,370
18,2,234659,171038,206318,718
18,11,235679,195366,5261,471
18,2,169259,15702,62476,370
18,5,157247,124416,3847,367
18,2,156467,123255,59040,388
18,2,212243,62278,177051,582
18,2,151379,13152,69376,395
18,2,165059,39843,35769,407
18,17,149399,122193,82305,383
18,2,150707,143460,86061,392
18,7,133919,61064,108663,394
18,2,255419,16040,156624,451
18,5,233327,80231,147089,780
18,5,137087,37829,871,370
18,5,131687,80037,56050,422
18,2,175403,60211,46589,550
18,5,205103,22051,36977,545
18,2,254747,220689,122066,500
18,2,246803,48387,191994,385
18,5,143687,93759,78720,660
18,5,253703,220591,112870,1171
18,13,186119,121649,112654,413
18,11,233159,182164,10156,444
18,5,199247,189933,136586,400
18,2,219683,212814,92004,421
18,2,256643,61108,235332,460
18,7,212039,200173,58778,397
18,7,146519,39425,99931,387
18,2,223667,14293,54928,519
18,2,144203,5745,10131,356
18,5,170447,150130,74580,474
18,2,236339,48007,211884,513
18,11,141959,58084,24321,386
18,5,153887,127077,22697,448
18,2,205307,92695,115238,407
18,5,239567,193974,161300,723
18,5,208463,120117,121763,481
18,5,132863,62985,63192,383
18,17,149399,123809,62800,382
18,11,140759,137098,75549,368
18,17,160079,72443,22433,410
18,7,209519,9231,113633,391
18,5,215687,207445,133853,458
18,2,218627,64346,125323,416
18,5,158567,80623,107638,353
18,13,169319,155278,160895,1028
18,2,257987,235327,178528,494
18,13,186119,108195,19567,447
18,2,143483,12453,64168,363
18,5,188687,81411,58075,391
18,5,252887,55848,25816,455
18,2,258443,231843,247358,439
18,7,146519,46341,20745,420
18,5,159623,26052,119318,363
18,2,219683,51073,3454,632
18,2,214043,132338,46408,484
18,5,174767,117018,162954,389
18,7,214559,88466,91880,482
18,5,235007,176993,209783,430
18,2,224363,151902,176042,550
18,17,149399,105985,85533,444
18,5,225287,203725,204834,686
18,7,235559,73291,6049,445
18,2,218963,45349,196095,465
18,2,218963,70424,210092,411
18,7,196919,57266,41286,496
18,2,205763,168656,199038,421
18,5,161303,114612,31950,468
18,2,236723,178668,31829,544
18,5,136223,38755,82817,374
18,5,259943,256665,164821,632
18,2,236339,88535,148855,465
18,5,135887,29776,185,387
18,5,155423,12126,108255,352
18,7,245639,217573,187386,438
18,7,164999,51713,374,387
18,2,250403,82643,203940,468
18,5,197423,147306,133219,426
18,2,222059,12227,135511,613
18,2,245723,231012,110248,470
18,2,162563,139582,99505,456
18,7,193559,193110,56413,436
18,5,232847,1025,11694,525
18,2,204923,94175,89397,1647
18,19,236519,217209,230174,477
18,11,141959,104548,57707,376
18,13,235919,30260,99822,578
18,2,246683,114709,15541,928
18,2,186107,61231,180145,778
18,5,195743,173346,160250,657
18,5,151007,127178,73857,435
18,2,234539,10930,212826,535
18,5,155087,35841,108364,516
18,5,211727,66268,168084,534
18,5,213407,182107,25861,789
18,5,238727,42470,128421,540
18,2,203843,20932,112831,448
18,2,136979,104376,14478,367
18,5,184487,112213,43018,386
18,2,193163,29368,78296,369
18,2,230003,67043,68324,452
18,5,233327,173714,29206,622
18,11,182999,174039,98737,469
18,5,211727,164969,79422,402
18,5,182927,124668,39274,397
18,5,226103,50148,210386,369
18,19,182159,101853,158706,363
18,7,134999,47219,92670,604
18,5,233327,194207,21791,621
18,5,229487,155642,64472,571
18,5,202823,126670,144359,430
18,11,137399,73439,126742,351
18,13,139079,68772,25891,400
18,13,186479,154379,102507,422
18,2,255467,51019,168849,465
18,2,258803,88740,20855,451
18,5,145007,39887,140061,332
18,5,247847,7887,132635,1208
18,2,168899,70456,65638,360
18,5,183167,159131,98704,385
18,5,225167,53167,75539,418
18,5,174143,20877,10657,455
18,2,155699,7730,82441,429
18,5,216263,184375,43817,389
18,7,214559,136181,13132,406
18,5,243527,193409,148085,538
18,2,136523,117239,109128,358
18,2,188843,56883,127691,410
18,5,207287,174454,105982,480
18,2,142907,68394,43778,432
18,5,234743,67530,102990,436
18,5,208463,62646,40042,483
18,2,257987,14234,134101,452
18,5,215687,34725,12693,437
18,17,253679,242590,207573,661
18,7,161639,60459,142450,368
18,5,257903,82422,40335,439
18,11,178799,140118,90316,447
18,7,244199,102834,71220,538
18,2,229283,48927,179063,416
18,5,206783,125227,34412,473
18,7,168599,7622,68832,923
18,2,196907,18869,61572,1013
18,7,219839,142366,14457,456
18,5,254207,65430,8634,542
18,11,186959,154581,3770,433
18,2,134243,125518,23755,368
18,5,216263,70483,16964,427
18,5,148727,115442,85086,419
18,5,237143,157315,124097,585
18,7,164999,76591,137069,427
18,11,136559,30138,119604,424
18,19,218279,117636,177357,457
18,5,212207,73665,46274,422
18,2,169307,16173,90952,419
18,2,248267,106937,79592,424
18,2,146843,135826,121404,361
18,2,194003,23500,48167,704
18,7,245639,48102,32626,435
18,11,223919,186410,18946,509
18,7,215399,147858,71907,458
18,13,139079,52306,115919,425
18,2,259019,85793,33236,1007
18,2,248987,134845,199100,390
18,2,256643,4632,6616,525
18,5,225287,130785,165268,379
18,5,137927,116657,28874,331
18,2,171659,16415,58760,379
18,5,164447,18947,140125,361
18,5,232487,152944,213022,417
18,13,149519,50504,22522,961
18,2,214883,148453,203962,377
18,5,163127,46510,3594,537
18,2,134699,73601,35624,362
18,2,134339,71885,97945,323
18,5,173543,101298,162787,357
18,5,239543,132784,154221,376
18,2,230123,21968,100737,382
18,5,227567,165229,77407,491
18,2,223019,54868,117910,395
18,13,186479,103501,80629,469
18,5,169007,146041,111461,446
18,2,206819,158904,153462,460
18,5,205223,36352,126751,406
18,2,228539,23756,216315,381
18,17,216719,186412,446,384
18,2,248243,117551,223752,477
18,2,231563,190196,142737,448
18,11,228959,18348,143965,713
18,2,153563,145071,124899,380
18,7,209519,127340,43303,353
18,11,247439,52918,229260,395
18,2,160619,57019,45916,439
18,5,152183,53503,65888,412
18,5,131303,84561,104665,411
18,2,206819,22671,151459,394
18,5,244463,48880,231759,525
18,11,247439,235694,153846,450
18,5,223463,201439,109431,518
18,2,141707,86881,103622,336
18,2,222107,18601,154723,403
18,2,204299,34442,122761,537
18,7,245639,47060,108162,458
18,2,181667,133686,159021,670
18,11,178799,3235,140725,581
18,5,183263,33317,106912,560
18,5,147647,133632,133249,471
18,2,159779,154250,103541,710
18,7,245639,40316,5922,759
18,5,193703,153028,106970,430
18,7,134999,2963,133821,365
18,13,137639,123012,26969,381
18,2,191747,138971,169856,562
18,2,138059,120442,9359,457
18,2,224579,17791,200013,424
18,5,171383,24424,101410,395
18,5,221087,106678,193184,463
18,5,184007,66038,153802,425
18,11,167159,156992,49431,424
18,2,235979,16559,126447,1199
18,2,211859,116041,128962,644
18,5,244463,161574,218169,513
18,2,138059,9134,114828,374
18,2,192923,186266,1957,476
18,5,187127,92432,138172,537
18,2,200987,198178,147379,451
18,7,159119,134859,105531,373
18,5,148727,34740,117187,431
18,11,188159,169503,21760,509
18,13,201599,198849,26319,551
18,5,243263,70317,143489,664
18,7,204719,45377,53098,552
18,5,213407,174978,96396,474
18,5,166487,74486,23321,752
18,5,225167,210238,1317,414
18,13,235919,120375,28502,378
18,2,134363,115716,107461,449
18,2,185723,178811,55494,691
18,13,230999,196355,216780,546
18,11,186959,180553,128045,622
18,5,229487,175895,61337,683
18,2,193979,153630,142374,640
18,2,165779,85433,53616,458
18,5,132383,119553,90991,559
18,2,163259,156404,96394,402
18,2,192539,4246,90637,555
18,2,186107,125882,56893,757
18,5,152567,151049,116340,413
18,5,232847,10222,62569,415
18,2,172883,64113,88698,506
18,2,219683,29907,218389,747
18,5,211007,38173,138451,495
18,2,151643,148552,34898,704
18,5,162263,130851,80869,496
18,5,188687,151102,60881,455
18,7,168599,100471,43791,431
18,7,214559,169116,210512,484
18,5,181943,53165,175979,373
18,2,168803,115955,72412,414
18,2,139883,68177,94100,492
18,5,253103,39570,25792,1157
18,5,193463,42753,180546,401
18,11,178799,97469,102821,727
18,2,169259,86058,110342,497
18,2,159179,121551,153529,376
18,2,196907,171373,60121,590
18,5,217727,80871,20684,462
18,5,258023,174778,38828,576
18,2,245723,61699,200113,685
18,5,155087,121801,15265,420
18,2,201827,169167,136053,622
18,5,152567,69532,87949,387
18,13,201599,15602,68483,379
18,13,208799,154514,160298,398
18,2,199523,110566,54007,423
18,2,161339,14041,39537,334
18,13,201599,83517,196446,435
18,5,195047,20521,172854,967
18,2,175403,126907,159405,389
18,2,146843,89641,110781,465
18,5,249287,248033,52370,586
18,5,234383,196183,222392,411
18,5,204047,181277,98614,375
18,13,201599,127450,178058,555
18,5,171047,24585,112799,460
18,5,199247,87692,11152,1091
18,5,245783,105451,23725,455
18,2,251387,195043,211602,465
18,7,233279,165440,55068,422
18,5,131927,58582,44421,402
18,5,216263,195178,49413,854
18,2,181283,93969,52635,351
18,11,235679,28188,87085,676
18,2,164387,44712,42933,358
18,19,236519,94740,133322,453
18,2,226379,75461,175200,406
18,2,147107,102447,122525,658
18,5,249647,37189,103324,884
18,5,134207,90231,11132,455
18,2,143387,18637,132453,717
18,5,225167,154517,22292,721
18,5,151007,140385,98465,748
18,7,175919,79689,52827,467
18,2,134363,45519,15336,670
18,5,172583,27281,107316,497
18,2,229499,116757,187951,439
18,2,168899,80204,108180,444
18,5,241727,212924,86912,1220
18,2,255083,235367,152275,494
18,2,134699,43897,48572,674
18,5,204047,56741,41460,653
18,5,210527,130537,77189,705
18,5,170207,91904,163405,452
18,11,235679,174433,231797,488
18,7,159119,16759,87396,359
18,5,191447,64237,63034,369
18,2,156467,134912,147994,755
18,5,131687,23778,31349,382
18,5,199247,133238,60581,470
18,2,171707,51588,6795,461
18,5,198047,160677,43699,534
18,2,148403,62853,146501,418
18,5,147647,132667,5622,399
18,11,152519,95724,109030,376
18,5,196247,104421,144944,378
18,2,246683,98271,82671,1180
18,2,224699,61697,4037,424
18,5,134207,117380,80504,376
18,2,143699,140345,106551,403
18,5,208463,83700,12980,438
18,2,226307,207916,103073,484
18,11,140759,95919,95324,356
18,5,173543,117525,113801,385
18,2,208787,102903,179008,530
18,5,161303,152740,1854,774
18,7,207239,48548,65880,533
18,2,186107,172443,97973,432
18,2,164987,95220,106777,626
18,2,187163,16769,5321,380
18,11,234239,54859,57018,503
18,7,196919,89321,36058,405
18,2,141803,127419,133936,380
18,2,257627,201252,9598,607
18,2,217739,15082,189571,403
18,5,170207,41081,154135,406
18,2,231107,49119,194368,437
18,2,163859,46360,106039,432
18,5,184727,168229,113164,722
18,11,141959,42241,86093,396
18,7,159119,6136,114543,428
18,5,218783,70695,127268,633
18,13,169319,132306,112982,382
18,2,167747,91049,118517,373
18,2,211403,47813,31979,393
18,2,203843,96785,15859,427
18,2,151883,122279,95672,410
18,5,218423,147733,179052,432
18,5,242807,165438,202184,533
18,5,218423,92165,71223,509
18,17,163679,131504,152217,375
18,5,198503,63136,146959,527
18,11,235679,92922,93910,468
18,11,231719,97188,158839,442
18,7,137279,11103,68308,361
18,2,159179,76618,83943,351
18,7,204719,149101,201383,386
18,2,167627,81570,142396,565
18,11,256199,49272,143307,487
18,2,223547,211159,66087,531
18,2,198347,33940,178674,516
18,2,205307,11067,88990,403
18,2,147107,144493,38061,533
18,2,171467,128785,44583,409
18,2,236723,24642,67854,490
18,7,158519,84881,78241,331
18,7,175919,67756,170042,437
18,2,167627,45776,151949,450
18,2,148403,117240,91261,796
18,2,210803,35466,160791,984
18,17,138239,135951,104030,468
18,13,186119,167213,89884,422
18,2,170123,16438,132518,400
18,2,151643,92105,31974,607
18,5,185903,172507,55884,420
18,2,155699,75576,17392,381
18,5,218423,63734,29760,472
18,13,169319,59039,79405,416
18,5,133583,3492,9061,402
18,11,206639,151196,130473,404
18,2,174299,63404,26599,377
18,7,233279,198990,106779,630
18,2,260483,115274,245809,521
18,2,140363,2437,16879,384
18,2,230939,167133,181538,434
18,2,219587,85920,71363,421
18,5,147647,85086,77580,598
18,2,236339,140065,172530,439
18,2,139619,127426,120786,374
18,2,196739,19133,127743,517
18,5,163223,141655,80507,367
18,2,131267,58174,47390,405
18,2,170243,67589,22628,487
18,2,201827,180912,21328,444
18,2,226379,173114,91005,451
18,2,256307,180630,163108,447
18,2,211403,204698,159619,407
18,5,203207,191619,186718,570
18,13,153359,60044,62829,387
18,13,149519,107096,132321,384
18,2,217739,108180,88125,509
18,5,245783,203554,4130,467
18,11,233159,24299,148255,377
18,2,151643,82829,98655,406
18,13,235919,195542,64881,520
18,2,134363,36862,79893,394
18,11,260879,106324,256535,676
18,5,157247,147831,145163,388
18,2,170123,55275,6815,532
18,7,157679,155004,6687,537
18,2,158867,6063,103386,460
18,2,140123,97096,139152,360
18,5,153743,77903,11351,440
18,17,149399,108123,125763,416
18,2,139619,88029,47166,388
18,2,214043,167721,110615,733
18,2,238859,200548,213872,503
18,11,210719,81764,185996,736
18,2,230939,101197,150375,845
18,2,141179,66459,20080,417
18,13,169319,103978,32732,828
18,5,192887,35481,151590,859
18,2,183059,20537,118491,369
18,5,207287,130145,101140,578
18,13,137639,45222,72761,740
18,2,141539,8755,91859,514
18,17,253679,226129,83531,864
18,2,192539,14810,92268,380
18,2,170627,159494,67187,777
18,7,146519,9079,142869,754
18,2,150299,6070,101126,468
18,2,167627,16702,123899,1029
18,2,158363,23596,141652,689
18,11,223919,183712,156935,795
18,2,144203,65940,75473,864
18,2,175403,63897,144945,1228
18,2,194483,192371,88040,774
18,23,167879,132197,52631,705
18,11,228959,172338,24,1604
18,7,254279,153939,204504,836
18,2,218459,26279,122735,504
18,2,134867,94129,60727,1335
18,2,191579,56224,43522,741
18,5,166487,28635,53887,386
18,7,176159,159840,58115,923
18,5,238727,153977,19817,721
18,17,160079,105278,127668,628
18,2,192923,103077,185763,720
18,2,194483,184988,34254,580
18,5,183263,147231,113833,418
18,5,253367,25994,230463,435
18,2,204923,112844,75898,448
18,2,222107,183516,158143,433
18,2,197699,69055,163625,484
18,5,193703,5912,152459,391
18,7,148199,136480,2890,609
18,2,194003,126632,106526,558
18,2,258563,30439,9751,443
18,2,146843,78404,103572,351
18,5,151007,137692,39284,442
18,5,223247,112973,147028,393
18,2,156347,33537,72142,382
18,5,205967,168521,179775,414
18,2,254747,151653,216240,547
18,5,168527,110947,1393,387
18,5,168263,5913,161647,377
18,2,227027,222210,214013,460
18,2,169523,35435,65222,378
18,5,252887,155695,29200,427
18,2,169307,168404,11818,373
18,2,144323,142819,111463,444
18,2,144323,93796,125329,502
18,2,140627,87373,95218,350
18,2,253427,204243,131598,688
18,2,251387,193374,172784,456
18,2,159779,64512,73237,375
18,13,186479,159527,126115,490
18,2,218627,105323,119235,444
18,2,198347,118695,56641,419
18,7,253439,95656,204173,444
18,5,188687,113951,60293,375
18,5,143687,95125,72449,378
18,2,226907,121677,73606,568
18,5,208463,121820,70124,436
18,2,204299,24335,81169,373
18,2,132347,110965,79803,416
18,2,191627,132309,89186,407
18,5,180023,66941,132676,431
18,5,198047,118893,133845,388
18,2,165779,160417,16950,384
18,2,163259,158919,89712,525
18,7,202799,174909,28207,657
18,5,134207,42226,46408,379
18,5,188687,179920,101891,388
18,7,231359,70068,9188,390
18,5,152063,108813,46517,375
18,13,156119,121157,72166,370
18,5,211943,162546,58145,415
18,2,249539,70323,26539,535
18,5,204143,190911,72149,377
18,5,185903,127692,29683,331
18,5,136343,30520,54949,318
18,5,234383,76790,176703,422
18,2,209459,48699,37773,360
18,17,166799,72330,26341,634
18,11,203999,136333,130960,441
18,5,242807,229987,213253,605
18,2,182243,150571,94233,392
18,7,253439,5548,218791,391
18,2,190787,149896,66381,367
18,2,256643,183497,156341,384
18,5,225167,222113,75129,447
18,5,155423,89425,34678,343
18,5,172583,85466,129982,376
18,2,206699,50102,102055,510
18,2,195659,132198,120244,386
18,5,253103,3376,133016,409
18,5,247463,22269,16665,427
18,2,219587,53711,161334,374
18,2,249059,78567,224827,447
18,2,167747,103881,21692,354
18,2,157307,55272,36786,345
18,5,131927,66607,1913,288
18,11,235679,117598,153924,632
18,13,230999,47442,7056,393
18,5,187367,48354,139183,403
18,7,137279,100698,35876,341
18,5,155087,107966,70883,338
18,2,229499,61483,189988,413
18,13,257879,136025,126166,400
18,5,188687,116356,12421,383
18,2,245723,27675,57962,984
18,2,246899,226030,122216,490
18,5,170207,96807,11505,366
18,2,160619,152640,47180,392
18,5,157247,27739,44724,380
18,2,159539,55355,36965,377
18,13,241559,142104,152941,449
18,5,183263,20022,80546,419
18,5,184487,110284,18233,506
18,2,141587,21116,31728,519
18,5,223247,73147,166875,457
18,13,208799,25152,93402,567
18,2,170099,166590,117093,471
18,5,197423,34903,110717,412
18,5,173543,29754,83609,614
18,5,243863,134704,158477,982
18,5,155087,79491,95866,662
18,2,159179,118934,120815,778
18,5,262127,150320,202677,570
18,2,208787,206217,20046,501
18,2,163403,16739,89222,436
18,5,239567,34154,223433,761
18,5,166487,156826,96439,451
18,5,158303,44882,204,444
18,11,233159,99136,215851,680
18,2,224699,53114,224342,479
18,11,167159,86688,41194,392
18,5,147647,81179,10415,368
18,5,151007,74505,36584,437
18,2,196739,113709,49039,476
18,23,158759,140174,147114,417
18,2,147179,100012,2940,414
18,5,221087,149005,83383,939
18,2,191099,157644,96704,435
18,5,131687,95236,89887,468
18,5,205823,124053,12939,429
18,2,163859,31282,142003,410
18,7,179519,111414,58407,353
18,2,187787,101077,82101,357
18,2,137339,3447,105374,303
18,5,227567,224600,56468,668
18,2,257987,19195,47828,402
18,2,136979,33848,111319,326
18,2,217739,145009,212525,464
18,11,152519,39792,136039,393
18,7,176159,56035,65801,373
18,2,147227,145470,145712,419
18,7,219839,127872,170824,513
18,5,259943,157617,175974,538
18,2,223283,184035,12378,409
18,2,230123,17117,12658,421
18,2,194003,100124,190989,432
18,2,165443,108723,103459,381
18,5,202967,183456,172369,463
18,2,193163,154668,159778,401
18,11,235679,137508,60567,510
18,5,192887,155341,73751,383
18,5,258983,248604,204649,492
18,5,211007,21324,141655,381
18,5,198503,98559,190279,402
18,5,208463,9220,169527,476
18,2,157427,92735,110494,665
18,2,234203,44047,110242,654
18,2,182243,181213,55662,500
18,5,153887,61384,40567,549
18,2,257627,23647,185171,1274
18,5,259943,188134,76540,949
18,2,185723,73557,55038,444
18,5,133583,117297,106496,747
18,5,216023,62861,61289,699
18,2,148403,107430,138667,545
18,2,214883,138902,209303,653
18,5,134207,131714,68096,426
18,2,169307,2271,90729,428
18,5,137927,79714,114592,367
18,5,195743,187914,6293,598
18,5,152567,128748,82876,445
18,13,149519,129700,48881,515
18,2,171467,62520,58239,795
18,5,196247,95226,614,431
18,2,199379,113110,155685,433
18,5,247007,183319,189923,444
18,7,215399,15650,88449,339
18,2,191627,111985,162820,496
18,7,164999,85042,95752,359
18,2,214883,125721,185059,384
18,5,199247,67427,165147,479
18,5,262127,175048,233748,421
18,2,147179,105766,31006,355
18,5,162143,57712,25443,378
18,5,135887,29276,10903,713
18,2,257339,139508,221303,493
18,2,258563,109187,206541,439
18,5,235007,7988,58058,419
18,5,210527,57101,15631,402
18,5,185903,6283,105647,437
18,2,179819,29941,161922,1017
18,5,199247,162261,10371,502
18,2,230123,224408,98374,424
18,2,198083,104263,19678,419
18,2,185723,72580,175507,525
18,5,145823,132613,31988,534
18,5,247463,203356,239774,597
18,2,228443,107521,100018,467
18,5,168263,165229,25948,569
18,5,234383,99253,50954,470
18,2,228539,118279,219349,399
18,23,158759,52133,12283,487
18,2,131267,35677,20483,387
18,5,230303,182065,5592,621
18,2,192587,13667,154854,458
18,19,155399,111609,152620,503
18,5,165527,138563,93420,393
18,2,224579,147602,156952,432
18,2,165059,39670,28835,436
18,5,217727,155269,99334,446
18,2,208067,156562,151923,625
18,5,178247,81678,52336,561
18,2,159179,119688,70343,423
18,7,201119,178068,57459,571
18,2,241667,57587,27126,471
18,5,229487,183810,123359,460
18,5,186743,6562,67913,410
18,2,230123,63748,4707,671
18,2,169427,16822,105915,484
18,5,173543,83015,104437,780
18,5,236087,182795,234882,489
18,5,131687,72812,52767,575
18,5,208463,38297,196952,803
18,11,209159,163537,94921,773
18,5,255383,146924,234438,454
18,2,159683,80881,73381,447
18,5,148727,29999,73952,470
18,2,203363,68760,81078,607
18,2,167627,106170,1101,636
18,2,226907,18750,192696,409
18,5,149543,119669,118361,415
18,2,204923,125421,50540,781
18,2,208739,191722,130703,519
18,2,148763,83974,20220,390
18,5,162143,75759,3113,497
18,2,133187,118792,124388,441
18,2,170123,120944,52337,394
18,2,167627,42570,50695,418
18,2,246803,25856,5677,644
18,5,151007,7647,15570,400
18,11,167159,134622,126229,430
18,7,235559,79930,4305,454
18,2,197339,192679,82953,436
18,5,241127,2034,27391,483
18,5,239783,151888,74919,496
18,5,188303,41207,116541,383
18,7,235559,54066,7750,617
18,5,174767,79301,171680,461
18,5,211007,107482,29059,381
18,2,171203,133036,1684,385
18,2,165779,63506,86380,378
18,17,149399,38766,131268,373
18,5,132863,9333,107307,361
18,5,249287,111826,142997,574
18,11,206639,72873,37811,424
18,2,170123,71140,165115,441
18,5,225143,25719,56206,522
18,2,204587,159013,34702,648
18,2,187883,102185,141202,461
18,2,172883,3108,30698,381
18,5,168263,130246,8098,395
18,2,171203,93588,48270,471
18,2,230939,25911,212187,509
18,2,206699,634,26304,379
18,2,254963,191006,188439,474
18,2,174443,67505,142904,372
18,5,238727,38105,122284,480
18,5,181607,117786,49771,346
18,2,255083,178920,8529,579
18,2,203843,185290,202875,524
18,5,205103,127636,155006,398
18,11,223919,123238,14984,359
18,5,133583,106553,46357,373
18,11,209159,92052,195343,446
18,5,237143,60863,115875,655
18,2,159227,59923,62696,391
18,2,163259,158406,1142,546
18,2,134363,94008,42159,373
18,7,201119,157825,27294,357
18,2,207227,107969,151363,411
18,5,195887,68730,82944,420
18,2,171467,85214,39975,402
18,2,253427,99872,126451,491
18,5,239783,141740,133423,368
18,2,226379,58946,22695,552
18,5,177623,100160,72233,344
18,5,162143,114288,104037,368
18,11,206639,95559,142126,441
18,2,233939,42789,158809,417
18,2,133187,45940,53596,319
18,5,226103,22396,65352,372
18,7,235559,212179,129406,453
18,2,134363,10333,46321,320
18,13,227519,100028,145320,607
18,7,161639,104548,99432,353
18,2,177323,54297,70603,359
18,2,167747,56747,155934,384
18,2,185987,103680,58829,349
18,2,158699,19511,6451,355
18,5,151967,77309,88138,325
18,5,253703,41404,182813,515
18,2,197147,24882,162593,545
18,2,203387,151754,54759,422
18,2,226907,202354,161238,516
18,11,182279,96212,3839,361
18,5,181943,46087,12707,386
18,11,203999,86152,38794,419
18,7,238079,165930,19742,603
18,2,174443,145243,164157,576
18,11,197279,152528,106089,356
18,11,152519,49243,11273,351
18,2,228539,55366,155937,411
18,5,219767,114795,59187,401
18,19,220919,136600,35284,351
18,2,192539,170450,13413,441
18,2,155699,104749,100281,391
18,7,134999,46293,118398,458
18,5,231503,93528,4939,482
18,2,204923,135678,53759,385
18,2,183683,117146,151062,396
18,2,170123,166631,10564,401
18,2,192539,49162,142702,365
18,2,257627,64044,200536,460
18,2,224579,89844,204707,537
18,5,213407,141410,72890,488
18,5,137087,57832,5331,380
18,2,227027,175291,109906,371
18,11,164279,11708,82879,709
18,2,235979,122594,30591,401
18,11,229199,40814,145768,385
18,5,258527,217378,68681,398
18,2,191123,34708,27581,320
18,2,256643,130435,124493,693
18,2,139619,130979,23890,524
18,2,155627,109907,88157,467
19,5,279023,41027,159664,686
19,2,522707,408460,451902,2366
19,5,415343,363107,341297,664
19,5,456047,423513,135681,1103
19,2,304163,49060,194490,824
19,2,294059,259364,273555,468
19,2,386363,263419,33279,570
19,5,487703,290368,321293,573
19,5,491423,21443,180888,494
19,5,369263,284123,106630,494
19,5,376583,359084,275537,864
19,5,341423,132282,258732,461
19,5,475823,355891,57039,652
19,5,358103,215146,1043,505
19,2,408923,26721,21207,454
19,2,388187,965,304119,476
19,2,413867,268900,164322,420
19,13,439199,322698,253690,739
19,2,390107,112230,77777,455
19,2,415643,256228,28703,468
19,2,414539,404508,87500,595
19,2,458819,327185,290580,442
19,2,344843,75544,156744,418
19,2,267899,219269,248368,405
19,2,317963,269271,53770,524
19,5,511703,15072,277043,476
19,2,271787,114071,58589,441
19,5,369647,47004,256385,420
19,2,422627,353478,348329,761
19,2,282707,127052,137916,414
19,7,391199,387777,367163,577
19,17,414959,368435,149248,507
19,11,453599,164866,152492,530
19,2,425819,57151,175116,475
19,2,449003,122403,145308,435
19,7,474359,183219,224615,580
19,7,322079,311425,286257,463
19,5,330623,24832,61362,437
19,5,276623,3409,222781,413
19,5,442823,191070,381293,530
19,2,341603,45778,107509,438
19,2,306563,679,279505,511
19,2,383723,313886,355905,460
19,2,407747,89204,374822,435
19,2,269219,52398,95674,367
19,2,265787,111304,83640,400
19,5,389783,67275,7747,529
19,13,487079,51876,114929,476
19,5,486407,94661,364539,515
19,13,472799,81658,191655,891
19,2,362003,5401,273522,415
19,5,284807,195535,90811,381
19,2,371627,266824,109577,485
19,2,423779,291625,137902,409
19,7,385079,209109,176938,440
19,11,349919,264009,246980,431
19,2,326939,305844,134200,461
19,2,486203,373302,144673,674
19,2,460379,69242,281108,485
19,2,359147,30589,351035,450
19,17,361919,121069,353554,453
19,2,313883,106355,222134,407
19,5,453023,419493,82149,775
19,2,454907,309382,230795,457
19,5,313343,193151,246552,443
19,5,389447,360254,204502,476
19,11,277919,78853,178555,433
19,5,433703,194650,406430,596
19,2,450299,395941,308692,518
19,13,505559,82201,455404,498
19,2,448859,82668,328925,452
19,5,486407,303101,142479,620
19,2,440723,27287,50501,470
19,2,380819,240213,231336,435
19,5,351047,343902,99245,484
19,5,429887,385525,428530,484
19,7,474359,411238,85471,554
19,2,287747,2252,200245,473
19,2,279179,25524,160582,394
19,2,324419,188696,216997,472
19,2,335747,8801,12444,422
19,2,387203,38244,366713,611
19,5,320063,236262,248831,467
19,2,310019,43516,298322,425
19,5,281783,106259,157892,486
19,2,364979,248241,239777,435
19,5,313343,81316,48074,412
19,2,408659,101660,78431,538
19,5,398207,334943,10494,483
19,2,422627,236939,178982,452
19,2,432227,431039,349650,501
19,5,304847,230489,155465,413
19,13,266999,240307,227267,781
19,5,458567,380057,178106,586
19,5,324503,51648,542,425
19,2,406859,116664,123979,838
19,2,311603,56896,56466,613
19,5,448607,113158,200233,867
19,19,456959,183117,130630,1113
19,2,473987,108132,378521,765
19,5,288647,219013,97394,792
19,5,469487,366155,443262,1064
19,2,420803,321597,257622,906
19,11,351959,108105,56763,966
19,11,349919,243763,228657,610
19,13,268439,267026,80538,569
19,2,480707,385891,17932,579
19,2,424163,78452,93862,520
19,2,265787,115838,101665,457
19,2,423779,317823,183110,582
19,5,395303,386092,135136,503
19,5,450287,121225,382886,470
19,2,510299,78899,278890,482
19,2,516227,111224,457339,625
19,2,455579,25526,70034,511
19,2,263723,36291,165206,538
19,5,268343,71807,152469,427
19,5,377687,315181,103224,495
19,2,437363,141510,317763,663
19,19,406559,57619,273126,897
19,2,315779,120896,94165,910
19,2,455123,10399,259436,502
19,7,301319,151922,225311,420
19,7,464879,247445,115483,658
19,7,437159,30645,156053,613
19,5,433607,96405,303984,966
19,5,386927,191073,24627,921
19,2,425123,206101,165680,1042
19,2,409043,341513,265815,718
19,2,304163,272281,234960,500
19,5,475583,416448,421465,1185
19,2,409499,258112,125682,602
19,2,437363,282262,163648,568
19,11,293639,94672,85047,462
19,2,327347,1055,17498,631
19,2,418763,20906,377867,488
19,5,303767,68576,286540,434
19,5,405863,287340,288671,830
19,19,310439,113060,151868,449
19,11,467879,56005,268359,547
19,2,278627,118230,102619,436
19,2,394523,257824,240370,453
19,2,517043,50529,302751,486
19,2,482627,326503,182229,574
19,2,304763,24026,48280,410
19,5,517967,272908,332010,444
19,2,473987,243476,215752,536
19,2,335747,117374,82110,427
19,11,333479,160501,154622,474
19,5,348287,290576,301566,611
19,2,409043,200031,295999,619
19,2,503003,489,194163,455
19,5,341423,92823,197902,428
19,2,418043,203727,392229,460
19,2,475403,257194,362229,483
19,5,325343,192725,153347,352
19,2,481787,389435,101045,588
19,5,451967,370838,86525,546
19,2,332699,265689,185456,449
19,2,291443,8559,282788,372
19,7,312839,246301,153252,411
19,2,378083,64372,202353,446
19,7,302999,184767,154708,460
19,13,500519,143300,144344,515
19,2,325643,149413,252608,471
19,5,424247,225189,145329,492
19,2,304883,84632,229306,419
19,2,293339,8978,287200,388
19,5,458807,146720,200797,545
19,5,450287,430786,240359,878
19,5,347063,64870,80263,498
19,5,422567,142434,32445,482
19,5,275543,95772,227302,464
19,13,488759,464907,28096,687
19,2,304163,246012,179379,558
19,2,281363,61129,25108,440
19,5,392087,296939,129564,478
19,2,448139,378912,234770,468
19,2,357587,203648,73525,409
19,19,424199,215489,254586,501
19,5,501503,370175,459027,530
19,5,291287,75271,261952,425
19,2,405683,249884,229770,726
19,5,438623,229489,330256,466
19,31,397799,266490,223254,774
19,5,381167,239378,195341,454
19,11,317399,122763,148346,480
19,2,503123,152518,339809,622
19,5,299087,157988,202773,383
19,7,323759,204229,60328,487
19,2,407579,246004,207323,1092
19,5,370247,60977,14440,508
19,7,413879,339169,80661,504
19,2,468323,245962,406981,1309
19,7,370199,205252,202404,457
19,2,340283,30057,259618,441
19,5,290183,285141,34192,495
19,5,402503,78635,74898,600
19,5,280223,173435,137880,884
19,5,454943,168362,205092,802
19,5,377687,243697,341922,576
19,11,450239,55349,144838,986
19,11,459479,262160,439289,746
19,2,521723,431058,45639,1230
19,2,418763,291378,173529,646
19,2,418763,168062,15262,1328
19,2,383723,134857,70603,675
19,2,398627,170987,18021,600
19,2,345659,336176,13324,610
19,5,273047,76903,125641,484
19,13,463679,179089,333646,991
19,5,304847,239898,54169,553
19,2,345659,207268,134316,514
19,2,373379,322644,62224,719
19,7,366599,85352,97,937
19,2,276083,233146,71667,494
19,5,286487,136640,20433,454
19,2,369827,34846,338332,562
19,2,294803,24075,72391,467
19,7,398759,255522,132466,476
19,2,386363,225476,134078,506
19,2,441443,282247,17781,490
19,2,277163,220504,47990,453
19,2,486203,415419,65129,674
19,13,266999,45099,35655,500
19,5,369023,344934,270451,534
19,5,279023,109442,49360,540
19,2,500723,405911,181777,854
19,5,314543,52774,129182,580
19,2,472763,190658,12127,557
19,2,414683,350324,240086,604
19,2,427859,375778,150482,1226
19,2,418427,35215,322354,594
19,2,292283,105846,10334,484
19,2,378779,61415,60311,551
19,2,280139,170186,263967,533
19,2,262643,170353,220007,483
19,11,305639,99486,230732,451
19,2,371699,111641,228016,581
19,5,450767,235954,304566,560
19,5,421847,156284,401171,558
19,2,503003,477324,454830,729
19,2,441107,37120,261209,495
19,7,279479,46923,186807,427
19,13,289439,37388,41487,799
19,2,347003,147647,231488,642
19,5,280223,130196,124338,488
19,2,349787,197656,155042,463
19,2,429083,350747,296028,571
19,2,279443,124600,151131,461
19,5,342047,62939,144780,442
19,2,406859,48058,212521,513
19,2,373379,1029,350081,385
19,2,475859,103788,231925,491
19,2,463787,133432,233240,559
19,2,453107,358707,94934,561
19,11,266759,145586,87582,482
19,2,472859,249231,176135,692
19,2,269579,223349,178569,712
19,5,344567,180292,19401,676
19,2,296027,14482,166508,399
19,2,510299,21525,92223,712
19,11,274679,92875,54378,448
19,11,368399,150106,9259,492
19,2,457043,247167,11351,506
19,2,322067,174672,245124,409
19,5,386927,57303,147907,743
19,2,425123,389858,66742,632
19,5,519647,193102,34792,561
19,7,464879,310210,179816,479
19,2,440723,313090,70043,464
19,2,418787,241919,66549,463
19,11,483839,432338,248330,585
19,5,387623,8223,105175,460
19,2,270563,222065,141636,469
19,5,475823,213345,33599,565
19,5,353807,287113,215666,459
19,5,490367,138423,32962,719
19,5,369023,106086,12431,512
19,2,466283,252175,66901,590
19,2,316403,35619,315996,456
19,5,370247,216057,223393,418
19,2,522707,51639,411730,593
19,2,432227,424129,239268,514
19,2,427283,101368,18060,454
19,7,390959,194148,361928,501
19,13,329999,204224,147649,395
19,2,391739,59810,99694,651
19,2,340787,49370,203313,573
19,13,480959,129988,101209,563
19,5,276503,120298,231886,466
19,2,449003,49001,318041,526
19,5,487727,181858,16876,804
19,2,406859,273234,267587,499
19,5,456623,97875,68091,532
19,2,292427,3428,138949,816
19,5,456623,280328,41760,915
19,2,346043,123230,247126,1020
19,2,339827,286499,117100,972
19,2,441179,138599,396791,746
19,2,353867,256899,120937,527
19,2,404123,364884,373915,644
19,2,430499,240424,330253,457
19,2,272267,98235,102866,482
19,5,395303,305481,92248,546
19,17,491039,107480,476758,504
19,2,496283,472586,471558,542
19,2,308003,62549,239979,496
19,5,328103,78428,21848,437
19,5,293207,124146,19857,408
19,2,440939,181483,212990,587
19,5,265247,44896,118543,406
19,2,449987,236638,53467,446
19,2,336059,285179,257825,498
19,7,450599,282853,167999,466
19,2,378083,357712,114775,461
19,2,291443,172645,2374,390
19,5,453023,257726,192689,587
19,2,342899,316980,228769,478
19,5,313343,234372,128585,445
19,2,419579,171540,71288,568
19,2,470579,392169,119938,506
19,2,324587,141206,115636,439
19,2,466043,420180,429863,573
19,7,521999,42633,333608,489
19,2,360827,64975,112415,452
19,5,396983,355361,368985,475
19,2,479267,299558,239845,632
19,2,457739,152613,104954,478
19,2,357779,184307,346774,663
19,5,311447,292674,127184,495
19,2,468683,269818,89081,475
19,2,412067,361269,68329,563
19,2,472763,365108,413680,501
19,2,484787,200641,23733,528
19,7,289559,199667,214144,430
19,5,453143,396296,8935,528
19,23,503879,306359,457198,565
19,2,270923,162424,7147,419
19,7,432359,165767,300232,501
19,2,431363,370079,312983,497
19,2,407579,115650,307508,521
19,2,264659,49036,261124,419
19,5,353807,40105,120792,430
19,5,445583,92658,15568,534
19,7,476039,207756,343629,524
19,5,275543,161813,175042,409
19,2,432227,400321,250083,518
19,2,342899,213484,107074,427
19,5,460127,5839,221562,553
19,5,348527,214850,9749,491
19,19,342359,244552,77406,463
19,2,442979,6943,178584,464
19,5,486023,283225,99290,585
19,13,452759,322477,339614,464
19,5,268343,2110,224469,357
19,11,264599,2152,114455,523
19,2,387587,260578,355548,495
19,2,352739,131841,228950,639
19,5,426407,266371,109945,701
19,5,333287,245718,312335,459
19,2,412019,186555,333578,606
19,2,510827,332268,19567,498
19,2,421739,816,73932,410
19,2,429827,236379,48360,600
19,5,337487,81796,218420,479
19,5,387623,345808,363314,500
19,2,294059,213702,6045,467
19,11,483839,367851,267690,548
19,2,379859,150415,268739,518
19,5,275543,256524,221512,445
19,2,348443,221840,41251,421
19,2,506699,68094,404479,547
19,29,491279,148543,100101,510
19,5,289463,71840,25255,403
19,5,499127,98517,486529,494
19,2,303803,2062,292054,401
19,2,499979,418963,405252,610
19,2,359147,94459,259102,902
19,2,405683,390449,355797,591
19,2,348827,334217,271671,485
19,17,517919,165857,380385,667
19,2,431363,422577,190117,668
19,19,392279,760,334855,495
19,2,304763,133185,106404,507
19,2,475379,368537,396545,691
19,2,407843,380333,160467,770
19,7,371639,186765,149314,674
19,5,304127,237320,56950,514
19,2,317963,96416,256322,412
19,5,489407,9662,71738,675
19,2,382883,84529,250301,528
19,5,450767,241583,497,468
19,2,348563,262733,97023,467
19,2,297659,208017,268059,401
19,2,444539,81439,201690,551
19,19,405599,334154,219476,571
19,11,277919,51788,131387,415
19,5,271463,269100,160278,446
19,5,295727,279757,274566,422
19,2,322403,315372,73241,421
19,2,374819,58647,316147,537
19,2,489179,283655,124079,452
19,5,398303,71253,263120,469
19,2,407747,117665,335441,483
19,5,494903,140189,378003,539
19,11,266759,32743,153509,411
19,2,342803,182287,189143,425
19,2,360827,169751,352655,482
19,5,375527,313960,306318,497
19,2,335459,155335,312536,492
19,2,307283,128051,264917,511
19,2,270899,51579,173653,434
19,2,517043,501071,222158,537
19,2,338747,277161,229973,461
19,5,426527,165656,161838,448
19,5,469583,60380,458247,547
19,5,299087,569,204275,392
19,5,390407,71743,96799,458
19,17,417479,376432,270980,494
19,11,320039,141121,219670,441
19,5,293087,21536,61530,387
19,5,381527,170119,248227,523
19,2,304763,30851,136367,422
19,2,392339,381586,300004,496
19,5,423887,5536,234538,424
19,5,511487,20553,115355,555
19,2,303803,64031,201314,436
19,5,374447,16042,102417,416
19,5,400703,34454,27946,461
19,5,289343,243409,86215,434
19,2,441443,224619,220953,501
19,2,287747,7485,43248,416
19,5,283607,6659,282646,422
19,7,427079,54731,162872,526
19,5,434927,251406,372117,454
19,5,303767,38979,195613,386
19,2,336563,6051,278524,518
19,2,478403,343461,450843,478
19,2,282827,246247,88774,442
19,2,270443,129049,254488,416
19,5,369407,356466,330417,483
19,5,460127,405907,283820,578
19,5,375527,202194,106357,416
19,11,467879,428413,163895,507
19,2,404123,219132,232010,453
19,5,325943,26809,146459,383
19,2,410507,173967,107789,657
19,2,429827,121767,49306,567
19,2,288683,189126,40081,393
19,5,495983,176553,184346,525
19,7,390959,49337,275424,428
19,11,454919,174845,300205,567
19,5,308423,259957,192121,443
19,5,271463,108575,55608,436
19,2,384227,109007,333092,495
19,2,317963,150652,204649,468
19,2,495707,94587,130127,598
19,2,307859,177342,205402,471
19,2,480419,249168,187052,534
19,13,498119,314395,139574,516
19,5,383807,335031,38609,509
19,2,298427,119831,29889,417
19,5,496703,115960,154757,598
19,5,280223,230706,181306,460
19,5,348527,229337,328004,489
19,2,341339,218285,92359,461
19,13,516599,320346,264544,580
19,2,432659,375484,196370,497
19,5,330623,50017,5925,416
19,2,350459,296246,132434,515
19,2,367139,248910,172799,432
19,5,423287,388929,282358,536
19,17,417479,80465,216177,804
19,2,464819,451702,225731,773
19,2,313883,156536,175078,531
19,5,408743,20106,315726,828
19,5,324503,234575,120402,588
19,5,307823,180581,303071,1039
19,5,412967,355964,401200,1120
19,5,489887,120347,144597,656
19,5,439463,31110,367386,850
19,5,514343,468679,389437,690
19,2,339467,224473,46231,500
19,2,323507,85084,90361,952
19,13,464999,438255,349555,584
19,2,486923,135918,205040,1156
19,5,463103,345255,348942,1123
19,2,390107,343803,260894,602
19,2,262643,95300,69238,497
19,2,415187,93574,397355,1117
19,2,412019,135754,55861,1038
19,11,365039,88108,45288,882
19,5,323567,154909,88750,670
19,2,468059,283227,245939,605
19,2,352739,199911,7538,917
19,7,482519,266575,237855,1045
19,2,334043,57509,14377,539
19,5,269183,19174,17265,826
19,2,412019,107941,405146,597
19,2,523427,351664,25334,605
19,2,302507,210289,240010,541
19,5,420383,66238,351805,1071
19,2,271067,193969,242496,851
19,5,402503,274307,35283,554
19,2,317963,108107,70824,480
19,11,386279,161905,233459,561
19,5,379343,294618,269135,746
19,5,436727,156836,380746,571
19,2,362003,201899,168000,461
19,2,473219,134932,385724,559
19,2,291443,264750,141326,523
19,7,322079,168275,275160,815
19,2,499067,12125,33237,1181
19,5,437687,128242,53588,556
19,5,325343,183356,123135,469
19,2,463643,244899,451586,529
19,19,273719,188444,33633,875
19,2,414539,345218,332468,615
19,19,310439,304453,180177,520
19,13,276359,274184,219883,469
19,5,445463,238214,202562,476
19,2,524219,150659,295166,656
19,2,487979,276235,61772,524
19,2,418667,309342,133836,549
19,5,503663,280064,136567,528
19,2,472139,445081,189144,581
19,2,422867,272433,345072,626
19,5,365423,283739,13230,514
19,2,350963,71557,325429,464
19,11,467879,467586,357615,576
19,2,418883,71181,14376,524
19,2,475379,250584,296690,690
19,5,486407,91222,82816,530
19,2,347987,14137,306304,455
19,5,280703,50878,53948,471
19,2,279179,6485,236521,419
19,5,449543,141339,441332,625
19,5,460127,93251,18955,536
19,17,278879,81608,33070,476
19,2,304883,73599,15132,478
19,2,342467,177944,201758,440
19,2,501779,12349,69191,592
19,2,324587,183951,317862,463
19,2,378779,321433,143121,534
19,2,402803,25125,202604,583
19,5,487247,333595,469877,643
19,7,401279,107309,338052,512
19,2,304763,49885,18790,487
19,2,491483,461369,327085,605
19,2,364523,104279,341002,482
19,5,383807,342701,112046,614
19,2,339827,308681,327889,519
19,2,376547,336586,329391,512
19,2,386987,91368,354980,504
19,2,322403,135429,56406,488
19,5,378503,300262,38400,495
19,7,302759,189570,249531,567
19,13,480959,147905,474769,546
19,2,519683,423701,26009,1017
19,5,325943,223239,132390,757
19,2,455219,270988,365110,526
19,5,454943,275872,228909,653
19,2,288683,10753,194069,473
19,17,517919,497650,227652,1422
19,2,473219,133686,104108,638
19,5,320687,156023,138539,895
19,2,402947,77966,221979,716
19,13,430799,220122,38932,1098
19,2,391739,194025,203972,629
19,2,333227,329827,100978,517
19,2,434243,39874,264488,447
19,2,479267,162749,467366,876
19,13,463679,427322,190638,514
19,2,432659,203826,53342,898
19,11,382919,260496,356481,521
19,7,384479,134558,193711,1106
19,7,355679,229534,346018,614
19,2,326867,242395,136375,999
19,2,389219,214623,197523,541
19,5,330767,180045,205547,864
19,2,306563,21003,290400,468
19,5,468647,254946,170376,656
19,11,449399,300241,287379,607
19,2,357563,95028,150236,506
19,2,282827,280518,271545,868
19,2,419579,210805,266208,593
19,5,381167,181396,79692,639
19,2,331883,140239,137128,497
19,5,420383,205592,169979,613
19,11,320039,241529,49038,488
19,5,333287,264344,143182,497
19,2,342659,142334,321338,473
19,2,524099,452461,297531,626
19,2,386363,5350,73144,499
19,2,285179,246697,38344,494
19,5,338567,310129,204926,507
19,2,414683,298479,35265,539
19,5,320063,286500,55326,458
19,5,298223,94229,103207,529
19,2,304163,119948,158228,514
19,2,282827,202214,29138,498
19,2,370883,217159,215406,494
19,5,449663,394655,11999,530
19,2,389867,195663,62143,567
19,5,289967,171700,159437,461
19,2,381659,331189,126402,511
19,5,411527,369772,69968,535
19,5,364223,143675,247810,674
19,2,352739,183209,273818,436
19,2,367163,282598,193970,603
19,19,310439,121695,17747,559
19,5,483863,175879,404066,643
19,2,391619,376245,377117,543
19,2,406499,270997,309101,472
19,2,304883,148221,481,447
19,2,505283,215007,85765,650
19,2,326219,258863,294362,455
19,2,474347,252734,348541,452
19,2,377219,367085,5986,511
19,2,346547,113472,70513,611
19,2,317963,34746,22386,491
19,2,334043,138384,275571,611
19,5,490367,449276,22844,573
19,7,398759,55879,289083,625
19,5,444047,189099,196832,548
19,2,288683,272115,169714,457
19,2,499067,348118,284906,1122
19,2,327707,226988,286707,452
19,5,517487,437756,516490,583
19,2,500603,251736,63554,615
19,5,352607,322812,35811,477
19,5,304127,225904,219474,686
19,13,334199,777,105957,982
19,5,494927,151818,231225,575
19,7,401279,71378,263637,519
19,13,441839,52772,330398,595
19,2,285179,26140,81522,753
19,13,402239,378561,186638,669
19,2,387203,263365,286260,569
19,17,375119,174974,64128,544
19,17,414959,407319,87122,735
19,5,277847,126371,76719,501
19,31,397799,160362,128765,958
19,5,358223,47814,52241,515
19,2,307859,287366,111870,580
19,5,290183,244303,39961,535
19,5,378023,125310,139454,730
19,5,295727,154424,5948,387
19,5,371663,110385,162722,664
19,13,402239,271889,295445,602
19,5,490367,219426,471344,580
19,2,296027,229636,229660,962
19,5,294023,190261,215702,934
19,5,351047,55764,310271,897
19,2,380363,359824,357785,1140
19,11,305759,250402,163487,617
19,7,312839,199718,89676,817
19,5,369647,367007,80350,594
19,7,323759,258158,98494,471
19,2,505763,40422,346572,724
19,19,392279,171614,176411,562
19,2,405947,42540,219806,798
19,5,298223,151109,4768,534
19,2,479267,46845,44874,605
19,2,306707,187087,122749,832
19,13,477839,170700,126597,676
19,5,304223,276459,45980,696
19,2,489179,359805,312839,615
19,2,441179,232175,30304,736
19,5,284423,156450,260380,504
19,17,278879,141966,275904,414
19,5,398207,135283,51000,1513
19,5,291647,141415,39144,860
19,2,497579,395308,161122,1240
19,5,279143,164095,241198,1408
19,7,451679,374785,435372,1017
19,7,304439,213828,213029,900
19,5,478343,377741,189519,1513
19,5,434927,46218,3969,796
19,7,392879,305803,314680,676
19,2,277163,57113,80556,886
19,5,375647,72826,46340,613
19,5,374447,111996,151492,907
19,2,327707,145340,237863,1130
19,2,475379,303950,124111,1169
19,2,498467,379089,442291,1059
19,5,514247,142414,2308,1053
19,2,455219,381928,352334,1013
19,2,454379,217743,401960,1214
19,5,371087,343750,146389,1307
19,2,353867,198184,160013,1100
19,5,337607,198586,254960,873
19,5,511703,11332,156681,850
19,2,287003,268450,110803,925
19,7,499559,49711,428024,1035
19,2,412019,205923,400703,1115
19,2,394739,137556,292844,1013
19,2,271163,12539,149391,734
19,2,514643,100943,322111,1038
19,2,408347,22362,276254,749
19,2,523763,295549,166459,1049
19,5,424247,376836,237191,1007
19,2,451499,275386,92423,883
19,2,334787,183988,78244,965
19,5,456623,128213,18351,1205
19,5,288767,101924,148531,697
19,2,517043,76940,23835,770
19,2,278627,134799,202046,978
19,5,378503,38766,47032,859
19,2,391619,284449,138026,1017
19,2,416147,146576,184558,662
19,5,375647,146772,160888,686
19,2,316859,61551,273532,495
19,2,286499,268483,246304,458
19,5,426527,341238,146961,643
19,5,291983,105148,108057,942
19,5,281783,1652,272506,755
19,2,415643,29847,312362,523
19,5,358487,224308,82738,457
19,5,382463,327804,124850,606
19,7,451679,297447,241202,900
19,5,491423,335603,343408,1088
19,2,329243,30106,224151,493
19,23,461639,346277,102645,546
19,2,482507,475873,355586,1126
19,5,382463,280390,306856,764
19,2,409043,171965,253083,573
19,5,449663,357282,373338,568
19,2,480707,149502,21425,952
19,2,268979,267010,29274,495
19,2,422867,226069,173739,953
19,7,451679,28286,16169,524
19,2,275147,81710,222822,553
19,2,263819,6106,161735,960
19,2,411443,122784,53401,862
19,2,484787,236638,174858,782
19,2,441179,261934,266016,544
19,2,351347,347713,347795,886
19,5,291647,53100,240146,514
19,2,491483,394438,114756,648
19,5,371663,225139,123763,803
19,7,289559,173141,267476,601
19,2,447683,247229,73645,580
19,2,391619,7050,339548,511
19,2,292427,259858,171433,481
19,5,281327,260560,173908,555
19,5,389447,341827,177987,1248
19,2,282707,13601,266652,571
19,2,501779,399658,141579,573
19,11,354479,148526,186718,583
19,2,308003,118312,58097,481
19,7,469919,237539,283743,624
19,2,357587,90545,264621,562
19,5,493463,212461,300232,606
19,5,402503,44271,41580,1187
19,2,267299,185598,217675,737
19,2,262883,111275,248365,550
19,5,456623,18585,112355,1122
19,2,510827,153125,156081,943
19,7,304439,293332,213049,622
19,5,369263,211438,52093,723
19,5,352607,15124,63840,498
19,2,374939,371755,189867,764
19,5,338567,121034,12115,674
19,2,460379,372257,389403,551
19,2,298307,140450,147838,555
19,2,397283,219547,183203,509
19,2,494387,81918,257635,811
19,2,267299,261172,10604,509
19,5,389447,357302,328549,541
19,7,279479,170131,2105,502
19,5,510047,333082,200496,689
19,2,402803,2619,336363,638
19,2,423779,226574,71970,643
19,11,386279,189635,56630,939
19,2,494387,178253,109977,610
19,5,366383,344434,164116,668
19,7,275039,184458,174991,712
19,5,431063,356361,277846,807
19,5,508583,311555,33475,1001
19,5,432143,292190,237490,539
19,5,414383,157385,212082,594
19,5,389927,162959,344383,539
19,2,413867,17736,283308,604
19,2,384107,112989,307722,637
19,2,287219,146933,180833,544
19,5,354023,40571,14746,514
19,5,284807,193298,17706,547
19,5,478343,41579,243958,613
19,5,450287,273735,286030,646
19,5,453023,440643,37016,606
19,5,448727,12539,440360,516
19,2,325187,79709,10999,543
19,2,324587,233520,80974,518
19,2,486323,194234,236411,883
19,5,409967,55748,35121,585
19,5,458567,386184,308909,583
19,5,324503,191691,259755,627
19,5,390407,79590,90180,912
19,2,423779,137443,218185,1085
19,7,489239,92403,144847,612
19,11,333479,59625,310500,690
19,2,319547,106716,9002,997
19,2,434459,389074,193961,956
19,5,278687,96253,42171,455
19,5,371303,282341,263102,1058
19,13,507359,113370,99669,730
19,2,350459,152114,239235,664
19,2,410507,60494,371229,553
19,5,468647,125322,62040,578
19,5,439823,53670,166366,1143
19,2,469979,356636,150205,691
19,7,355679,168758,180082,525
19,2,445883,99935,3809,635
19,5,392543,183376,291441,1143
19,5,438287,300751,394376,565
19,2,501707,391958,111215,1163
19,2,371387,297751,83957,585
19,2,469979,39437,191910,603
19,2,347987,136801,293803,620
19,5,450287,282211,256740,526
19,2,442139,120720,120221,734
19,5,369143,196048,128810,483
19,2,500603,150838,382180,673
19,13,430799,122561,277250,537
19,5,489407,221281,39283,1200
19,2,390707,70817,261316,521
19,2,507803,385406,132307,737
19,2,347987,283783,329234,644
19,7,521999,406391,488317,635
19,5,499127,203242,381197,594
19,2,420467,266312,205074,626
19,5,510767,328405,272477,694
19,5,475583,261280,122723,626
19,5,330623,44680,12383,462
19,5,484487,255823,427969,599
19,2,326219,134227,300380,491
19,2,317987,72055,176878,493
19,2,520019,496628,422619,698
19,5,280223,277894,228895,746
19,2,432659,33988,222040,986
19,5,371303,291715,166554,816
19,11,365039,232712,172873,482
19,2,340283,171252,112553,444
19,2,325643,174947,250871,705
19,5,493463,349854,400524,616
19,2,376547,112423,353592,938
19,2,425003,352737,320055,882
19,5,423887,61717,378162,638
19,5,279023,111087,165592,746
19,5,343727,281495,23965,785
19,2,322067,229480,153041,1031
19,7,335519,154785,306541,692
19,2,473987,107838,170061,731
19,5,289967,229460,176249,739
19,13,464999,431441,112041,1176
19,13,498119,202900,278181,589
19,5,277847,41988,99007,566
19,2,495827,215581,340548,862
19,2,290243,156159,172340,467
19,5,468647,4186,218529,766
19,2,460379,398521,371371,561
19,2,330587,245418,221380,554
19,2,316259,238700,245104,519
19,5,322247,149071,314864,506
19,5,350423,45669,337533,541
19,2,290243,51706,227142,826
19,2,351563,239137,49833,722
19,5,412967,226261,107434,604
19,7,302759,99390,169410,528
19,5,291287,189341,202017,642
19,2,432659,192146,158162,547
19,5,278687,129387,67672,568
19,2,330347,34487,171474,573
19,2,454907,119044,216164,564
19,11,368399,135283,351932,537
19,2,506963,485904,474378,624
19,2,337427,157077,69286,498
19,2,312083,275318,204827,511
19,5,379703,254915,46515,823
19,2,367163,115441,312106,652
19,2,356579,67086,226548,585
19,2,473219,435402,10800,615
19,2,503939,319495,445136,632
19,13,477839,234673,38964,597
19,2,425003,105702,69125,745
19,2,484019,78368,354855,591
19,2,291899,122228,231629,655
19,5,375743,38022,246642,825
19,2,278819,227017,141785,522
19,2,391619,130839,318773,630
19,2,342467,38955,137007,887
19,2,349787,279524,236297,819
19,2,410507,361676,222098,620
19,2,486323,47549,281736,539
19,5,337607,336528,246606,611
19,2,486947,220066,126467,973
19,2,463787,271382,231420,545
19,2,307019,186451,295233,526
19,2,348779,41203,261543,575
19,2,400067,196596,123320,591
19,11,349919,277469,4633,513
19,5,299087,212915,66278,606
19,7,323759,227933,314584,509
19,13,464999,76215,264050,586
19,5,423887,417859,274336,1064
19,2,378083,240766,177962,570
19,2,419603,302256,30729,697
19,2,269219,11139,170213,483
19,2,460787,407072,205353,634
19,2,280499,154690,19210,491
19,11,449399,190888,185701,521
19,2,515843,117586,234786,680
19,2,381419,270363,105900,623
19,2,397379,368689,351272,683
19,5,272807,66196,93575,487
19,13,463679,406673,458132,550
19,2,350459,285280,50762,857
19,2,336899,204205,287173,753
19,11,320039,7170,63573,603
19,5,386927,355552,153079,1058
19,2,508499,448478,62267,780
19,7,370199,228850,240302,552
19,5,433703,218041,274677,607
19,5,271703,4189,245337,677
19,5,328103,89087,199939,861
19,5,402023,15330,227081,792
19,2,475403,148555,71931,767
19,2,351707,69327,84023,716
19,5,361463,234704,346521,584
19,5,482687,454697,301813,768
19,2,329243,43034,275884,476
19,7,432359,84978,311745,652
19,2,290219,1213,47758,531
19,2,495563,450191,402925,734
19,2,474347,44308,27773,650
19,2,273083,267241,130756,474
19,2,289139,47196,273926,444
19,2,393083,228023,335641,719
19,5,366383,52865,125045,549
19,2,333227,119673,157358,517
19,11,366239,284342,113899,538
19,5,311447,286348,176093,472
19,2,416147,260167,197444,635
19,5,307823,28531,78050,468
19,5,483767,362187,369516,556
19,2,422627,366345,54507,1154
19,2,302507,42756,189730,447
19,19,273719,210679,144686,463
19,2,403163,123107,123523,1039
19,5,320687,123577,123309,584
19,5,312023,111349,311807,497
19,2,316403,116181,169493,852
19,5,501287,360313,442791,655
19,5,379703,5485,300995,505
19,11,467879,467699,143989,734
19,5,383807,236286,115855,784
19,5,350423,95984,204256,781
19,5,325943,20895,63461,453
19,2,389219,333709,104005,803
19,5,351047,326913,31409,671
19,2,354539,132855,205286,664
19,2,469979,33539,412051,568
19,2,520379,445478,402266,868
19,2,414539,145606,202730,918
19,13,505559,503203,127365,645
19,2,348827,77507,168448,511
19,11,490559,120326,415876,635
19,5,315047,126629,229029,563
19,2,503123,22102,26900,522
19,2,330587,212670,194917,669
19,2,420803,120436,279431,566
19,2,298427,105750,98624,471
19,2,405323,10274,237345,661
19,2,284387,74716,246171,689
19,2,484259,320736,31397,575
19,5,288767,42579,162585,464
19,5,383807,145570,264577,593
19,5,330623,7914,324817,436
19,5,511487,59870,72835,638
19,2,475403,323964,367488,552
19,2,410507,338940,16282,554
19,2,314219,192084,205231,527
19,5,301487,147291,182163,514
19,2,489179,412064,9180,727
19,11,264599,243849,99831,494
19,2,342467,215047,303606,518
19,5,294023,96231,202510,546
19,5,276623,88113,269464,492
19,2,479267,255142,401648,935
19,2,367427,106761,338274,1015
19,13,433439,288706,259954,626
19,5,279143,224913,180573,631
19,2,496283,242714,370008,855
19,2,270899,224544,198257,878
19,13,439199,389784,115475,1178
19,2,288683,50972,258369,512
19,2,387683,148691,372617,568
19,5,436343,234267,268718,818
20,2,551843,290559,348898,597
20,5,666983,38064,290855,2234
20,7,678479,312454,408352,799
20,2,806363,635474,75481,797
20,2,540539,469190,379796,602
20,2,618347,299733,386217,919
20,2,737747,574319,171297,700
20,5,762647,58642,169278,696
20,2,717659,20335,392402,708
20,13,848399,782005,598601,944
20,2,891659,463516,347915,703
20,5,793967,132746,353364,666
20,5,582887,17782,430576,548
20,5,900143,204586,551535,834
20,5,571223,563590,476089,653
20,2,532187,126081,174935,568
20,2,664403,140074,532101,668
20,5,793967,232405,225389,660
20,11,984119,491349,77444,843
20,2,525299,218068,319397,602
20,2,634979,133981,541013,617
20,2,993827,60796,485985,733
20,2,781307,531942,396627,661
20,5,781007,276340,326969,750
20,2,1032107,953532,176248,869
20,2,622067,296928,212713,903
20,2,685859,266155,308162,1162
20,5,538127,521141,108968,625
20,2,1009643,487360,460121,1040
20,5,850727,11115,260574,740
20,2,696107,185867,495029,1168
20,2,821603,452099,119159,815
20,2,908819,610055,537902,1221
20,13,934799,658922,776767,1266
20,2,796259,183666,158411,1369
20,2,813299,581577,335895,838
20,2,702803,180534,602981,1132
20,5,753023,557369,740150,837
20,2,880667,224826,9393,805
20,2,751139,429976,318961,673
20,5,609887,150886,47374,715
20,2,787043,555414,468293,777
20,2,633923,201247,131351,751
20,5,775007,194126,383010,1278
20,2,991499,544002,598270,968
20,2,748379,1743,461098,1099
20,2,582227,112996,26096,802
20,17,817319,559484,777232,993
20,5,817823,333886,515973,1767
20,2,938387,231717,647687,1172
20,5,705863,38139,368722,1100
20,2,837203,308107,300712,1298
20,5,779327,615612,472638,1166
20,2,932819,473706,49524,1185
20,13,968519,776330,300743,1344
20,2,562307,125946,303856,616
20,2,599939,199423,337040,792
20,2,527819,104356,19687,1094
20,5,1029647,443808,525675,1123
20,5,595247,223282,294770,692
20,2,851723,818746,598086,815
20,5,589847,84521,432474,633
20,2,955883,771000,533449,802
20,2,947963,920207,795452,1390
20,2,864299,543381,589985,950
20,2,943499,350744,787281,847
20,2,816779,561314,162591,688
20,11,885839,205471,476427,738
20,2,695603,39957,450246,1719
20,5,601487,417457,301580,682
20,5,893903,415161,881187,802
20,2,609107,412716,367716,652
20,2,747323,194097,76178,806
20,2,728867,638664,656073,1922
20,5,659327,605373,607643,686
20,2,803987,151625,132615,751
20,2,716459,716006,561005,1262
20,2,1031483,61527,899769,1308
20,5,640127,179584,398129,707
20,2,844619,197431,632316,864
20,2,902963,694248,788257,1461
20,2,951059,806824,18012,868
20,2,658403,127154,462322,1048
20,2,748379,150818,205655,1336
20,17,821519,353096,186265,1253
20,2,788819,316384,301616,1349
20,5,886463,13286,20189,1317
20,5,530183,102980,192508,1068
20,5,631487,298986,211308,1461
20,2,593507,491573,505233,1168
20,2,588683,277044,19294,812
20,23,550679,129290,471958,1087
20,5,526367,509465,489095,1013
20,5,681167,161938,244114,1513
20,2,1034123,513594,154860,836
20,5,1023263,492692,971575,800
20,5,918767,60933,268094,1133
20,2,543707,468313,256520,1174
20,11,1033679,287710,429751,834
20,7,744599,104833,116458,1260
20,2,748379,680108,360726,1409
20,5,754343,437270,716189,2031
20,2,728627,492769,94876,1186
20,11,676679,274085,603981,1061
20,19,954719,494245,756766,1447
20,5,934343,226384,185336,795
20,13,666599,395107,582004,858
20,5,925823,503391,145000,994
20,2,712883,399847,349501,619
20,5,765767,566134,223074,844
20,5,708287,637753,698963,691
20,5,888263,509356,44565,777
20,5,781007,237138,741784,668
20,2,999563,904852,588971,801
20,5,973367,98100,120785,752
20,5,1026407,496440,29528,1016
20,11,714719,468338,354892,659
20,5,948287,405035,171114,871
20,2,564779,44096,97765,529
20,2,674699,127605,563516,589
20,2,868019,686702,429958,864
20,5,570047,206255,167657,566
20,5,693527,532610,527681,703
20,2,534827,211821,107190,582
20,2,684683,243997,52239,723
20,2,830267,442231,218392,753
20,5,681167,45038,127227,590
20,2,563219,195160,309494,725
20,5,724007,331059,390866,859
20,5,596423,365519,248708,621
20,2,797627,157397,168141,856
20,2,849203,311465,614319,743
20,5,535103,53145,122087,591
20,2,718139,294264,94876,908
20,5,730823,549009,300961,674
20,2,526739,139483,497781,554
20,5,666983,159754,563311,655
20,2,932819,636282,438600,902
20,2,787187,46147,246631,591
20,2,977819,536710,411095,754
20,7,612719,333377,57930,540
20,7,890999,212624,29703,849
20,5,854303,501335,268567,648
20,2,1001459,48779,43344,656
20,5,724583,584872,53136,596
20,5,642623,20493,430083,512
20,2,875363,91888,276055,670
20,11,971039,297821,218389,832
20,7,901679,468779,713380,717
20,5,997103,589633,119258,735
20,2,554843,174875,549958,825
20,2,542027,438435,50360,639
20,2,863867,199083,125319,777
20,5,867143,792387,265879,833
20,2,910787,368935,98689,856
20,2,724187,89371,199879,578
20,2,918587,495969,773428,686
20,2,551339,137145,195091,610
20,5,827903,58584,668074,751
20,5,584447,41367,76132,621
20,11,971039,2206,170778,827
20,5,753647,702386,680139,642
20,2,554843,197948,104649,972
20,13,1012919,880049,592649,761
20,2,1047587,923557,723580,859
20,2,1039979,113054,563958,758
20,2,560459,152710,149393,1110
20,2,764459,428824,439171,1684
20,5,1044167,963936,178149,1806
20,2,986963,623979,456390,1067
20,11,671159,626212,442493,1240
20,5,537287,415032,381597,1000
20,5,561767,79341,172859,899
20,2,1022123,421613,348153,1112
20,5,578687,504132,45731,846
20,2,831323,200102,5177,762
20,11,631559,201992,530696,828
20,7,941999,813118,211332,836
20,2,636563,80189,221544,690
20,2,979883,699321,949415,878
20,2,723803,619009,544713,1065
20,2,552899,137467,455124,593
20,5,637727,527972,317843,938
20,2,864803,192826,500439,718
20,2,639083,420919,508787,571
20,2,645803,518532,355507,608
20,5,940607,493312,554879,1154
20,5,981287,673370,7134,700
20,2,621443,548230,472422,770
20,13,532199,482615,351777,648
20,2,914027,236589,549402,937
20,5,859823,376200,191168,838
20,2,605603,490315,161847,607
20,2,623963,184441,313916,600
20,13,685319,204223,281454,717
20,5,587303,339032,252274,575
20,2,812699,639981,404758,833
20,5,919223,134295,155293,774
20,2,997307,259403,72389,1003
20,2,532739,428473,526972,818
20,5,801407,290643,196782,801
20,2,783779,36443,697122,766
20,5,769247,599116,1023,866
20,2,993683,54425,765019,735
20,2,681419,346373,173531,637
20,2,728579,504943,176722,652
20,7,718559,686727,478313,738
20,5,555767,277188,33247,1211
20,17,960119,569009,694830,1332
20,2,770027,74270,336622,1213
20,5,622367,137625,606815,758
20,11,952439,859303,142066,1092
20,11,841559,61623,670780,1181
20,5,804767,757428,698767,1507
20,5,592727,208535,116152,964
20,2,893939,705287,516388,1064
20,5,814943,442997,191255,1043
20,13,1020599,482352,786966,1607
20,7,670919,481907,485503,1191
20,5,971207,824296,706689,1042
20,2,1001723,150935,386774,1332
20,5,853103,604538,714863,945
20,5,693503,27166,653259,726
20,5,611543,382686,529825,1099
20,5,771623,602650,275276,991
20,7,858239,537037,836618,867
20,2,991547,577604,938094,1211
20,2,790403,717956,515067,748
20,5,738383,168970,58214,678
20,2,695867,341248,553462,778
20,2,892667,826128,444250,975
20,17,960119,326838,516608,946
20,2,820187,211076,310166,1082
20,5,626663,345561,75085,566
20,7,595319,360990,175882,1161
20,7,825479,435637,21984,863
20,2,901787,810095,771983,846
20,2,666467,335673,261317,650
20,2,996803,816770,124750,977
20,5,625943,232854,393063,594
20,5,549623,477962,267610,1041
20,2,878987,751518,774005,767
20,13,792959,6420,671596,642
20,7,638999,454352,74868,705
20,13,879119,280275,188740,784
20,5,682247,462965,577747,651
20,2,549323,37158,453509,580
20,2,953507,150377,311662,803
20,5,697127,341769,612421,695
20,2,568979,63397,56336,564
20,5,795503,321671,619673,791
20,5,902687,232447,551716,984
20,5,567143,153141,261737,617
20,2,1034339,476245,32580,828
20,5,874487,694994,529613,737
20,2,837203,62479,337322,658
20,2,590627,216988,409700,761
20,2,587267,45070,445776,627
20,5,766583,723621,176862,748
20,5,599783,476598,394615,579
20,2,736259,601295,209494,907
20,2,720179,44247,260451,813
20,2,972683,523241,85191,740
20,2,764003,485182,119014,762
20,5,834623,14300,829143,730
20,5,971207,350756,935399,820
20,2,845723,725662,171175,753
20,2,969467,148234,266445,884
20,7,612719,72745,428774,611
20,5,711143,598695,616920,779
20,2,906539,783082,697430,761
20,2,691907,572418,650006,800
20,7,680159,526326,507660,1126
20,2,713939,393293,11214,1089
20,17,839999,705094,149838,1071
20,5,853103,781846,824407,1242
20,2,744707,38172,705131,1001
20,2,757067,746835,181101,751
20,13,666599,645531,630315,738
20,2,657659,198603,577335,627
20,2,982403,881536,760607,1185
20,7,725519,475266,271873,1147
20,5,703127,346509,581231,1644
20,5,699863,595794,517168,1340
20,5,1018247,184419,117361,1452
20,13,1043759,997253,886662,1757
20,2,936779,412769,74454,1289
20,7,911159,357888,319533,1496
20,5,539447,303111,330445,1036
20,23,742199,225212,606960,740
20,2,667883,180980,103470,817
20,13,618119,219119,334469,772
20,2,582083,487546,424325,699
20,5,943343,255376,302341,931
20,5,777383,149101,211873,734
20,5,634247,465361,475456,678
20,2,723587,147296,409686,1356
20,2,528107,519785,93934,637
20,5,705863,555910,583277,695
20,11,654839,100343,103063,642
20,2,532523,524938,480169,613
20,2,704819,308852,609067,701
20,13,683759,39353,122886,813
20,2,560459,234078,328604,664
20,2,842483,370598,156036,921
20,2,671219,582559,356022,833
20,2,1006739,744393,664497,993
20,5,932567,240414,460657,737
20,5,666983,560923,567401,627
20,2,877907,460507,380670,827
20,5,919223,762853,916811,976
20,2,752747,552765,150139,727
20,2,840083,370392,351564,806
20,23,742199,505496,10145,784
20,5,630167,280139,341381,916
20,5,567263,365179,294576,539
20,5,1029647,979761,608664,1281
20,7,838919,11350,2668,669
20,2,665747,275878,201984,624
20,2,728627,172695,74492,670
20,2,844619,586323,56727,740
20,2,761459,295826,146022,791
20,2,795659,105708,434102,1443
20,2,742499,693836,555029,821
20,5,628487,549941,408899,594
20,5,798143,49728,173045,724
20,13,1045679,569381,632083,740
20,5,831647,121034,150726,880
20,2,607163,165485,40617,907
20,7,978359,788956,840404,852
20,5,567143,523638,268790,642
20,2,832883,96048,371249,756
20,5,798143,443765,375902,743
20,2,747107,311456,182562,770
20,5,921143,762893,68941,1248
20,2,803819,159949,559162,985
20,2,732323,489589,31582,723
20,5,635567,171455,76234,949
20,2,919859,543746,389923,916
20,5,1006463,838253,456591,1162
20,5,633383,407324,384159,783
20,5,863783,275068,480938,1108
20,2,549323,308897,18164,920
20,17,959279,940038,265590,1078
20,2,699059,504570,350375,1191
20,2,562307,421314,270795,741
20,5,868487,865610,847744,1595
20,2,904067,382168,552710,812
20,5,832583,55955,124123,804
20,5,863783,827388,619810,1372
20,5,885383,637692,622730,755
20,5,1023047,400125,267697,815
20,13,787079,485452,159420,1702
20,5,899903,416788,784676,865
20,5,791783,151672,449041,689
20,5,693503,69300,667772,608
20,2,902963,20438,666796,1516
20,2,604547,347628,315657,609
20,2,936779,303236,81339,1446
20,5,615047,444783,185664,697
20,5,909863,332639,26532,1043
20,2,904067,492457,756702,766
20,5,800783,789887,281838,753
20,5,535607,426832,272130,553
20,7,811199,54,764843,206
20,5,704087,536502,473324,784
20,5,579287,442107,485010,621
20,2,871763,846449,485316,754
20,2,742283,48710,314035,609
20,2,773987,490392,400718,669
20,5,650543,538585,211647,594
20,11,885239,268047,784533,777
20,7,648239,376701,455520,600
20,11,1026479,957980,717934,954
20,5,847607,437826,73667,761
20,5,995327,506356,50876,637
20,2,1034147,502321,850020,774
20,5,1009343,246318,357438,743
20,2,574667,224736,172668,586
20,7,806159,441816,534881,640
20,7,679319,162420,194907,594
20,5,567263,398130,531073,485
20,2,592547,513184,433122,620
20,2,714563,84090,169026,642
20,2,799523,682084,423634,720
20,2,891179,729975,369216,673
20,5,868727,731744,496588,663
20,2,605147,52117,404192,520
20,5,654623,292542,160460,608
20,5,1003463,144525,823326,623
20,5,899903,393792,644852,1080
20,2,722027,598520,373316,852
20,13,535919,174608,478248,968
20,5,539303,460169,435949,904
20,5,650543,120932,233731,702
20,5,551927,104735,485447,517
20,2,685859,408325,652760,550
20,11,818999,82846,717080,910
20,2,735443,255183,497331,677
20,2,756179,427102,683689,800
20,5,786167,489376,183826,1007
20,11,654839,536008,630205,821
20,5,838463,208380,311182,1460
20,11,959759,844768,563524,1925
20,2,972683,411339,50400,1502
20,2,972683,347889,471724,1476
20,5,611207,340670,397665,748
20,5,964967,163265,205667,741
20,5,795527,350788,314704,1351
20,2,979883,934518,246382,815
20,5,927287,322465,848338,926
20,2,770579,217010,698088,1193
20,2,947963,681549,432457,778
20,2,862307,560904,488096,779
20,2,622019,576991,356472,1148
20,5,935063,483640,556346,1455
20,2,877739,472907,148470,1214
20,5,919223,231848,868865,1381
20,2,867563,462108,115388,1559
20,5,991223,750468,471530,1292
20,5,530807,108326,227765,965
20,2,979883,307255,20260,1730
20,5,819647,110356,28426,844
20,2,689603,636901,606843,1221
20,5,867143,637482,480637,1483
20,5,765767,418105,234632,1152
20,2,898763,473188,284077,806
20,2,844619,490359,551372,685
20,2,856547,109961,337112,751
20,5,666647,131959,587706,597
20,2,897467,430852,334761,723
20,2,973283,784474,589160,819
20,2,649619,544206,61352,608
20,5,536687,150811,95476,1016
20,5,651503,77356,102469,29108
20,5,612383,565998,474060,715
20,2,890003,492537,331932,738
20,2,942779,746378,672548,725
20,5,539783,221243,417409,566
20,2,866843,33422,108449,1087
20,13,820679,282500,448186,737
20,5,590543,316979,178791,570
20,5,635567,238073,591511,1538
20,2,603899,199901,503512,869
20,2,728747,105345,608037,1034
20,2,624539,540552,315919,1285
20,2,782267,155942,186871,1427
20,5,774143,503593,128816,1166
20,2,979379,569941,171132,990
20,5,982847,449963,813130,953
20,5,738383,264795,93715,689
20,5,711143,151160,548729,680
20,5,754463,614400,450259,611
20,5,530183,383072,190958,988
20,2,649787,337951,409766,629
20,5,582887,416187,60235,520
20,2,839603,606611,502843,1274
20,2,799979,426773,563908,624
20,2,689603,564462,85771,743
20,17,817319,526397,640386,578
20,5,827423,687371,657152,1318
20,5,1006463,743883,732471,721
20,2,697259,690418,260594,839
20,5,669287,406232,176612,577
20,17,786959,622653,202080,2082
20,2,941027,907837,698313,807
20,2,653363,466063,26849,556
20,2,1009643,82542,344872,653
20,5,715223,581229,285336,1538
20,2,748883,246832,730890,648
20,5,921287,495580,621696,1399
20,5,800783,490799,320639,698
20,2,645803,36268,244092,544
20,2,764003,262020,534767,1821
20,2,630899,167432,615875,586
20,2,604547,587494,387076,528
20,7,821039,36714,764174,962
20,2,632147,24081,289163,552
20,5,708047,532634,426569,690
20,5,876263,184193,202505,782
20,5,592367,132171,434521,563
20,2,543707,213513,29370,1255
20,2,845723,302628,206437,809
20,5,1034183,219830,543523,705
20,2,898763,180842,417452,605
20,5,558287,135337,1163,648
20,2,940403,618942,860579,670
20,2,810059,450211,184043,579
20,2,964883,730143,504485,684
20,5,890063,308830,418953,659
20,7,533999,493302,379707,501
20,2,674603,353094,239876,828
20,2,902963,634065,226097,885
20,2,744707,331360,80087,657
20,5,982967,129958,240017,1260
20,2,923387,865116,308925,928
20,2,917843,398189,764988,884
20,5,666983,434494,285748,920
20,5,676463,674765,463578,1095
20,2,562763,514738,365993,603
20,2,904067,390571,845789,971
20,13,713159,27971,581476,1079
20,2,804107,124626,537103,804
20,2,973283,414706,873049,982
20,2,954923,843029,399721,1062
20,5,753647,670173,327523,709
20,2,992963,742776,370067,740
20,5,593183,31270,544497,790
20,2,911363,878531,76142,829
20,2,830939,553283,129379,633
20,5,526223,183588,322210,699
20,2,564779,326316,26639,961
20,5,680567,64412,35601,632
20,5,621143,453958,85042,1082
20,2,657659,559460,101587,622
20,2,575699,364180,215753,567
20,5,605687,444924,203134,1485
20,5,796847,354997,335320,708
20,2,554747,242268,255992,590
20,2,987587,874551,508228,764
20,2,618347,423394,308796,1052
20,2,542027,96345,54655,595
20,7,901679,618222,398523,742
20,5,891743,643054,54997,692
20,7,680159,265675,678198,678
20,13,809399,68473,477321,668
20,5,758687,716048,6575,623
20,11,599399,149799,500422,522
20,13,979919,501018,319364,823
20,5,567527,92479,117202,571
20,2,920147,705277,551762,803
20,5,917783,48478,50724,673
20,17,786959,568534,186102,1323
20,7,682679,343667,595198,1034
20,2,588683,99910,117643,657
20,2,902963,129414,470690,749
20,2,908459,5446,160001,641
20,5,659423,459086,275586,1037
20,5,777863,450462,168828,652
20,5,864047,202224,75126,781
20,2,795083,737147,301659,834
20,2,723803,11139,351227,565
20,5,551063,90821,511499,831
20,2,743027,16578,58410,585
20,5,1009343,389595,1003358,666
20,2,899387,740478,255454,630
20,2,614963,452935,28775,706
20,2,669947,181625,203015,571
20,5,633383,548465,20132,573
20,2,680123,319772,376828,876
20,5,615047,314947,405033,449
20,13,535919,311332,142995,422
20,5,932663,163183,435203,1166
20,5,779327,45215,231430,546
20,2,632267,291668,39668,617
20,17,888359,233045,748500,919
20,5,718007,108414,253538,935
20,5,706943,192461,45799,1024
20,2,703499,403278,44401,560
20,2,803963,75281,622070,625
20,2,614963,58938,231445,843
20,2,965267,87711,458255,628
20,17,703559,142405,259025,548
20,5,920807,419280,917474,813
20,5,995663,153725,282861,734
20,2,928619,887989,693831,745
20,5,931487,47110,816798,697
20,2,864803,6944,43489,710
20,5,528167,72981,204767,547
20,2,934523,548933,553615,727
20,5,898607,893881,80278,1434
20,13,792959,60121,262149,715
20,2,757019,59020,524484,796
20,2,608339,495487,201691,724
20,5,775367,319736,582655,665
20,5,584447,425896,424806,501
20,2,583019,370621,288585,494
20,2,623963,492160,600309,669
20,2,546467,62120,460025,527
20,2,918683,755516,193664,833
20,5,857687,694568,336104,762
20,5,648863,214902,447448,564
20,5,555383,202397,477906,691
20,17,1008719,526790,71487,1476
20,2,831443,526753,644200,667
20,5,633407,184066,325046,813
20,7,968879,269914,733086,1434
20,5,909863,56891,329515,679
20,5,632447,603563,411147,635
20,2,794363,283570,21114,1157
20,5,829223,283693,282495,703
20,13,891239,781635,570880,732
20,11,654839,70740,19466,1366
20,2,938507,68215,231492,1281
20,2,798443,608495,19703,1320
20,5,807407,458299,775529,948
20,13,846359,428249,197983,1368
20,5,659327,411050,261254,637
20,2,944579,559464,98401,858
20,5,635423,335789,247833,1079
20,5,718463,112288,67959,655
20,5,634727,590236,562708,660
20,2,671219,316902,131050,728
20,5,1019927,156529,262010,1430
20,2,724187,632385,645924,712
20,5,678647,351378,440214,858
20,11,885839,93322,753458,1155
20,2,837923,390136,754841,770
20,5,640943,516500,152449,579
20,2,638123,394854,497508,555
20,2,558539,371313,209439,739
20,2,915659,320336,323841,795
20,2,864803,249412,858677,747
20,5,634703,253421,216563,577
20,5,1048343,354915,260318,823
20,5,762647,142015,565230,615
20,2,582227,208995,555581,575
20,2,908723,533226,478180,802
20,5,703943,650273,549306,580
20,2,583403,270846,258319,675
20,2,695243,468089,113074,692
20,2,850979,228216,347,687
20,5,633383,412999,432704,667
20,2,553667,107017,331096,568
20,2,866843,566850,326256,717
20,5,721223,394497,264223,982
20,2,636563,464509,71476,543
20,5,681167,586061,604842,756
20,2,878987,359939,607005,746
20,2,638123,384720,445256,699
20,2,844619,496608,711693,876
20,2,892523,131595,8578,673
20,2,1031483,204505,388237,731
20,5,844127,526353,23972,654
20,5,813623,527344,279648,628
20,2,587267,243255,393348,556
20,5,946823,772131,24479,777
20,2,959723,857218,223283,724
20,5,829847,662473,319248,684
20,17,817319,358426,45350,992
20,2,553667,526178,306400,658
20,5,549623,78615,402553,635
20,2,666683,42608,301065,655
20,2,691763,460437,435495,557
20,5,837503,656111,681954,738
20,7,985679,145718,244815,746
20,5,923687,456226,791006,731
20,7,762479,742485,564652,741
20,5,587087,47603,33063,486
20,11,691199,6021,213794,615
20,2,590867,28669,490562,517
20,2,740483,50136,640013,645
20,2,824147,614676,285835,617
20,2,892667,300625,706826,663
20,2,702683,643980,332858,581
20,11,952439,155008,903694,637
20,5,926903,365837,364904,652
20,7,661679,311646,376549,605
20,37,618719,394326,527708,507
20,2,725603,170465,477895,604
20,5,793967,571565,346153,550
20,2,1006739,414828,829738,834
20,5,632447,297516,503444,580
20,2,861299,555574,94947,697
20,5,557303,93441,252665,540
20,2,564923,387027,241191,519
20,2,769547,697470,732503,698
20,2,613499,332084,130531,483
20,7,725519,153716,675094,640
20,11,885839,384906,630608,734
20,5,555383,240475,446157,839
20,2,770387,10300,318056,661
20,2,929483,522096,429811,706
20,2,886979,430176,354888,798
20,2,636563,245629,547291,581
20,5,545543,38606,544936,627
20,2,565427,85540,64689,521
20,2,599939,180493,411024,671
20,2,803819,339579,614430,653
20,2,842267,162722,526282,680
20,11,1033679,160858,194209,654
20,11,557759,549993,98749,711
20,7,542999,383918,296160,530
20,2,819419,458880,791247,675
20,5,838367,289903,121438,878
20,2,873707,116683,649231,811
20,13,976799,62922,942442,681
20,5,829223,419191,800996,745
20,7,1009199,168659,515750,682
20,2,993827,206330,190544,896
20,11,1015199,691716,234880,722
20,2,959627,350613,56765,950
20,2,912467,415183,801173,755
20,2,906107,117257,438282,688
20,7,762479,585697,277053,591
20,2,1025483,225579,93135,926
20,2,880883,778116,314912,864
20,2,651803,56549,36932,998
20,2,892523,12385,535725,1367
20,2,944387,755455,94533,921
20,7,1007759,411892,236343,1526
20,2,1032467,60903,495094,1153
20,2,702827,216044,435424,588
20,2,579779,114518,191277,650
20,2,1028099,71607,2233,656
20,5,640943,530805,46307,679
20,7,968879,798926,298626,764
20,2,721979,89142,369935,599
20,2,695243,370078,286866,610
20,5,917327,306987,692048,725
20,2,817379,183581,578698,678
20,2,847499,523035,760200,665
20,2,1006883,457981,75116,722
20,2,547643,358104,544073,446
20,2,632147,618312,282483,545
20,7,825479,485673,730605,648
20,2,667883,461069,68383,655
20,2,630899,115131,403010,518
20,2,590627,327604,405702,571
20,5,730943,169097,110301,535
20,2,782147,270955,399310,674
20,17,880799,486424,254910,682
20,11,631559,406648,150009,481
20,7,1013399,596471,752541,896
20,2,1019819,271681,895690,688
20,2,816779,228435,631540,568
20,2,541523,345065,500056,806
20,2,765539,335759,31720,723
20,5,711287,180683,365205,617
20,5,533327,132171,458246,473
20,5,640127,75003,208603,581
20,2,803987,368928,31305,597
20,2,557483,395713,297914,990
20,2,548243,120274,247317,539
20,5,850943,307834,176655,774
20,11,723959,116486,362391,570
20,2,862307,618068,647181,728
20,2,902963,426776,154161,683
20,2,635387,392028,465734,1062
20,2,918587,352773,726745,854
20,2,1045043,1038773,191135,802
20,5,921743,761964,871016,859
20,2,701963,546779,37797,602
20,2,645803,287592,548442,1074
20,2,695243,523646,39491,803
20,2,984059,81171,329563,611
20,5,867887,236218,204586,642
20,2,804107,108235,164819,655
20,5,834623,671010,737516,725
20,5,592367,409150,330831,678
20,11,910199,251546,216784,656
20,2,810443,147577,607223,780
20,2,708923,27300,324681,691
20,2,864323,106877,298294,704
20,2,877739,311300,317790,683
20,7,1031279,920685,108351,829
20,5,792647,506702,129320,595
20,2,751139,241951,374192,566
20,2,776219,413669,615424,529
20,5,598727,490400,386214,487
20,2,831443,560165,709401,621
20,2,746363,504935,730684,505
20,2,729203,174721,170261,593
20,2,730139,283146,660114,540
20,13,848399,225427,582020,686
20,5,600983,140941,567339,451
20,2,578483,341468,411123,458
20,2,691763,605994,496567,643
20,2,1015907,33679,443258,681
20,5,557087,55691,458078,493
20,2,982403,181165,107270,719
20,7,855719,336709,325837,771
20,5,926567,23676,539874,542
20,2,804107,545382,550235,551
20,2,645179,107072,340256,500
20,2,864803,551328,539042,590
20,2,871763,689514,613877,598
20,13,540119,139201,192851,655
20,2,962747,186717,278960,610
20,2,714947,27178,615362,509
20,2,593603,13998,355165,466
20,7,588359,44965,509014,550
20,2,748019,379246,44521,499
20,2,929483,103599,558813,752
20,2,564827,535661,480005,486
20,2,543659,420386,495061,494
20,5,532823,266767,99298,405
20,11,1026479,894066,520437,726
20,2,751139,274051,294704,567
20,2,894203,348012,773170,833
20,5,535607,292119,75426,1047
20,13,848399,226386,803429,1734
20,7,653879,255738,458951,771
20,2,881099,641939,514394,1518
20,2,1007939,880295,487862,1600
20,2,547643,423372,237839,1030
20,5,827903,323278,315812,1306
20,2,757067,485108,645673,1098
20,2,579779,462152,367600,1005
20,2,769547,486708,326913,1206
20,2,739163,455642,165877,603
20,23,821999,519791,795470,665
20,2,885947,221301,65545,1945
20,5,584447,41593,274897,600
20,2,936227,372,798532,405
20,7,911159,68594,132090,684
20,5,688223,393266,530737,698
20,2,691907,487566,607576,568
20,2,796067,548693,676159,654
20,7,929639,208417,595015,1182
20,13,867719,639343,278312,1317
20,5,981263,40515,830321,741
20,2,1037627,533229,840400,1391
20,13,619079,370546,7184,966
20,2,1006883,544418,64542,1089
20,2,1033427,374108,67691,1243
20,2,582203,138844,77396,544
20,5,809063,197638,439578,622
20,7,959879,573309,187427,819
20,2,749339,324380,9222,1274
20,2,1039427,450027,176329,799
20,7,929399,783140,350707,1140
20,2,804179,19754,179780,663
20,7,1036319,455066,212632,837
20,2,864803,707683,459175,1320
20,2,646403,482105,540259,634
20,2,618347,522420,451398,597
20,2,750203,463680,724942,611
20,5,535607,250271,220871,710
20,2,713243,248370,14958,800
20,5,545543,4639,350311,815
20,2,752747,89920,205496,807
20,2,840683,710670,401871,798
20,13,536399,378938,171992,647
20,7,873959,810363,567614,940
20,2,742307,482035,594619,649
20,13,671039,343472,77870,606
20,2,864299,470491,701034,715
20,2,564923,177311,192970,615
20,7,780719,65236,201916,645
20,2,735443,529881,334896,780
20,2,1001459,226998,297464,757
20,2,579179,486378,10273,715
20,2,821027,681827,490890,814
20,5,606863,292337,198359,662
20,7,659999,348364,49760,566
20,2,1039763,109226,1030536,783
20,7,579119,342511,5611,642
20,5,697127,338596,244744,706
20,2,722819,693301,430153,766
20,5,607967,110397,197792,534
20,5,850943,575481,291652,796
20,5,887543,538510,689378,697
20,2,928427,205971,365883,751
20,5,880367,805266,467505,1246
20,2,890003,767348,256242,763
20,5,755663,737931,729689,677
20,5,620183,6945,378237,706
20,7,648239,21427,472028,602
20,5,587303,7012,361901,500
20,5,556103,110837,413909,538
20,5,1029647,636356,372430,727
20,2,612947,394579,455236,554
20,5,823127,677319,501160,819
20,17,600239,264227,448956,629
20,2,588683,201357,328125,593
20,7,866639,176262,59344,826
20,5,1030703,190218,469766,879
20,5,527447,170074,413442,576
20,5,696887,65962,587974,756
20,2,1001459,356060,621655,711
20,5,616103,322248,119589,524
20,2,944387,202118,247134,714
20,7,1031279,696948,49488,857
20,2,980963,900406,626212,691
20,2,804179,328610,288268,785
20,2,732323,470309,709267,718
20,2,637283,362640,406004,585
20,2,956843,784524,201204,799
20,5,573527,289061,123547,536
20,2,757067,14678,198872,631
20,5,742607,691991,712561,620
20,2,535499,228021,20565,557
20,2,823283,505210,476766,670
20,2,781163,711452,559120,817
20,2,722963,619050,610495,834
20,2,695243,465681,609838,606
20,2,748019,84254,261173,605
20,2,770027,287545,686887,695
20,2,995747,394289,533695,779
20,5,672983,561481,406291,571
20,2,972683,743085,453778,709
20,2,961139,903481,592049,684
20,2,661139,415399,234349,550
20,2,959627,545795,188955,715
20,7,1031279,644387,102097,683
20,2,573107,55968,502106,605
20,2,649787,595322,29448,603
20,2,1029467,576345,377329,1452
20,5,957263,917638,262683,829
20,11,548519,190651,535523,814
20,5,791783,311588,241070,1195
20,2,1005107,433972,206277,1256
20,11,910199,820481,48056,1427
20,2,958163,802536,192495,1371
20,5,1039943,858019,69545,1549
20,11,956399,709266,663527,813
20,11,599399,190294,578442,791
20,5,891767,246338,21734,679
20,2,700907,73358,365896,507
20,2,819419,796662,788599,833
20,5,1036943,31506,286505,621
20,13,616439,297588,424505,828
20,5,725447,597502,391586,628
20,5,831287,25412,603115,764
20,11,1017119,652544,650704,930
20,5,709823,624188,260172,661
20,2,845723,35698,143430,791
20,5,628127,45207,542560,546
20,5,667127,250971,94602,728
20,2,854363,592172,535633,1064
20,2,781163,741366,35251,952
20,13,666599,252658,406925,861
20,5,932663,602672,571537,1065
20,2,803987,310784,717283,608
20,2,1009643,20437,799426,842
20,2,765203,44906,323919,578
20,2,929507,412673,189561,908
20,5,827903,557489,456236,982
20,5,765767,19624,475652,485
20,5,724583,95782,589752,573
20,2,837107,540904,284539,607
20,11,965639,349114,149632,661
20,2,991427,125677,381049,617
20,2,924299,678832,683465,617
20,5,569663,416415,526405,530
20,5,697127,107156,243002,648
20,2,908459,517914,380262,575
20,5,647303,533512,462530,561
20,5,625943,330143,360509,484
20,2,845723,188336,362270,732
20,5,817127,570735,144549,551
20,5,630167,89108,505801,558
20,2,538283,257344,312077,566
20,2,795083,656169,731646,778
20,5,934343,264284,899367,638
20,2,743123,278047,584102,569
20,2,787427,81718,221858,571
20,5,629807,67320,179553,526
20,2,666683,545734,454355,611
20,2,608339,586724,534487,667
20,5,687647,608877,254131,607
20,5,624047,413167,558863,516
20,11,676679,447247,558787,1011
20,2,568979,80736,345464,631
20,5,805703,703677,149201,1061
20,2,754043,662412,435353,1308
20,2,785483,520966,599922,738
20,13,917759,2541,26770,687
20,13,683759,81988,639071,540
20,17,817319,268962,393303,1123
20,2,829547,790272,667133,724
20,5,829463,698771,529327,719
20,7,1035479,332032,928594,926
20,2,745307,505979,409610,635
20,5,631487,149376,260662,564
20,5,888263,715446,447607,749
20,2,725939,508480,488535,637
20,2,640019,358511,192693,597
20,2,587459,576234,164293,674
20,5,1017623,653329,123404,675
20,7,871679,777083,813986,675
20,7,586679,570403,374819,768
20,5,536687,69066,213976,470
20,2,914027,15921,624778,617
20,2,609107,388629,331630,504
20,7,664799,391153,452402,498
20,11,540599,385418,418609,482
20,2,990323,158223,283449,698
20,2,898523,598663,551605,604
20,5,778223,23469,384928,551
20,2,674099,347830,225257,564
20,2,999563,687118,40727,666
20,2,733427,470221,128734,522
20,2,882083,756955,794110,776
20,5,547007,30244,189259,528
20,2,768059,651771,195951,760
20,5,666983,324680,27463,593
20,5,890927,98438,477510,658
20,5,669287,588872,499598,588
20,5,786407,396364,417485,955
20,2,788819,634450,182344,925
20,2,532523,364989,115014,1013
20,17,869879,218089,468112,1573
20,5,839303,308871,658568,2207
20,2,753707,656205,502655,1223
20,2,893939,262354,262392,1515
20,5,1002263,357172,421567,1560
20,5,609503,311992,579579,975
20,2,610187,29671,589615,688
21,5,2024063,795705,1482619,2031
21,2,1769627,1281008,1050537,6324
21,2,1580339,742652,172441,1699
21,2,1753139,1309803,1613258,917
21,2,1332467,1248069,64916,1911
21,19,1081079,157221,951180,1410
21,2,2041643,323920,1136540,1638
21,5,2022863,1336124,1079517,1834
21,5,1496423,1300498,416665,1174
21,2,2063627,1951216,1019571,968
21,5,2057807,1622905,1062589,1801
21,2,1696979,318185,1507174,1019
21,2,1266323,992677,475256,813
21,2,1489283,1337776,484882,830
21,11,1814279,1176372,708929,1021
21,5,1743143,891806,1698625,960
21,5,1599047,1087219,1503803,985
21,5,1270103,829542,395837,879
21,5,1179527,245001,796032,898
21,2,1202483,560774,161225,1483
21,5,1858343,642579,1617670,1242
21,5,1944143,586076,624758,952
21,5,1409327,1329859,436116,1131
21,2,1899707,329671,1312963,971
21,2,1781939,523026,1581728,1042
21,5,1552367,1358002,1497480,1561
21,5,1614023,36641,1061470,951
21,17,1128599,877652,937687,824
21,2,1975619,398298,1353871,1250
21,7,1095119,382645,1043393,1493
21,2,1609667,1416220,166450,983
21,5,1828703,561619,1724737,1784
21,11,1937879,290485,874472,901
21,5,1119047,246683,366174,948
21,2,1718723,138593,1278440,1010
21,5,1346447,230848,984416,739
21,5,1243343,84337,870117,716
21,2,1614947,950792,991461,1671
21,5,1965407,1475140,115471,949
21,2,1388819,184398,469876,776
21,2,1861547,463986,731814,896
21,2,1766099,404814,359164,1865
21,5,2062007,1840295,2010723,1796
21,2,1289867,1177280,1060340,852
21,5,1969223,1067903,1013259,881
21,2,1223603,221867,1119490,766
21,2,1867787,738003,1558746,913
21,5,1254983,1085197,232123,772
21,2,1334363,149759,440353,849
21,7,1564679,252683,112304,979
21,2,1257563,372560,1087635,807
21,19,1849319,1811088,1040563,987
21,2,2005547,85161,1021421,1098
21,2,1669259,1479720,1141524,993
21,2,1610579,686314,974810,1014
21,5,1562543,889874,494560,878
21,7,1151159,575734,14289,297
21,5,2064263,196499,1944783,1008
21,2,1426619,521821,33556,926
21,2,1790939,299033,1095901,897
21,2,1522427,172937,1036284,808
21,13,2004719,255392,141075,1016
21,11,1770719,56766,1018549,857
21,2,1492859,650850,716435,880
21,7,1421039,1089552,456423,897
21,5,1703687,1255316,1229375,819
21,5,1722983,929669,1290549,988
21,7,1113599,182883,903093,1413
21,5,1139423,247314,227959,755
21,5,1289567,226811,1108245,1277
21,5,1231247,597625,1043158,1108
21,2,1773587,1013699,894963,829
21,7,1309079,768814,131269,815
21,5,1399583,182159,1384897,718
21,2,1752467,374765,710904,842
21,5,1901567,743718,125984,992
21,2,1115267,642014,459863,865
21,5,1449167,1293401,424429,877
21,2,1384499,764258,1157861,1636
21,2,1965179,1403265,1921044,1407
21,2,1880339,1211857,213669,1032
21,2,1489283,40434,518010,863
21,17,1214639,560648,7608,842
21,7,2034239,268544,879851,862
21,7,1461359,1103201,1263382,837
21,7,1229279,895336,6912,990
21,19,1831079,1071062,1337153,1017
21,2,1423259,828301,482206,1153
21,2,1173539,1156053,72705,980
21,2,1821707,109601,1565651,1602
21,5,1335287,1139418,236436,1112
21,5,1329143,1233971,353384,1513
21,5,1852703,83441,1004249,894
21,5,1555343,1507706,1147167,1557
21,13,1329599,1147350,1048475,913
21,5,1515623,1327545,238020,1330
21,2,1504187,460961,290298,787
21,5,1771607,1648884,1164885,847
21,2,2065667,1208438,741583,1048
21,19,1583039,1137013,1388142,872
21,5,1811903,1189535,874221,949
21,23,1356599,404071,834012,1531
21,5,1645367,547489,1602580,1212
21,5,1684703,319890,835188,915
21,5,1697063,486159,1649723,951
21,5,1766663,1757556,846057,1014
21,11,1786679,249934,771594,860
21,7,1459439,992256,103118,987
21,5,1217663,159271,218332,834
21,5,2049863,1737818,224773,1258
21,19,1484999,1209787,1203534,840
21,2,1281587,594009,400908,1060
21,2,1421627,743311,1381437,742
21,5,1231943,792683,739835,728
21,2,1423307,1155286,40608,935
21,5,1095287,591210,576341,630
21,5,1452743,763195,475067,721
21,5,1437743,607891,754276,810
21,5,1694327,387481,432305,814
21,5,1684703,903594,1029606,844
21,7,1753439,1413536,540703,772
21,5,1946663,60849,1301943,818
21,17,1321319,953319,25917,704
21,2,1205027,586950,51547,740
21,2,1490267,603416,684368,769
21,2,1870403,838579,615347,899
21,5,1430063,127066,614656,778
21,2,1539563,271451,442148,784
21,5,1677167,693308,77922,1595
21,5,1455383,256351,25087,870
21,5,1462367,825450,1201217,745
21,2,1436867,1324073,191573,945
21,2,1193867,177077,612016,666
21,2,1053467,154228,917471,630
21,2,1094123,204098,917255,624
21,2,1079147,213264,629502,805
21,2,1646747,761482,44292,796
21,5,1657463,270898,1026605,872
21,2,1193267,1136358,214397,793
21,5,1859927,135063,1190076,825
21,2,1205819,120415,190075,705
21,2,1318379,92352,653225,694
21,2,1297019,876063,52371,691
21,7,1699679,1158385,91054,746
21,17,1732799,1057090,1452407,1034
21,13,1337159,789731,50011,732
21,2,1850939,1319199,1697536,770
21,23,1890719,564159,1366993,875
21,5,2038703,755079,1516502,857
21,2,1097819,1029926,400190,802
21,2,1443059,1234633,286030,917
21,2,1982987,196278,237804,893
21,2,1748459,816928,1089422,875
21,19,1503479,1336821,589869,905
21,2,1302803,200041,212365,692
21,17,1517039,1063435,367693,739
21,7,2035919,1998109,269832,915
21,7,1128719,1114577,31638,795
21,5,1244183,687106,1088505,690
21,2,1758539,70482,1517503,970
21,2,1277267,222068,807240,753
21,2,1102259,677456,468517,1477
21,5,1724663,766753,244785,1037
21,2,1411979,179205,724852,896
21,2,1206347,676677,1179382,1506
21,5,1148327,261254,74906,1547
21,5,1442087,100591,1312631,1328
21,5,1234463,117526,174114,744
21,2,1335563,746953,865304,866
21,2,1261427,818810,946589,1532
21,2,1369427,550056,1023234,852
21,5,1460903,351292,26479,1552
21,11,1172279,122077,484082,793
21,2,1711163,848594,1308524,1394
21,2,1051619,304699,791784,1554
21,5,1593743,381552,1223623,1355
21,5,1771607,831968,1194369,1827
21,19,1721639,1299864,1343388,1876
21,2,1714403,1218881,798296,1818
21,2,1501043,788756,329956,1551
21,2,1796219,1726427,343291,1829
21,5,1879847,649368,680184,2053
21,2,1605323,431575,54432,1504
21,2,1923203,288065,830366,1781
21,2,1549547,274916,682995,1455
21,5,1144607,645671,245767,1220
21,5,1220783,318509,860278,1677
21,5,1240703,441120,167351,31644
21,2,1712339,1282192,779978,1041
21,5,2079647,230710,1993864,937
21,2,1169747,450330,532019,809
21,2,1173539,871739,801454,1082
21,5,1392527,135755,421109,779
21,2,1395347,129324,1131179,748
21,2,1142003,794862,1059339,756
21,2,1809323,469058,1174498,1646
21,11,1566239,852212,1232955,844
21,11,2091599,1683041,1558480,1118
21,2,1880339,624218,507434,1867
21,2,1405403,199710,261449,830
21,2,1562867,667222,625427,830
21,5,1559183,314069,537986,1441
21,13,1274759,1013025,320328,841
21,5,1756823,514964,1330038,918
21,2,1478123,47091,518544,1119
21,5,1830287,1402794,1586578,987
21,11,1574159,967937,917935,825
21,5,1496927,1307363,312320,1550
21,11,1934519,272460,1312109,899
21,2,1725947,1211175,1357180,857
21,11,1409159,1115620,117927,1049
21,5,1403903,296793,1183529,1926
21,5,1460567,403390,856504,857
21,5,1144607,43291,563232,720
21,5,1610927,1285160,796182,915
21,19,1684679,717912,609388,2162
21,2,1322219,292714,54627,764
21,2,1381859,569454,741705,869
21,5,1938887,433545,1170440,1194
21,2,1082603,431458,685978,1544
21,5,1550327,262775,535685,817
21,5,1584047,878927,822841,754
21,5,1416047,389107,58375,1631
21,2,1871627,1084072,555508,1010
21,5,1667423,333253,533160,909
21,2,1667867,519326,1467522,1135
21,2,1395467,1214351,1330665,866
21,5,1440623,1072534,190807,803
21,5,1416047,276955,223819,1267
21,2,1303739,543603,1058954,833
21,5,2028527,981441,207492,1030
21,2,1175243,1060831,705392,770
21,2,1760699,1225941,1693361,888
21,5,1768367,1753657,812098,889
21,2,1695347,1220343,1466636,801
21,5,2015423,1066377,1394453,1669
21,5,1629767,1048360,601874,882
21,5,1717007,1652423,628969,1022
21,7,1593239,476853,1125697,1260
21,11,1883759,1328394,1219871,1151
21,5,1532327,1497465,821656,1951
21,5,1174247,429745,182153,926
21,2,1118267,452047,721702,951
21,2,1999307,1122078,1975322,1307
21,2,1620803,495082,114972,1218
21,2,1115579,892418,546122,736
21,5,1449167,959595,725079,759
21,2,2034947,1545150,93221,2044
21,2,1768619,1670232,1063733,1384
21,2,1077299,946954,59551,914
21,2,1825739,8348,650661,1609
21,2,2063627,1274036,977051,1240
21,2,1049747,347290,569409,1297
21,5,1305743,268145,861412,1277
21,2,1932467,1072824,871772,1106
21,23,1874759,618616,923335,1277
21,5,1694327,758853,705272,1111
21,5,1757663,200586,111189,904
21,2,1666403,1391855,85925,2499
21,2,1853483,53129,1735484,1858
21,5,2094623,1828042,200337,1987
21,2,1510163,1461320,240113,2187
21,2,1167539,174402,829683,847
21,5,1821263,415307,1820797,1492
21,2,1450019,600013,146309,1667
21,5,1871183,1331832,490072,920
21,7,1778879,744289,1026996,1109
21,5,1608743,1208642,1549709,1650
21,2,1749779,299352,717987,821
21,2,1138427,300276,517548,641
21,11,1088519,554660,666879,1299
21,2,1084043,285819,847712,801
21,2,1997939,528387,1197690,844
21,2,1514867,1477929,695894,1011
21,2,1952219,1290823,441133,824
21,2,1626083,1039390,1360973,720
21,5,1721327,311746,1583285,1353
21,5,1497407,375703,643992,868
21,5,1128503,803247,347619,683
21,2,1923683,1654295,289689,1580
21,2,1534979,830039,85274,766
21,2,1510163,1486640,508103,1962
21,5,1251743,230297,254517,853
21,2,1057643,409054,951932,1121
21,2,1239179,314812,1169797,1300
21,2,1354043,710711,917271,710
21,5,1305743,359006,893738,867
21,5,1206407,507234,514137,1520
21,11,1569599,794995,940791,788
21,2,1307123,617107,926555,802
21,2,1929827,563928,760254,1467
21,2,1914323,1713831,1250943,1080
21,7,1482959,731612,141418,978
21,2,1062563,643771,405155,1355
21,5,1105943,398197,862088,930
21,2,1758539,296984,555197,998
21,2,2015627,1719807,1386975,1110
21,5,1253327,1156446,276537,1153
21,5,1334423,254659,886503,887
21,5,1102727,580277,96818,664
21,2,1527299,170361,1096471,1214
21,5,1302647,608565,738336,901
21,2,1579883,447389,1126005,842
21,5,1270943,1208121,410911,766
21,2,1540619,1479135,1527839,797
21,19,1642079,114136,420686,842
21,2,2075483,1331073,870603,942
21,2,1203899,768451,690672,843
21,2,1543259,826131,175185,686
21,2,1840043,1313764,645468,1192
21,5,1946663,429591,1614725,1446
21,5,1465847,495717,838339,822
21,2,1893707,70918,1345862,1128
21,5,1230863,1007155,1226424,771
21,2,1206347,588387,466510,802
21,2,1317227,420621,1230705,1035
21,2,1942763,1651456,518212,1038
21,2,1062203,1004168,670430,993
21,2,1633043,424232,534013,1239
21,2,1202627,1146877,31088,935
21,2,1539347,1361749,330209,836
21,2,1378163,1073564,308547,1152
21,2,2029667,1393682,173649,886
21,5,1102463,690342,824513,1790
21,5,1408007,1035088,711011,818
21,2,1494803,1279381,1330203,1667
21,5,1593743,1506158,1561266,1018
21,2,1491299,1308048,529927,927
21,5,1653767,251879,963884,1908
21,5,2095343,671806,1980116,1639
21,2,1406387,1212779,279825,1578
21,5,1240007,808197,944753,751
21,5,1099103,132713,55215,766
21,2,1516883,1188312,295864,1839
21,5,1950527,1211495,1863176,1062
21,5,1987703,1978540,1768688,1340
21,2,1827179,1348226,1702161,1112
21,2,2024843,1771720,1109459,1796
21,2,1148747,834651,812197,776
21,5,1581743,1245139,720382,1239
21,2,1544987,1277147,609802,1178
21,13,2004719,1260185,94925,1043
21,5,1562543,402885,1465726,905
21,2,1270499,195056,199667,1193
21,5,2058383,1898440,1895283,2216
21,2,1395467,1201101,1297552,1138
21,5,1585127,945414,472745,1410
21,2,2048867,1908749,904919,2263
21,2,1128299,1025036,1093302,2529
21,2,1914443,745612,76102,1245
21,5,1608743,770036,643258,1947
21,5,1409543,1391904,985608,929
21,2,1279427,775237,540764,1585
21,2,1759427,299467,181995,1932
21,5,1321847,457522,1181689,1509
21,7,1517639,762737,79446,1010
21,11,1851359,986469,67637,1575
21,2,1100483,866105,49694,712
21,2,1299323,677069,13098,935
21,2,1852307,1738054,1212917,849
21,2,1986539,1527084,531808,871
21,5,1798367,1122723,1522352,868
21,2,1893539,81614,757515,751
21,2,1796987,940388,663875,790
21,2,2005859,1807493,190555,1340
21,2,1577099,772529,337260,942
21,2,2063483,872729,1700118,942
21,2,1381739,177174,1024303,1010
21,11,1720799,1628377,961992,949
21,2,1583867,404623,488217,1062
21,5,1096583,192448,164011,779
21,5,1517567,855883,1101549,885
21,2,1144643,83233,94180,1032
21,2,1814339,1175948,363248,964
21,2,1226339,518197,362062,1053
21,5,1397447,545637,387060,1262
21,2,1277867,859935,1164096,1218
21,2,1864043,1694792,1620357,1041
21,2,1139147,217877,814832,684
21,2,1508219,660203,1507268,1275
21,2,1350059,118945,1292340,757
21,2,1107923,526620,1020236,752
21,2,1589387,1342375,372038,1188
21,5,1548983,1112564,442412,1106
21,2,1387403,911227,170062,976
21,2,1914443,385304,1684696,1023
21,2,2063339,289978,497746,862
21,7,1372079,1235681,1124747,1237
21,2,1749443,222312,665491,807
21,5,1507487,967795,212748,710
21,13,1165799,918751,262733,855
21,2,1505723,1331871,1436676,885
21,7,1547879,135120,1066721,1330
21,2,1361363,1033923,1106707,1213
21,2,1946507,1491623,1790247,1150
21,5,1950527,1206683,423585,1143
21,2,1078019,626750,877887,831
21,2,1788443,230081,1340075,854
21,2,1887563,1481922,1568081,885
21,13,1399439,671122,916305,886
21,2,1144139,297318,333535,728
21,5,1636463,679613,1132388,896
21,2,1672379,1518210,176907,1380
21,7,1467839,144775,1441415,878
21,5,1330103,1207172,352380,1333
21,5,2038703,219681,1095313,847
21,5,1708607,880140,771503,1152
21,2,1887539,1645885,1528870,1030
21,2,1590467,414070,1584341,1098
21,2,1653347,251565,1511082,931
21,5,1422287,205149,1009945,692
21,5,1683503,648446,362858,838
21,5,1504583,768396,1410904,1311
21,2,1759379,561286,775258,789
21,2,1504379,172892,1061847,723
21,2,1960787,1784058,1638746,947
21,5,1112543,768416,717274,663
21,2,2046827,1108596,907774,812
21,2,1967027,1778417,769896,913
21,23,1538039,448792,1219005,800
21,5,1906343,6198,1509043,727
21,2,1925219,128411,1720178,768
21,2,1850939,389431,35947,757
21,2,1841579,503136,316185,1137
21,7,1451039,772200,990031,776
21,2,2015747,935410,633870,1403
21,5,1778423,1398612,1730850,1398
21,2,1156907,446646,871245,836
21,7,1582319,244573,1080894,888
21,2,1650563,1430252,1514503,1163
21,2,1313363,507365,68209,879
21,7,1286399,115998,546125,736
21,2,1652627,625847,960195,1087
21,2,1815587,1533653,297630,858
21,2,1829027,1546730,457331,826
21,2,2089379,1436846,629728,940
21,2,1968683,357392,570766,817
21,17,1367519,435602,427830,772
21,5,1580087,938095,453777,750
21,11,1883759,327303,1385633,892
21,5,1388183,535573,189364,759
21,5,1106423,43812,712924,681
21,2,1869443,584329,1799352,828
21,2,2033243,647234,1504534,891
21,5,1479263,868858,99839,799
21,5,1937927,1004767,296024,753
21,2,1964603,1236432,938096,791
21,2,1221083,501772,742990,721
21,2,1684283,1486478,880339,811
21,5,1300967,1125334,24764,846
21,2,1880843,1002618,878472,764
21,2,1466747,371134,355919,836
21,2,1054667,250897,2589,683
21,2,1818347,1184048,1217322,959
21,5,1899047,1714415,42754,884
21,2,2028779,65953,10946,1123
21,7,1650959,306664,533642,797
21,5,1215407,1081409,646182,748
21,5,1915703,834854,181134,1223
21,2,1562867,1110082,458910,811
21,5,1973087,917593,1905285,876
21,5,1094543,524279,296631,854
21,2,1438667,958862,441999,733
21,5,1534223,385181,253357,1082
21,5,1307303,574837,1085560,777
21,5,1854863,1735268,971659,890
21,11,1990679,776824,180915,1086
21,2,1469627,337202,866748,781
21,2,1690043,205433,1268878,806
21,17,1681679,339569,981705,866
21,2,1989419,893297,1187601,890
21,5,2000303,414217,1011177,806
21,2,1625843,1440109,848995,823
21,2,2068139,1249358,663413,780
21,5,1665767,1249895,1160045,782
21,2,1059419,179184,1055749,731
21,2,1200443,835291,679395,723
21,2,1730507,100495,828637,786
21,41,2080679,300536,40471,846
21,11,1329359,1266015,141891,836
21,5,1901567,1069688,1183660,848
21,2,1872323,1059308,664938,735
21,17,1882319,1645102,899685,1253
21,13,1783319,511133,1519604,838
21,2,1179203,235800,110279,623
21,2,1496267,695494,1354238,1024
21,2,1752467,1512233,1289142,890
21,2,1489667,816112,310191,758
21,11,1629599,770638,1387990,1093
21,11,1562279,376625,228659,753
21,2,1407467,808390,790576,684
21,5,1819487,1705417,211471,880
21,13,1274759,103792,902650,666
21,2,1935443,1554475,385544,853
21,5,2064263,1839726,1592419,900
21,2,1098443,15613,650428,619
21,2,1318139,1089153,140795,740
21,5,1341863,1134109,1106450,733
21,11,1868639,1198637,97976,803
21,2,1972379,1209812,795738,1145
21,5,1325903,372661,731369,777
21,5,1768223,1546825,345690,862
21,5,1365503,1229413,59283,1168
21,2,1543019,605354,205612,816
21,2,1544003,29349,304033,767
21,2,1118267,356908,501769,741
21,2,1267907,517285,191694,720
21,11,1153799,127968,403936,659
21,7,1351919,577406,976307,756
21,2,1159259,1029630,997056,722
21,2,1620107,889323,593559,692
21,2,1275203,424996,1196485,975
21,5,1455527,1141240,836603,1351
21,2,1889219,1355795,1774639,1167
21,2,2086907,140234,1607079,1496
21,2,1544003,323491,73414,1860
21,5,1501607,1045247,874657,1586
21,2,1815587,733731,595624,1546
21,11,1937879,1629813,1853983,1372
21,2,1242947,304063,236731,764
21,7,1141319,1044671,252476,710
21,2,1342379,179425,542533,1067
21,5,1535663,515401,705108,1981
21,5,1585127,1508829,781747,1565
21,2,1510163,1205165,360316,1879
21,5,1478063,723075,19108,1878
21,2,1720619,648129,1029844,1853
21,2,2065667,1522650,1427511,1425
21,5,1705127,91777,1287563,881
21,23,1113719,992935,327035,1615
21,2,1805963,1223771,77305,949
21,2,1539563,130623,1229031,821
21,5,2061623,917005,42698,2198
21,5,1319687,373357,1147636,847
21,2,1120787,1098937,234457,818
21,2,1258163,671715,213397,805
21,2,1419827,1114788,751817,1121
21,2,1775387,1376207,857430,958
21,2,1785419,524510,1162058,961
21,2,1710179,61687,56207,833
21,2,1194443,1159122,517326,782
21,2,1211843,211331,643952,751
21,13,1613279,1391409,1185853,853
21,2,1124987,484915,1037388,726
21,5,1781063,1661606,1397841,935
21,2,2056547,1915400,1627489,1018
21,2,1367579,841301,534156,782
21,11,1642919,1412222,915680,946
21,5,1929647,1017813,1870452,842
21,5,1745687,331688,845986,897
21,2,1480643,849435,1310452,810
21,5,1293287,678830,890269,792
21,5,1213943,53004,1074290,690
21,5,1358807,1209427,930712,1026
21,2,1891859,1839211,1255796,987
21,2,1378187,316888,1149804,1204
21,2,1419179,1327723,377174,827
21,2,1834667,402611,1536459,1888
21,2,1957547,1004636,622999,854
21,2,1438379,761193,1033112,848
21,2,1617443,371834,536330,1061
21,5,1436087,923387,983362,1143
21,2,1888907,1503953,784491,1290
21,5,1786223,1708046,1104014,1178
21,2,1049603,919625,1246,709
21,2,1486139,890681,1139136,823
21,2,1598963,602824,626117,1073
21,2,1386179,75162,14400,871
21,2,1119947,489408,585157,1028
21,17,1834439,1553477,1359195,1445
21,2,1940987,710562,981344,1953
21,5,1823663,414864,8672,1128
21,5,1465727,649027,900857,1281
21,5,1675463,1643057,1584925,1407
21,5,1627247,1437862,1295892,1606
21,2,1580339,976306,254589,1095
21,2,1610123,428608,269008,1095
21,5,1579367,1302977,965382,867
21,2,1884803,1296605,833628,907
21,2,1825883,1779484,1232046,1168
21,2,1725947,308608,414564,948
21,2,1489283,249173,536742,740
21,5,1532183,652517,1306548,905
21,5,1436087,1403167,630322,1005
21,2,1144139,802373,1125869,752
21,5,1766903,1563413,400920,902
21,2,1591883,737072,988086,880
21,5,2022743,1782136,1750179,2203
21,2,1316507,685947,31168,672
21,2,1989899,1733953,293797,824
21,5,1860647,305261,1231827,1283
21,2,1316699,146415,336524,810
21,5,1233887,921765,996849,749
21,13,1507439,561346,1426254,786
21,2,1103603,734160,300307,646
21,2,2044499,1757530,1373548,997
21,2,2038523,957542,1248573,948
21,5,1796183,1557066,273902,839
21,2,2056667,1166776,203731,824
21,11,2013119,1360753,2010568,835
21,11,1257359,350733,701945,732
21,11,1442159,946275,1078496,716
21,5,1275503,801859,524931,670
21,2,1843643,499330,1091827,880
21,2,1102187,940446,648931,749
21,5,1098023,986345,610841,704
21,2,1865603,25447,248339,1056
21,2,1291883,986953,838962,884
21,2,1830083,1010521,1585548,915
21,2,1227683,1216372,983527,812
21,5,2038943,1192938,803713,947
21,2,1722587,1067130,1556965,888
21,5,1231487,800513,805128,746
21,5,1663967,604520,1562115,1223
21,2,1766243,4522,774020,727
21,5,1653623,7068,69945,702
21,5,1766903,256044,1253619,794
21,11,1211279,1024268,226472,792
21,2,1940123,1658448,435846,858
21,2,1466747,1368518,1384668,1252
21,11,2092919,1097117,1106576,789
21,2,2092163,1230953,1101591,767
21,2,1124699,954358,811035,797
21,11,1094999,707363,423833,674
21,2,1746923,340267,654787,765
21,5,2081903,284224,2021701,936
21,5,1655807,682742,316942,815
21,5,1054583,438184,415420,892
21,5,1684703,497981,1529983,756
21,2,1819043,846177,1582271,852
21,2,1609667,659209,284946,752
21,2,1390043,1080308,1193888,836
21,2,1367027,168433,433588,680
21,2,1816979,1557722,1547770,813
21,2,1103723,821238,1065526,862
21,2,1164323,469037,297976,760
21,2,1296587,1251275,839629,747
21,5,1063463,282339,257559,1693
21,5,2049407,1434722,998272,859
21,5,1867343,315424,933621,774
21,2,1442459,1237751,233442,769
21,2,1485347,1033969,197318,915
21,2,1792139,1611615,1597552,847
21,2,1055267,199146,587702,731
21,7,1767959,1548187,476253,970
21,2,1221443,110242,1171855,710
21,2,1827779,1754377,629623,905
21,2,1104947,549280,985744,762
21,2,1738043,1205647,587336,789
21,2,1645979,1230433,1175124,914
21,5,1416047,868105,822930,662
21,2,1100147,262113,400623,655
21,2,1967027,545058,746457,832
21,7,1113599,994503,336328,736
21,2,1073819,379629,408636,684
21,2,1169747,945707,976684,775
21,2,1061483,94293,980472,681
21,13,1126439,1110940,777696,848
21,2,1417979,1416762,144477,874
21,5,1839767,1682143,610675,866
21,5,1344647,16089,399389,650
21,2,1874099,1479935,285951,749
21,2,1906643,6205,68362,682
21,2,1311923,113241,1126508,607
21,7,2010479,1455892,1949285,910
21,2,1567499,273721,769353,702
21,2,1053707,291429,575570,828
21,2,1111043,50906,93132,733
21,2,2029283,933753,718741,26001
21,2,1766243,555015,1584544,857
21,5,1758287,1475479,169595,860
21,2,2005859,186919,557408,901
21,2,1575083,1147375,1360694,745
21,5,2032103,245303,1317252,837
21,5,2061503,386496,1099733,823
21,2,1520339,844308,993957,676
21,2,1536083,1271485,1307983,746
21,19,1968599,1345903,1079346,779
21,2,1746587,346048,307360,809
21,5,1997903,1443431,1484340,805
21,2,2082659,475982,1085281,932
21,2,1960643,517710,1414122,833
21,2,1731659,923544,205525,1228
21,2,2066123,706881,1887865,913
21,2,2087027,421196,1986109,1000
21,2,1815467,65811,1266182,862
21,13,1551479,655200,954304,1886
21,2,1546547,81571,621875,939
21,11,1770719,880711,1674941,1215
21,2,2056667,1166802,1395676,969
21,17,1505279,1359582,1229900,1544
21,2,1940987,904671,665854,1044
21,7,1970999,1600185,486853,1999
21,2,2038523,177670,671331,1253
21,2,1734827,39827,1530085,841
21,13,1345559,1213775,1151620,810
21,5,1876703,881050,1302860,1183
21,2,1509659,1344729,1023286,863
21,5,1665527,36645,1022237,1456
21,5,1242167,852131,957296,1418
21,2,1307123,490925,935109,1495
21,2,1082723,314172,744987,1240
21,2,1418867,1198844,748465,1622
21,7,1221119,979834,1054564,1441
21,23,1890719,1773866,815303,1878
21,2,1558979,144854,385411,1556
21,2,1877147,748780,878357,2280
21,2,1566659,1261752,210304,1600
21,2,1924619,1849527,1325819,1488
21,5,1497407,684457,799019,1309
21,2,1178483,498534,1028511,2026
21,2,1534979,652313,985512,899
21,2,1996019,1400040,214501,941
21,2,1423259,707241,967038,883
21,2,1097819,798060,711748,712
21,2,1777379,1572425,690128,968
21,2,1343963,1184816,1165979,1094
21,13,1872239,992202,324487,886
21,2,1824827,561426,1595715,882
21,17,1783799,279039,1698078,1057
21,2,1220819,317782,690142,735
21,11,2061239,1836362,1528085,1001
21,5,1832927,917215,1649144,649
21,5,1211087,69509,1099742,867
21,2,1527347,624786,201648,968
21,2,1864043,697541,836019,1009
21,11,1076519,597104,145096,663
21,2,1252403,1203472,563158,885
21,2,1752467,953787,942587,1027
21,2,1612019,145097,621588,907
21,5,1584767,1482357,149636,945
21,2,1809323,811670,490579,1140
21,5,1975823,150154,455691,828
21,5,2064263,222002,1175999,903
21,13,1270079,842390,317718,749
21,5,1555727,946870,1503808,780
21,2,1622483,906194,1519888,776
21,5,1493903,1170967,389306,844
21,2,1191899,1063531,558134,756
21,5,1065047,327004,350253,1008
21,5,2033783,990917,1354529,1046
21,2,1726787,8897,107022,825
21,2,1082723,210461,783190,686
21,2,1335563,847910,130009,888
21,5,1270103,450568,576347,1065
21,2,1725539,1448695,6599,921
21,2,1405787,404317,1300016,954
21,17,1858919,1710627,659331,967
21,2,1352123,680299,255028,748
21,2,1175243,1161849,986810,868
21,5,1688927,617091,565251,824
21,7,1279679,518571,1089266,826
21,5,1823903,1612686,540343,1081
21,2,1785947,1543699,1137202,970
21,2,2067587,1404981,1523991,1038
21,2,1077179,253926,372797,804
21,13,1737599,1094098,345822,996
21,2,1173539,652028,769172,715
21,2,1718867,1066953,260801,814
21,13,1820279,1233765,1701434,861
21,2,1730507,452771,818966,861
21,5,1097543,460785,625534,830
21,5,2087903,1157592,1693835,814
21,13,1653959,806435,1328980,935
21,11,1092479,1063879,584661,896
21,2,1535363,1339005,646647,853
21,5,2049863,1438793,1594575,826
21,5,1136183,403921,782670,833
21,2,1387403,1332901,952417,905
21,2,1643987,163691,1053666,954
21,2,1980659,1317105,838239,1402
21,2,1737059,128189,469190,756
21,2,1266107,1008200,228938,674
21,2,1264643,445058,795074,707
21,5,1076303,646035,442059,645
21,5,1493903,719506,45575,854
21,17,1913999,1244724,1292389,885
21,2,1937603,1062490,1090858,792
21,13,2048639,851323,1946250,921
21,5,1054247,828202,52274,724
21,2,1796987,341228,1003341,800
21,2,1658243,1608074,1519726,886
21,5,1293647,262483,1150503,733
21,5,1688327,103489,522211,711
21,5,1859927,692706,530146,958
21,5,1612727,95239,1323963,689
21,13,1518359,307078,87788,1013
21,5,1589663,1365955,1069282,903
21,2,1120499,439742,69394,1161
21,2,2087027,346805,877786,1978
21,5,1579703,1295322,966301,865
21,2,1891859,468865,1141030,1616
21,2,2032403,785503,944989,984
21,5,2055503,1286931,151754,1554
21,2,1825883,483582,429833,934
21,5,1450847,977257,881671,761
21,5,1235447,766858,1194977,741
21,2,1210523,948269,623458,772
21,7,1242119,290029,276805,782
21,5,1481783,245168,1370978,748
21,5,1455383,121249,394356,836
21,5,1650983,1422873,1141853,886
21,5,1660727,440340,1089883,944
21,19,1489199,1050943,1314277,800
21,7,1141319,605860,425573,681
21,11,1442279,1181547,770059,946
21,7,1967639,1883898,56043,1012
21,2,2042603,1067850,106731,903
21,5,1772327,1227377,1040084,963
21,2,1718723,475440,1225510,797
21,2,1423259,1131977,300693,1056
21,2,1618619,449038,355842,967
21,2,1712339,1156010,1532338,932
21,5,1916687,468153,1357757,1007
21,2,1616723,388806,1464389,820
21,2,1313987,393677,45596,784
21,2,1070339,192474,795008,720
21,2,1470419,1214011,44843,845
21,2,1986683,1324965,293460,897
21,5,1771607,1624679,98965,890
21,2,2023019,377736,587412,893
21,2,1829027,520464,810498,1424
21,2,2042603,1380635,635321,859
21,2,1943387,1812393,1691062,968
21,5,1994207,1428792,617763,1100
21,7,1848599,923634,1152478,988
21,2,1082699,858484,707401,758
21,2,2002739,190174,308190,813
21,5,1406927,1222994,438851,785
21,2,1483739,859934,40204,675
21,5,1917743,539649,327969,890
21,2,1489283,476199,328578,1374
21,5,1308647,340554,586737,727
21,5,1576703,34967,575671,746
21,5,1580087,109759,874699,665
21,2,1934099,1664789,916067,840
21,7,1708079,2543,1096115,922
21,2,1230107,499288,924063,1685
21,5,1063823,789550,502959,766
21,2,1677779,559737,361565,1110
21,2,1567067,1381803,136801,949
21,5,2055503,301723,1849817,1636
21,2,1758179,1031375,472605,1221
21,5,1968983,1910233,1112944,1000
21,2,1609163,346378,218284,827
21,5,1405367,991574,840331,765
21,2,1241819,1096935,978702,782
21,13,1096919,447038,401620,775
21,5,1260047,1166141,644987,923
21,5,1153487,855514,354286,801
21,2,1446059,1022783,61078,924
21,2,1379579,317382,97762,832
21,2,1383659,110280,755138,847
21,5,1331567,828097,397677,741
21,7,1496399,949747,921573,663
21,5,1939727,874217,1851820,879
21,2,1519163,1493654,767511,775
21,2,1722587,969553,1169987,862
21,2,1814459,30262,13481,721
21,2,1711979,470584,961806,958
21,2,1372667,381856,935840,808
21,5,2022743,1353895,794346,792
21,2,1936643,1406411,853227,1042
21,5,2015303,624363,1953707,862
21,2,1819523,1757222,1816620,880
21,2,1601459,1361386,684708,815
21,2,1891619,1616658,1251961,827
21,7,1461359,358255,1154559,732
21,5,2033327,638417,511002,841
21,2,1840043,1244226,864105,777
21,2,1878827,1341605,143488,775
21,5,1288103,400757,647211,658
21,5,1405367,1177383,666370,777
21,2,1405787,37893,1283059,738
21,5,1575767,628901,1508324,817
21,2,1089563,526913,183333,711
21,11,2029439,381018,1553795,805
21,2,1825883,416728,1816589,828
21,5,1184927,998288,395121,681
21,5,1570607,1003602,541344,722
21,5,1672487,742272,1619168,807
21,2,1177763,689964,477628,698
21,2,1574579,273470,474223,868
21,2,1691843,925345,1648469,2133
21,5,1452047,1449528,1127364,883
21,5,1088807,754098,26317,676
21,2,1421747,1131140,1021144,789
21,11,1309559,241935,1128139,1604
21,5,1428887,729837,1295491,689
21,11,1577999,367688,1538288,1132
21,2,1805003,443369,18153,952
21,5,1349207,492233,110230,1373
21,5,1428887,293706,829478,1043
21,5,1665263,1541872,1203731,1760
21,11,1329359,1263050,986352,786
21,11,1827479,229142,333901,1553
21,23,1890719,490635,904392,2240
21,2,1343963,1011531,894366,1241
21,2,1995947,782990,868019,1418
21,5,1279823,657975,300656,832
21,5,1198607,777137,1116965,750
21,2,1128899,590783,609363,778
21,11,1720799,425295,458269,1081
21,2,1995947,804705,1566072,1154
21,5,1598183,1046251,474164,820
21,2,1290659,1285939,796750,1055
21,5,1181927,857453,183122,914
21,7,1904879,655149,375199,898
21,2,1500827,1077262,524475,1295
21,2,1718747,112184,105898,1025
21,5,1560743,59738,1247572,854
21,17,1812359,1311802,1476691,1078
21,2,1501499,520576,167150,986
21,2,1323923,58034,62456,660
21,2,1766243,618746,778949,888
21,5,1701263,461779,1261215,849
21,5,1258343,92663,327882,823
21,5,1562543,1430072,132547,828
21,5,1058543,210000,258792,678
21,5,1567487,1266642,698019,852
21,2,1604243,1527959,579933,1005
21,5,1771223,1348455,1140583,1069
21,7,1615079,739309,1109060,951
21,5,2022743,1685503,1837280,1018
21,2,1471907,663136,348388,1070
21,5,1113863,179835,180256,710
21,5,2051087,1016201,1530482,1059
21,2,1648379,17113,1442205,1046
21,17,1241159,180124,297958,950
21,5,1279703,844640,699738,1537
21,2,2048867,631148,1236930,1682
21,5,1145303,760364,1111008,1117
21,2,1522019,869136,255243,1219
21,5,1923983,83843,1843441,1615
21,7,1542599,55171,977925,1058
21,2,1370987,59982,1127868,964
21,11,2057999,1780137,322828,1024
21,5,1240607,697138,873168,808
21,2,1718723,1480842,135652,1213
21,2,1491947,1471555,70156,776
21,7,1341839,108303,958973,2071
21,2,1880603,86608,1470922,885
21,5,1675007,731313,425831,991
21,2,1481603,1363506,664474,851
21,5,1383983,1015093,710118,827
21,5,1379207,980045,592095,750
21,2,1251179,536064,618393,781
21,5,1995023,757831,1632747,1015
21,17,1778279,651985,85823,880
21,2,1423307,1042315,242505,760
21,11,1794719,703310,871768,824
21,11,1538519,623876,817325,1729
21,2,1099499,946194,226945,1800
21,2,1146323,811412,976870,1250
21,2,1996427,541689,1116927,2390
21,2,1516547,496716,516982,831
21,5,1720847,582842,972114,841
21,5,1211087,322830,908034,797
21,2,1507379,1132226,71073,879
21,2,1979507,523328,622708,1429
21,5,1258343,1027238,882263,788
21,2,1452827,1192669,199583,957
21,2,1357547,834519,1321050,723
21,23,1616039,954218,1350054,760
21,2,1235363,1036492,877953,804
21,2,1956299,1567021,762434,848
21,5,1858343,1743865,585487,1049
21,5,1311767,954934,547908,844
21,2,1778747,1732481,1047960,1093
21,2,1672379,9379,70688,1233
21,2,1865027,327548,855808,1199
21,2,1796363,726851,1274398,1737
21,2,2076419,1888705,704725,1134
21,5,1385183,282196,207507,802
21,2,1212227,164955,424781,1029
21,2,1185299,748473,1140639,961
21,2,1647083,969427,418542,803
21,2,1697867,835539,432270,1012
21,7,1776119,623734,44850,2249
21,5,1599047,373641,1517608,900
21,5,1831703,980681,1362448,1044
21,2,1379387,1172876,317718,866
21,2,1062707,810779,161243,1485
21,7,1514039,1154431,1134483,846
21,2,1719947,1083099,125649,883
21,2,1374083,42117,1134820,974
21,2,1491947,1392543,441227,911
21,2,1906643,1534827,471795,1064
21,7,1868519,384976,314540,903
21,5,1482263,1347382,1394384,907
21,5,1151303,874371,4115,979
21,2,1230539,425994,1156071,783
21,31,2042039,1932159,839521,1893
21,11,1938359,1331954,590928,1785
21,5,1220327,736838,719291,812
21,5,1109783,1071849,168371,1129
21,2,1707779,1528995,1624045,1224
21,5,1768967,1236703,1012261,1072
21,5,1589663,908040,846497,1298
21,5,1456943,70122,225520,1104
22,2,3092723,110536,2861856,1283
22,2,2929859,1550584,566757,1071
22,2,3417707,2186766,1539547,1077
22,5,3609743,462278,1522862,1495
22,2,2548499,835592,2438018,1007
22,11,3552839,374124,2371203,992
22,5,2362343,100586,1582450,870
22,7,3321119,247877,2256734,928
22,13,2446919,1590988,731817,877
22,17,2893439,2760244,2417556,1005
22,5,3246407,2957985,248801,1021
22,7,3883679,1290656,3709208,1148
22,7,3465599,655426,3293341,1019
22,2,2761307,377142,624991,978
22,13,3106319,1799137,82802,1190
22,2,2674979,532662,561409,920
22,2,3603563,2676180,1390189,1056
22,5,3934823,2323424,3119460,1245
22,2,2263739,492154,2115584,858
22,5,2609207,1909952,450066,886
22,7,4165319,1551847,2908185,1388
22,2,2109707,1879377,238745,877
22,2,2771123,2169320,163917,881
22,11,2271239,741584,1220670,1006
22,2,3011507,730110,667736,968
22,2,3624539,460713,1864806,1022
22,7,2574959,462789,634545,1131
22,5,3509687,225659,1524639,972
22,7,2700119,252081,5432,834
22,11,4063559,2530165,3943916,1051
22,5,3814607,1738458,81008,1188
22,5,2326847,2197050,1565276,988
22,2,2172323,744696,1577063,933
22,2,3087923,265242,342069,968
22,5,2497007,1017840,172435,994
22,5,2815103,1714414,140281,1092
22,2,2593259,107276,1011952,1529
22,2,3542963,3535107,2159951,1140
22,5,2280407,1926982,2086814,1847
22,5,2280623,2033514,548108,1071
22,5,2525807,1372359,2365565,955
22,2,2631323,1408918,908230,991
22,5,3088343,2370326,2780461,1046
22,2,2740643,2268785,2288418,1586
22,29,3017759,1679823,1865828,2010
22,5,2880407,2096841,73634,1896
22,2,2098403,1276871,1362310,827
22,2,3451859,484991,3094232,2364
22,2,2195723,949176,505899,1978
22,2,3568883,1221436,3012089,1219
22,2,3104483,2683219,1034818,1160
22,2,2458283,13684,485718,887
22,5,3577727,2693491,3041507,1170
22,5,3523343,1081373,1172838,1100
22,2,2265587,1120321,127814,992
22,7,4007999,1046620,2188804,1586
22,2,2473907,474564,644891,2271
22,2,4105979,2247988,3218728,1200
22,7,2266079,1862792,1418482,1160
22,2,3573107,178404,2801888,2079
22,7,2936159,798208,783319,1183
22,5,3995543,3452688,2650783,1815
22,2,3017627,2673749,1587663,1428
22,2,3939899,974684,2732573,1335
22,2,2525267,1795128,532632,1473
22,2,3159803,89028,1624921,1240
22,2,3242843,622467,361769,1137
22,5,2986583,2331853,1488377,1988
22,2,2632523,1253353,1323726,1163
22,2,2204003,2030212,1995197,1149
22,5,3470927,805958,1541771,1169
22,2,2139947,1335207,1886801,899
22,2,2879027,1526019,2575982,934
22,2,3843419,3173002,853967,2381
22,5,3022847,1222399,190897,1219
22,7,3580679,3346701,1655535,2282
22,5,3816647,3610062,833603,1327
22,5,4047623,2047963,3817303,1348
22,5,2281823,548690,55972,950
22,2,3528347,1439041,3431610,1181
22,2,2699507,498150,772565,928
22,2,3268787,2669762,754119,1392
22,2,3028643,36548,2387172,1017
22,2,2566259,1230718,525859,2990
22,2,3295883,2052160,3178833,1618
22,5,3690983,654145,259618,1196
22,5,3529367,2635101,680661,1366
22,5,4033343,3706532,3682766,1356
22,5,3023303,2522848,179379,1564
22,5,4019567,1681000,3806121,1418
22,2,2914139,2013162,1986111,2016
22,5,3476423,3200172,1488789,1217
22,5,3778823,3668902,2570023,1697
22,2,3372779,1719646,293231,29896
22,5,3148463,2398953,181645,1429
22,7,4061999,961794,3110964,1137
22,5,2617103,362799,767245,859
22,2,2983403,424744,295094,1217
22,2,3792827,1206600,2585294,1320
22,5,3940367,1541997,80409,1371
22,2,2589443,1902408,2161479,1970
22,5,3764807,774707,2552555,1153
22,2,3795899,3585826,296767,1161
22,2,3528587,1761406,3489607,1540
22,5,3703223,2794860,3290125,1068
22,2,2522603,1565180,507420,895
22,5,2790647,2235821,1502397,1035
22,2,3754139,3456121,118843,1095
22,2,3778163,3199148,1869337,1308
22,5,2152247,1676880,1912122,925
22,5,3968183,3750870,2069967,1796
22,5,2980487,2746011,2162765,1022
22,7,2663159,1412871,2499025,883
22,5,2268887,1299057,1925217,803
22,13,3885719,2157451,2695863,1108
22,2,3224723,2562042,673359,1035
22,2,3854843,1642795,2635897,1149
22,11,4152839,238938,1571698,1343
22,2,3403259,1512487,2366194,1117
22,5,3453623,709443,2024960,1053
22,2,3734219,421814,1110764,1182
22,5,4049063,2670995,4047602,1081
22,2,2937563,765241,2270506,1008
22,2,2999099,2273219,2391773,1199
22,2,4098299,1396395,3306810,1175
22,2,2957819,1542840,650728,889
22,5,3383543,1667083,2390728,1394
22,2,2260163,1185156,573935,927
22,5,2111567,1039947,1651180,999
22,2,2868947,1758118,1131835,865
22,5,3370967,1608428,2545798,1097
22,7,3878879,2914423,922495,1053
22,2,2164307,565749,1019610,836
22,2,3246107,2836551,2712802,1300
22,2,2845043,2597961,2439642,2514
22,2,2521979,2417336,2394682,1084
22,7,3827639,2070758,2609142,1204
22,2,3935627,1802059,2297493,1397
22,2,2359139,98371,2020030,911
22,2,3999467,3606417,2766856,1244
22,5,4085567,4047902,3469049,1266
22,5,2785703,1778878,1008554,1269
22,2,3547283,833509,510625,1323
22,2,3275003,263884,974017,1013
22,5,3715343,2153437,3207670,1129
22,5,3260903,1721211,1112879,1528
22,2,3066587,629073,80568,1102
22,5,3656903,252322,2387137,996
22,2,2635883,1871133,2261708,1080
22,2,2147843,2051582,523799,1420
22,17,3156599,300628,1082569,1365
22,2,2721227,2228988,2513081,2303
22,7,3902399,431709,3902141,1287
22,5,3976943,1399401,3421398,2337
22,2,3607523,3306851,2002281,2688
22,2,2369867,1101623,1973472,2305
22,5,3498767,2497342,73622,1159
22,7,4009679,2188860,3677825,2776
22,5,2768783,2315826,2107552,1305
22,2,4136123,2493695,121208,1506
22,2,3924827,1919253,1435478,1513
22,5,2489183,1735528,1906606,1144
22,7,2986559,915119,19511,1316
22,5,3937607,3890605,2596606,1383
22,5,2997503,1258370,1451829,2168
22,2,3618443,2041005,3477845,1118
22,2,2651387,2542996,331286,1058
22,2,3766787,2072957,3473612,1422
22,5,3410207,599225,3353119,1155
22,2,2575187,3992,2419329,850
22,5,3779663,2565649,48913,1081
22,5,2907767,1538742,980582,907
22,2,2682347,282044,1517406,843
22,2,2377379,731222,552042,964
22,2,4051667,303769,2501033,1057
22,2,2247083,482240,212700,1120
22,2,3598019,2611762,3571090,1115
22,5,3785303,2302787,1452831,2003
22,5,2587847,1575057,31218,1005
22,2,3328019,159018,1162833,1680
22,11,2301479,2111731,444933,1062
22,2,3022403,1005304,1107124,2281
22,2,3899867,2963797,1245295,1658
22,5,3096287,2869455,805386,2128
22,2,2467019,1122704,2149144,1762
22,13,3223799,1644874,2884521,1919
22,2,3341627,652172,991060,2151
22,2,2867819,909919,1597809,2302
22,2,3138299,2049433,393563,1753
22,5,3803543,2058906,3301907,2056
22,5,2948207,125865,1710091,1124
22,5,4136303,385444,1700658,1238
22,2,3896099,1021034,278971,1390
22,2,4146203,2065178,932752,2488
22,2,2190347,715527,942005,1036
22,2,3678803,818036,141571,1411
22,2,4022483,3817431,3741190,1358
22,2,3332843,149272,2063184,1979
22,11,2678399,1184820,2274395,1607
22,5,4125767,3805518,2260241,1346
22,2,3644483,2857948,604044,1248
22,5,2924927,614483,2309967,1072
22,5,2808647,2356598,2125399,1075
22,2,3189419,1665438,2124402,1092
22,11,3866399,466463,25360,1234
22,5,2225183,2092803,1104639,1015
22,2,3980987,3201145,495122,1223
22,2,3380459,1915550,1483053,1873
22,19,3668279,508883,1748717,1189
22,5,3137903,758792,2314790,1068
22,2,3829283,661132,2002145,1833
22,5,2519087,628950,1650395,1225
22,7,3878879,3642659,1225967,1948
22,7,2470199,622428,2039012,1453
22,5,2923463,752490,2468037,1412
22,7,2691719,940085,1348284,1578
22,2,2510843,1726189,1807423,1862
22,2,2826059,246157,1702974,1640
22,29,2299079,1136458,2140141,1185
22,5,3856703,995856,3612620,1409
22,5,4140287,2625059,2493498,1177
22,5,3945287,1200026,534937,1261
22,5,3517967,1680559,1051464,1895
22,5,3568463,387915,1666081,1191
22,2,2334947,2085532,1554927,1053
22,2,3127259,2566345,2847417,1408
22,17,2314199,2173186,2186844,1305
22,2,3851747,397815,2211089,1217
22,2,2273267,445602,2072633,1229
22,2,3486227,784179,547799,1682
22,2,4101467,1698273,2930138,1347
22,2,3377723,917348,2247337,1268
22,2,2863139,180202,2482292,1280
22,5,3549047,1437943,363563,1292
22,2,3431123,2184217,1772367,1282
22,2,2986547,2705204,2596479,1076
22,2,2428379,1417867,991345,1364
22,2,3472739,1402775,510905,1667
22,2,2895323,1298082,294565,1105
22,7,3319439,217430,2363476,1004
22,5,2580287,1274692,1630932,1178
22,2,3339179,452487,2681866,1275
22,13,3751919,3415938,2979675,1358
22,17,4073159,3441932,938222,1281
22,11,3587279,2149066,2867677,1582
22,7,3313319,3213674,1534725,1229
22,5,2297327,1192099,1327979,1030
22,5,2825423,1734512,1015869,1327
22,2,2155067,548454,1269836,1138
22,2,2919419,1563367,960207,1184
22,2,3132707,2768996,1480672,1146
22,2,4007723,221898,2802658,1251
22,5,3643463,2340427,2260070,1822
22,2,3218987,3071096,1558412,1298
22,2,2487923,1674823,2316928,945
22,2,3441947,2199632,3067918,1141
22,5,3400847,1802597,2946482,989
22,5,4130327,1867394,3197566,1330
22,5,3080303,2856974,1434692,1108
22,5,4110143,1899134,3530588,1277
22,2,3473363,161662,559366,1051
22,2,3447443,753682,158694,1477
22,5,3316487,3234213,1644335,1341
22,5,3667823,2018297,3399942,1149
22,5,3387887,1498443,1292501,1253
22,2,3010523,1525235,2439605,1306
22,11,3634559,1566675,3507179,1241
22,5,2900207,2083218,473447,1079
22,2,3230099,1235515,1874341,1182
22,5,2330423,743091,582616,1088
22,2,3751907,2398473,2352457,1272
22,2,3264419,3119256,3201023,1265
22,5,3537047,2741484,1591238,1536
22,5,3168167,2641153,871459,1157
22,2,4017803,1270810,3565942,1567
22,2,2775299,2427319,554739,1097
22,5,3274367,4254,1092325,2127
22,5,4130207,1931854,788931,1399
22,5,3182423,1577171,1214860,1519
22,2,2642603,2127947,2424083,2763
22,5,2755967,1127072,1651423,2805
22,2,3773387,2638066,1433429,1767
22,2,3555947,1601251,31287,2495
22,2,2601539,1850408,2342193,1617
22,2,2147843,411756,506641,1320
22,5,3958343,3039651,3643857,1651
22,2,2642699,564508,2256037,1034
22,5,2120303,1796073,1806432,1001
22,5,2521703,902821,2466879,1992
22,2,2806907,2294092,1946644,1177
22,5,3715343,2613761,1815351,1254
22,5,3286247,638147,1544697,1569
22,2,3084443,36343,1077793,1062
22,2,3391163,1644523,494931,1240
22,5,2526647,81781,1715585,938
22,5,3461663,1667308,941592,2296
22,2,2724587,1089318,2195811,1436
22,5,2980487,2158328,2571492,2027
22,5,3493367,1422102,2902975,2212
22,13,2780399,1241041,2259381,1112
22,7,3832679,703076,2485859,1291
22,2,4089347,2397079,1296167,1242
22,11,3010199,1273469,2433878,1154
22,5,2442767,1285722,867904,840
22,5,2921903,1091433,2260979,1134
22,23,2262959,1822996,1912187,1003
22,2,3437387,2783156,887265,1166
22,11,3579959,1446098,1768634,1238
22,2,2695139,2302223,2521066,1076
22,2,2867699,1008742,2186472,951
22,5,2523527,2075853,1075772,950
22,7,2974799,2278971,1368715,1028
22,11,2869079,600703,1215603,951
22,5,3477407,2945869,2547423,1035
22,5,3572903,2011909,1201716,985
22,5,3848687,1943114,131483,1088
22,7,3890639,1272553,2566579,1058
22,2,2137259,250718,1074465,855
22,2,2763947,2423118,2599874,1016
22,2,3630923,1934156,3103709,971
22,2,3239507,23755,911950,1146
22,5,2280767,765437,2167348,1022
22,2,2731739,2329243,288150,963
22,2,3191603,1932303,1242894,1003
22,13,2214959,1153780,363662,820
22,11,4116479,414591,2371561,1082
22,2,4016963,1945287,337408,1161
22,2,3591587,1355968,3556427,1100
22,5,3911087,2141868,1946429,1084
22,5,2268887,756578,1647603,1033
22,5,2782727,2659075,2714396,1040
22,2,2606939,1421660,2390991,917
22,5,2344703,1317189,1869805,812
22,2,3314027,1656291,472676,1013
22,5,3967127,3484148,1960360,1142
22,5,2997503,2213812,1874798,983
22,5,2476583,1882662,1556910,912
22,2,2901707,1371533,60896,1113
22,2,3070139,1257150,71605,1149
22,2,3356267,3120318,450114,1157
22,5,3697847,843647,2637961,1090
22,2,2577083,1936545,2389891,1865
22,13,2429279,453548,1144910,941
22,5,3878207,3385897,1295979,1553
22,5,3339143,154776,630619,1024
22,2,2514467,1086148,1156097,980
22,5,4084247,2371172,3762216,1038
22,2,2845043,2269963,149288,1021
22,5,3614783,2817875,2121129,25970
22,5,3935423,1530669,3252182,1319
22,5,3361607,1767693,1001882,952
22,2,2116019,639910,1416419,854
22,7,2603759,2217031,2421408,989
22,5,2545967,479140,2296227,951
22,2,2911859,121732,2542345,835
22,5,3859007,3560237,3075518,1219
22,5,3657527,87029,411661,1081
22,2,4104083,2882762,3530996,1162
22,5,2540687,1936163,295748,1017
22,5,2215583,234814,1215004,843
22,5,3861167,3501731,2803140,2249
22,5,3508823,472760,486169,960
22,5,4115087,501602,1255974,1079
22,2,2765219,229822,2746991,855
22,2,3038627,2139411,1137176,1094
22,5,2236007,203574,1637994,923
22,5,2508047,1950874,635877,1075
22,5,3973847,333585,1896757,2361
22,2,3619667,605908,755901,1589
22,2,2340419,133302,129557,1063
22,2,3853547,1300862,53589,1281
22,2,2190347,145970,147676,993
22,2,2271443,1910073,1650255,995
22,5,2255063,343499,1716224,1304
22,2,2513363,2251410,2355122,1248
22,2,2640707,787783,2606146,1288
22,13,3318479,1372399,2427762,1105
22,2,3951419,1777626,3658837,1243
22,11,3287639,2374532,2705755,1101
22,5,2383127,2370087,801347,925
22,2,2514587,1853263,2191855,1124
22,5,3606767,2014897,652321,980
22,2,2443283,2363557,155310,1008
22,2,4085507,2024902,1763031,1464
22,2,2607587,1021431,1335865,1029
22,5,4033343,3899783,951121,1188
22,5,3519983,3412943,2678984,1120
22,2,3497867,286220,616038,989
22,2,2302043,1951366,1440699,888
22,2,2872187,2840199,415057,1045
22,5,2477807,1635834,308796,834
22,2,3639827,668038,1570469,1039
22,2,2635979,1683816,1303667,900
22,5,3501503,2601696,903759,1187
22,5,2134703,1180587,861048,1017
22,5,2225183,2111367,1452557,1111
22,5,2582687,62327,545912,1083
22,2,3257603,1757092,1937219,1075
22,2,2912579,1769321,2374022,1042
22,2,3510803,2077767,806844,1828
22,5,3501623,1284875,1187174,1180
22,2,3373499,2741852,1906766,1132
22,2,4183043,438821,1997440,1831
22,7,4015799,3335645,2346848,1622
22,2,3157163,173395,1746973,1785
22,2,3391187,1538401,2648065,1098
22,5,3660023,918294,1133430,1045
22,5,3040967,1510394,370636,1497
22,5,3039263,2790634,1836703,1262
22,5,2639447,1802890,2323002,1647
22,2,3276107,1424973,1997052,1070
22,2,4009547,166907,408271,2197
22,13,4139999,1167188,3972173,1132
22,5,3737687,1238656,2923330,1389
22,2,2123939,123201,2029713,847
22,5,3252863,1910946,132049,1324
22,2,2185187,880653,943745,1498
22,2,2786363,1185622,101736,1851
22,5,3773087,1366606,310013,1987
22,5,3148463,959690,2225437,1748
22,2,3134723,2761690,1800389,1146
22,2,2420339,887167,745565,945
22,2,2570363,920080,1274025,1631
22,2,2482499,255615,433049,1291
22,5,3757367,1580673,3721775,1240
22,7,2585279,2366506,2176288,1230
22,5,2156303,19660,702480,903
22,5,4056743,510421,3388093,1162
22,19,3668279,2370557,3423466,1095
22,2,2247803,1529489,300784,1085
22,2,3314243,2076857,1411880,1705
22,2,3955499,2601906,1301600,1305
22,2,2509379,1105302,2289865,1120
22,5,2360087,294059,1903870,1061
22,13,2724119,1817941,1185254,1074
22,13,3038999,537548,411841,1867
22,7,2347559,1996568,682993,1009
22,5,2252567,1832038,2114594,1172
22,2,3549059,525305,2236925,1105
22,2,2209499,2159548,1757299,1058
22,5,2658287,1769797,780662,1609
22,5,3169247,2163646,1741521,1061
22,5,2658287,189575,2506254,956
22,2,3726803,925854,3313012,1142
22,5,2917823,2176422,1118334,983
22,7,2435519,147622,290260,893
22,13,3898919,2657107,1159333,1263
22,2,4051379,3447506,3946665,1127
22,2,3046763,331193,2409884,982
22,2,2657003,2226563,2104969,929
22,5,4019663,2151395,3705167,1066
22,2,3786347,195592,871742,1360
22,2,3461699,1644618,990425,1104
22,2,2806907,2718125,1734416,1027
22,2,3538307,776460,3370614,1051
22,5,3167687,2354584,1793840,962
22,2,2597963,2469232,1228219,984
22,2,3680987,2144259,2938625,1006
22,5,3375287,2315479,1903449,1018
22,5,3345047,3019487,2551433,1061
22,2,2777267,2263434,1424505,1277
22,5,2637983,1402993,2040682,888
22,2,2393723,353545,2055924,862
22,2,3013859,1530124,1927159,1112
22,5,4077407,3847175,900583,1531
22,7,4031759,236701,993469,1316
22,2,2669267,1058430,1369339,1188
22,2,3905843,1462836,1524158,1645
22,2,2363939,2258504,849363,2169
22,5,3597263,2018180,3177562,1221
22,5,2644007,1214390,1896723,1146
22,2,2926403,1443668,2601621,1194
22,2,2251427,722036,2197159,1863
22,2,3939779,2016029,3287583,1234
22,2,2457899,1370429,1023052,851
22,7,3673919,1764547,2818879,1644
22,19,2439839,1114393,1182553,1124
22,5,3132287,2924259,2286905,1026
22,5,2397503,865444,405828,1053
22,5,4037303,2612086,1253748,1352
22,2,2361323,563047,717736,1348
22,2,2918603,2518744,20873,1305
22,5,4017527,1910985,834666,1883
22,2,2765219,1948573,364294,2030
22,2,3003899,1049378,2446220,1423
22,2,4166843,1414680,1154369,1725
22,5,3999383,2150555,539017,1676
22,5,2961863,1026398,2394299,1230
22,11,3911879,3223045,1735830,1265
22,17,2739239,1552590,400035,1027
22,2,3842507,3633936,2964211,1447
22,2,3528587,3086678,3262923,1686
22,5,3489287,2771762,326883,1465
22,2,4099883,1338083,2377183,1581
22,2,4061843,2105156,3979503,1224
22,2,3795899,686918,2256466,1510
22,2,2181419,1756401,89539,1046
22,2,3340427,1331552,1253148,1421
22,2,3275003,1645916,1641432,1031
22,5,4051343,3171354,2662054,1638
22,2,4154819,1108604,3265526,1250
22,5,2944847,1377894,2370325,1404
22,5,2597303,1691428,1910647,938
22,2,2650667,1533850,977783,972
22,5,3194783,1307542,60347,1258
22,2,4077443,496460,3940822,1204
22,7,2760839,859495,1477157,1058
22,2,2644043,526055,1397935,1170
22,2,2333459,260201,700316,986
22,2,3947627,1804498,1859060,1366
22,2,2277179,2150115,48742,1990
22,5,2563007,279180,71080,972
22,2,2654027,2525634,2586404,1091
22,2,3870299,1280006,1870246,1378
22,5,3023303,1639985,2224679,1088
22,2,3097883,251230,1146944,1132
22,5,2853503,2651638,2105416,1243
22,2,2712947,1792459,121837,965
22,11,3053279,479531,1932096,1079
22,5,3093647,1900533,1498038,1053
22,2,3729203,2118449,703720,1109
22,5,2905703,2808217,2103011,1128
22,2,3717083,3008577,2110057,1156
22,2,3587267,3093956,3404909,1315
22,2,3070499,1278626,105814,1152
22,2,2428667,1116312,226511,1111
22,5,2955167,1851715,1468463,1064
22,2,4083419,186940,729114,1342
22,2,3703907,1994648,145562,1155
22,5,4006823,320464,2514482,1171
22,13,2558639,1972446,1323734,990
22,5,3541823,296548,52497,1134
22,5,4186487,3065691,3712518,1500
22,2,3655907,3652509,1846238,1382
22,5,2960327,2953640,1321858,1187
22,2,3084443,588685,571567,1335
22,2,3973499,557288,258225,1206
22,2,2801339,517809,1799051,988
22,5,2784647,2116547,363366,1130
22,2,4155539,2454891,3268082,1247
22,2,2651339,1788502,2298363,914
22,5,2617103,2491070,1714319,1065
22,19,2357879,616023,1019165,1162
22,13,2245319,1350870,579732,910
22,5,2624663,756073,2434210,901
22,2,3342323,98405,2951236,971
22,2,2809307,640536,255490,950
22,5,2980487,1649282,552494,895
22,2,2299139,1107676,1777517,1001
22,2,3019883,2939719,1613907,1040
22,2,2379347,1102416,2012065,903
22,5,2448263,862471,494608,1159
22,2,4016963,602989,1484203,1117
22,2,2930723,2815548,1276663,991
22,11,3056399,1126121,625554,1175
22,5,2943167,2443452,543597,1093
22,13,2549879,2165576,983960,903
22,13,2744279,334118,1958600,957
22,2,3321203,424633,1185866,1137
22,7,3104159,2981053,1779878,1186
22,5,3640223,1378656,1803527,1180
22,2,2272619,2009746,1275865,987
22,5,3168167,2978735,2287024,1128
22,5,4051583,1880753,3379725,1385
22,11,3794279,2692752,594861,1185
22,5,3208463,1356729,1688534,1173
22,5,4183007,928504,605997,2355
22,2,2760683,2336166,377218,1128
22,2,3036899,594960,2994005,1026
22,7,3402359,1557060,2093885,1053
22,2,3642203,1257325,1547767,1587
22,5,2248847,1949183,2182407,1058
22,2,3836387,1553921,1955429,1922
22,5,2477807,734349,1467638,1084
22,2,3736763,1075046,330079,1512
22,2,3646187,2018610,1233592,2139
22,5,2833343,719792,506698,1599
22,5,3517967,2339709,1809755,1245
22,2,2154707,1272789,1621482,825
22,5,3934823,580655,1968889,2213
22,2,3612419,1751399,1672960,1565
22,5,3995687,1125898,1702717,1123
22,5,3805223,1609839,344399,1470
22,2,3535139,2339260,1398648,1097
22,2,2619347,1774123,1018680,855
22,2,4116467,2802906,1897374,1235
22,2,4137059,1873329,983242,1402
22,2,4141283,3363074,121631,1175
22,2,4065059,2636606,996086,1178
22,5,3682223,2289553,3260387,1241
22,5,2279063,442392,921945,967
22,5,4105847,2329206,3192148,1186
22,2,3291227,756470,3038819,1378
22,2,3779003,1955082,3758203,1070
22,2,3821627,1631773,3471118,1338
22,2,4143467,3002390,2588338,1266
22,2,2934563,793610,1209457,1063
22,2,2640347,1649470,1964768,986
22,2,3484043,911479,1813010,1146
22,5,2838047,1915706,2801312,1110
22,5,3312767,2636317,1859970,980
22,2,3003899,2353419,2979359,1114
22,2,2949179,1336274,979444,1194
22,2,2137259,1355172,940445,861
22,5,2884823,320381,872041,966
22,17,4098839,2467927,1152933,1055
22,5,2634263,2545014,1639751,1220
22,2,2462843,74221,1510681,838
22,5,2272727,500494,1987420,923
22,2,2591363,760861,2509153,964
22,5,3175847,2442922,206438,1288
22,2,3694619,2360063,1240133,1127
22,2,3973499,527498,2858483,1249
22,2,3921059,2869621,1829105,1107
22,2,3884099,1982442,268815,1013
22,2,2920739,129676,2526127,873
22,2,2247923,150147,1235341,795
22,2,3431243,1581197,737099,1113
22,5,3523823,794214,1608365,965
22,13,3590879,976969,3050394,1173
22,2,2666507,909175,1865257,1023
22,2,3898619,2724114,3404239,1121
22,7,3027719,2821285,182903,1018
22,5,3342623,705365,1803509,1127
22,5,2640503,528971,872953,1017
22,2,4048739,973476,1639165,1087
22,2,3931259,2141133,2696500,956
22,7,2535719,97329,1489049,852
22,5,2309543,197330,1809017,864
22,11,4170599,1196267,539774,1168
22,5,3641783,1053898,3364059,1045
22,7,2793359,432898,1953215,1082
22,5,2737583,1942360,744153,930
22,5,3928487,1411935,1448360,2159
22,2,3325859,2649160,1193224,974
22,5,3792527,1934819,3519299,1008
22,7,3027719,492871,2285921,1096
22,7,2767319,918528,2509425,1018
22,2,3207899,2308227,1318544,1019
22,2,3277643,1170858,663410,1824
22,2,3856187,926321,1015789,1389
22,2,2250419,1373936,1683948,838
22,7,4092839,1216931,2663108,1520
22,2,3726083,2442573,611890,1337
22,2,3983699,1959404,3788628,1261
22,5,3347447,1539740,2827244,31585
22,11,3560759,1570150,741987,1831
22,17,3361679,1641396,1749402,1108
22,7,2954639,2335022,67015,1157
22,2,3779003,3724813,73486,1377
22,2,2242187,155428,2049862,824
22,2,3515483,363501,1728221,969
22,2,2637659,529303,1890265,919
22,2,2591987,2327861,108863,982
22,2,2662307,1559417,721287,1024
22,2,3185243,384041,121576,1123
22,5,2761943,2330524,1501595,978
22,5,2351303,1477951,1441532,815
22,2,3246323,1891163,1308082,947
22,2,3265643,2893824,2217296,1288
22,7,4103999,1568540,1574993,1389
22,17,2676959,2107049,1061465,1234
22,5,3744647,2475128,3247722,2019
22,2,2640227,2199154,982936,1027
22,5,2877983,234002,2367333,958
22,13,2298119,1962970,204377,1431
22,2,3016067,2138335,2100710,2169
22,11,3953519,3937650,102770,1366
22,5,3806927,2757580,2104893,2330
22,2,3126323,2368995,2999587,1145
22,7,2535719,1827493,566005,1894
22,2,3111803,1947136,1725348,1491
22,2,3408323,1523931,164741,2238
22,11,2267159,1656394,368529,1152
22,2,3618347,907751,1826392,3504
22,2,2593859,2201265,1378828,2209
22,5,2613503,1501422,2603536,1018
22,11,2188679,415594,1255813,1721
22,2,2552027,108360,514230,1107
22,5,2140823,501933,1527019,1044
22,2,2893763,1095671,1629855,1197
22,2,3012539,2108469,365099,1948
22,2,3836363,592000,3023847,1234
22,17,4142519,2313359,2031813,1451
22,5,3476423,275421,490669,1191
22,2,2488667,2098926,412547,1134
22,2,3776603,2223074,1071747,1280
22,5,2453783,1288396,1838,1006
22,5,2672303,1806398,1866594,1103
22,5,3664943,1684141,2085132,1624
22,2,3018539,7665,1080695,1201
22,5,3637223,2175970,2871153,1178
22,2,2869187,1808059,783744,1056
22,5,3795887,264506,947775,1116
22,5,2680583,1051301,1034555,1314
22,13,3626279,471100,1182485,2069
22,13,2844239,1076915,1327764,1031
22,5,3048047,2547588,1187670,1167
22,5,3370967,1186962,2238139,1300
22,2,2931707,544601,1700255,1553
22,11,2781959,1722236,1809193,1321
22,5,2592287,1940070,2309841,1059
22,5,2909183,2185032,1433863,1109
22,2,2285099,1335660,1031778,982
22,5,3308087,1394692,895812,1583
22,2,3166187,2172871,1754378,1530
22,5,2676887,332422,1605843,1066
22,11,3777119,150749,1221675,1236
22,2,2969699,1198183,280748,1021
22,2,2987147,1262543,2526954,1002
22,2,4092587,2360779,2152301,1075
22,7,3371519,2512804,261322,1029
22,5,4153223,118511,1299206,1387
22,7,2227439,1849408,422163,889
22,5,2190047,352775,1198124,895
22,2,2631347,1395296,1257916,825
22,5,4012367,3794014,2722762,1330
22,11,3874919,715330,906132,1171
22,5,2180807,988101,829118,1085
22,2,2329259,2007694,798765,870
22,13,3106319,1978860,1070220,1080
22,2,3068699,2435221,304234,1311
22,2,4159523,3530784,2037622,1154
22,5,3504647,1286061,2416680,988
22,5,4138703,1579064,2348592,1138
22,5,2193263,1974364,1034379,862
22,5,3348407,2732527,3334430,1013
22,2,3134723,2881605,2622767,1015
22,7,3918359,3432769,3828803,1137
22,2,4189019,1443591,2440142,1183
22,5,3732383,278399,1994704,1055
22,2,2420339,2315186,85576,942
22,2,2289179,1305628,1541212,833
22,2,2978219,465723,2928937,931
22,13,2564999,1252097,2289707,1063
22,2,2849699,2120661,1607952,928
22,2,4079003,2164704,2976223,1045
22,2,2958563,2780507,483084,1140
22,2,2164307,19378,1624482,811
22,2,4126043,1190710,1312053,1191
22,2,2223587,1297240,683250,957
22,7,3192599,3183959,1822770,1164
22,5,3892367,501258,1612294,1113
22,2,2290259,691225,1170849,952
22,5,2651807,2069812,341552,1008
22,2,2941283,1098466,2550942,1092
22,2,2953163,2377621,2283190,1186
22,5,3433583,1542869,1098657,1767
22,2,3126083,753378,1692863,1039
22,2,3209147,2498711,1656746,1256
22,5,4194287,569300,1531841,1132
22,2,3079283,2981382,2595210,1159
22,2,2197907,1028694,95398,918
22,5,2689487,2174956,1324369,978
22,5,4046423,1923349,2274620,1164
22,23,2598119,715982,631318,1492
22,7,2710439,1892783,2497062,903
22,2,2117723,332319,261875,855
22,5,2597303,2124958,1615912,1982
22,7,3583199,1113549,1105598,1212
22,5,3178823,1813860,1335243,1358
22,5,2986583,2453792,1627757,1090
22,5,2323367,2046575,1561040,1037
22,2,3213083,2365483,1780347,1111
22,2,2811539,696536,998472,1932
22,5,3803783,2482195,1936020,2342
22,5,3069863,2346939,364967,1392
22,2,2458283,259229,604446,997
22,2,2723627,500656,2680356,1041
22,2,3915707,180922,2421979,1088
22,5,3957047,3606393,1368130,1711
22,7,3332039,1222944,2882494,1237
22,2,3934523,641985,2431410,1394
22,2,2249483,1248452,834718,865
22,2,3406763,3176179,3205651,1059
22,5,3163487,2385246,2889497,951
22,5,2350703,2116938,259486,974
22,7,2190479,2028805,234610,950
22,5,3766703,1660655,2555218,1186
22,11,4171319,771832,3827956,1144
22,7,3874679,3234638,2488008,1191
22,5,4149287,2922921,630731,1141
22,7,4171799,3735592,4052438,1261
22,2,2240003,212978,1152795,858
22,2,4048739,3549590,2477714,1458
22,2,3756443,3137297,3261223,1228
22,13,2318279,1420765,343954,1115
22,5,2581367,1059121,1596679,1017
22,2,3603563,2627783,208684,1068
22,7,2510279,1985336,524868,1023
22,2,2655539,2050650,716747,1516
22,2,2159363,1550784,1949833,1155
22,5,3265247,323625,3004073,977
22,2,2699339,861403,1867985,983
22,2,3449723,593361,1318368,979
22,5,4013783,2764252,801769,1254
22,2,3567659,1146522,2931889,1255
22,2,3063443,235745,338772,1497
22,5,3417047,2324603,1466921,1033
22,7,3097439,1118381,2234275,1049
22,7,3095759,1356523,135851,1211
22,31,2420519,142364,2291357,1740
22,23,3450719,3447722,1675460,1323
22,5,2455127,288021,371186,867
22,2,4051379,1855618,1526976,1232
22,2,2566667,1766728,2387087,905
22,2,2577539,1185257,2151834,1118
22,7,3350519,183337,512849,1018
22,2,2375963,1591655,632522,911
22,2,2222723,488661,341906,985
22,7,3831599,727007,612544,1779
22,7,2526479,223734,764720,1180
22,5,2843207,2505724,2325301,1267
22,2,3755243,2825712,2198447,1217
22,5,3478127,2564,698151,1034
22,2,3466643,1321891,957627,1239
22,17,3889079,1102159,3765652,1596
22,5,2868263,1646901,309311,1073
22,2,3415883,2853696,3039889,1279
22,17,3597359,3047707,2387059,1214
22,2,2712539,432531,1738741,1152
22,2,3158339,550190,1062635,1044
22,5,2315063,1861003,32638,1044
22,5,2682143,2214576,478365,1607
22,2,3106667,1201514,2042613,1093
22,5,3967127,3946287,2370634,1455
22,2,2265899,303353,342520,972
22,7,3465599,1487697,743250,1260
22,5,2113823,887010,637319,970
22,2,2453483,823808,446171,1306
22,11,3424679,1114512,1081139,1823
22,5,4033343,1510072,138290,1315
22,5,3321503,2526889,189537,1239
22,5,3088343,2460642,1262133,1080
22,5,3855647,2824354,1397677,1195
22,5,3377303,2377266,2435927,1158
22,2,2285099,1404759,1093378,989
22,5,2330423,1494585,1568587,970
22,2,3729179,3616374,2661411,1260
22,7,3290039,1607922,3074152,2198
22,7,2654759,1201221,528214,1093
22,2,2499803,1933600,88507,916
22,5,2955167,1943138,595119,1344
22,2,2265899,903666,1840963,994
22,5,2280407,1865449,1687175,908
22,7,2807879,269764,1165667,992
22,5,4176863,1983128,3020107,1554
22,2,3821387,2121655,140863,1259
22,5,2770583,2627405,298557,1407
22,2,3306659,2695087,1316099,1157
22,11,3800999,826598,1356440,1216
22,2,2114363,981744,2089463,1084
22,13,4143719,717348,3756196,1248
22,11,2363399,637477,1542103,1033
22,2,3057707,1159268,2242763,1537
22,2,2621987,76857,2530687,988
22,5,2394527,10163,1529712,1378
22,5,2392463,1663958,387046,1768
22,2,2920739,2165737,83837,1565
22,2,3442883,2635656,33276,2409
22,7,4129799,4014318,61933,1752
22,5,2677343,878162,1326750,1138
22,2,2195723,414602,1899580,1734
22,5,2136983,928415,909560,2409
22,5,3600383,670991,2182107,2064
22,5,2387543,1387334,1833192,2836
22,2,3481043,54878,205028,2292
22,11,3643919,426772,2530752,1464
22,2,2117099,1093372,1540499,1757
22,5,3098807,1862168,1586751,1378
22,2,3084947,2340593,2996709,1839
22,2,2697587,755730,2309041,1776
22,5,3271223,1263695,2709315,2612
22,31,2158679,2117373,996198,1157
22,11,3351599,3048030,434392,1537
22,2,4183043,3404145,4154948,2233
22,2,3442883,1458401,3139252,1998
22,5,2119367,266066,1676392,1111
22,2,2885243,1400015,2231899,1817
22,5,2967983,1833024,2015520,1622
22,2,2621579,314525,77218,2048
22,2,3181043,866220,389985,1358
22,5,3945647,1572134,2940227,1705
22,13,2223119,267135,1618099,1187
22,2,2966507,1063039,1990099,1925
22,5,2108087,1887413,1709744,1109
22,2,3596819,3593026,3405224,1720
22,13,3713639,3165123,2064463,1758
22,2,2244899,1231536,1414686,1197
22,5,2341127,695692,1497561,1460
22,11,3768719,2754962,23812,1382
22,5,3375167,2745398,1049742,1505
22,17,2642639,1153341,2310966,1135
22,17,2659439,1596506,2197425,1224
22,2,3819899,1489931,2492700,1357
22,5,2159303,1764268,1724016,1208
22,5,3534407,135372,1332519,1249
22,2,2277179,2045894,1549922,1334
22,5,3803783,1891173,3305482,1569
22,2,3152099,2576550,595578,1115
22,5,3811967,2773993,1725152,3042
22,2,3794963,167724,1797979,1173
22,5,4033343,2789758,1672388,1324
22,2,2934563,2650227,2712761,1102
22,5,2765783,1574196,51223,1013
22,2,2806379,171083,1926428,1591
22,2,3983459,3487479,475496,1301
22,13,4023599,1776944,2247692,1328
22,7,2308079,469914,478245,1528
22,2,3339563,184500,2342437,1203
22,2,2118059,1468646,44405,970
22,2,3845747,3353695,1535668,1327
22,2,2602163,624457,569089,1158
22,5,4022783,2755457,330430,1175
22,2,3316619,134166,1591677,1286
22,2,4192547,1783620,3509113,1941
22,5,4030127,1967226,3599833,1400
22,2,2289179,1962782,494767,1003
22,2,4090019,2493350,1295894,1236
22,2,2577083,1773768,2268906,1064
22,5,2935727,1932794,800632,1228
22,2,3577019,2814557,466789,1269
22,7,3127919,668408,3106080,1301
22,5,2504687,2221091,1873028,1870
22,5,2277767,1913853,1115472,1648
22,2,2941283,2522932,1220582,1127
22,5,2330423,1030027,236539,983
22,5,2660447,2589507,2403750,1121
22,2,3164003,747820,1013409,1226
22,2,3571427,3033612,2902410,1439
22,5,2944847,1263626,175889,1239
22,2,3367163,2570006,2767887,1277
22,5,3719207,2625075,285268,1936
22,2,3895883,595212,1473912,1421
22,5,2896847,985431,365232,1142
22,5,4064807,3400081,3078569,1364
22,7,3999599,2394344,920093,1171
22,2,4018979,2908965,2088647,31682
22,5,3105143,1866540,2741231,1185
22,5,2357423,2213337,87987,1677
22,2,4046123,3552227,3056449,1552
22,5,2162663,1038106,1550768,1067
22,2,3218987,2129700,1840916,1127
22,19,2357879,565509,229484,976
22,2,3447947,2976786,2971135,1171
22,13,3599279,2515291,1552863,1162
22,2,2537363,210233,2457313,1024
22,5,4125767,1573038,1096504,1479
22,11,2916479,1476112,1854308,1006
22,2,2598899,2106422,2111498,1127
22,2,4059443,3676482,1274275,1871
22,5,3347447,1905510,2743963,1018
22,2,2207099,1318392,1358523,1523
22,2,3777539,1142612,1605155,1371
22,2,3390587,2439629,457650,1259
22,2,3480419,388466,2273247,1096
22,5,2237567,583327,260306,1293
22,5,3912647,3901503,3026660,1636
22,5,2807303,656582,2399186,1617
22,5,3656903,1892989,1680811,1272
22,2,3338939,2677149,3022039,2192
22,5,4071527,1295805,900534,2557
22,5,3162623,2319481,2650562,2566
22,2,2977067,1773576,2266610,1044
22,5,3911543,61904,1270559,3126
22,7,3553559,2445604,1917796,1762
22,5,2101703,1222995,754108,874
22,2,4085699,2200973,2367910,1280
22,5,2487383,2394960,1330441,1117
22,5,3911423,2683362,2723920,1189
22,2,3864803,1221254,771492,1219
22,2,2331779,444238,1190809,1855
22,7,3919199,3001872,755660,2524
22,2,3150947,1571670,2197307,2626
22,2,4122827,2920858,3988762,1554
22,5,2876207,2086080,2148461,1424
22,2,3539267,2580235,637855,1428
22,5,4130327,1910237,561554,1386
22,5,3572903,1254935,1065870,1601
22,5,2665343,2121939,2378514,1909
22,11,2225039,1270955,541986,1108
22,7,3499799,1791516,64600,1096
22,5,3769583,1749748,1763112,1496
22,2,3248387,212983,2691586,1040
22,5,2341127,2181249,2004507,1015
22,2,3535139,3290378,416565,1180
22,13,2895119,2501079,792587,1114
22,2,2404859,1870150,799945,987
22,5,2613503,2546372,756792,1039
22,5,3513023,133345,715437,1021
22,29,4094879,1671400,661575,1311
22,5,2960327,1943254,2644398,1001
22,7,3831599,1458926,2563224,1321
22,2,2871227,408787,157254,1021
22,2,4069523,2583410,169382,1157
22,5,3893543,2868744,277171,1173
22,2,3732467,2258346,2417414,1093
22,7,2199719,1081416,760154,1098
22,5,2872007,2810079,2247319,1132
22,5,2117447,442333,373935,961
23,5,7939847,1634011,922087,1710
23,11,5505239,440017,3200937,1283
23,2,5043443,3738955,2015598,1393
23,2,7629683,588830,4321920,1490
23,5,5313767,1132685,3505593,1547
23,2,5993123,1389739,5595544,1657
23,7,4855559,4452,4143953,1344
23,2,6745307,2687121,498019,1662
23,2,6897659,3329648,5839686,1714
23,5,4888127,2149994,4366897,1709
23,5,4335407,1608287,2470359,1600
23,5,4571423,793547,1032770,1259
23,5,5259623,4818213,3341673,1721
23,5,6530807,4719218,2202022,1715
23,2,6950843,904388,743521,2138
23,2,6794507,4063814,6637161,2759
23,2,5505923,4220243,2784275,1384
23,7,4358279,2971230,4262925,1108
23,2,7237739,4500706,6096067,1409
23,2,5707523,1088500,225544,1286
23,2,7724819,745205,1774540,1468
23,2,6004787,2014606,1829744,1464
23,11,4751519,3954162,953951,1162
23,7,5315879,2364372,1495569,1351
23,5,4856903,4171029,3346543,1226
23,13,5868959,2010360,2247120,2354
23,5,7881647,571538,5915875,1857
23,2,4391867,2701643,647843,1448
23,5,4988927,4318698,3781736,1481
23,2,6841427,1512332,1020344,1552
23,2,5835059,1427817,4617582,2837
23,11,4507079,4497584,194772,1407
23,5,7550783,253502,3922974,2477
23,5,6773423,80555,3495621,2062
23,7,6610559,3016143,5397014,1657
23,19,4815599,1847112,1360636,1495
23,2,8124443,6043208,2319066,2369
23,7,5087399,3373464,3795778,1327
23,13,7900679,2666536,6535781,1708
23,5,7589903,2116334,5418044,1734
23,2,6506147,3800684,591061,1432
23,2,5872739,4504266,390379,1476
23,5,5726663,4702545,5695272,1884
23,2,4365899,3465212,1894127,1291
23,2,7945187,883567,11416,1887
23,11,5095319,836586,4220117,1847
23,2,7309619,6703937,6269318,2426
23,11,6097199,2775842,942288,1997
23,2,5233883,2233769,3928585,2268
23,5,7864127,438787,4764446,3179
23,5,6541343,3884498,900454,2142
23,2,8331227,5584279,6401039,1655
23,11,5095319,2204618,436626,2112
23,11,7787519,2030943,5820987,2948
23,7,5431799,2711365,4046587,2795
23,5,6606527,3182913,6307888,1714
23,11,7887599,2485415,3245017,4274
23,2,4658483,2334739,1273712,1259
23,5,6353687,4187088,4179479,1720
23,2,7835363,4747811,6974097,2368
23,23,7839719,1216872,5806297,1983
23,5,4635503,4531733,3555899,1569
23,2,5198027,1575743,3410883,1709
23,5,5890583,781425,3745406,1318
23,5,7239143,6067466,4779255,2663
23,2,5999627,1663814,2213535,1692
23,2,8379467,8378869,1922430,1843
23,2,6151907,2892194,3902738,1757
23,5,6408023,45369,5099752,1604
23,5,5042903,1976147,1201161,1857
23,5,5817167,2938976,1606948,1731
23,5,6005327,2552240,1300440,1630
23,5,5160887,4665424,3573975,1861
23,17,6790559,4797721,2100940,1654
23,5,7870823,773062,164671,1775
23,5,8169983,4437197,7736662,1609
23,2,6015083,974397,4703473,1260
23,2,6886739,4392949,966472,1306
23,2,5287427,679601,2751732,1197
23,2,5702843,2847032,4056246,1600
23,5,4863623,2760757,4211030,1186
23,5,4418567,3150928,1294091,1192
23,2,4827107,4461286,1692413,1326
23,2,5860403,5702107,4763786,1602
23,5,8045327,6503795,5623922,1649
23,2,7229939,7207060,1783017,1769
23,2,7819187,1348497,3386799,1528
23,5,5286263,4126126,4021807,1878
23,2,7539899,7071810,1201935,1767
23,5,6495527,1753774,2626541,1621
23,2,7598699,3735381,550198,1783
23,2,5562419,5326934,1337923,1379
23,7,4385159,2122813,2258166,2567
23,5,4695407,4129961,232263,1298
23,2,7586123,274823,583677,1379
23,5,5654087,4459670,3345199,1468
23,2,6105587,5018400,2402380,1510
23,5,5472527,1148036,1447291,1253
23,5,7474463,2415513,5705873,1465
23,2,7977923,836723,2562363,1370
23,2,4989443,3173200,4116209,1117
23,5,7938527,5670559,2995035,1642
23,5,5262143,3831704,1245046,1416
23,5,4986767,271240,3640090,1101
23,2,6065387,3133582,4033853,1431
23,13,7226159,4580802,4264473,1633
23,5,4298423,2480682,1923320,2321
23,2,7090859,6265750,2138345,1681
23,17,8269439,2624522,3744578,1776
23,2,7218059,1478858,138322,1506
23,2,6747107,5667215,866071,1579
23,2,4466867,1712763,30269,1367
23,2,4526867,3386763,1660129,2192
23,7,5414159,2195727,4462177,1429
23,2,5664083,1738166,5063156,1263
23,2,4667387,945577,3300725,1141
23,5,7162007,142625,5115566,1186
23,5,5830703,4625293,4294714,1230
23,13,7091999,4041621,2357664,1381
23,7,5873039,4343929,5348072,1310
23,2,6428987,1005866,2096413,1539
23,5,5916767,5086501,250268,1299
23,5,7429607,4140436,1894117,1276
23,5,4880087,4856262,4717311,1327
23,5,6051407,898203,2155807,1200
23,5,6488423,6234413,443932,1522
23,5,5476847,1961028,340300,2013
23,7,7143119,4620156,1326139,2084
23,2,6348179,4536338,1853175,1905
23,5,6018263,5838824,1576395,2055
23,2,5070827,2299958,4593417,2477
23,2,6365483,2400963,1533565,1669
23,13,4523279,3757735,187900,1360
23,7,5537639,1566510,4181868,1430
23,5,7377143,5834223,1433758,1690
23,5,4412327,120505,3285710,1055
23,5,8155727,6957460,4062015,2802
23,2,7664507,1033453,5379533,2735
23,5,7647743,6953569,149487,1755
23,2,4782803,37286,2415786,1058
23,13,5741039,687412,931712,1276
23,2,6421067,5258328,3866164,1850
23,13,4218359,786842,117163,1111
23,2,7989467,3662333,7289152,1833
23,11,5039159,3419276,2561588,1397
23,2,5291123,1197663,1920485,1234
23,5,7940663,5624107,2709552,1676
23,2,4898627,3639089,3722920,1260
23,5,7658207,2829709,2761050,1500
23,13,7603559,1228271,5233979,1394
23,5,7672943,3394750,2918835,1559
23,2,7253483,6338809,752766,1472
23,2,7511123,2481418,1702724,1477
23,2,6642803,4283434,5671603,1272
23,5,8096087,1118462,7846348,1381
23,5,5410127,4398864,4993381,1301
23,5,6656927,6582753,2376104,1570
23,5,7366823,3627217,1538332,1515
23,5,6886823,2915333,54068,1430
23,7,6349919,3922818,4604555,1614
23,2,8236643,8043242,6868270,1566
23,2,6361739,3839366,1060408,1516
23,17,6588599,2662248,3518863,1853
23,2,4923467,613656,3768114,1585
23,5,5137127,4816403,1197328,2797
23,13,5379359,5376004,2094874,1418
23,2,5508563,4911820,1060762,1396
23,5,4528703,3560630,1582638,1342
23,7,6469439,246322,3577951,1402
23,5,6333287,2366444,1659796,1647
23,11,5889239,1215021,4693302,1248
23,5,7351607,2248278,21887,1410
23,2,6409379,983060,3404987,1826
23,2,7388027,6884175,6575112,26436
23,7,7073399,5595416,4668752,1462
23,11,6893879,705722,1815922,1285
23,2,7045139,2483597,1864420,1699
23,2,6056243,3485921,845004,1250
23,2,5210867,5165605,3184726,1314
23,5,4335407,254020,781366,1347
23,7,7905839,7373405,5660703,1651
23,5,4390823,654067,211784,1092
23,2,4379267,1517995,263253,1159
23,2,8111339,6181083,4017399,1544
23,2,6075803,1626936,2632621,1296
23,5,6162623,1232753,2782762,1380
23,11,5413439,5206312,4055114,1457
23,2,5226899,2066558,769623,1428
23,2,4673939,1308264,4631928,1157
23,5,5712167,4704518,2154945,1318
23,5,7461647,2940011,3713717,1513
23,5,7913327,4664935,4230077,1454
23,5,5491727,67516,3810448,1104
23,5,4540007,1693569,1966063,1138
23,2,7954763,5190535,3126559,1413
23,5,7544543,6980970,700036,1630
23,2,5835827,4628102,3613245,1277
23,2,5482019,3210850,87459,1234
23,2,7101443,1556651,3548873,1380
23,5,6791207,3334019,377587,1412
23,5,8031767,5837720,6900246,1501
23,5,7170887,4735422,6961071,1923
23,2,5542619,1973034,5229138,1277
23,2,4590683,1761883,4091578,1408
23,2,8316467,6425057,3402197,2064
23,2,4563323,2462072,3479573,1552
23,5,7443167,3828822,6905198,1767
23,2,5806547,5660371,5249492,1594
23,2,7431779,987747,5294092,2231
23,5,6759503,975992,1543161,2827
23,7,7598159,5865796,3436658,3265
23,2,6036659,947573,891952,2554
23,2,7942427,7199491,430993,1828
23,2,8115203,5704010,7312463,1630
23,7,5994839,1283033,4441589,1764
23,2,6997163,2648431,4834572,1699
23,2,4264307,3403956,3907821,1317
23,31,4979519,1204696,3820614,1333
23,2,4909523,455537,3092130,1223
23,7,4984919,842831,723818,1167
23,5,5135063,656445,3358062,1258
23,7,5309999,3550025,950172,1443
23,2,5893859,2754474,3401314,1527
23,2,6340787,1758875,3563867,1513
23,5,6550823,5976452,5974342,1627
23,5,5447903,4576084,2845471,1411
23,13,6439919,1269143,4092907,1300
23,5,5719943,3125889,4957715,1299
23,2,8299667,186814,2094499,1363
23,2,4915139,1434887,557586,1204
23,7,8319959,8058268,7384746,1767
23,2,6518147,2157432,2792616,1433
23,11,4540919,144176,2916547,1027
23,2,8215283,5855145,6109143,1553
23,2,6938027,6088343,4570402,1603
23,2,5958299,4477359,5818096,1301
23,5,5989463,2895453,4455958,1377
23,5,4785503,225401,151312,1068
23,11,6427679,2997133,3653606,1454
23,5,5018327,207997,2741415,1210
23,13,5810279,4692754,132301,1327
23,2,4593059,2340128,3355112,1091
23,5,6849407,827587,3581389,1310
23,2,5700347,1470596,847229,1225
23,2,5323859,2080693,4378631,1597
23,11,5870759,1599198,1654329,1327
23,2,8233139,1449339,5141195,1422
23,5,4971287,2222874,789601,1311
23,5,7648463,5430133,3106528,1384
23,2,7926323,6697165,3790293,1713
23,7,7092479,3461092,6329215,1497
23,2,6701483,4048262,479765,1314
23,5,5317007,4039455,235295,1255
23,7,4212119,3515397,1922522,1220
23,5,5186543,5119430,1190176,1583
23,5,6702503,6046474,3637227,1409
23,11,4447679,2592955,179689,969
23,5,4704023,1646890,832208,1288
23,2,4407323,3405682,1720931,1128
23,2,7272779,3244141,2749337,1505
23,2,4932107,2888310,2756943,1211
23,5,8368847,2912007,6914929,1560
23,2,5426627,2240517,4211877,1472
23,5,6297983,3847524,5342519,1466
23,2,6025619,1042772,5038933,1377
23,5,4999103,434412,4465087,1353
23,2,6922547,1332815,1255856,1492
23,7,5762759,56421,3506838,1279
23,2,6840203,4904159,4209532,1489
23,11,7554959,6413737,6383458,1699
23,2,6409163,4394547,3134802,1387
23,5,6681887,3230441,4121602,1474
23,2,5260187,4350342,914637,1264
23,2,4503683,3312212,2639239,1131
23,2,7757987,7217306,1020724,1481
23,2,4661747,1117509,1755785,1185
23,2,7105067,2795802,3223072,1467
23,2,5415563,1676653,3310533,1243
23,2,8016059,5242787,5872957,1467
23,2,4941347,2964002,50780,1105
23,2,6465539,3289645,2026428,1213
23,5,6268247,1353,3041290,1354
23,2,5337467,4519258,716974,1276
23,2,7942667,1834611,7588071,1650
23,5,7902143,7565572,5014422,2248
23,7,7706759,2316310,2536977,1613
23,2,6073667,932211,805786,1681
23,7,6186959,2134439,1719555,1931
23,11,5039159,2418152,4492226,1465
23,2,4888043,1084666,21968,3261
23,5,7882943,3176638,5247546,1607
23,5,6831767,2845474,1658367,1438
23,5,6910103,3584135,4228268,1550
23,7,6275999,2379859,4116084,1486
23,5,5039303,3658116,2068690,1298
23,11,4719119,3179121,3745126,1169
23,2,4603139,937827,2670610,1249
23,5,6909263,4966203,5215087,1803
23,2,7926323,4330558,5257905,1357
23,5,6530807,3610909,1263536,1272
23,13,6967439,4133466,3013452,1318
23,2,4903043,4006005,843973,1224
23,2,5781827,1841712,4564171,1347
23,2,5798267,4604021,4153579,1305
23,2,8021579,3476044,7336886,1576
23,2,4496267,29023,1119387,1115
23,2,7047659,3247800,4510256,1457
23,5,6714503,5166100,3191064,1436
23,5,6393383,4642187,3810919,1429
23,2,5782187,1610979,76528,1288
23,17,7018079,1776538,2358370,1339
23,2,7664123,127735,7662417,1346
23,2,7202627,2431896,2888921,1502
23,5,7244087,887568,3478525,1415
23,2,6522563,4799615,1783536,1332
23,5,8209703,5344971,5113573,1422
23,2,7532027,2205718,7265253,1436
23,2,5641019,3804300,2364010,1272
23,7,7879559,5287669,4381357,1555
23,5,6723503,5419407,4860709,1425
23,7,5437919,2456779,3799660,1365
23,2,6332363,6309596,1989679,1446
23,5,4370687,4189821,2910277,1211
23,5,5607023,5345369,1788339,1752
23,11,6688559,5123169,768066,1338
23,5,5940743,467969,3617012,1212
23,5,8018183,109602,2357630,1382
23,5,7058567,5740312,4382311,1397
23,5,4264823,2558842,736108,1103
23,2,7644059,3600403,3010314,1573
23,5,7237487,3719915,1986925,1302
23,2,5720579,4952270,2554510,1336
23,5,6290567,3079118,3179913,1527
23,5,6900767,4796983,1061044,1398
23,2,6059003,879189,3256329,1234
23,2,5118203,1654252,4709682,25565
23,2,6960827,5687928,3099588,1395
23,2,4579283,2625351,3030389,1168
23,5,5728727,5164037,2824960,1402
23,2,4345739,158636,3936214,1200
23,2,4456787,2263026,2256070,1098
23,5,8212487,7279023,4196280,1639
23,2,4823459,1703162,1192472,1215
23,5,4615223,1838654,3222200,1258
23,5,8203967,7206837,5704232,1603
23,5,7387967,1589380,6534172,1451
23,5,8379167,226800,724533,1380
23,5,4323743,538109,1316518,1092
23,5,5290343,3614130,5058296,1342
23,5,8330207,3122436,7354980,1545
23,2,7062323,5463859,1414833,1395
23,5,4473647,1174337,2475859,1147
23,2,4934123,180337,915468,1161
23,2,4722539,3541672,3830425,1396
23,2,7002587,3809774,369300,1293
23,5,8018783,3287634,97528,1523
23,5,4918007,4631271,3892976,1291
23,5,6069023,271767,5510999,1197
23,7,4531559,129250,3229525,1127
23,11,7592759,310366,83773,1374
23,2,4421147,1902538,3004091,1218
23,2,4703003,901496,1125288,1676
23,5,4786703,820042,225231,1413
23,2,7984787,384316,4170257,2522
23,5,5392007,1869499,5054047,3047
23,5,6360503,563450,4948887,2762
23,5,5157287,3196617,4881816,1874
23,2,6869267,4740919,2098224,2933
23,2,8123243,377961,1543786,1811
23,2,5224643,1887223,3653856,1871
23,2,4402787,1026864,761831,2666
23,2,4454819,1624707,204271,2394
23,11,5392799,3838968,4284445,1379
23,5,5766743,5707006,3389842,1644
23,2,8050739,7376272,2679354,1685
23,2,6335027,336649,100057,1215
23,5,4880087,3490146,3377558,1257
23,2,8080859,868052,2024458,1330
23,2,5001203,2781894,3688879,1055
23,2,5478107,960009,912242,1203
23,2,6106403,1590145,3330249,1305
23,5,4767143,3317293,3725624,1510
23,2,7586123,3101197,6046933,2083
23,2,7924187,5612720,2823655,1973
23,2,4641107,576068,384093,1441
23,5,6572087,172676,3016843,1495
23,2,5708603,5664532,2960274,1282
23,5,7182767,6533413,4359430,1405
23,5,6795983,1236030,6100046,1360
23,5,7900583,2354135,1302735,1492
23,5,6831767,6041996,2371227,1513
23,2,8041739,940214,7058503,1299
23,5,7919183,3429097,5429371,1521
23,5,6496223,3114604,69995,1454
23,2,6198587,971429,1319611,1286
23,5,6889703,1930566,5243767,2068
23,19,6053759,551890,4755902,1231
23,11,6988799,6026541,6822347,1423
23,5,4700063,4132824,26710,1195
23,13,6778439,882365,4903482,1291
23,11,6641039,865569,6332265,1376
23,2,7624307,3631371,3321332,1512
23,7,4645559,1338378,2588865,1170
23,5,5934407,4534715,1584580,1407
23,2,5694539,604292,2417071,1168
23,5,8216927,2195427,5989485,1472
23,2,7456859,4935656,3501246,1531
23,7,5507639,2517244,3043986,1318
23,2,5300123,3753249,2668194,1232
23,5,7895663,393216,5433894,1281
23,2,6972683,3073721,5275364,1407
23,13,7279439,4270440,1767075,1316
23,11,4438559,2506670,2687857,1115
23,2,7491923,5201858,3468920,1391
23,23,4262639,3777301,3636819,1248
23,7,4895039,2141760,3406997,1251
23,7,6377639,5064137,4002576,1356
23,2,6185099,4225168,3468866,1299
23,5,5788247,1497625,5415799,1328
23,2,7572707,6744105,1895609,1549
23,5,6507143,1790656,4506188,1327
23,5,4752887,631948,1627736,1344
23,2,4363259,3055223,1404919,1105
23,7,8322239,886753,272081,1435
23,5,4802927,4155807,431034,1317
23,5,5036783,22494,4759336,1086
23,2,5467739,2565022,2394942,1448
23,2,6142523,2676852,5309542,1496
23,2,5121323,1024794,948435,1159
23,11,6448319,1028928,1291914,1269
23,2,4318163,2907256,4202338,1199
23,2,7714739,1055170,4911246,1385
23,2,4983179,1978847,4615022,1314
23,2,5911163,3763390,904408,1252
23,2,7442459,3685213,6839394,1522
23,2,7651739,7145461,3056324,1502
23,2,5222963,4353834,1346144,1557
23,5,8079983,4261589,1349048,1356
23,2,6486443,4281347,3440144,1337
23,2,4271843,1002260,3458879,1353
23,2,5290787,4092134,4836684,1229
23,5,7356023,1098697,1816496,1361
23,5,5356943,1075969,1206368,1257
23,11,8088359,2455950,5797254,1485
23,2,7233659,4882054,2032325,1676
23,2,6054779,216327,1445884,1404
23,7,5752679,1622553,3747207,1485
23,5,7161503,5273410,5584866,1585
23,5,5208383,2621042,780387,2657
23,5,6280367,5197815,3430803,2712
23,2,5271107,5028117,4020649,2044
23,2,7410659,1671079,3343585,1826
23,2,7999547,4117775,4125289,2620
23,2,7293827,7137411,1958345,3034
23,5,4998887,2053516,3804036,1370
23,5,5049503,4319940,2963374,1242
23,2,7295843,6894162,3831176,1498
23,2,5579459,5023130,2423682,1354
23,7,7705079,1560604,2268514,1546
23,5,6427703,4927301,3244022,1302
23,11,6440999,1200590,1820784,1403
23,2,5015723,970469,1265439,26267
23,5,5989007,1696196,864561,1298
23,2,6086387,4139311,3281946,1287
23,2,7160003,6745561,834389,1479
23,5,8272247,5201674,7488492,1356
23,5,5524367,3198628,4156656,1227
23,2,5041259,4884565,1491167,1234
23,2,5242619,3817339,1309935,1152
23,5,6288287,5996854,1785033,1383
23,17,7486079,1787940,2615911,1399
23,11,7537799,3355413,62403,1457
23,2,4320059,722791,1628203,1191
23,7,5139479,4155402,1483251,1265
23,2,7657907,2543929,7161100,1465
23,2,6515099,286523,4347319,1272
23,5,6916727,3786666,3912294,1238
23,7,7029719,5510066,6830051,1406
23,11,8261399,4216130,404441,1393
23,5,5223983,620359,4241865,1172
23,13,6832559,4590011,3590181,1614
23,2,5937683,3586470,3259632,1201
23,5,5773583,3100028,1044757,1147
23,2,7624427,3447208,4383305,1483
23,5,5541143,1817088,1260677,1275
23,2,6312323,5632064,5343787,1424
23,2,6188363,48776,5706647,1174
23,5,5853647,4366812,5412143,1251
23,2,4293347,2061297,1501053,1251
23,2,8040443,1959402,714030,1441
23,5,4778927,3541697,3847200,1242
23,5,6235367,4035734,3700812,1289
23,2,5317043,3443650,5063653,1202
23,2,7263563,6230332,4775593,1429
23,2,7238579,335302,7063023,1281
23,13,4889279,3678699,2365342,1154
23,5,5500247,2671508,4493068,1442
23,5,6644087,3448146,2763755,1265
23,2,6267803,4843651,3788821,1571
23,5,5091767,3037628,679975,1141
23,2,4732979,555323,4078295,1104
23,5,6442223,2675079,2420320,1356
23,11,6632519,2783604,3570498,1499
23,11,6921599,6815233,1544345,1497
23,2,6898883,6482325,5486219,1434
23,11,6289079,1601305,1017503,1303
23,5,5365103,591851,4200146,1211
23,2,6901187,6450303,5680709,1581
23,2,5617043,2583520,5407698,1513
23,7,6263399,3441241,4685767,1229
23,2,7872323,2769664,3785543,1789
23,5,7884047,829767,1043840,1496
23,11,7316039,4742403,4984095,1385
23,2,4655507,462149,2914344,1120
23,5,6822623,6148876,5551336,1548
23,2,5815907,2801458,5745677,1370
23,5,4746647,4735170,214936,1294
23,29,7584359,3906544,2813531,1381
23,2,7724819,6249195,709127,1695
23,5,6910103,1530701,6831371,2637
23,5,6269807,942400,5758579,1494
23,2,6106403,333418,4766339,2149
23,7,4212119,866171,1023555,2040
23,5,6737063,3209174,5367337,1982
23,2,5552363,1462061,5532280,1612
23,2,8359283,7674178,6791942,4049
23,11,7214399,3857988,5466156,1867
23,2,6135203,510549,5126867,2300
23,13,7564919,4662738,2233949,1589
23,5,4269887,870728,431670,1185
23,2,6487667,3509878,5565603,2880
23,5,5584703,4192996,2252709,1779
23,2,7778747,7024787,583758,1919
23,2,4376963,2329443,4141263,1230
23,2,7179779,237973,604195,1436
23,5,4420607,2298318,3912736,1151
23,2,4244363,284747,3282524,1171
23,2,6014627,4749658,4115768,1454
23,5,8372423,4072305,1352027,1927
23,2,6906203,4919079,3821450,1591
23,2,5543579,2212035,1382129,1490
23,5,6481367,1540736,3076358,1670
23,2,4413203,225665,3477554,1188
23,2,4504979,598917,876852,1199
23,7,5322839,4898120,2959606,1303
23,2,4546307,3691312,1733375,1155
23,5,5255423,3638891,1081675,1191
23,7,5397599,563112,4522979,1166
23,11,4491359,731591,2027563,1106
23,5,7810703,3491712,4334529,1812
23,2,4988843,2966293,1947124,1163
23,2,5287979,1458318,2923810,1489
23,5,4547303,462356,1518905,1069
23,5,5793527,574090,2633799,1453
23,5,5852303,5380590,1517706,1421
23,5,7067063,3404988,5158387,1483
23,2,6699227,3416113,6617716,1245
23,2,7229219,1317846,1526570,1365
23,7,7654679,2034432,3997851,1396
23,5,4709183,2390756,4305725,1013
23,11,6823199,2479878,6553255,1435
23,11,7916879,7440338,7010119,1676
23,2,7127987,2616457,3153068,1626
23,5,7857407,2611750,3497925,1517
23,2,6774179,1455683,3066259,1317
23,19,6147599,5935820,2750051,1409
23,5,7544543,4084277,2454915,1320
23,2,5426627,1387076,943836,1296
23,2,5002979,4607384,4759920,1228
23,2,8168099,3870977,2825306,1487
23,5,8011583,2221587,494135,1457
23,2,4548539,3542039,2748848,1143
23,13,4729199,4578367,271160,1242
23,2,6919427,5389301,5322392,1414
23,2,7744259,127254,5715234,1286
23,2,8057243,2922483,4584096,1530
23,5,6217103,2557041,1499614,1370
23,5,5543927,3146201,443336,1144
23,5,8317223,3893658,5109313,1571
23,2,4339547,3287148,4031040,1218
23,2,8211803,4848366,5205970,1440
23,19,6420959,3796580,747417,1238
23,5,5202167,2519683,5171842,2608
23,7,4746359,2390304,1500263,1099
23,5,7258943,590487,4762974,1743
23,2,7270547,655765,1892962,1441
23,2,7331627,1795271,1886555,1370
23,2,7031867,4825084,3304789,1606
23,5,7351343,4013667,4373819,1374
23,5,4473647,819476,2899415,1137
23,7,7912319,2779948,7379615,1533
23,2,6374339,2831092,1998692,1568
23,5,8227487,2608837,5865280,29478
23,2,6079979,1442984,5795933,2015
23,2,6761939,972889,1148420,1507
23,5,6715727,1692318,5288501,1634
23,5,6167783,1477514,776226,2222
23,2,4206947,887852,3819575,1225
23,2,4989443,3249674,3647522,1196
23,7,4619519,3730833,2556225,1781
23,2,4455707,2891157,2575733,1155
23,5,5904623,2859467,1522532,1643
23,2,5313443,1063144,3970736,1243
23,5,7254167,4159640,1836258,1310
23,2,5251859,4716846,4643208,1451
23,2,7270379,5865421,5481239,1472
23,2,5110019,4229077,562388,1294
23,13,8154599,7856992,5067092,1687
23,2,7977779,4227802,5189629,1326
23,5,5233343,5178605,4395474,1307
23,2,8327483,5112386,4788111,1466
23,2,6010787,3973154,4146415,1272
23,2,8189123,440032,2943384,1316
23,7,7576319,3881583,1134181,1291
23,2,6172043,5182521,3971879,1271
23,2,4861859,1288756,4161743,1229
23,2,5355947,3930884,2109758,1344
23,11,6607439,4558839,472915,1296
23,2,4288979,103045,1865689,1059
23,2,6316067,786551,3711542,1235
23,2,8192699,1280556,296621,1379
23,5,6782687,3614629,619566,1324
23,7,5954519,1536908,2908879,1380
23,2,7414739,4746185,96119,1347
23,2,7627547,7400405,1439711,1583
23,2,4288619,3436221,116665,1152
23,5,4988927,4250394,437156,2238
23,2,8383283,4529131,2539738,1439
23,5,5153663,4664845,1771842,1217
23,2,4197107,2182143,915638,996
23,2,4883147,3694042,1133677,1147
23,5,8200463,5823545,6260043,1513
23,2,7720667,1110896,7594067,1380
23,2,6874787,3531397,712814,1327
23,2,5397443,3306310,840645,1219
23,5,4885367,626167,2707341,1151
23,2,7608659,3805418,4415442,1114
23,2,5098763,1310814,1258805,1171
23,2,5490539,977453,671819,1199
23,5,5768327,4489697,5499398,1347
23,2,7867019,1933854,2831080,1496
23,2,7326923,4524754,4159991,1332
23,2,6421763,5248306,5136662,1363
23,5,4871663,2777841,2803218,1060
23,2,8009747,6588659,4904489,1474
23,2,6458483,4100175,497771,1468
23,5,4968647,3402659,2467078,1433
23,2,6276059,4274855,3666246,1555
23,2,4218107,3633200,1844199,1336
23,2,4411523,3103924,583657,1177
23,5,7961783,3531587,85596,1537
23,5,6277703,830340,2106503,1478
23,5,4331543,1658240,370060,1329
23,2,6554243,4987532,4509234,1342
23,2,4264259,3973861,2554173,1235
23,2,7555907,3490570,6152591,1500
23,11,7887599,1925622,4654543,1434
23,11,8273879,1313871,4488716,1449
23,2,7496579,4834352,348304,1362
23,2,5691899,1946373,1950006,1288
23,2,5047739,2827072,1702012,1121
23,2,5150987,2035205,3290027,1395
23,2,6049763,5498095,3361911,1294
23,5,7915487,3045455,7637012,1593
23,2,6859499,6244773,2831725,1423
23,2,4772939,146587,3676866,1086
23,2,7123379,5171858,6624188,1314
23,2,4983659,4338892,4120457,2371
23,2,7516739,5912704,2057619,1865
23,5,4931903,4094728,2483169,1282
23,11,5565719,4994220,2513325,1532
23,2,7676507,2400964,2805350,1786
23,2,7011659,2357889,808736,1556
23,2,7858427,3462502,6592107,2261
23,5,5963927,1375864,3712049,1583
23,2,4866227,1297083,977383,1362
23,2,6255203,997343,2714408,2388
23,2,4426139,1384282,2622275,2970
23,2,4596419,1826129,4040928,2659
23,2,5256683,2210791,4884745,2739
23,2,7888499,5868717,4052485,3319
23,5,8052167,3206239,7459602,3347
23,2,7575059,924785,4175092,1912
23,5,4538063,571661,4156634,1240
23,2,7496579,7107209,6232410,3494
23,7,6208199,3791081,3549454,2691
23,2,8001899,1661254,2140222,1611
23,5,8336663,131269,4107412,1917
23,2,6979187,6307280,1379927,2481
23,5,5795423,1602676,4456765,1675
23,2,7502843,590624,5780152,1803
23,2,7186667,229010,2230056,3036
23,2,4512059,4078291,1183492,1733
23,5,6856463,3404443,682608,3151
23,7,7886519,1172853,1615638,2378
23,2,6377963,1838785,582523,1495
23,2,5936339,4719169,1716652,1513
23,5,6374087,374752,4650121,1240
23,2,5346899,2440368,1456557,1298
23,5,6156407,2709020,2134761,1617
23,5,7274087,5932316,65772,1631
23,2,6836603,3716739,2323128,1337
23,5,7697303,6606040,5008890,1700
23,5,8001047,4703805,6309103,1488
23,7,6746639,5550597,3808625,1462
23,2,4487579,3045777,3130047,1306
23,5,7204943,7006533,6157563,1812
23,11,5281919,4666268,2547375,1413
23,5,6054527,5345355,4213333,1557
23,2,4718699,626159,1784044,1140
23,5,8263583,1268851,947810,1576
23,5,5664287,4289257,624772,1486
23,5,5096327,1954876,4979426,1425
23,2,6001907,1365668,2040515,1726
23,2,7064627,5659836,518986,1677
23,5,5436407,1527685,1939373,1379
23,5,8026727,3867220,7372019,1553
23,2,5195963,3159798,4988386,1237
23,5,6529487,2718200,6491783,1461
23,2,4353659,2284231,1091898,1146
23,2,5033339,2109613,2900889,1297
23,2,8324627,3467534,1940273,1594
23,5,8157767,4992231,2189867,1673
23,5,7440047,2869761,3988366,1733
23,2,5616827,2456078,5338207,1299
23,2,4989443,1359034,977777,1438
23,5,4947263,1316771,3733824,1679
23,2,4687283,157865,791434,1060
23,2,5743499,3877500,1013524,1487
23,7,6128159,2171705,1034204,1510
23,11,5095919,96721,2313847,1238
23,13,7688159,821775,4606637,1395
23,5,5179943,4562535,3292909,1279
23,2,4641347,3239098,1861183,1342
23,17,6501239,5179305,5715760,1414
23,2,5593403,2975399,5408717,1148
23,2,6760499,6573901,2800823,1464
23,2,4887899,1846329,3946985,1225
23,2,7636067,1378078,7307753,1331
23,2,7925627,19486,5261111,1275
23,2,6638459,4487145,664648,1340
23,5,5659847,593745,4610373,27383
23,5,7797887,2620394,2800007,1503
23,5,7182047,1692493,321922,1380
23,5,5456327,945730,441588,1270
23,5,8388287,2704738,8147907,1601
23,2,8145419,2074513,257429,1572
23,2,5543579,3414786,1313020,1184
23,2,6932483,1817643,6858949,1424
23,2,7253123,2345963,779673,1487
23,2,7435907,1429991,4059830,1393
23,5,4418567,2129190,820857,1241
23,2,4949579,3492458,2787663,1199
23,5,6648623,3742712,3730592,1227
23,5,7687103,1457236,1873049,1750
23,2,6197123,2336746,3652134,1733
23,2,4514603,2289130,1736456,1197
23,2,5892683,3563499,3270630,1779
23,2,6522563,3880717,629972,1495
23,2,4754963,2662076,3312920,1397
23,2,5615459,3005680,4044268,1237
23,2,6542219,5274437,3948788,1350
23,11,5878799,2802473,1366312,3388
23,5,4336727,2011623,2437849,1323
23,13,5602439,3921952,1090149,1835
23,2,7357667,1765321,1547719,1468
23,2,8028899,3812058,4324650,1593
23,5,5193743,3029813,2444835,1301
23,2,4629347,2144958,2254525,1253
23,2,6740843,5847904,5526732,1487
23,5,4480583,3302622,4059677,1240
23,5,7189727,2357890,5206508,1540
23,2,7801979,6691407,996408,1556
23,5,5021183,2926203,2275871,1128
23,2,6556643,2981723,3987677,1419
23,2,6236507,3534787,3632513,1158
23,2,7066259,4229458,5223424,1361
23,2,7277147,4407905,2252083,1629
23,2,7577243,1970742,2698158,1434
23,7,6543359,6177118,5235620,1521
23,2,4825307,1928182,3974198,1375
23,5,5472527,3484791,3153774,1212
23,5,4943063,38343,424444,1119
23,2,7427699,1526780,5064411,1417
23,2,7868219,1695949,4257238,1472
23,2,4402379,787325,3140469,1168
23,5,7578287,1797509,7489739,1410
23,7,7285679,701058,2818784,1539
23,2,6430283,1760152,3868904,1392
23,11,5119679,2980287,4811146,1780
23,11,7940399,3862708,7478629,3112
23,2,8029859,4726294,5275823,3328
23,2,6664979,5031549,5607024,2050
23,2,6956123,3605539,1779739,1541
23,5,7325447,1393184,5269856,2079
23,2,5304203,618487,850487,1359
23,2,6560627,2835908,4181939,1787
23,2,5141867,2855581,4611742,1501
23,2,4726067,2017531,2279003,1412
23,5,6008687,1137355,5190975,1412
23,11,4507079,3445747,2077454,1395
23,5,5213207,3819016,1408581,1347
23,2,6563867,55496,711174,1396
23,2,6032459,1437837,3814700,1527
23,2,8160059,3644667,3359738,1765
23,7,5814839,4885010,2816822,1388
23,7,6560999,5765671,1993796,1483
23,2,7794803,4784471,858114,1463
23,5,8246423,673,1936753,561
23,2,7497107,218822,7202814,1394
23,2,5834099,4640673,5031263,1309
23,5,7797743,5523389,3037445,1463
23,5,4777727,3005439,4734522,1183
23,2,5081387,4484734,738410,1313
23,11,5335559,4196830,403621,1268
23,2,5739563,2000393,2951543,1329
23,2,6356387,91095,4302573,1210
23,5,5316503,1896436,472078,1188
23,5,5768327,2029622,534877,1251
23,11,8044679,7023662,5763153,1563
23,2,7887707,3440814,761757,1549
23,2,6900563,2213688,6096827,1439
23,5,6896327,6103583,4275921,1441
23,2,7193387,1966768,6064631,1634
23,2,8052659,3023526,464992,1524
23,11,7907639,6566979,1240235,1534
23,2,6295907,1696149,5368920,1353
23,2,5945483,181088,5560983,1209
23,23,6544919,1815373,5484083,1464
23,5,5901503,2677881,2191665,2625
23,5,5423567,960856,5149169,1172
23,5,6194543,1477933,5389676,1292
23,11,4614119,1183659,420269,1139
23,2,5343179,384114,2039192,1263
23,11,8266439,3499854,3097505,1779
23,2,5508947,5052293,2863760,1521
23,2,7163747,3461118,6366814,2290
23,2,4763939,1739810,413094,1842
23,2,5552363,4933242,4115926,1563
23,5,7675847,7233464,5902150,3658
23,2,6117779,1297787,997541,1741
23,5,6757847,2966803,3725742,3309
23,7,4507799,2041205,25650,2903
23,2,7614683,7219031,5920146,1775
23,5,7356047,3069469,1891044,3789
23,5,4329023,1104988,1575349,1351
23,5,5834183,3961570,4369692,2580
23,2,5485619,171094,5440795,2448
23,5,8277167,1663511,3216075,1668
23,5,5104343,3341713,2851159,1333
23,2,6656459,6361492,1461420,1649
23,5,5696063,325636,2982445,1414
23,2,5535059,5072181,730800,1555
23,5,7058567,5861323,6833475,1644
23,2,7908107,569079,178806,1516
23,2,7916627,2906089,4456004,1652
23,2,8165387,2477172,5093892,2079
23,2,5168939,2471354,3050797,1493
23,2,7273187,2633139,5729686,1650
23,5,4564607,2992424,1402297,1259
23,2,7410563,431862,4432017,1505
23,2,6395387,3099013,1192625,1714
23,2,4297523,1775276,3636833,1230
23,2,8387147,258149,6772697,1371
23,2,6732899,2091050,4833609,1463
23,5,4336583,1254071,2511707,1528
23,2,4347059,2602972,2941989,1616
23,2,6740507,3814873,2302065,1437
23,2,7157387,756281,4017530,1511
23,5,6370487,4951192,1678504,1546
23,2,6400403,5871283,5791837,1522
23,5,7163447,254523,2751737,2650
23,2,6765467,2529700,5170959,1744
23,23,7494959,6184142,5817519,1551
23,2,6251459,4714466,3635445,1463
23,2,4294547,20687,4014157,1180
23,5,7997663,2479718,4646784,2299
23,5,4661543,2280159,654706,1338
23,2,4700699,240567,1822003,1205
23,5,4205063,2857230,2986725,1132
23,17,7033199,2321280,4789079,1597
23,5,4252727,2908986,3273684,1122
23,2,7753883,791813,7277941,1372
23,5,4926743,3239730,1845421,1385
23,5,5802143,1646252,3106394,1378
23,2,6043403,960728,4582468,1294
23,2,7612643,5324505,5216703,1382
23,5,4934807,267287,1016731,1128
23,2,4772387,212862,2932901,1130
23,2,5233763,1526089,928838,1247
23,2,5811899,3412041,5743285,1306
23,5,7801247,2383823,2909293,25804
23,2,6456323,3776961,3816338,1313
23,5,4776887,3847614,2234047,1245
23,2,7757483,5579881,1466369,1499
23,2,7896587,1596223,6472855,1578
23,5,8271983,5539950,4014167,1553
23,2,7977779,3249589,7016567,1688
23,2,4765907,157971,1174935,1121
23,2,4744163,3798831,3981552,1216
23,2,5344499,5095545,2443030,1412
23,5,7239143,179858,6684190,1267
23,2,7980227,713441,2714660,1440
23,2,5315483,164188,5151407,1149
23,2,7644083,3741377,4770154,1614
23,5,5900303,544590,4526940,1261
23,2,6625379,2982126,1346154,1399
23,2,6513107,480297,246154,1270
23,7,5546039,5337047,852604,1447
23,2,6289883,2636794,2936217,1420
23,29,6728279,2173533,6075050,1461
23,2,6956123,4834721,4575655,1378
23,2,6286067,367789,4729076,1283
23,2,6141203,1795746,5686298,1314
23,5,5659847,381213,79388,1359
23,5,8091767,4326126,3791091,1361
23,2,4983179,3986224,1945012,1164
23,7,8213879,6938914,1262776,2292
23,7,5491439,4231986,99640,2065
23,5,7440047,5978421,2712205,2777
23,2,7440227,4840155,3665984,3155
23,7,7932479,7212800,3853547,2906
23,2,7165979,6632963,2287436,1678
23,2,4248347,2653881,260894,1337
23,2,4689779,1713533,746918,1233
23,2,6087539,997851,295279,1379
23,5,5565047,3191469,187008,1525
23,2,5173907,1043211,2058381,1310
23,2,7031603,3622674,2798595,1337
23,5,5832767,152139,1178618,1242
23,5,5156783,4567676,1227283,1219
23,2,5297723,1537446,3057558,1188
23,2,4898123,193290,2024018,1260
23,2,5564387,4467349,2388733,1403
23,7,7568999,6504158,2428136,1664
23,2,7268747,1396986,3825968,1669
23,5,5981567,2950483,5847125,1639
23,2,7946507,3862775,6254877,1662
23,11,5373119,4393799,122687,1448
23,2,6964499,3539978,284990,1319
23,2,7989467,1416285,3924597,1523
23,7,5904959,2623747,845790,1874
23,2,6511523,5239785,3606491,1844
23,5,4438703,420209,2642575,1212
23,2,6638627,2975278,242662,1792
23,2,7874939,2482836,7449450,1639
23,2,6468443,5059172,2497789,1514
23,2,4888043,788682,4209717,1271
23,2,7056227,3408084,4628200,1604
23,2,6030419,3199444,1836989,1497
23,2,6668603,5273246,4814783,1430
23,5,7319063,3979260,6107163,1263
23,5,7165343,6585952,6112030,1446
23,2,7537067,1509279,1334439,1344
23,37,5525519,1137166,4887925,2012
23,2,4230203,1846450,2916817,1253
23,5,6111167,1084156,1984491,1324
23,5,7922567,100315,373997,1295
23,2,4848323,3187411,2052843,1123
23,5,8306927,3187057,979611,1585
23,2,6936659,6827,1713246,1226
23,2,5821499,5370812,4543361,1355
23,5,4305143,1083666,467152,1147
23,29,8204759,1262940,7251749,1377
23,5,6218687,5159104,4546770,1266
23,2,4578923,2421830,2367932,1091
23,2,5587403,4226021,1897057,1273
23,2,6156659,3483391,5965905,1231
23,11,5492639,2400140,5215496,1427
23,11,7544519,568774,7232350,1331
23,2,4810739,1497868,2798727,1240
23,5,7884623,4980134,1204180,1423
23,2,4253867,2928595,4069397,1085
23,5,4220207,2879698,2962638,1096
23,13,6469559,3296583,1109526,1352
23,5,5570927,5529701,2478348,1375
23,5,6527663,3448787,1288016,1253
23,17,7640519,357654,4684545,1440
23,11,8088359,7212421,4050943,1543
23,2,6386027,46345,5145057,1849
23,5,5390783,4870536,5252124,1857
23,5,5299703,4528808,4733835,1419
23,2,5527979,437689,3079633,1220
23,2,6421907,222737,2784499,1342
23,2,4285427,1810190,2597577,1310
23,2,5654939,5443188,1805655,1419
23,2,6115667,5271500,3268235,1709
23,2,6765923,4482636,3138447,1492
23,2,6923459,732013,4164972,1397
23,2,7734803,7242704,4323135,1761
23,2,7277099,5769957,910225,2089
23,2,5016083,3584079,5002245,1816
23,2,5822723,2491377,1252504,2978
23,2,7248323,1415748,643476,1884
23,2,6313067,201623,4365469,2263
23,13,4655279,36513,4375984,2031
23,5,5314487,4101914,507636,2442
23,5,6581423,2209815,4821219,1932
23,2,6720227,5948449,54956,1600
23,17,6104999,2224905,3764377,1356
24,5,9143567,6603419,6821164,2259
24,5,9161807,8133625,723871,1833
24,2,16037963,9298701,2378233,2531
24,2,15925619,2638422,5028794,27963
24,5,16630463,12324114,13236992,2445
24,11,13973039,10102770,11445512,2107
24,2,14759747,12560067,677320,2272
24,2,16627979,3137568,11783361,2078
24,5,13078487,12900689,11741700,2125
24,7,16714079,16565328,13026407,2411
24,2,9634883,6776424,6349961,1597
24,5,16633223,7261750,2924460,2135
24,2,12849107,11800618,6362508,1904
24,2,8817779,2615852,5421893,1909
24,2,16104827,15154241,14259760,2213
24,2,9290339,672362,3295747,1383
24,2,11092547,5029626,3254024,1833
24,2,11055659,8724690,6953920,1693
24,5,14498423,6252468,2945239,2096
24,5,12819407,5810888,5049186,1881
24,2,8983883,833200,6813417,1816
24,2,10212179,4563949,7054335,2190
24,2,14168723,6482364,1849888,1965
24,2,14349227,5695442,7156143,2013
24,2,16407323,3950506,12858538,2173
24,2,14211059,4671520,8842673,1959
24,2,10240067,3074493,9033410,1938
24,5,14532503,6339640,8013659,2024
24,5,11984807,1183319,5507168,1698
24,5,8483327,2044247,2271970,1509
24,19,10141199,2053287,3407873,1561
24,2,14141747,2226455,6685158,1690
24,5,14019287,10684160,3731451,1848
24,5,15989423,11511602,5872081,1893
24,2,15711419,3699652,14110059,2429
24,2,14901659,13898621,8685443,1999
24,2,12809747,8900288,11577,1758
24,2,11678867,3624633,697039,1834
24,2,11765459,4869431,2362066,1809
24,2,10280363,9038553,3254802,1654
24,2,11066579,8086996,9238719,1734
24,5,12707567,4057969,3422101,1863
24,2,16126907,9649754,6892178,1890
24,5,12681623,6928691,6407558,2014
24,5,14175167,7548359,8632684,1706
24,2,9090539,7363606,279321,1539
24,2,15651899,12354090,13566708,2341
24,11,12282119,2662514,8321213,2073
24,2,15448403,7493154,10347308,2145
24,2,15994787,4889695,9386426,1975
24,2,10335323,1154087,7277530,1647
24,2,14984507,10319221,14120411,1939
24,2,12184883,3369445,4571615,1764
24,2,11484923,9579524,1955653,1743
24,7,9774599,5409088,1698161,1490
24,2,10006163,8132878,5655220,1962
24,5,12043727,2430342,792903,1910
24,2,14444267,7325453,5254840,1785
24,2,14012963,9539676,4150251,1892
24,5,8793623,3136583,2223596,1568
24,2,14535539,11497275,10539057,2372
24,5,12303623,1643628,438476,1706
24,2,13897427,8073253,5564592,2057
24,2,11560547,5216577,76092,2666
24,2,13902587,12072828,3770479,4040
24,2,12878267,9884541,4923934,1976
24,2,11752619,4573007,7891866,3653
24,11,8929919,968119,5821663,29994
24,2,8447603,6679054,5425843,1693
24,5,13399487,440847,883804,1792
24,5,9585743,6681754,7471162,1578
24,5,13516703,9652144,9954638,1861
24,5,14174087,7160924,12057254,1695
24,7,12003359,10776268,11553183,1879
24,5,11489327,643691,4853778,1594
24,2,10319027,1246792,9005722,1554
24,11,9339119,407844,4141700,1735
24,2,12631427,6525152,2832282,1666
24,2,8929139,4370986,8262863,1637
24,19,10951079,8241765,4423166,2065
24,2,13776227,3207449,11028441,1841
24,5,15572303,4683576,10527309,2223
24,2,9140003,3754627,2507927,1722
24,7,14798639,6248129,10651893,2097
24,2,16405427,130635,1936803,1816
24,2,14143979,1709610,1066637,1874
24,5,12111263,6139358,7379977,1568
24,2,12140627,565306,952700,1595
24,7,16770119,5756840,7690880,2099
24,11,10224119,5757677,2750856,1668
24,5,13664303,5559618,12786051,2278
24,2,14515643,1645336,5895048,1832
24,17,9172679,1794570,5966243,1577
24,11,16306079,1978448,9477741,1978
24,5,11439047,530141,9493140,1661
24,2,14768099,14194595,4160953,2414
24,2,13197299,10099525,3503749,1781
24,2,9882443,6040610,4011484,1563
24,5,9664727,1844294,1095368,1479
24,11,9917759,9698697,5931086,1786
24,2,10016387,1515416,2483127,1492
24,5,11159543,4285140,1852131,1855
24,11,9763319,7693207,4985738,1615
24,2,9881819,2807483,6484374,1590
24,2,13611827,3565519,8159822,1890
24,17,14203439,7732312,4797448,1806
24,2,13923347,533056,8743909,1695
24,5,10628207,2435878,9610184,1601
24,7,16100879,11638499,1444775,2001
24,7,8450159,2581991,6936409,1620
24,5,10766303,7899228,3084738,1641
24,5,15952463,13656121,9749960,2215
24,13,13240079,13027199,8357054,1946
24,13,16402679,15640805,15194824,2197
24,2,15475667,13657382,13056784,2053
24,2,9103859,3465175,1638250,1594
24,5,12945047,5566265,6525591,2262
24,5,10621967,3730854,7922820,2631
24,2,15407363,5063951,15350714,2238
24,2,13118003,7964658,335119,1969
24,5,13955807,12284870,13454804,3943
24,13,9544919,8376869,5297668,2260
24,2,12710003,3173643,11244789,2406
24,2,15492683,15150621,652493,2702
24,2,12061859,7092267,1150355,1918
24,2,15783707,6577153,6042898,2468
24,2,9667739,7290549,3820229,1807
24,7,13380119,6537054,6826461,2437
24,5,9951143,7829344,2133310,1824
24,2,14743643,13402651,10102987,2210
24,2,9079979,7896229,7675263,1815
24,2,11354027,6632414,7763789,1852
24,5,11246567,7681154,2213374,2398
24,2,12446507,822863,11697926,2178
24,11,14174879,2993445,7875878,2330
24,2,8666387,5680072,1967191,2046
24,2,13139627,4209730,7552582,4371
24,7,15759599,2457453,2873672,2170
24,5,9546287,9017194,5243951,2461
24,5,14336327,7958236,826964,2174
24,2,12048899,3893557,551911,2044
24,2,13142027,11730617,1992268,2501
24,5,14193287,4565771,11874097,2355
24,5,16573367,8396958,4706173,2645
24,7,8512919,2559183,4407433,3582
24,5,8847023,1856880,1635900,1847
24,2,16102907,7223195,4500011,34831
24,2,8766827,4680429,3634808,1700
24,5,11366687,5645563,4679869,1901
24,11,11006999,4849719,10516466,2055
24,5,14136407,974458,12851675,1837
24,2,15326723,12519664,9699754,2444
24,5,16324823,11473524,14834383,2137
24,2,15886667,8435787,8601330,2243
24,5,11116727,1694938,4577021,1657
24,7,9903359,6757828,6115993,1671
24,7,11402759,9095963,4000085,1882
24,5,11839847,4962155,1662608,2176
24,2,8841179,8750741,258042,1685
24,5,9019463,1660000,5131582,1605
24,2,10910099,3976660,8680936,1726
24,2,11393099,877693,410251,2354
24,2,11863499,4665255,972228,1807
24,2,10089083,9751162,5513311,2272
24,5,10637807,3880710,7142571,1647
24,5,9729647,6743202,9609132,2047
24,5,13878023,2209108,9981897,1882
24,5,8781407,4411423,5152408,1363
24,11,8575439,2375898,662281,1586
24,5,14860103,260857,10428008,1832
24,5,10324247,3471111,4822689,1873
24,5,11227127,776071,8160450,1549
24,2,12868979,2982605,7654536,1710
24,2,9055283,5236077,5445795,1463
24,2,12223763,2198959,10258995,1639
24,5,10640207,8713137,385861,1760
24,2,14829707,6852054,13321874,2604
24,2,15333707,11133789,3406236,2039
24,5,14281823,6174210,10908067,1973
24,2,10092107,7617507,6272031,1522
24,2,11002259,2248663,10054673,1665
24,5,8815343,2694265,6873520,1596
24,2,16683203,5634001,9787657,2146
24,2,9836987,5840295,5640839,1835
24,7,11181839,3171684,5335541,1665
24,5,11112287,9036485,2527376,1809
24,2,13622723,9153247,57909,2178
24,5,11966663,4074648,4128489,1786
24,2,16744163,15780332,16489411,2216
24,5,8491487,5922635,4962944,1422
24,2,9964667,705871,4834438,1511
24,5,15443783,9307428,3189491,1868
24,7,9683039,9077633,7056457,1845
24,7,12031079,1168109,10064611,1646
24,7,11790599,1074693,6285443,1593
24,11,14528639,5627615,5341043,1945
24,2,13029299,8472073,12888128,1867
24,5,13137287,2297786,7227963,1715
24,5,14517887,8898391,5025163,1784
24,5,10075223,1149647,9476259,2819
24,5,15177047,5743559,2886042,2167
24,5,9591767,2158722,3554617,1784
24,5,13255007,9904960,250582,1799
24,2,14682299,9159385,592894,1916
24,5,13230263,13215652,9466387,2183
24,5,12866423,3987401,10829432,3111
24,5,13196543,752224,5882524,3470
24,2,16577867,8110694,2644907,4307
24,5,14311223,6439584,5352024,35931
24,5,16313447,4071394,7316315,2065
24,2,9397043,5322274,9220441,1481
24,5,8623103,4451587,7344373,1507
24,13,9463319,4089962,2395399,1675
24,2,11393699,711394,11098735,1622
24,2,11111747,9480664,10424110,1769
24,2,12723947,566853,1796590,1747
24,2,9084107,4841433,1667118,1433
24,2,9595043,1402876,6463100,2039
24,2,15997019,4903909,3627274,2535
24,2,11654003,580649,2335888,1876
24,17,13403519,6402106,8373393,2182
24,5,8849903,5745531,1611789,2196
24,2,12153899,6873400,4892918,1959
24,2,15974507,6881531,1667052,2557
24,5,16544807,12843631,12012885,2259
24,2,11325563,1253226,4097826,1900
24,2,10586627,7000235,2179158,1950
24,2,15690803,13476888,1509872,2261
24,2,11593259,9336270,8233306,1996
24,7,10423079,5127371,2978537,2040
24,5,13274567,10898660,11279715,2420
24,2,11833763,5719173,7926268,2125
24,5,14555447,5038289,10452797,2186
24,2,14149139,13572312,11433104,2307
24,5,16387607,6629069,1219018,2976
24,5,9674663,6171042,8614623,1957
24,2,13617419,12530432,12763922,2798
24,29,10607159,1037111,2492479,2138
24,5,15063743,9062190,8325032,2008
24,2,12685187,11711454,11253805,2628
24,7,11751959,2119625,227533,1965
24,2,10908659,6658155,10294119,1670
24,5,16238903,13306153,4473008,2454
24,2,10298843,97300,325156,1581
24,5,15296783,5603896,8931829,2019
24,2,9397043,4846070,1355914,1422
24,5,15104087,6689991,11264915,2156
24,5,13725983,11498416,1644380,1904
24,2,9724283,2068559,262604,1832
24,2,14005259,10333193,4255944,1847
24,2,8935139,8693838,8146674,1701
24,2,12001307,2888270,200830,1682
24,5,8821103,4787230,7918267,1455
24,2,8843603,1659212,8479364,1517
24,2,13193459,3535024,10609903,2155
24,5,11766647,6841904,6205643,1819
24,5,9823487,7110719,5223463,1664
24,2,13768187,13429415,5583170,1999
24,2,11965379,3794190,2457776,1767
24,2,10557923,8322950,4856785,1731
24,31,10206479,9516563,6938199,1934
24,11,11491199,2996962,1291730,1676
24,2,14955923,8765972,14291692,1899
24,2,14345363,3162763,1559679,1877
24,2,11785979,195537,3154696,1918
24,5,11899583,1965836,7662852,1958
24,2,10348379,9577258,7495481,2358
24,2,14047907,52586,5256331,1864
24,13,9549119,2001706,6401434,1860
24,5,15769367,3115136,1825108,2313
24,5,11726087,1981390,2018440,2131
24,2,16283963,3615248,3140524,2054
24,5,8661047,4258729,3270855,31313
24,11,16590479,4489160,6050394,4968
24,13,9341639,7055776,8694090,3753
24,2,15261179,12143625,12135379,4605
24,5,16067903,10531834,4923103,4373
24,2,9105203,8687688,3088335,1934
24,2,15721067,3179685,11969933,2197
24,2,11635067,5155823,7104671,2206
24,2,13921907,11673294,3792906,2278
24,5,15990263,4949520,4781608,2230
24,5,8965823,5023331,7507751,1697
24,17,15011279,4956177,2402383,2075
24,2,13636523,9889934,10031905,1801
24,11,11606159,6652411,6464797,1729
24,5,11967863,1698549,9565117,2541
24,13,13480799,3535910,9804088,2424
24,2,15548627,10167581,10437925,2200
24,5,12139943,4061927,9695914,1953
24,2,10758563,9390200,6312234,2101
24,5,13144007,2752318,13035448,1969
24,7,10365959,7948319,6567494,1854
24,5,12787823,5997636,3714667,1912
24,2,16003787,8899665,3117999,1865
24,2,9760307,3409872,4503976,1763
24,2,13787363,9260845,12706187,1753
24,7,14458439,7310305,1690095,1662
24,5,9646943,1559065,583824,2214
24,2,8608163,7444588,1720141,1770
24,5,9391703,8591090,6484632,1837
24,7,11580839,1904215,514225,1857
24,17,9606119,8710329,266356,2316
24,5,10994183,2048908,7635074,1981
24,2,16639163,3050483,14286200,1967
24,5,11782103,908599,7369417,1586
24,2,16193987,2801272,4260483,2233
24,5,14365727,14106403,14177394,2270
24,5,10124327,7584467,6635631,1869
24,7,9813239,6417194,6485321,1750
24,13,15570719,5597922,2475164,2274
24,5,13874327,7687814,10831620,1911
24,2,9582179,6043562,7224244,1693
24,2,14921483,14859089,5970510,2428
24,2,8633363,5834172,7526754,1702
24,2,16459403,6453485,7214976,2192
24,2,11961179,1121627,5346007,1777
24,2,10671659,8409327,6188382,1684
24,2,14056283,6112470,10068096,1961
24,2,8729243,5680429,3906613,1822
24,2,14573843,4142337,3648593,2001
24,7,10835519,10074548,7989331,1988
24,2,12199403,1298008,593787,1811
24,2,13734443,13408970,5251902,2120
24,7,16331879,13299564,9380726,2029
24,5,15634847,3393402,696428,1930
24,5,16703783,2652832,13163375,1959
24,2,15133499,4147966,3422576,1988
24,7,16406639,9452280,3803466,1947
24,2,15407363,3763878,4192786,1915
24,2,8541707,770626,1509855,1400
24,2,11070539,106755,1694984,1463
24,5,9293783,7149057,835021,1604
24,2,14547059,2462175,10075392,1842
24,5,15823607,11489838,742917,26832
24,5,14963447,10348279,14515729,1966
24,2,15651899,12700683,437088,2021
24,2,16038899,15706,5519102,1923
24,5,12823703,12541293,5207146,1926
24,13,16651799,902306,9604164,1883
24,13,15733079,10126692,4975963,1854
24,17,14184959,13570991,11288418,2927
24,5,8938823,2770534,8539558,1963
24,7,15269039,12655272,4896746,3943
24,2,9254459,705600,7292247,4372
24,2,14950163,14232539,1704126,4582
24,2,15957563,602289,4838686,3306
24,2,14731427,8092968,11325520,2605
24,2,15202163,8738519,4410505,3793
24,2,8958947,8142704,3963966,2228
24,5,12064223,1862856,1994813,1811
24,5,13660847,6307929,3316846,2838
24,5,9442607,2269657,3768862,1902
24,2,12796403,689174,10414779,1848
24,17,13711799,1682063,6798596,1862
24,2,9942347,9619671,1705182,2024
24,7,8544839,1734372,4968591,2225
24,2,9770939,1295445,4044038,2430
24,2,13508987,13211212,692487,2698
24,5,14740367,13893894,13242423,2392
24,5,13076423,10978775,8962965,3291
24,2,12393923,3042563,7946690,2005
24,5,10332263,8594522,8789093,1946
24,7,14779319,10645991,9081082,2129
24,5,14353103,1220520,13765477,2423
24,2,14296979,3855458,3749092,2265
24,2,11859707,4455713,7942319,2112
24,13,15121559,11532258,11646050,4171
24,2,14158163,9798217,3147189,2202
24,2,9012467,2339531,7438780,1827
24,5,8395847,654790,848627,1991
24,2,13923059,11448253,4978839,2256
24,5,16251647,2978576,1396285,2180
24,2,11755763,8174593,4425964,2315
24,5,16681823,9629109,7770983,2403
24,11,12816719,11265347,2614367,2003
24,7,15580919,1728098,10616406,3378
24,5,11648423,9028937,9969654,2105
24,2,10623203,8629559,7141815,2440
24,2,16598147,11662016,8291183,2318
24,2,9581219,7040024,245604,2272
24,2,11775539,11674196,8722569,2690
24,2,12051779,9925672,5331865,2556
24,5,9063623,6023415,3728287,2289
24,2,14857523,1018687,7072630,3570
24,5,10993967,2600391,9850904,2256
24,7,9513359,4369207,4083592,2403
24,2,9033083,4953107,7723076,1889
24,2,11979587,9689574,4433190,2014
24,2,8729867,8399892,3554553,1846
24,2,8452667,5352292,1388275,1515
24,2,13155323,6591914,5111363,2288
24,2,12079883,7394314,15374,3561
24,2,10251083,6285459,9947958,1866
24,2,8895827,3335452,8060584,1931
24,5,11917007,5006524,11680184,2209
24,2,12323219,6230125,5115969,2219
24,2,11271467,3356664,4259802,1969
24,2,11893787,11087953,5079138,2075
24,23,13094639,3628152,6795374,1832
24,5,8966807,1103722,7253049,1510
24,2,15032243,1519406,9748323,1839
24,11,10137119,5259131,3882182,1497
24,2,11329883,9490506,538165,1826
24,5,8640887,2113163,5138878,1470
24,7,15655439,5572253,14361248,2231
24,5,11903687,1997029,1103348,1948
24,5,11387183,3537586,256662,2025
24,5,8843447,2693398,8332355,2102
24,2,12048899,6533308,7755901,2488
24,11,12423239,5554538,1895993,36190
24,2,13602203,9530848,3767078,2804
24,5,16446503,16360382,13971427,3393
24,5,15786623,6253438,9318542,5252
24,2,14142683,3066998,13477029,2781
24,2,8810987,2109218,5313288,2745
24,5,16162703,758295,2590768,2068
24,2,10840619,5389059,1152034,2962
24,2,12121379,10249812,8171845,2077
24,2,12284219,10105953,11954133,2082
24,2,12686867,3988545,7517880,2070
24,5,12992303,6941530,4364477,1884
24,5,12724343,3863326,12403775,2046
24,2,10740659,2079687,3878665,1663
24,13,16200719,13702155,10080561,2952
24,5,12462767,1798704,2196023,1885
24,5,12098903,909061,1236227,1803
24,2,11371379,2124748,7657315,1858
24,2,16570187,10759285,8391554,2023
24,2,9311867,9042576,3301284,1924
24,2,8772299,8571633,6835112,2529
24,2,10033379,2252951,5505190,2795
24,5,12788327,6233251,5718239,3077
24,17,8473559,8380,8147070,1545
24,2,14410139,9705987,14264318,1813
24,5,10836863,3112214,9746119,2556
24,2,9587939,6320985,6483530,2639
24,11,15080399,10817080,6286492,2102
24,5,14850887,538841,5245848,1750
24,5,12742007,4836140,1203454,2193
24,5,10533767,9258035,8687958,2068
24,2,11772539,8060088,9727748,3079
24,2,9291467,4637726,3175576,1714
24,5,12755927,11583586,3040030,1865
24,5,8793503,4214017,7851483,1593
24,5,12609167,9525986,2380953,1847
24,2,13978739,5765877,13609899,2120
24,5,12515663,7061156,11461490,1885
24,2,14833499,3546796,3754675,1913
24,5,16045487,3949665,9134843,2050
24,2,9312179,4897125,7506196,1449
24,5,13999463,5842196,9668953,2047
24,5,13706783,13226217,8175011,2080
24,5,10376183,8650191,2873743,1645
24,2,13781939,6587903,12928063,1966
24,7,10675319,8434983,5627245,1699
24,2,9129683,6300707,6244935,1472
24,5,8444783,4148668,7231238,1559
24,2,16290299,11829860,11366449,2034
24,2,12238067,1469366,794044,1707
24,5,13284863,5394815,10838424,1955
24,5,9383807,6878888,4107643,1534
24,2,10085723,2119464,271544,1649
24,2,9084347,7203389,4878853,1630
24,7,14277239,11675288,12610016,1907
24,2,9441227,4740939,4760927,1362
24,2,12323219,7254547,4029341,1626
24,5,10099823,1574202,5840181,1684
24,5,14264087,5695717,13810162,2053
24,2,10726427,2431068,4140196,1644
24,5,9722807,2319609,1498768,1629
24,5,15018503,7469183,8122208,2426
24,5,9478727,8895764,2616676,1751
24,2,12095339,2115850,1908807,1802
24,7,13075199,255318,6717968,1618
24,2,12670787,11755729,8303158,1930
24,5,12725183,4883125,10494441,2796
24,2,11432027,3113099,7321402,1928
24,13,10413479,3884272,9456198,1803
24,2,13224803,4377806,3967503,2821
24,2,14727347,8694812,14589032,1753
24,2,13123883,11886356,10383339,2331
24,2,11011499,511863,5219550,1583
24,5,12810263,24260,5728904,1660
24,5,16589087,1448640,2588000,3636
24,2,12412787,1489958,11905758,1944
24,5,9778487,8182008,813800,1967
24,2,11245523,8764303,4572026,3463
24,5,11609327,7797606,2842891,1852
24,2,12768227,3788160,2784847,3830
24,2,10170179,5917963,3590317,2676
24,5,9151007,4688822,892395,32621
24,2,8768027,4210334,2065493,1975
24,2,13441643,3752238,6234756,2602
24,7,10275479,8785184,4686478,1909
24,2,14311019,4882785,6722105,2277
24,2,15386963,12939797,7591655,2525
24,5,11049047,2827185,5521325,1917
24,5,10453967,725041,7197409,2100
24,2,15466043,8485274,8380702,2173
24,5,14894303,3600888,4409398,2182
24,5,16246943,8586982,14826117,2036
24,2,9579443,452280,6838776,1739
24,5,13081247,6459095,7925565,3328
24,11,13470719,3348822,1135770,2083
24,2,13598603,1167546,2808211,3886
24,2,15957779,8107649,786064,2034
24,2,15678347,13678447,12908186,2344
24,2,16676579,4088624,873797,2464
24,13,10556279,4100469,3730451,2121
24,2,10403819,1051445,2577814,2734
24,5,14709767,12600512,7562029,2963
24,2,11165003,104895,64358,1710
24,2,8781083,7072703,990293,1985
24,5,12165383,1605800,3441125,2067
24,2,9233579,5176842,1137146,2363
24,5,14208287,10189955,2690432,2107
24,2,9930827,770365,9085230,1705
24,11,16569479,65154,5998700,2325
24,2,9985187,141380,6870918,1972
24,2,10741883,4068910,1985748,2023
24,5,14411687,2987098,13391586,2819
24,2,16075187,5493304,14270984,2382
24,5,8763863,345406,160178,2402
24,2,13453547,1449026,11004462,1995
24,5,11736287,2253352,5664627,2788
24,5,10007183,9366808,1892342,1938
24,7,10099919,2104181,2788172,1768
24,2,16280123,10792390,10979346,2341
24,2,12008027,3454391,4602684,2000
24,7,10294799,8522710,7373412,1762
24,5,8513927,5356769,7163268,1812
24,5,8672207,4772284,3026677,1636
24,2,14479043,6913710,3536113,2362
24,2,15316163,9617378,13383401,2100
24,5,12638807,2109204,9190355,1924
24,5,10841423,8676432,6776389,1894
24,2,9948899,2680865,2210136,2136
24,2,9526667,9293998,5666418,1771
24,5,9746567,7258515,8309979,1774
24,2,13500827,12835642,11492450,2549
24,2,16728347,10821988,8050971,2192
24,11,10437839,5489164,1786572,1701
24,5,14281847,6003353,977941,2593
24,2,10802867,7907298,6159680,1851
24,2,14792003,696691,10318425,2349
24,5,16301543,3131593,12376889,2732
24,5,13994567,402625,8409767,3588
24,5,9595007,3757265,8153072,3128
24,7,11616119,3883789,1118502,2612
24,5,9096047,6599101,1544751,2469
24,2,8548523,2852210,4078329,2169
24,7,12643439,8886784,10725609,3028
24,2,12338099,8857023,2340875,2947
24,2,12689219,8694093,6066422,2887
24,2,8739299,6814138,7872349,2096
24,2,13611659,10326718,3461258,3269
24,2,9155339,640139,6009276,3416
24,5,16726943,15961563,5902699,2617
24,5,8563463,2752697,168811,2931
24,5,15107207,45911,4470273,3298
24,2,14689307,13940041,2380188,2608
24,2,11255747,9533637,7706748,2952
24,2,11496923,3968377,9448108,2136
24,5,12421103,11251353,4586847,2806
24,2,8397947,6273364,2044165,2231
24,2,12039827,5482827,11486824,2298
24,2,12063419,7788390,10695567,1905
24,2,8512523,8370493,3177757,2218
24,5,16457447,16149418,12731745,2662
24,2,11015987,2571317,8464069,2306
24,7,13131479,10807836,871093,2093
24,2,9367427,6250900,5547347,1749
24,2,8457803,1527311,1948604,1704
24,5,15659207,3010378,14858822,2193
24,5,13508423,4984728,5503566,2194
24,2,12341867,11374115,11564387,2155
24,5,13271927,4685103,5477583,2064
24,2,8891843,352875,797396,25895
24,2,9911963,7515228,7082717,1901
24,2,14588723,14046345,1928068,2029
24,5,9504647,3398553,2349224,1545
24,2,13392707,240846,10007084,2039
24,2,10145483,7801454,9919014,1595
24,7,13631279,5682985,12827759,2150
24,5,15471167,7783085,14617069,1986
24,5,9389207,1303582,4527020,1477
24,2,9842363,2168752,1437428,1655
24,17,10119359,9736609,55812,1722
24,7,12246119,9971829,6650458,2097
24,17,15301439,5169031,397246,2088
24,2,16528619,176188,3963909,1864
24,5,10449983,2903738,6964315,1653
24,2,9118163,7419901,188829,1588
24,7,11326079,5574679,71234,1968
24,2,16093163,9713555,12859703,1876
24,5,16275263,14876094,14364361,2593
24,7,16057799,15529984,13023454,2288
24,2,14805443,7578909,3878682,1812
24,5,15816287,8989544,1645597,1971
24,5,12608327,10921157,11515995,1838
24,7,10671119,6212143,4979167,1511
24,2,11323787,10256769,10135975,1884
24,7,10919759,8205506,8795278,1714
24,5,16472063,15046900,179660,2188
24,2,11641859,7994841,1083667,1650
24,2,10434899,6874164,3171650,1633
24,2,11895707,991124,11111174,1662
24,5,8509247,4098192,2281400,1663
24,2,8677139,4611073,277788,1423
24,2,12858323,5673784,8105957,1871
24,19,16427759,15295072,2559502,2133
24,2,11274947,7683891,10247135,1674
24,2,15626483,12456980,4587372,2007
24,5,9231983,8161696,1935247,1716
24,2,10063619,1357793,491780,1585
24,2,11359499,3116242,7652376,1684
24,2,10173539,6155326,8179989,1598
24,5,12716063,11797803,2747364,1950
24,5,14639783,7055960,2747473,2094
24,13,12822479,9347239,7404919,1652
24,2,15782363,12128945,7038043,1888
24,2,14475899,8017600,12107159,1707
24,2,11136107,8519095,33013,1698
24,7,13468919,11517180,11312923,1899
24,5,11468207,8016671,6724190,2151
24,2,8891843,6812221,273019,2334
24,2,12506699,5520220,10677792,2023
24,2,15055427,12821036,809109,2825
24,5,14676863,7607857,11155718,2531
24,2,15782363,3422715,13906337,2645
24,5,8571023,6813992,5803465,1745
24,11,15239999,12111342,7257928,2935
24,5,8652023,2041021,984779,2933
24,2,9864347,9239145,8507245,2188
24,5,14243183,11057375,5444475,1901
24,2,10140419,10133545,10138671,2020
24,2,10740707,2729909,1693327,1708
24,5,10636727,1569239,6134632,2089
24,2,12755147,6601218,5459567,1712
24,5,13816823,5467211,4705647,1932
24,2,13391867,8288422,12094924,1819
24,5,11800487,11223298,1491532,1872
24,5,14057327,10851266,3863154,2047
24,7,11231399,6821988,10990704,1571
24,5,13280327,10974178,11461237,27750
24,2,16429019,10980559,2248147,2694
24,2,13388267,9731020,7498065,1997
24,5,11264783,8471221,4607933,1882
24,2,13295627,6512541,915426,2302
24,7,15846119,7340168,1997586,2467
24,5,11641247,9325955,6244244,2340
24,2,8557547,4130802,5296613,1687
24,2,15232667,11520806,13054852,1977
24,2,15745739,5088642,2975725,2057
24,2,12937019,490122,9905415,1787
24,2,14852603,11506566,3544629,2049
24,11,13765559,10677964,7584915,1899
24,7,14870039,4587837,14682538,1979
24,2,16180163,13100871,13365337,2127
24,5,11632487,11462263,9436171,2097
24,2,12258179,4305160,634332,1873
24,2,9028499,3401395,7097343,1653
24,2,15120947,882026,3133909,1874
24,2,15315227,7829886,2587800,1852
24,5,15710447,2830256,5546387,2495
24,2,15272723,15216842,9679026,2383
24,2,13832219,12525489,11086611,1956
24,5,9360623,1676751,6714923,1544
24,2,11145347,7132369,10094719,1597
24,2,11572283,4679439,8724175,3323
24,5,10543487,2974332,440109,1935
24,5,15651887,219418,12458431,2232
24,2,8730803,913927,5402052,1504
24,11,9212999,4049990,2545368,1951
24,2,12646883,10467386,7087677,1874
24,5,8423447,7013874,665886,1756
24,5,13054127,9818746,3948188,1817
24,5,11033447,627167,7297870,2388
24,5,12681623,385749,8258000,2150
24,2,10391219,8999255,5334979,1950
24,2,10145987,1721666,3810872,1757
24,5,9472103,2559672,8421864,2149
24,2,12253259,3343048,2299402,2495
24,5,10788263,4040774,6295745,1908
24,5,12936047,8409389,2534235,2128
24,5,12268967,11439154,5208952,2147
24,2,14049587,8740736,7559803,2321
24,7,13575599,3504075,2033356,2136
24,5,12590087,2774884,460292,1945
24,11,11571719,10156736,2889303,2270
24,5,12293327,10883579,2108078,3158
24,2,10574363,7619381,9885336,1816
24,2,16234523,11318875,3920008,2201
24,17,10967519,3636578,141563,2395
24,2,14275307,1001260,9878956,2386
24,5,11264087,7739324,7681777,2141
24,2,11256563,6940661,3335551,4549
24,2,9284987,7718995,103942,1861
24,2,15115979,9165493,10636387,2083
24,2,16399739,7296228,2754311,4518
24,5,10693583,148793,187400,1973
24,5,10876967,9211166,2503403,2601
24,2,13561259,9474426,10786057,2825
24,5,16689623,13175268,2104863,3909
24,2,16343099,7460286,13253150,5093
24,2,14117843,9039999,2374285,3416
24,2,8444123,5290264,4657143,1946
24,2,13952363,1371819,8181168,2074
24,5,12025463,1208000,8408513,2285
24,5,11292767,7519338,1143650,2242
24,5,8544527,7061310,4710288,2240
24,5,15642647,7191035,10133725,3180
24,5,9823103,7175189,9070989,3587
24,5,14014943,5129879,5745629,2185
24,5,10291703,1672802,5947555,1762
24,5,8551223,2407047,7278854,1779
24,5,9870647,1298319,2183832,1939
24,2,10368467,6931872,9141965,1796
24,2,10225427,4509009,1821623,1871
24,5,8472407,1647449,7717483,28633
24,13,11015399,2488226,7523765,1916
24,2,15473267,116668,14121237,2462
24,2,10638323,2099111,4762957,1718
24,29,13813439,5990143,12073154,2278
24,2,9400499,3012016,5452318,3697
24,11,14513999,11002216,9994899,2175
24,5,14999087,6010085,5209515,2864
24,2,15711419,1389911,12458474,2178
24,7,9456479,6443462,7389822,3016
24,2,12893579,6006735,3032744,2765
24,5,8806583,8269378,4362712,1791
24,2,15535067,14749465,10819069,2840
24,2,14908547,11085668,7674656,2255
24,2,9915107,644795,3277869,1820
24,5,11864807,10767566,1143830,2010
24,2,10669259,1521510,4085571,2381
24,2,16577339,15714524,9442055,3576
24,7,13326359,8210549,7383969,1845
24,2,10470059,10315964,6131778,1894
24,11,11790959,4825373,1944366,1969
24,7,11790599,4232033,1067609,2353
24,7,12351959,11093092,1022980,2333
24,5,10897487,5484994,3461488,1683
24,5,10251863,4915408,3573518,2046
24,2,13661339,198773,5192399,2039
24,13,9396119,1069269,3207043,1503
24,5,13484903,11575577,6323806,2143
24,5,11334143,6286794,6552909,1591
24,5,13518983,7754278,3618414,3979
24,2,15129827,8727956,3549718,2581
24,5,15357143,10415268,13921800,1949
24,5,10811183,2801234,7008529,4905
24,7,14578559,12857079,2167068,2930
24,2,11755907,8483423,5254451,4708
24,17,11262599,6943001,1447437,1763
24,5,12196343,5864816,6092744,2150
24,5,11018303,2108173,10019463,1873
24,5,11435903,4956132,11161998,2263
24,2,12611363,7118069,5733333,1914
24,11,16209119,5574483,13688947,2348
24,2,12235667,9534083,10648564,2070
24,2,11878067,10487591,8496124,2138
24,5,12261527,780898,9405491,2336
24,5,9829823,242111,9316202,3344
24,13,15721439,6242864,10757340,2348
24,5,14446247,12729330,10158939,2264
24,2,9865907,4462227,4243726,2434
24,2,10899443,3426538,9244980,2526
24,2,11631443,11479478,6133903,2337
24,2,15348539,157895,3549500,2125
24,5,13011863,4378473,1496171,2784
24,2,12390347,1475505,6508662,1739
24,5,9743807,7527615,275784,1682
24,2,12731723,4588919,4098708,6965
24,5,16351823,3728888,7526099,2107
24,19,11869919,11723956,6139309,1960
24,13,14059559,10260479,3192036,2018
24,13,12891119,4463073,6892314,1839
24,2,13363523,12529774,3363472,2004
24,2,15158699,10759710,4890290,1945
24,5,14312087,5132917,10666581,2007
24,5,16511423,821082,7279071,1889
24,11,12243839,607679,7998045,1618
24,7,10824839,565916,7962772,1574
24,5,9591767,2967833,2237666,1767
24,2,10624619,7085028,7863298,1591
24,5,10431623,7263409,3159607,1519
25,5,27655487,15188336,3041978,2771
25,5,33280823,11651131,6774265,3008
25,2,21547907,17488691,10269442,3045
25,2,23842139,20835410,2992935,2609
25,13,29129999,23492444,23155866,2681
25,2,19335347,10892783,6736414,27255
25,11,24400799,13984191,1754755,2141
25,5,23359943,17555980,2356748,2429
25,2,27891947,19530717,9641529,2408
25,2,26053667,4042093,15210340,2335
25,2,21253019,15866715,18503944,2227
25,5,22689263,13680880,3872225,2714
25,2,21886979,20638107,2589706,2440
25,2,22603859,160880,5574732,2471
25,2,29829587,24300189,3256378,2645
25,5,32174903,3044702,20515791,2675
25,13,20218439,471942,12591292,2632
25,5,17864543,387367,15755363,1921
25,2,30945659,8837085,30332308,3229
25,7,27679199,11273272,25119695,3447
25,11,25018559,15816659,9270197,3045
25,2,33408539,10631606,23140616,3201
25,2,19399547,14546249,1043672,2344
25,5,21081143,5380772,130746,2832
25,7,17787599,7237195,3874352,3826
25,5,17512127,14625321,13814069,2558
25,2,29031467,8888742,13699311,2723
25,5,31347623,18797816,17617272,3591
25,2,32238299,11156981,13197440,2830
25,5,23703047,17541539,13425514,3706
25,5,17382767,7735568,781608,2222
25,2,27254603,10655646,5817317,4628
25,2,30317363,28035123,10120851,2980
25,2,24549587,22100938,18757714,3851
25,2,19610819,5762787,10554913,2288
25,5,30932927,6367418,7646235,3460
25,2,31635467,6916461,10505873,2731
25,2,17024867,8161742,7303413,2294
25,5,24656327,4257376,5956454,2518
25,19,31569599,19636495,8124212,2568
25,2,28249763,9916150,15416134,3482
25,2,22798187,1204145,22256614,2219
25,2,28916003,21481385,16987760,3343
25,2,17278883,7424824,2635914,2336
25,5,16834127,9294734,11565207,3191
25,5,22327367,14985508,6914910,4935
25,2,24609203,8671079,9843019,3830
25,2,23487683,7235314,19430754,3837
25,2,24864443,19372643,14460222,5722
25,2,20250899,9149813,19970919,3759
25,5,30542927,23214993,26115722,3736
25,5,19865543,11192079,4158695,31933
25,2,26336939,16560619,9050530,3653
25,2,22211339,20970243,14489992,3641
25,5,23994623,3498825,12527355,3705
25,2,17390123,15007204,14260259,3144
25,2,22009739,21484995,11981232,4069
25,5,18511943,8395148,10714982,3212
25,2,28662707,21781224,1054923,3284
25,2,19447619,13865286,18765009,2671
25,2,28134923,1044005,18717896,3134
25,2,27883067,15906068,20882157,2789
25,5,22391807,6267482,7035662,3287
25,2,30128867,5878408,26175200,2696
25,2,30541403,10867235,20792909,3579
25,23,22483919,9391022,11899135,2650
25,2,28795307,8551072,3668266,5285
25,2,22771907,5019317,1243267,2609
25,5,20367143,11710853,10544842,4958
25,5,19649447,9189161,4246787,3308
25,2,18893003,11347757,7086275,3244
25,5,24998543,8770422,7253145,3370
25,2,28264883,25018536,555700,5367
25,7,21423959,1830621,15996455,3228
25,5,25331063,8602152,9556027,5742
25,2,21131723,10941081,16982732,2395
25,5,24236783,20607781,2782095,2919
25,5,28665647,24974954,20209394,3206
25,2,32477843,22748466,14981040,4702
25,2,26601467,18507070,12461525,2965
25,2,21673139,12678215,5879871,5381
25,2,30716003,12403177,2317234,3811
25,2,24392507,14262349,2564610,6619
25,2,30059507,24344284,8808927,3286
25,5,21067583,10162218,19365046,4006
25,5,29874983,12662780,11298466,3788
25,5,19827047,7874016,3362034,3918
25,11,18505919,1741339,465961,2325
25,5,25784663,4176668,2901383,35401
25,5,22694207,17239780,17126110,4372
25,2,18414203,12908574,14000940,2749
25,2,24798083,17966470,18642349,4246
25,2,22636547,16683161,15572038,3347
25,13,31163039,12729022,9145273,4754
25,5,30670103,17008741,7400153,3644
25,2,22758227,17606056,21340923,4417
25,5,26316047,6739150,17537849,3873
25,5,21436343,8934142,15406504,3850
25,2,30506963,15883262,8175101,3325
25,5,30112367,2562724,1911811,4151
25,11,25472159,19522210,6885753,2985
25,7,29882519,23558142,21993603,3909
25,2,27792923,24921087,3483702,3062
25,2,27811139,4778405,17783175,3325
25,2,29658899,21959335,19081011,5134
25,5,32169647,26668060,17678740,5425
25,2,25458227,20460994,8655532,3328
25,5,26461343,4204325,4225061,4470
25,11,24874919,24601940,10187006,4452
25,5,28392383,17847718,12887123,3039
25,2,19549067,14864910,7313963,2798
25,5,20814887,15755200,13902500,3755
25,5,26085023,24934324,11513832,3130
25,13,25373519,22200295,2874695,4337
25,13,30031319,31373,6271138,2969
25,2,19921547,46159,14595822,3014
25,2,19888787,6272422,10509646,3144
25,2,20553179,207775,20042031,2577
25,2,19348643,13811892,1155045,2497
25,5,31450487,5448220,9670221,4040
25,5,21464207,18892095,20169266,3502
25,13,27568439,21892960,18874943,3623
25,2,31897403,21931264,2661682,3094
25,7,21291839,12234608,6681619,2210
25,5,28738343,108956,23462807,27042
25,5,27786743,25884527,7084134,3493
25,5,32532623,10093412,8720311,2762
25,5,28940663,10896348,12944006,2663
25,5,26670503,5933900,5827246,2600
25,2,32093267,15785123,4650276,3152
25,2,31071203,937771,30719596,2756
25,5,22753847,9261085,2612477,2408
25,2,25588379,24212119,8390076,2706
25,2,21271379,2678486,8792176,2100
25,2,33038339,22745783,22114170,3188
25,2,31759787,15450090,15148813,4709
25,2,23220563,1383993,16619297,3693
25,5,24325943,15915729,14527260,2652
25,7,27710279,6638020,110806,2645
25,2,19118027,10659330,4259689,2248
25,2,17473187,1055920,9612306,2398
25,5,26017847,15522499,12719122,2541
25,2,21851723,8403378,16422295,2513
25,7,20311559,16593204,13722855,2219
25,2,31306259,16905594,28800157,2538
25,11,28325279,9627017,26868844,2737
25,2,26424683,16774283,3364850,2338
25,2,23677859,2167052,19302611,2161
25,2,26585243,13112456,24393933,2842
25,5,24954407,4919204,21577491,2394
25,5,17079383,7532033,8896229,2255
25,13,18226799,18136783,2747337,2307
25,5,18227687,2169688,13918374,1994
25,2,17744627,14571146,11481729,2194
25,7,28880639,12621776,15209515,2745
25,2,16817027,7056142,15289216,2226
25,2,23113067,6658086,13038322,2562
25,5,28259303,13462892,6368544,2858
25,2,33360059,12763549,26008241,3061
25,2,26471339,2777358,25436983,2471
25,5,22519943,15439010,7036729,2325
25,11,23870999,14424094,6019675,2789
25,2,17364947,17062228,7958487,2545
25,5,20396087,11561240,7391386,2087
25,7,33472079,11629248,16018972,39535
25,5,22815047,12825321,1250716,4460
25,2,27345107,7840878,18754024,3991
25,2,31575107,27999563,19370928,6005
25,2,17792267,10573681,15806505,2223
25,2,33536627,27178237,9437547,3802
25,5,32131007,19955439,29591511,3338
25,2,27861803,18715914,12099242,2660
25,2,33237419,18935830,11673740,3078
25,7,25076879,495005,7326235,2694
25,2,18585683,1295620,4196001,2759
25,2,24904739,7647214,2781354,4056
25,2,22415699,16492120,9835758,3391
25,2,19204139,14407669,6550955,2367
25,2,18365147,7938390,17886391,2867
25,2,23808803,392364,4109609,2168
25,5,28559327,14167842,12184905,2895
25,2,32221067,1895259,12300042,2520
25,5,18940463,7174463,15954688,2386
25,17,28165199,19816678,7320865,3441
25,13,26449079,6309634,19880587,4123
25,2,21655883,2539562,6914153,3005
25,2,27111083,13641477,10551814,4537
25,2,31280819,9490234,27684515,4125
25,2,19053443,11290592,6662009,3273
25,2,27081203,12733522,20313552,3982
25,2,19449107,2849448,9783030,2347
25,5,26945063,17333410,25172842,2624
25,2,21708539,12310290,16185166,2939
25,11,18671519,4339380,3590427,3226
25,2,18481979,17839036,9832067,2604
25,7,18412319,13673495,10257189,2324
25,2,20957219,4071456,14809182,2409
25,5,31759823,18956639,26248461,2788
25,19,30575159,29178597,24747077,3290
25,13,25195799,3634803,15291522,3234
25,2,21405899,4883813,1426524,2497
25,2,30305579,17728883,30268784,3159
25,2,17027987,8194525,2978705,2677
25,5,17255207,6750535,3172156,2592
25,2,20588147,16197357,13477981,3337
25,2,17527163,16080257,5108594,4138
25,5,17823263,11353242,913352,3673
25,5,21058607,18149205,15265860,10776
25,5,31556423,23469681,24044112,4861
25,5,33368663,16351465,25773298,8638
25,5,30468407,17792579,5028780,4292
25,2,23243603,12313588,2021199,7479
25,5,19589183,17266220,18575912,5030
25,2,17396987,10029142,8390586,2333
25,5,32366207,5583511,15672699,5666
25,7,23081039,16708576,1941220,4747
25,11,21422399,10728725,11249001,3842
25,2,18380603,13788533,11904895,3645
25,2,26752619,21479774,20998792,3392
25,13,29978759,28412211,5407163,5859
25,5,25379567,22563766,5709663,55424
25,13,28375679,3606077,8300632,5526
25,2,31385507,5984116,21147414,5748
25,11,21291119,13343538,17551216,2463
25,2,23363603,19318421,22947129,2850
25,5,26976623,305851,426145,3374
25,13,22993319,15157726,17413253,2764
25,13,21623279,10905611,5803129,2822
25,2,29360147,6034454,19577557,3062
25,2,31227563,23218250,20524862,3082
25,2,29976707,27788039,24817720,3146
25,5,25319447,22709893,8383939,3124
25,2,18318659,5196149,11454075,3800
25,2,27461387,12012280,16308830,4003
25,2,20324267,6347666,17077872,2636
25,2,20012579,3098442,6398641,2505
25,5,20716343,13772548,11670633,2669
25,2,20769467,4240080,11929517,4658
25,2,20223059,7205089,20046196,2797
25,2,18344867,5033710,16949426,5257
25,2,33526187,7813988,23783881,3223
25,5,25767143,8154934,10333626,4155
25,2,28501379,4642078,10580558,4351
25,2,26063123,5872541,391115,4230
25,17,32427359,15114871,21380758,5146
25,2,25872347,16374891,14700335,3613
25,5,29583143,7913602,2417718,3863
25,2,24251819,8559269,1701963,2943
25,7,23117999,2712136,7709778,4792
25,2,22748939,14236546,22522557,4322
25,13,25997639,12135540,22603807,4271
25,2,17980283,11506480,1539453,4131
25,5,20048087,13236047,2561433,3032
25,7,21549719,17250571,6440678,3560
25,7,21995759,5857451,6402781,3308
25,7,19840319,17145474,18227368,2823
25,5,24804863,15652270,7799096,4553
25,2,25400003,14440033,3734972,3998
25,2,31071203,6775872,17543368,34584
25,2,21913643,17574009,17278535,2709
25,5,28985303,14436095,21639351,3444
25,5,32836823,4987804,31409347,3773
25,5,19438127,7288853,13358059,2623
25,2,25622627,21657817,17739673,2920
25,11,20187599,1116199,13446265,2287
25,5,24307607,13133103,16078836,3243
25,5,22831727,14611517,1944942,2548
25,2,20026283,14516625,4561896,2351
25,2,22376867,7070975,18013729,2823
25,5,16897103,12314555,10286634,2482
25,2,29059883,28594401,1805377,3592
25,5,29761583,28882596,6627493,3142
25,11,25176479,12228962,12064024,2903
25,11,18514919,10131271,7640344,2284
25,2,32050259,31730613,15558115,3075
25,7,18646919,4647644,6780290,2359
25,5,30305447,3137008,23870443,2881
25,2,24982787,15437673,16369005,2734
25,7,23652479,17824426,4838906,2764
25,17,29724239,27377563,23826168,4396
25,2,27276947,26630572,1431953,3241
25,7,26086799,511326,25478596,2967
25,7,27056999,3071569,10340753,2527
25,2,23755547,19134940,13918813,4468
25,5,22937207,6444119,5479662,3719
25,2,22340939,999595,12129122,4330
25,2,32932547,6525893,20909797,4058
25,5,29788127,4495368,20122484,3652
25,2,31005539,23752785,8144377,3078
25,2,17386043,7306775,7582746,2643
25,2,32808563,22724150,20525894,4340
25,2,21323843,13254830,12113947,2608
25,2,18382667,8442285,7470927,30164
25,5,21014087,4200824,876945,5292
25,2,29339699,18227142,19075947,3511
25,11,25905599,22525666,7932486,5656
25,5,30943943,25466748,12285981,3793
25,7,29421599,25795690,17113035,4426
25,7,26676239,22254414,4317771,2568
25,5,25277807,21286917,18365053,3133
25,5,18906263,9501978,13629859,2045
25,2,29327699,12416894,25124993,4199
25,2,25048307,8203231,16983485,2886
25,5,21684863,10305616,9796347,3779
25,5,25973903,8246950,3398065,4052
25,5,22036247,13471037,17416718,2491
25,2,28636787,28550121,18560235,3273
25,2,21446339,2821345,7068234,2547
25,2,25089227,15222444,14624565,2568
25,11,29291519,27252290,28604490,3538
25,2,23343779,15436931,14161543,2757
25,2,33216299,19118687,22034203,3210
25,2,28762379,17650187,5551343,4964
25,2,26443163,663526,11707403,2847
25,2,22383059,18648337,7416187,2818
25,2,17906027,5061662,3740743,4997
25,2,18433379,13108171,4397662,2422
25,5,30344687,21846260,10317524,3623
25,5,31546007,12166624,22140450,6312
25,17,32915879,9512562,10369065,3691
25,5,23276543,4774636,13906716,5395
25,13,25766879,10265399,18059361,6066
25,2,33150203,16094584,7953096,5676
25,2,32263307,21940619,7392514,4157
25,2,19727459,15887375,15996392,3182
25,5,21959303,7143238,9817342,4454
25,7,18540839,14504939,11207623,2780
25,7,19491959,14657682,7674362,2519
25,2,31422659,11113882,26654783,32477
25,2,28196963,24119301,26389600,3313
25,2,26124587,11703399,1602459,2984
25,5,17519207,8827763,6246514,2372
25,5,21110543,19613241,3157356,2752
25,5,22240343,19519872,15064602,2437
25,5,31736087,14468155,3896169,3525
25,2,16794299,8185018,6722603,2694
25,19,19088879,17116147,6673466,2446
25,5,21995423,11089892,3607573,2480
25,2,30689987,13826507,5260672,3082
25,5,24169127,11108623,8089097,2919
25,5,23764823,15558269,8752223,2696
25,2,32506403,8651855,1567564,3749
25,2,25207307,16088142,22596881,5102
25,5,19194863,692129,12199863,2061
25,2,18094619,14417705,10843504,2312
25,2,25804067,14492672,22548113,2670
25,5,17166407,5803232,13046703,2254
25,2,25069139,22764382,12796223,2978
25,2,32345387,16800941,28362786,2988
25,5,17863463,2279645,11265876,2227
25,2,32198627,30338582,31900146,3633
25,5,22275263,8459809,17337779,2468
25,2,20968499,12783617,13914461,2216
25,5,19788983,469791,16298544,3031
25,13,22808519,18803314,5735230,5587
25,2,17686619,13133581,7833536,12192
25,2,29127347,8193283,28990965,6103
25,5,21274823,7385588,160868,6017
25,5,24830423,8874883,17888961,2658
25,5,22991303,4881314,4892543,2923
25,2,22862003,5146371,9349449,2674
25,2,28275803,6621447,27888615,3763
25,2,22891307,18984908,15131969,3103
25,7,25223039,21554249,15531560,3142
25,23,21899279,1221880,16229571,3470
25,2,32051387,14696281,12910571,3417
25,5,27307583,7827282,11635356,5315
25,2,32255843,2923348,7079215,3023
25,2,27693803,22905575,11078090,3498
25,5,20285927,13209797,17241636,29132
25,5,32481503,10049838,26451319,3297
25,5,32373767,14050159,1648931,3615
25,2,20222123,2504012,11239991,2411
25,5,20090207,8705065,13564642,2543
25,2,21107987,16946105,17179801,2713
25,13,21007439,2486604,15564210,2503
25,5,22974863,10301953,22064312,2836
25,5,20719247,14326979,14483941,2680
25,2,21654419,16849868,911141,2478
25,2,27673523,25721836,1361800,3162
25,2,20245739,2683267,13223238,2995
25,5,31699007,12680330,16879520,2959
25,7,18393839,10204162,12280726,2184
25,5,30137663,19045715,24236089,3619
25,2,29862803,17676150,29672527,4641
25,2,30407387,624148,10979247,3165
25,17,17824439,16684149,12837244,3992
25,2,24870059,10726406,12484213,3686
25,5,25550927,24166974,1699483,5150
25,5,26596223,25383786,11202963,3086
25,5,21653447,15983868,11096489,4070
25,5,21037487,114668,16364914,2046
25,2,30913067,9395644,25625915,2934
25,2,24221867,16946836,2490258,2754
25,2,26743187,17015933,9717175,2969
25,2,23473067,10616592,8654403,2799
25,5,30813743,29488442,83582,4232
25,5,28976567,25188339,26606085,3030
25,5,19766567,3323291,16396664,2486
25,2,21448859,7412764,16546015,2442
25,5,22355423,3937729,18383628,2431
25,2,31223363,27377788,17841579,3176
25,2,16794203,15936404,3480621,3032
25,2,31470563,31307868,20142268,5257
25,2,18264683,2479957,11509532,3039
25,13,17372519,5040438,5945484,2807
25,5,17747183,16594478,10996045,5392
25,5,24635543,3837434,19299338,3904
25,2,29808707,6856463,13317437,4710
25,2,24766499,9945540,22929212,36245
25,5,28339463,4317408,23420934,4753
25,2,27572387,7696235,26166922,5779
25,7,18010199,11584351,5075868,5567
25,2,26124083,14877930,1725047,2750
25,13,18579959,10708824,2447420,4160
25,7,22634999,17262601,10719216,3173
25,5,28745687,17264583,24894677,3303
25,2,26927723,13153973,6982349,5503
25,2,23249267,10562959,18790781,4082
25,5,18335543,360672,14581801,2817
25,5,21115583,17373355,19787654,3385
25,13,32489399,14953890,1207081,4127
25,5,20147207,13666842,18539365,2604
25,2,17530523,15154545,16587482,2593
25,7,24833279,1417394,4286744,2636
25,2,33100307,5438590,29838811,3103
25,2,20124323,14354195,5521818,5759
25,5,31466327,28398938,870875,3277
25,5,31089887,14126622,4380211,3128
25,5,19777607,5077279,9265403,3270
25,2,32185619,11809588,10047461,3485
25,2,29050523,12361064,27385329,3029
25,5,28717103,8318484,19806244,3013
25,2,21419339,11518152,15363362,2740
25,5,25566767,18194213,10404606,2400
25,5,18055847,15370060,17392471,2357
25,5,19226687,912194,17641185,2001
25,2,25904987,17150615,1544430,2426
25,2,30912683,22819148,2693653,2842
25,5,22379543,21510368,4548875,2925
25,2,18847667,5619778,4880919,2926
25,11,21212519,2511142,10780107,2712
25,2,28148579,19771118,2153276,2502
25,5,23339423,14945785,393028,2546
25,2,30791843,8090407,10324375,2680
25,13,22091999,21536315,13749359,2509
25,2,31016267,12176958,10255025,2973
25,5,30901103,2659056,15118219,2491
25,2,31953443,563425,10544796,2971
25,2,18596987,16995366,443117,2722
25,5,29182103,29072162,22656669,3726
25,11,23242679,22830611,11705866,3353
25,5,18318863,12881129,13645881,27467
25,5,22848503,4554963,496725,2275
25,5,20713607,9474586,16425410,2936
25,2,30013499,26632254,21569703,3098
25,5,22238207,10142521,1509968,2882
25,2,17054579,6657532,14493833,2245
25,5,21142127,17772402,16654849,2967
25,5,29035703,16341071,8668438,2685
25,2,31954907,14778668,7855421,3484
25,2,26349419,26280438,12960058,3137
25,2,20233427,16392068,6974033,2612
25,2,22627763,22107361,3906626,2895
25,2,30420683,16693799,23971855,2700
25,5,22259207,17253472,13991649,2795
25,5,19504007,12249126,15834053,2244
25,2,32720627,18774869,3386535,2843
25,2,21091163,8385902,15896331,2571
25,2,22642883,14741810,3390211,3368
25,2,32334299,12279932,24642987,4287
25,2,21781427,10000430,9888531,4192
25,5,29119463,25142440,5413362,3384
25,11,26690999,15961100,11863805,3405
25,2,23640083,19118727,17760991,3650
25,5,18561503,10385349,15009606,2288
25,5,19619687,9278940,16907378,3087
25,2,20951507,5670458,4345028,2400
25,2,17854427,12158898,2378682,2365
25,5,22636127,18207395,16012954,2450
25,5,32091407,10089150,11254429,3297
25,2,20289707,20156728,8220233,2817
25,5,31467167,18026539,8761597,2877
25,13,24124679,1743291,11086029,2593
25,2,23307899,6396347,324082,2962
25,2,18181643,777966,9081252,2494
25,5,20532167,11167765,19197193,2284
25,5,26883047,14380306,9744816,2827
25,2,28485803,18845754,9277735,2704
26,2,49541267,20817509,22690588,4106
26,2,62570843,16962599,32366959,29733
26,2,53493899,43183426,11623808,4221
26,2,53157323,8004468,42937058,4264
26,2,48586523,24132876,32235592,4548
26,5,43774463,7724845,39945585,2991
26,23,38056079,21987513,33050704,2785
26,2,46665779,24759326,19705797,2972
26,2,50291699,13945848,7992225,3476
26,2,36834299,27520067,5274906,3358
26,5,64778423,47314815,4592817,4453
26,17,58956719,34029980,42579256,3902
26,2,63613283,36395122,36763787,7030
26,5,38999903,37285267,17183325,3765
26,2,48596123,44205295,44722957,4082
26,5,50023823,8157656,36546563,3260
26,5,40209647,35361648,16204227,3261
26,5,61489823,36531126,44982320,4060
26,2,53265203,34688001,21349037,3843
26,5,61850927,52463511,21392596,4545
26,2,66607187,55365345,58039920,4513
26,2,66944987,61161500,36765297,4814
26,2,64901027,5832017,13911486,3995
26,2,38955083,5818641,21413499,2943
26,5,66858647,34995683,19747938,31203
26,2,34544747,18031726,25504356,4899
26,5,56805887,10280061,55502332,4148
26,37,35184959,32429261,24488465,3109
26,2,63631739,30495282,39181854,4189
26,2,37944707,3726482,27779891,3115
26,2,65695523,25702591,54713783,4099
26,5,56440247,50539091,16550344,4454
26,5,42798023,22963099,5375677,2868
26,13,66866399,28071753,20306934,4452
26,2,36429227,22877102,25977332,3263
26,2,33590387,8807024,20664607,4602
26,5,35651783,14895540,2091525,5011
26,2,38082587,461803,3381630,3314
26,2,40380059,9312381,9043806,5362
26,11,43711919,29343701,35856263,3523
26,2,55827203,35437710,50387918,4240
26,5,57785447,2842228,49780547,4374
26,7,46865639,16212797,29252539,3908
26,5,39443543,23456548,9262062,2936
26,11,42289679,25977878,9211666,4565
26,2,48288419,11923631,13068050,28265
26,2,44439947,33336106,2634994,3123
26,5,44837543,2850364,43162341,2935
26,5,51141983,20618012,12985255,3559
26,7,54970199,22229550,14407314,3708
26,2,61326443,4092709,57256037,3621
26,2,37283243,17272713,24651827,3133
26,13,65198999,25587494,49537584,4194
26,5,49443887,32929975,27996043,3166
26,23,57811199,32545710,610690,3416
26,13,42265319,25060194,124025,2901
26,2,56575283,13075897,31162324,3618
26,2,59549627,4412520,7951261,3389
26,2,37015403,3461316,2957709,2726
26,5,40903823,32669998,34310515,3264
26,2,41009147,9526804,18893186,2984
26,2,49142147,38383765,2691885,3497
26,5,43198367,31792367,11285817,3288
26,5,63996287,38956741,36533085,3648
26,5,57298223,26670849,17926264,3907
26,2,58342643,10731425,30303471,27743
26,2,40885787,29831943,4675445,3018
26,5,65169407,42148256,53220094,4301
26,2,56460347,14847937,40450273,4165
26,5,36002063,19292926,34607657,3011
26,2,54060299,42413871,37343176,3595
26,2,61762979,26640306,10070402,4020
26,2,38623499,33139087,18886093,3711
26,5,63963863,37470163,46368474,4492
26,2,47714747,43171070,1834053,4361
26,5,48401663,41691042,45643686,3689
26,5,41700623,26004915,5021901,3400
26,5,66941423,57152269,38531871,4286
26,13,48518399,12251048,12866633,3416
26,5,64024967,1863509,2535821,4171
26,2,62236067,37790904,53578196,3851
26,2,51283643,6618625,49846317,3171
26,7,50739959,11984366,31766056,3549
26,5,49420223,7092154,25105467,3362
26,5,37431743,34563568,13481984,28620
26,2,38352827,2810026,21653111,2818
26,2,57461387,29188922,5929111,3287
26,2,37659299,37505018,14319278,3404
26,2,50001299,7823109,36919166,3964
26,23,55542959,19366474,10368466,5185
26,2,38997419,33045668,23828572,4048
26,2,54088283,50727519,47973449,6072
26,5,41012663,30885264,35825711,3440
26,7,46403879,33567398,26393946,4489
26,7,36478199,29702680,17895174,2973
26,2,47922299,16871900,35052228,3751
26,2,54059267,24655608,5110106,3751
26,5,63555887,49230169,13390563,3868
26,2,47387699,42395183,35474883,3628
26,2,59158259,32133135,26648261,3285
26,5,58769903,10392689,539258,3563
26,5,44099543,22106484,22754825,2915
26,2,52391099,10471104,23123155,3777
26,2,37627883,3936011,12637120,3024
26,5,55753967,41473869,27696775,4430
26,5,43696967,6393390,37434920,3783
26,2,44609459,24233678,29119830,7070
26,7,60163679,21513159,30059409,38168
26,5,35340623,6662162,29658448,3418
26,5,51586247,16833560,23898332,4863
26,2,43417163,23063145,39986108,3123
26,17,64776599,50742202,7729596,5737
26,2,54775979,15308955,21092282,4304
26,2,47452739,41193151,11008733,4048
26,2,43083323,9554416,14244102,4116
26,2,40344203,38463052,26180072,3706
26,5,37312007,191761,15275784,3357
26,2,45450563,7494097,25827597,3838
26,13,42198119,5204080,14573037,3546
26,2,35663003,26837300,5814674,3538
26,5,45279887,42980396,753747,5272
26,2,55823147,7634927,10337947,4199
26,5,65546687,707889,4470158,4001
26,7,65366039,26584953,56442445,4300
26,5,49508783,32787369,12648705,3304
26,5,47244503,39723206,21757360,5271
26,5,55579367,25235463,919172,4109
26,2,47348363,21501452,45880404,4941
26,5,55204607,11433103,143173,5272
26,2,44977643,16803075,17731559,4947
26,13,33871199,30133613,5961076,3479
26,2,66770603,45143248,21020049,30949
26,2,58203779,4383375,40462675,3579
26,2,66317843,51680656,9466516,4785
26,5,48351167,17180221,27288790,4165
26,2,35600507,4486260,26394629,4058
26,5,66374303,32100103,21611961,4420
26,5,50570063,19753497,40982740,5782
26,5,38644007,30329385,37449393,4180
26,5,61151327,13672609,26058196,5290
26,7,65234759,23154567,47005610,9541
26,2,43966907,23027419,16269412,5913
26,2,47452859,21319719,25472965,4139
26,5,34167143,16127144,23727172,3127
26,2,35207099,31144547,8787566,4285
26,2,62743139,13702553,16951268,4426
26,7,43183079,40767778,37989733,3848
26,2,49560179,47264675,10404913,7484
26,5,34096823,5795698,6380139,5710
26,2,35530499,5001438,30141667,6258
26,5,60027503,17001572,56313544,8218
26,2,54833579,21229606,20322684,7293
26,19,49036679,29902209,36714908,4242
26,7,35814599,9405326,3355157,30014
26,5,50994767,3515109,22162173,3675
26,13,54366479,43343807,17586565,4863
26,5,41965607,30033250,32597207,3587
26,5,52615127,15782776,50543455,5794
26,5,48594167,764146,23018908,3732
26,19,39398519,16851022,30151150,3475
26,5,38252183,18413785,4831761,5622
26,2,56754779,49014241,45593882,4522
26,11,38697839,5986205,36367861,3262
26,7,64186439,20706693,51360576,4772
26,5,58551743,29564411,15038784,5202
26,2,60839579,60149595,38936528,8959
26,2,62566643,7514859,62173284,3660
26,5,65857223,19372621,16606696,4043
26,2,39156563,5168621,4235179,3019
26,5,42319367,39683419,26120337,3454
26,2,64123547,46203631,28597802,3921
26,5,63707783,45852748,14621492,3955
26,2,43619123,2574274,35164409,28190
26,2,37808819,10044859,29557142,2963
26,2,44966459,23898210,777881,3002
26,2,36117083,32008582,13854273,3899
26,2,42464459,36499204,11433421,3394
26,2,51267779,49236391,24932733,4967
26,2,51379859,50931007,15343687,6324
26,2,60339107,9613093,37757957,5324
26,2,60539867,43114318,56443437,4666
26,5,47947727,4590609,5854202,3186
26,19,58241039,26039564,40448213,4064
26,2,57037187,41780350,17894507,3709
26,11,55058639,52080063,50874037,5678
26,5,39176903,30728380,16521693,4990
26,5,34172903,29862438,29203545,3360
26,5,63126983,32304889,4644134,13422
26,2,53010227,15586960,15987066,8597
26,17,35379119,27528589,7118207,4813
26,5,64129463,14146505,45645098,4439
26,7,35229959,27475128,27436687,3487
26,2,61654739,2887006,2807809,4458
26,2,41829443,31278340,1169746,3450
26,11,67018439,24328542,1591234,36363
26,5,63128783,39659298,28192422,9477
26,2,60498227,43649663,5811832,4599
26,5,64968647,25369507,28974147,4950
26,2,39556379,37447067,10457290,4722
26,5,63821903,15981524,39687950,4410
26,2,36641219,29785834,5701538,4523
26,2,36539627,25227828,22492862,4598
26,7,66111719,48047005,37545117,9351
26,2,47633459,40296821,47494386,3592
26,2,65583107,14591722,38051952,7215
26,5,42209183,3050836,31673846,4805
26,5,49745327,24186204,26378455,4786
26,5,41889767,2966480,20180493,3622
26,2,46840043,45208462,45468396,3612
26,5,50170343,23217750,42467113,4113
26,5,58475927,36465082,25297297,3617
26,5,34117703,9459417,33467822,2908
26,5,53245727,23834882,10584424,3861
26,5,51395327,46172802,50855317,28267
26,11,50049719,3042858,11112453,4070
26,7,54714599,2416070,8310424,6068
26,2,56510099,18461940,2331795,7525
26,2,49008227,7342893,34870191,6018
26,2,48509843,10458129,24064677,7969
26,2,38225483,19916312,9802129,6176
26,7,49251239,6789316,1421420,6608
26,5,52622783,1412463,45583366,3178
26,2,50400419,23537248,46208364,4307
26,11,56505959,54379366,22424110,4497
26,2,59105819,19380099,22307416,5429
26,2,62973227,15532602,38624950,4409
26,2,40253867,13956197,27532660,3574
26,7,47773679,3045962,33224762,3614
26,2,55810523,44394320,23578406,4545
26,2,51981467,15406981,29281580,5324
26,5,38507783,29539833,23821188,4121
26,2,64652243,13244297,19768487,5409
26,7,43502279,36437563,31035934,36425
26,5,43571327,2870405,41605995,3060
26,7,53410079,8190242,6015825,3537
26,5,62835743,26011943,20106612,5041
26,2,43649219,12077220,3466914,3378
26,2,45727379,10521765,16983349,5050
26,2,67035803,18788209,66362333,4055
26,17,49769639,20699108,37157794,6160
26,5,44643983,41417215,5473949,3904
26,5,49851623,47661185,9856562,5331
26,5,57478943,17198768,9807666,4524
26,5,49239143,47056802,8331069,3698
26,2,46396019,34749985,2527827,3693
26,5,53583143,38066914,37822977,3902
26,2,46326107,23479439,21009813,3111
26,2,51854339,47252788,49794786,4340
26,2,55905947,44747036,53666928,4307
26,7,54082079,4459750,47229622,3332
26,2,57849587,43311318,41660530,4172
26,5,55655207,25686588,39679492,3993
26,5,34594943,15536070,23674735,3128
26,7,52041959,31088284,43313790,3252
26,7,39450959,10622254,22794369,3047
26,2,39360323,18294872,21435638,3326
26,2,57824099,2475952,25808984,3461
26,5,53713223,35054586,22895280,28299
26,2,66476507,49997368,7971229,4644
26,5,62766503,16703277,41718146,4826
26,2,36977867,25773256,12289706,3749
26,5,43262567,4359011,3406102,4139
26,5,56842463,14302461,43905063,3624
26,2,48288419,23707000,38788825,3876
26,2,56952107,31055437,37562894,3828
26,2,65506499,43183789,32477850,3752
26,5,50773127,17682005,31857411,3637
26,2,61586627,33478106,19703374,3750
26,2,49509563,22143000,5203401,3879
26,5,39759767,2223386,15047521,2983
26,5,47403887,19570354,41715506,3652
26,2,48879323,34428663,20049734,4059
26,2,61999787,278848,28024466,3348
26,2,54311099,11133742,12260778,3481
26,2,58342643,43535941,54987549,3702
26,2,46158683,43256961,45260935,3487
26,2,64530083,26566015,51504135,28920
26,2,65629043,57024765,59850558,3991
26,2,49344899,1700393,5699782,3452
26,5,54856463,1801148,14092542,4242
26,2,39053867,32297008,29876399,4396
26,2,39867203,24351740,19181793,4466
26,2,50443307,28382434,45636786,3954
26,13,63659279,62542624,35378592,7215
26,2,51154427,42854084,38227731,4731
26,7,39835919,7234017,11216156,3062
26,7,43069679,31112323,32080642,3376
26,2,40872179,1792798,36685520,2895
26,5,55376207,19919252,49066819,4365
26,5,56541743,29026461,46581513,3154
26,5,37828223,18385593,13262503,3395
26,5,49513463,9399385,48124056,6699
26,5,63126983,9295976,10889336,6234
26,5,57160127,15296589,2474177,8793
26,2,51873203,20572628,26554443,9158
26,2,56373827,34145995,40982855,5278
26,5,54796823,18211711,51478633,39474
26,2,57793907,46806157,52629501,3981
26,7,52171919,39970887,44048090,3941
26,2,59343443,19045441,43728380,5016
26,2,51483227,33938433,39151386,3366
26,2,37631339,20761078,8410727,2961
26,2,47514443,10927186,18365491,3350
26,7,47831879,5230458,14628728,3306
26,11,55459319,8053063,4933345,3509
26,2,55135979,30818855,4701064,3874
26,13,56558039,13072363,43369607,3733
26,5,47462783,3242214,23930143,2952
26,11,59866679,7940435,48797409,3653
26,2,34798187,17057051,492798,3288
26,5,60644687,12723364,6559724,3743
26,11,60165719,7713977,59168207,3905
26,2,56484899,21243592,33720508,5493
26,7,61619399,55152940,19137995,4837
26,5,38173847,21239430,19407540,5804
26,2,40897763,6013734,32973352,3454
26,5,33610007,19727068,27058775,3338
26,5,42765743,39194476,4279201,40450
26,5,43745567,19407673,4648803,5384
26,5,43994183,9081386,4325244,3323
26,2,47839427,9111868,22577635,3741
26,5,57618047,51440296,36984149,3959
26,5,33818927,9998352,4825527,2876
26,11,35267039,17137355,5806209,3302
26,5,58690847,11444496,9571112,3520
26,7,48025079,23929634,24776743,3635
26,11,43290119,29054656,5428637,2892
26,7,56050439,49951204,24994740,3780
26,5,54642383,21650937,24816611,3784
26,2,36508859,3526242,16649228,3094
26,2,59064899,37783933,7997673,6309
26,2,45450443,1131068,21801050,4770
26,2,34416203,4471753,27824151,4431
26,7,35724119,9490549,87037,4294
26,5,52107047,50190302,46390210,4913
26,5,40816823,10451857,1930695,6983
26,5,53511167,16377876,35580861,4596
26,2,42244067,14917552,20085839,3439
26,5,42237047,2423609,5913756,2973
26,2,53011139,36144683,43427100,4158
26,5,38750087,32731358,26927015,3151
26,2,55422923,25054121,24054478,5469
26,5,50374343,49756065,13715442,31921
26,5,56924783,15457152,48394636,3926
26,5,66416543,40513993,15998870,3699
26,2,52990403,3827858,9464438,3640
26,2,54130283,15772598,35362125,4364
26,2,64474379,57565820,55034394,4104
26,2,34397339,11961052,25745100,3016
26,5,62876447,62253083,57020477,4492
26,2,57929219,21980684,21889771,3826
26,2,42833459,24807040,31204623,2999
26,2,40499483,35071633,23346342,3314
26,2,47520659,21932252,47144466,3884
26,2,66189587,55658751,60353938,4176
26,17,41484959,29064120,26046497,3522
26,5,35305727,4333911,11219042,2705
26,2,39599867,9293351,34429860,3271
26,5,47876567,15762847,23518151,3406
26,2,64219619,50457095,38291190,4306
26,2,42285779,15874796,27089336,3301
27,2,101386667,306297,46101123,4575
27,2,118237403,95355608,53074640,30357
27,11,93244199,1786524,36912468,4318
27,5,81255407,58595604,43452825,4942
27,17,113688119,96366576,15104972,5204
27,2,122406827,87275298,22557334,5376
27,2,78314843,6857107,19948562,3973
27,2,85147163,80695251,29672359,4844
27,2,120410243,8885035,112240895,4886
27,2,88019123,10357520,58048439,4078
27,2,103820027,2560140,36298938,8330
27,11,95979239,68382648,64166482,5646
27,5,129076847,99331157,125861651,5741
27,2,91027787,31572960,68177223,9185
27,2,109099883,59653496,76591875,5141
27,2,112331243,59732457,85941423,33729
27,2,92096339,36100230,34710828,4934
27,2,88976579,6188895,60513625,9800
27,5,85366703,18053849,50208140,5204
27,7,123249359,31462958,96679100,8985
27,2,89996603,66037853,87741504,7586
27,5,132666167,83617944,44942314,7827
27,2,119253203,37387509,74030150,5501
27,7,95606639,62134479,78454809,6332
27,5,67234823,6016553,20282402,5265
27,2,108044723,3165559,1841849,4535
27,5,70516463,24132559,42435408,4172
27,13,93349079,62732873,21344120,4732
27,11,100849439,48659033,13428360,5518
27,2,120626027,96288487,96835839,29437
27,7,127743359,13700207,77307864,5014
27,2,114053099,47186,9265458,4454
27,2,108352163,49273001,18772189,5447
27,7,75425639,66418473,51735657,4921
27,2,67850579,17067835,27515164,3904
27,2,96766403,18655047,92072932,4694
27,5,105195863,49284902,23159720,9236
27,5,92149103,68432035,51534506,4688
27,17,115806479,80015599,104909420,6713
27,5,79810007,20652897,15927549,4586
27,5,84952487,24349766,45398665,6459
27,2,69459683,35891263,2637649,4162
27,2,111177107,17376297,109851144,5058
27,2,103806779,70550499,31927207,33994
27,2,103118459,60010619,71271208,4605
27,2,75167579,32482687,10411375,9504
27,2,119710187,93401578,64511267,7437
27,7,100368839,33494086,89095421,8147
27,5,92808263,20434582,1042099,6105
27,2,87059747,2530354,21997964,7815
27,2,119465603,108069920,107096234,5737
27,2,69424427,57942652,22457238,4237
27,5,124398047,101955305,70730008,5655
27,2,69085187,9234065,64740570,4426
27,2,121759283,106673005,105429912,7143
27,2,127059299,110326964,6866083,5537
27,2,118656467,58983195,26415734,43036
27,5,131158943,57308550,92594954,9038
27,13,114796079,2666437,83899426,11413
27,5,124821623,114963723,94099844,7011
27,2,80860379,2043918,38734905,5042
27,5,134192063,25568738,92981622,6033
27,5,132563567,57961355,94106689,6991
27,13,84351599,57641236,35109368,6160
27,2,80541347,34261431,27183017,5509
27,7,72199199,15893007,59534009,5541
27,11,105091199,85657640,89750593,7349
27,7,98913119,58437112,96407715,6916
27,2,68353739,10666116,14201852,7417
27,5,74427623,31091256,40283478,6304
27,11,99466799,12107052,24583406,30602
27,5,84178727,5041746,62889769,4670
27,2,67878347,16973382,62158816,3887
27,7,68501519,51871133,49459639,4000
27,2,108284027,107231540,45381381,9187
27,2,124704179,27027811,73912305,6807
27,5,89494247,60494427,3865371,4698
27,17,93168599,72472291,86861672,4557
27,2,85310507,34424779,26142521,7257
27,11,121734479,17978868,110466646,5088
27,2,126139907,68961145,25466091,5997
27,2,79758083,67457237,71768128,4759
27,5,93933527,33125646,44596292,4678
27,2,131987579,59960190,111641822,6256
27,7,84733919,40138367,54574545,36495
27,5,76639583,27891490,4763216,6211
27,7,80610119,26635170,68303957,5139
27,5,82667687,3656810,53538392,4597
27,5,73127807,4667999,21612305,4387
27,2,87135899,31328043,83516166,6355
27,5,70640447,35388808,15302114,4367
27,2,126386627,18356073,103447936,5983
27,5,131545367,119354548,96131474,6766
27,7,131877839,24795024,129464888,5582
27,5,124653983,123312638,114938333,8061
27,2,84385139,21733956,14295047,5326
27,13,106896719,42075330,105697717,5533
27,5,70944047,4391805,10553702,3660
27,5,75946847,5412120,40688474,30270
27,2,111488459,99675993,67285751,9164
27,2,104126747,95147016,31175616,7305
27,11,101745719,71140477,35033175,7996
27,2,74743763,28146068,53356750,6958
27,13,74551319,70046714,11959731,9275
27,2,133891547,39442671,82987737,11583
27,7,89878079,83595407,9199887,7454
27,2,109210859,84104247,66797304,10435
27,2,90651467,20717451,46813060,6436
27,5,122056967,119560631,121475262,12233
27,5,121275647,70116001,78574282,5755
27,2,105143099,81863629,90897622,5925
27,2,69225083,64050756,22006696,11152
27,5,72679367,11738449,39422098,33934
27,5,96499223,28188505,61275475,6791
27,2,122690339,30936180,84070471,6623
27,5,115347263,56990718,69414514,8750
27,2,87446027,75258787,54027978,6310
27,2,97570619,4310796,24379284,5990
27,2,71166587,4508071,10359739,4924
27,2,89319467,64718886,25966401,6489
27,5,128683967,121205666,53069908,6492
27,2,84692723,64696400,13706409,5349
27,7,110978039,23170482,105836667,6318
27,5,133692983,33124073,84347873,8475
27,5,83349647,63417778,52015656,9736
27,5,111787007,1905451,94872480,5315
27,2,117947867,21576434,9940452,34295
27,2,129278939,108233982,114941171,6664
27,2,111143987,106093781,28876572,7768
27,5,125224367,25625045,77684427,6447
27,11,76925159,30721946,9117405,5439
27,29,130729199,84402272,46592345,5966
27,2,128061203,115242127,118004764,6660
27,7,116968679,106422691,15665777,6413
27,13,102904199,61473461,41959999,5625
27,11,88239959,21686354,74815146,5442
27,2,70505027,14770273,25033934,4776
27,2,98581739,77695288,96720108,6031
27,2,109635203,87754935,12685277,7282
27,2,77260259,66028561,12345253,32087
27,5,104749847,15742332,37324347,5709
27,7,91658639,68520292,79087287,5191
27,2,67832459,63888113,17195354,6167
27,5,96659687,44172273,69215332,6835
27,2,84428843,32105561,4601055,5863
27,5,130564703,110640373,80822237,10752
27,2,71035499,53944045,63852709,5318
27,2,73147619,64651243,36058279,10447
27,5,77223383,26743372,9651566,6882
27,5,132987143,98353814,5039047,7840
27,5,97253543,39532630,82272539,7959
27,2,120932627,71244872,42880169,6024
27,5,93930743,3710563,39832584,6221
27,2,76495283,8976524,75772041,6119
27,5,78542207,43707420,64209217,38227
27,5,86997503,4382165,82554907,4830
27,5,100737647,50164124,45857294,6526
27,2,125228339,24780226,26523419,10881
27,2,99325307,29273873,68955417,6987
27,5,112935983,23007505,34805021,5516
27,5,79843727,13301901,76782062,4612
27,11,80848799,57183788,32246197,8670
27,2,110024483,50771045,82578559,8637
27,17,70972079,40005866,22529860,4998
27,2,73672667,47891537,28774396,5195
27,2,130268147,5610346,15817467,7535
27,7,87897119,59296485,43834937,5192
27,2,114531827,109261229,59019776,7979
27,2,104313563,72384192,22878663,32675
27,2,75424859,28511649,71267303,5025
27,7,91678799,25012103,21827113,5701
27,19,132887999,131344211,3343515,8523
27,5,117239567,97847470,64361607,6227
27,2,84031499,6434704,22316034,4752
27,2,123592523,121742208,24586025,6572
27,2,87271187,77617369,171654,5467
27,5,101007527,96699883,72421684,6769
27,5,108589583,60986997,10965387,5704
27,7,73281959,59898887,57520192,4738
27,5,77505887,4655418,36202925,5619
27,2,117119747,23477693,40049171,5875
27,7,109703519,62174457,21125252,34172
27,2,119464043,52154779,117588389,9526
27,5,80697647,53484718,5601502,7088
27,13,113117639,9743451,41874745,6654
27,13,100043159,84801103,79940244,10365
27,5,110229023,48638359,107383062,8319
27,5,119100167,7563788,53666139,9970
27,2,127519187,3044971,30796401,7422
27,7,105320639,76978256,92272177,5603
27,2,81255299,78595787,45137845,4801
27,2,112112003,72103504,96511909,5724
27,2,95814443,59367844,11597358,5159
27,2,98281979,58039220,10069297,5424
27,2,111661787,71906447,93003035,5596
27,2,115304867,19856904,22152993,32634
27,11,99028439,79076084,91046954,5648
27,2,82104299,70403288,47586861,5439
27,7,101563919,50394011,34352520,6446
27,5,89612207,51842902,80006496,4777
27,5,122416727,120127346,109039879,7842
27,2,125174003,29267591,95924434,6619
27,2,105190139,825622,87251609,8481
27,17,84440639,81558791,81856101,7419
27,11,118603439,76128575,14643453,7412
27,2,130651187,8156561,125674023,10665
27,2,72510107,22779222,71955137,6121
27,5,76348367,66104259,38841014,6380
27,5,123178967,19994054,115801236,34549
27,2,123844499,105530640,78581728,6835
27,5,128386367,117001565,96712663,6058
27,2,115443179,66240870,111263594,5366
27,2,121171907,52351321,57700980,7080
27,2,132038987,96442403,75246014,16407
27,2,124312499,113823247,52421097,11019
27,2,94863347,3127647,54343499,6907
27,13,96511439,8209326,43962359,6537
27,2,74951819,5073167,46509069,4424
27,5,113541983,86219739,105936147,5460
27,11,83394239,19622253,7250513,5762
27,2,83548859,26156430,12853552,8411
27,7,96331799,39699772,15445207,41190
27,2,130876139,91529739,98372217,6155
27,2,126160379,99538813,115866147,6579
27,2,118815947,53053887,113628423,6531
27,2,86554043,27439389,76003949,5614
27,2,68765363,344238,12347565,4573
27,2,69753899,51969324,5598525,5450
27,2,78849539,23306528,28941016,6055
27,5,92677007,5349445,15839996,6005
27,5,72203903,28445039,47303127,4785
27,2,123240683,25102837,91475958,5976
27,5,99265247,89903719,50107392,5703
27,11,95852399,51190831,46820027,5068
27,5,91405103,43428891,17586635,6018
27,11,99281279,11774495,77266586,35586
28,2,193601579,99436267,131303801,10074
28,2,195192083,26456657,7364416,7810
28,5,207482687,163167726,121818772,7932
28,5,262388447,49512901,140949203,10234
28,5,207210623,168060906,22782734,7921
28,7,215719079,367321,137842201,7600
28,5,152918687,84945161,128833286,6321
28,5,234088367,70468835,57347603,8298
28,2,166239947,83449746,50593391,6159
28,7,266030279,124154328,170045542,36745
28,2,220898387,179696785,184774268,8495
28,2,172583267,21805169,140397803,6018
28,2,162437027,147111071,53064929,7876
28,2,220640339,89975453,17674061,10702
28,2,254535899,134002055,103734273,9137
28,2,138021347,80519051,42443236,7050
28,2,145913843,86975299,74981517,8831
28,2,161742083,88227578,58461614,6214
28,11,196245839,135386795,148837754,7537
28,7,217664519,1210768,56889729,42087
28,5,172123247,149793087,166073837,11399
28,5,161475647,75254502,39982272,7763
28,2,181179179,170677512,80102141,8177
28,7,183502559,40820083,40066224,7249
28,5,191125223,125232755,24764232,7193
28,5,182757503,133361713,27646119,7281
28,2,138917699,18170259,10542188,6464
28,2,170026523,18891225,17892801,6966
28,5,246191207,42329940,202910679,9365
28,2,260526467,196797042,185106014,35727
28,2,228948323,197699372,173000065,8562
28,5,134710847,79567997,55599027,7453
28,5,142908287,15587740,141458346,6407
28,2,151633907,79292159,87537218,6769
28,2,178597499,29246229,127460016,9212
28,5,205920647,200347588,41500744,13249
28,5,208414847,171663993,56201147,8625
28,5,263615783,160855790,94375703,8473
28,2,192438683,164652745,135672017,7746
28,2,152580227,90123113,19592886,33250
28,2,222805547,15020331,122424883,7609
28,5,148776143,79400742,128567324,6234
28,2,233961683,218311597,141939182,8811
28,5,157119143,56815864,143244902,7072
28,5,244648127,231843149,96719692,9108
28,2,165026699,34237738,11860523,6766
28,2,183326723,110261294,16207273,6949
28,5,134585327,63625377,113859225,8097
28,2,223692059,107379350,167980842,8378
28,5,220972463,167087740,81722439,34761
28,2,252560219,191552950,193161401,8578
28,2,147568787,19641550,137496005,7212
28,2,216324803,53131611,190386789,24060
28,2,159020123,90075578,52064165,9149
28,5,164640143,56056846,124549985,10404
28,2,145477019,2211027,55490772,8924
28,13,163590719,44217410,153598144,15571
28,11,177288599,96000555,128112660,9625
28,2,231850667,176743208,146662949,43929
28,11,134341199,121225351,45637856,8206
28,2,230025443,113104132,149125863,8943
28,5,201476207,55272506,44516364,7997
28,2,227628659,80311653,78363042,8496
28,2,179498219,61070538,143911698,8961
28,2,160186259,2348742,39161506,7312
28,2,173152907,85335861,125899693,7950
28,11,147152879,117475867,125638861,6404
28,11,197517479,51843886,132174072,7102
28,5,240471263,15521433,52544386,36170
28,13,221530679,87565560,115072990,9726
28,7,256290239,92879405,52237517,8898
28,17,230631959,48955538,195459446,8033
28,2,229553603,190265418,105025128,8190
28,2,238020899,98873675,161070530,11316
28,2,165289907,113772191,44376028,11344
28,13,185935679,134025882,24924740,6828
28,2,135979763,21342938,128830563,5864
28,13,228562199,148159440,114283628,8776
28,7,196202519,126812635,191429456,35194
28,2,197856707,134788785,146283934,7326
28,7,153743879,106050704,115519717,6678
28,5,145242887,107639960,57195137,6781
28,5,236358407,177779614,123850860,8172
28,2,192505403,16441081,136453145,11655
28,2,137795699,41403432,40329715,8998
28,5,147228167,30143825,43028275,7339
28,2,182508539,11754410,111085392,7012
28,5,192459503,180722823,101765159,12013
28,2,218244347,175078549,41242256,36672
28,2,189693419,132748877,17650829,8477
28,2,267146339,811711,132263662,8101
28,2,216399059,149810851,12439446,7851
28,2,168786347,120063631,156016744,6963
28,5,262250447,249754440,6001162,9219
28,5,228147527,194893856,60300086,8343
28,5,238389167,115680674,49648306,12338
28,2,256909259,30158122,17953233,9942
28,2,233297459,45148005,103301624,46360
28,5,171623423,84058782,20907898,10612
28,5,260515007,83884114,153130703,13160
28,5,160865807,85096364,74694349,6385
28,5,175675607,86277854,68328871,7774
28,11,172201319,136526932,153616771,10279
28,5,184601783,10138237,84337689,6849
28,7,244846079,201677637,77683992,8466
28,5,149744327,135588197,113016303,8314
28,5,248887103,56109530,6456068,34494
28,2,201182459,193515045,119219729,9541
28,2,252583259,227927894,109478513,12969
28,5,205149767,131110810,24848333,7403
28,5,242890367,238209351,41661156,8708
28,5,215547383,83410917,64630276,8291
28,13,254311679,17158476,87759649,8703
28,2,230850827,224315944,186142450,10288
28,2,210504299,104933155,33227077,12951
28,5,245468207,232002465,101183371,44975
28,2,215803859,133405988,60878616,8174
28,19,203500079,67331791,109840946,8164
28,2,159710339,117050310,101387466,7515
28,11,193649399,85196468,132749918,8527
28,2,234029843,20242562,113994244,7395
28,2,230423267,76442854,37239381,8411
28,5,182815223,160696990,141492727,8091
28,2,241126979,171128035,216914976,8575
28,7,139926959,75340391,80579868,5726
28,2,188013923,43014104,72084222,38019
28,5,261957887,65290422,36197340,10079
28,47,219911639,62591499,201667556,8444
28,11,137790119,136727908,131150080,6959
28,2,193763099,154074000,180676192,6906
28,5,181013423,74477089,159289112,9107
28,2,136178123,93287663,12474110,6430
28,2,165467363,51340175,2216099,7147
28,2,240749123,78463586,35272942,8860
28,2,193344059,179656026,110634290,7800
28,5,175993463,39147465,115869610,33999
28,5,147110567,137004597,5874132,6951
28,2,186226763,46784322,148654073,7351
28,2,142291907,68200192,51712921,7061
28,2,137985347,57209672,100079328,7142
28,5,160477007,98421912,70733535,6569
28,2,229190867,48339558,60114963,9062
28,2,134800019,62250025,80218410,6918
28,2,208632923,178280120,29867538,7943
28,2,161479547,3428052,149919651,7131
28,5,142837127,21447297,32464145,6506
28,5,178175303,84428469,163386274,38120
28,5,249453047,239140082,41911572,14599
28,2,263088179,230076127,96709241,9424
28,11,253954319,69963140,187834142,10379
28,5,165214607,10808680,32896273,6424
28,2,242368499,176533386,36800604,7953
28,2,218801123,49452417,25615625,10127
28,2,140489579,72043655,120275679,5813
28,2,188031083,80980895,42949368,7555
28,2,233715563,106014106,4675120,38761
28,5,196787687,18905430,194650515,7234
28,2,140256659,73452830,65111372,5849
28,2,201085883,38928034,181289570,7772
28,2,246384107,61760437,148470857,10309
28,5,206632463,31570520,18035831,10231
28,2,260162027,258378695,134439114,15110
28,5,265526447,244762098,117539667,11075
28,2,142842299,65004039,48837030,7177
28,5,233636087,155841776,68652027,35832
28,2,213859067,129554323,136990771,8083
28,2,136897259,91901344,34301735,6321
28,2,203876147,69293477,82588406,8078
28,2,182060339,134112830,166385383,7140
28,5,145854503,10409421,100643013,6181
28,2,138865379,20801091,1648861,6266
28,2,177349427,128285278,112016179,7584
28,2,158062979,54102912,120449638,7172
28,2,166158299,164943357,56928035,7688
28,2,217168283,36770915,8249101,7573
28,2,199640339,11447314,169395296,34123
29,2,272355563,163483806,58003316,7958
29,7,449720399,5785205,244716422,12401
29,11,461875319,171066806,335711448,14261
29,7,326604359,13576575,59169387,10904
29,11,369058199,247545676,341828062,14405
29,2,533354387,61129720,51093460,17974
29,7,412707719,411640660,203858970,47329
29,2,530207267,116779063,411237705,14078
29,2,366526619,176285503,121833813,10839
29,2,377454107,265349359,124244175,12731
29,2,406751123,22297453,296559343,12848
29,2,504802283,455362673,237809956,15383
29,2,423338339,272550076,225051014,42942
29,5,307888487,183321500,302485485,11984
29,7,331841759,278748752,303732857,9911
29,2,451980923,282770074,290414444,10404
29,2,362652827,97197270,90295351,12442
29,2,473919059,434861757,131029420,11987
29,7,494543879,175687467,310689772,11673
29,2,295346867,134121357,10459187,41422
29,2,463642643,211079405,177665542,12662
29,5,287074583,211453546,246321989,13854
29,2,401095427,21494386,58516015,11685
29,5,529419167,162681388,4675462,18810
29,2,285913547,97797485,139782033,9142
29,5,509933063,351042870,257159243,10971
29,2,463354883,159372800,272041504,39306
29,2,306611387,275821661,67114342,10478
29,2,365382299,23436175,22015493,17692
29,5,363289127,302843276,308812844,13443
29,13,456941999,247013777,45889485,10497
29,5,485772767,460004173,300471564,12521
29,13,408862079,117435402,403445781,38609
29,2,327590603,312711592,197255277,10591
29,5,518241287,89190888,260805784,13451
29,2,427047779,200719595,289884480,14945
29,2,422020163,189103210,200142014,10937
29,5,280573103,21987639,20098322,8323
29,2,407064587,32775228,46490616,13014
29,5,481193423,294609444,151892851,44441
29,2,310640147,243892483,57581596,9405
29,2,395021603,25158881,275550251,9724
29,5,325944023,104386609,226136621,9821
29,11,343703639,86825031,154759797,9733
29,13,352886399,190333727,274970127,10516
29,7,310044599,180064853,22669251,9840
29,2,322438547,121728276,225022516,39880
29,5,393131807,193045246,30874614,11140
29,2,411038987,182300144,47294736,14843
29,2,455429243,116119370,180054728,11069
29,11,426606239,4001221,56141016,9264
29,5,287553023,84402764,17701219,9148
29,2,497729963,380895421,484653243,11377
29,5,398926103,176929297,397674003,50186
29,2,514684139,43512047,90780990,14210
29,2,298557947,179762284,285511035,12195
29,2,529260323,294086724,310571217,11294
29,7,295470359,14141132,163029763,8383
29,11,399863159,13713834,299686405,9654
29,23,402900599,144140336,352881494,11114
29,2,332766443,318472563,225421989,34924
29,5,301036487,299881582,90740973,9551
29,5,405568607,123494550,317252784,10715
29,5,317468783,305520619,235830592,10129
29,2,375955667,95429318,217050712,10075
29,2,418795667,382449981,107439586,11433
29,5,436412183,282976741,32042627,10800
29,2,481852187,460706892,148152708,43823
29,2,411829763,252221772,150929926,11157
29,11,270994799,75972259,57939161,10508
29,5,352154183,158453260,31407902,16270
29,2,439824299,417506579,68838188,12434
29,2,465210059,246495273,111183609,10432
29,2,456735347,289009918,253978304,38439
29,5,306905447,260431991,286666834,9386
29,2,426109259,181896532,248212536,11448
29,5,372890807,71670743,170092809,9792
29,2,418174787,39560315,331909604,10266
29,2,344354867,240961722,101278866,9791
29,5,314196887,116141950,45018043,10675
29,5,354889343,244356217,118425461,75582
29,5,398342207,2102840,348603218,14659
29,5,332223887,306743272,98155884,10668
29,13,283714199,204179453,257862377,9058
29,2,406785923,168045702,32829605,11597
29,2,291948179,110710226,157712589,12605
29,2,515703899,145551435,246337486,22204
29,2,468620627,379388465,373574640,47234
29,5,319973807,312540326,126382564,15658
29,17,443137439,229387959,349779286,10162
29,5,395096063,16032790,150339039,9953
29,5,390274103,92636955,293482885,10406
29,13,290141519,286124363,274121230,9723
29,2,337330667,314689934,153779863,11086
29,2,454621187,304442445,412674497,39414
29,5,523411727,432787346,216946122,15774
29,2,303364499,44446522,246115285,9204
29,2,421452467,374919004,30535264,11425
29,5,288460847,55844217,92128901,9150
29,2,472719539,153709565,245019729,11206
29,5,463586807,383889749,341827635,11440
29,7,377479559,219500143,173248151,37148
29,2,427449563,109797187,390655926,10912
29,2,277027187,142772801,103722815,7853
29,7,470889479,273075193,348948897,9964
29,2,401273099,367717463,71397289,12841
29,2,295071683,206741202,91992813,8683
29,5,412533623,250821050,14169503,14406
29,2,297693707,267677768,59074364,36162
29,2,434094107,29684321,409255002,11687
29,7,305881319,115798429,95507347,11794
29,2,372364283,360370280,13013521,12262
29,5,507211487,411728357,251628706,18864
29,5,410607503,385711122,276240193,17276
29,5,468841103,341157891,262527011,13317
29,2,318841499,126350033,86186264,37705
29,11,476063999,429275537,260849901,11642
29,5,299934023,24466528,158270077,8450
29,2,423424307,23065920,171319156,10248
29,2,506744363,305087837,441381474,16609
29,2,355816067,148761437,183373355,17533
29,11,407884679,60684886,184894626,47052
30,2,551914523,226820726,92462129,20809
30,2,1056170267,508177961,555374446,19882
30,5,879795263,659756391,208097008,15117
30,2,1031985203,189517438,481450860,21850
30,7,979704959,595424544,883308183,41868
30,5,753074087,418751178,674443978,15676
30,5,1033345007,658211557,218542127,20527
30,2,884791379,699797521,112079673,14159
30,2,784998323,45900738,321876092,43260
30,2,822740747,80903726,126569060,22314
30,2,850223579,489087377,334919471,18478
30,2,739836467,518911381,102886904,22453
30,5,760833287,34818342,466985134,12765
30,5,799680023,266369503,104610731,46869
30,5,719430983,237537284,354489681,14210
30,2,582635387,511313571,74927424,13177
30,2,1028691227,587904125,134770354,17751
30,5,658562447,571562406,239342410,13483
30,2,926045867,203680465,728901266,48164
30,5,950716727,642260706,400031767,15641
30,5,975783983,728219307,700527398,16426
30,2,957139739,57119899,92886248,18223
30,2,980181347,748867076,248487030,43994
30,5,957084263,429604935,768573333,16769
30,11,1028717759,172055864,632795878,16700
30,5,846420167,214968914,66006501,19921
30,2,831251243,407871192,179591737,21395
30,2,1054754963,459660293,598965516,51239
30,5,662529383,432022934,407880602,15746
30,2,935023379,495662475,727216910,18448
30,2,686334899,569615570,262271587,15161
30,2,805388603,217947408,515172844,46543
30,2,675818483,453091366,469052181,12739
30,2,622569203,110375860,493934221,12021
30,7,714150959,232135770,704581012,14254
30,5,705505247,174025940,422007943,15800
30,7,1019908199,155931063,788902220,44641
30,2,682350323,514304808,619412993,16165
30,5,828787343,386475437,261477487,21327
30,2,937961603,635433501,475801283,15797
30,5,870922103,461214125,616234845,19372
30,7,1026187199,898765920,393496713,49055
30,5,865650503,501594689,258323245,15274
30,5,758394383,557815055,159052796,16024
30,5,812987663,663351195,136925814,17852
30,2,669022427,403368772,389345333,15419
30,5,998525063,567066214,413224133,47885
30,2,920676299,377857819,510640746,18744
30,2,945344123,318053878,856812501,30769
30,7,1055358119,862657384,971859440,24172
30,5,708360383,360743959,387512600,49463
30,2,753570947,288495024,637353664,18122
30,2,923419307,191159579,898219677,16049
30,2,761659139,270288538,234786706,17399
30,5,974047703,123077665,590239355,24290
30,5,651237767,306362537,503617943,51544
30,2,655801067,648198417,650105756,20727
30,5,966950087,317346701,42558610,17563
30,5,661343303,199775076,37071595,17358
30,5,676631783,459724626,194395214,16585
30,7,666349679,625029932,435660204,77466
30,2,638738027,633753670,244809876,16290
30,31,859013399,348408310,586408819,19228
30,2,981844043,792298593,360237002,20036
30,2,902973563,88467661,779123968,57981
30,2,697912043,219229076,635384972,20264
30,5,801405383,11654800,384708514,25106
30,2,822603659,380454367,134933765,28453
30,2,635886227,309007110,338062272,25310
30,7,998625359,800881859,457772766,54371
30,2,929606099,84331426,38954697,14701
30,5,1031335463,374483262,895621731,21440
30,2,635627243,210922705,137535705,13238
30,5,814843487,648435282,287292710,14513
30,7,674174279,86567200,304809966,41503
30,5,702670127,306258255,462659716,15377
30,2,748262987,441702812,611475572,13082
30,5,1014906407,380423667,68570190,16287
30,5,885088367,232205927,762468871,15041
30,5,673974767,279649837,188956169,43962
30,5,827096807,806086680,358168400,16169
30,2,676826939,235440927,336960347,13827
30,5,570197567,332259417,117776730,13767
31,2,2129304803,814582113,1302962633,71190
31,2,1961483387,270066606,1277569723,32068
31,2,1078363523,972814316,465587170,25126
31,2,1566870419,688296164,1253518287,35646
31,2,2068087019,1424176411,719700934,69225
31,2,1582177739,1136298837,1490576923,27548
31,5,1665753767,223844083,843011308,19834
31,2,1794871523,850202408,1186297763,60772
31,2,1543335539,912768069,438860530,19598
31,2,2143916267,673638906,1830635875,25011
31,2,1151727659,221451853,1115214944,44605
31,5,1378908767,852266813,690466976,16754
31,7,1198694879,675965652,612888268,16705
31,2,1528540067,577952249,1147329977,22300
31,2,1439924219,205900077,661263014,46645
31,2,2002191299,1411692564,1380585121,23076
31,2,1315285187,172142341,1136422941,17689
31,13,1594252679,1516504104,237758147,49818
31,2,1946693003,1368973009,161034826,23671
31,2,2016627827,2014164907,303817596,30701
31,2,1552015379,83542124,795435443,52254
31,5,1990472207,513106789,229777852,24470
31,2,1233539579,691510062,1103572038,18533
31,5,1995063767,1530791535,1836526048,76144
31,11,1941339119,1752534712,1805417784,32962
31,5,1092684743,870613554,945445052,18014
31,5,1583356967,534468336,824290005,20885
31,5,1795983263,760633992,563515195,51363
31,5,1536413687,1203213797,130020850,20720
31,2,1515342707,637929308,159202569,21348
31,11,2030699159,1192644232,890244671,49546
31,17,1874621759,985701243,546843504,19507
31,23,1784469959,627892470,1757109865,26785
31,7,2144881799,1303894460,695317139,49587
31,13,1387292759,179625067,1190062867,16547
31,2,1474732499,135293794,1230917869,18153
31,5,1931950583,557389886,548085272,53450
31,2,1145026979,573315258,370097194,21851
31,5,1600673567,1307634409,1095454813,25893
31,2,1628581859,51018155,60801997,18502
31,7,1391413319,533470043,318512693,63194
31,2,2027989427,1995711830,564167187,29862
31,2,1875411323,821404855,1050887112,26148
31,7,1954293359,1127168586,1154691034,66922
31,2,1986473387,644834067,1631255127,32750
31,5,1499421527,437227623,117082466,31353
31,5,1295351327,918884587,322814091,67170
31,2,1178182283,1010069598,129081393,63657
31,5,2117729687,468758110,1787758209,35022
31,7,2061276359,624097276,1859910443,68706
31,2,2029109507,144934813,247334732,21782
31,17,1456271879,1163988803,313873668,27783
31,2,1259104403,687373455,1214380601,16742
31,5,1513667423,979607822,81232547,67459
31,2,1557245003,818184256,74860152,25218
31,13,1591639199,94582578,882647150,21755
31,2,1973565107,1451831587,353099327,52495
32,5,3119779127,2408616638,1345874554,49359
32,5,3211262303,1761258104,2524215325,99928
32,5,2434715183,2189533802,2398583325,55882
32,2,3208722107,2679680633,1032888347,48297
32,2,3518551979,2071239485,2196081286,71523
32,2,2473556027,751139333,1820861957,44880
32,2,3456710099,1347898540,1433729513,83696
32,5,3095954063,2494020711,560717707,39067
32,7,4092373079,2413800563,2523965402,46146
32,7,3018887519,564875156,2841003034,77097
32,5,2160094127,1995574720,1823339901,33891
32,13,3878057399,2203999928,2966852005,70980
32,2,3957104363,3538858685,1916046516,50218
32,2,3431467619,2497875516,622023092,74880
32,2,4007949923,918044762,2107917334,38602
32,5,3629753087,2054901693,2581249537,79517
32,7,2174810999,1169681963,1380096115,26758
32,5,3706442303,937913422,2120322009,38208
32,11,3076529879,394340572,1644169392,78945
32,2,4206811403,3804032535,3293472698,56433
32,5,3615102287,2907223862,1633687419,93069
32,5,2967919343,638967545,225295560,54423
32,2,2884428923,2159742239,2477116168,98004
32,2,3662117843,2950935971,2962614242,50227
32,5,3113314943,1188182973,1819415611,38428
32,19,3630697199,963610401,1456931802,88500
32,2,2222419523,1196725160,1570742169,31256
32,5,2541135263,257720068,1910186025,72633
32,2,3582514283,2085974357,3469685199,51962
32,2,3548741843,2458726920,3146288933,81535
32,5,2729331887,2526758664,1426359309,35734
32,2,2939384387,1642247562,482841032,35677
32,5,2313871943,1258104881,1540327369,70268
32,2,3173988947,1512981496,1933406993,61907
33,2,4353819227,1350911793,4339677275,92666
33,7,4527811199,1392178677,4232343336,56995
33,11,8141200919,4365360968,5590134154,98241
33,2,8196409883,3636090772,4075873621,91016
33,5,4884276407,1628851512,1064438615,98873
33,5,7113993287,4784340472,2873809353,119522
33,11,4449691679,1369327128,1975944855,65609
33,5,6421443143,5430271389,5235712287,139948
33,5,8392812647,6395760593,7777252011,83478
33,13,6262562759,1692780138,1604062797,114164
33,7,4432205759,3354305629,2500365053,95164
33,5,6965039183,3407376166,6638910069,82705
33,2,4645775867,2348335864,2289589917,97766
33,2,5698404827,1656153281,3647097836,79921
33,5,7235533967,335741853,4382647882,113089
33,2,4624536803,3043675849,1223382034,51816
33,5,6385776407,1377580122,5502026598,99762
33,2,5787605003,4474171442,151528562,93809
33,2,5861287787,5574051142,3562316949,53004
33,5,8031753167,992523601,2516247894,102583
33,11,6842989079,56318603,6522251349,45048
33,7,8187931679,5097931457,2070996160,106017
33,5,7627642823,434921476,6174025145,89564
34,11,9221837399,4672327552,4665459665,126361
34,2,14215993907,9357880806,10379361246,117132
34,2,10745828603,272772278,3373282624,105518
34,2,9440228627,7080020806,214577401,115001
34,2,16389551987,4622020158,13107902948,167353
34,5,8920526423,7713894672,7176490650,112703
34,5,13447856183,3391427520,3374151895,118522
34,11,16449390719,4837968701,12844350218,124374
34,5,12310510943,89644620,4856728975,107766
34,2,16944179003,7893934449,7561533216,143025
34,5,10342234583,8189224011,4966746777,105457
34,2,9359131259,7003130963,1690763981,116718
34,7,9364110599,7787493579,8009244227,93721
34,2,13971633779,13790166756,9696369323,131592
34,5,14874845543,14817429545,1222080393,129063
34,5,10934218367,10161949661,2871959051,109202
34,2,8923057379,7869159631,1219420010,107914
35,2,31581245483,5133757497,27588380329,166980
35,5,33980098583,28153278116,17245080487,179725
35,5,18677448767,10981475556,839044571,118576
35,5,30201921287,11878794140,7112527643,206865
35,2,26275635707,2364943048,16394546695,199112
35,5,26257851407,11292430876,4343114007,200531
35,7,27925160519,14130245130,6770717743,197786
35,5,24694916903,17427592726,12822611233,158020
35,5,22105935287,21658705254,4736498639,184449
35,5,18886080167,17759474303,13451556536,142970
35,2,26126392067,13878191559,16850960473,145691
35,19,18755125919,1452686773,2780627243,141175
36,2,37807779827,21660727264,27165476758,221257
36,5,38338282943,22586479226,31722013548,187299
36,2,46580475947,19528511950,14516477084,273193
36,2,35416814387,6409731742,19189975754,193595
36,2,39676937747,16688768982,31460449589,253365
36,7,50436923639,36931323689,49625871337,241634
36,2,48498254843,28415887801,44390511953,200573
36,2,65844423539,22676402620,32824190471,308813
36,5,46261151687,7683128481,9366968102,216702
37,2,98125213883,73095914778,234632095,424617
37,2,115143282467,112463783051,19060278479,494278
37,5,113386211663,12232901832,8032770023,376971
37,2,96399318539,72096264833,81832573742,387892
37,5,91894374983,67590743468,64489563282,354124
38,7,255411337199,186271100838,3996130383,638697
38,7,205785263639,148278210955,150540379568,545520
38,2,189066809123,7683601314,152022128227,390670
38,7,221100103919,118030222548,219493058338,395739
38,2,257573363963,451055016,7421988891,528993
39,5,448544640767,124960657263,424933221183,806588
39,2,437852749067,178287807897,74327697483,791120
39,5,345955190303,19998878124,81881339956,585059
40,7,979153278359,973898831592,850213304670,1268592
40,2,807608915819,676048988047,97544335320,1285252
41,2,1342723221899,975939639359,440747484490,1444478
41,2,1173720709979,671324806739,256190458537,1073032
42,2,3231993700907,1664544097685,869279865556,1798250
42,2,4231082276243,2948202204191,3536966519161,2372479
43,7,8514468329999,3353551663129,6581255453224,3486400
44,2,12016522589147,5382496736374,8334206907886,4315908
45,2,24479431702379,3315002229213,12172988720171,5604839
46,13,50733318059639,41281433041904,48625838192029,8086894
47,5,128340820372943,72531631097059,68707132004317,10609208
48,7,261852669109679,202348670759254,156305560279519,19695100
49,2,403754677773179,176138331865176,3171233205026,24673376
50,2,744071024031443,332739013948987,448815907380489,33735906
51,11,1635180761623919,525777684400167,1496690029942383,47494493
52,17,3388867540531079,791599573879219,2712102310433844,67423065
53,17,4630102355876399,531907816820740,2529811780013817,122955874
